Circle,Division,SubDivision,Section,Area,CatCode,CatDesc,TotServices,BilledServices,Units,Load
WARANGAL,RURAL WARANGAL,WARDHANNAPET,MYLARAM,JAYARAM THANDA-1,2,COMMERCIAL,5,5,84.0,11.0
WARANGAL,WARANGAL,WARANGAL,STATION ROAD,NIZAMPURA-II,2,COMMERCIAL,392,334,44762.0,872.1
WARANGAL,WARANGAL,WARANGAL,STATION ROAD,OSMAN GANJ,2,COMMERCIAL,492,431,31931.0,568.73
WARANGAL,WARANGAL,WARANGAL,STATION ROAD,PETROL PUMP,2,COMMERCIAL,458,407,28871.0,657.578
WARANGAL,WARANGAL,WARANGAL,STATION ROAD,RAMOLLAWADA,2,COMMERCIAL,326,262,111598.0,2199.41
WARANGAL,WARANGAL,WARANGAL,STATION ROAD,STATION ROAD,2,COMMERCIAL,840,664,93252.0,1362.28
HANUMAKONDA,HANAMKONDA/TOWN,KAZIPET,KADIPIKONDA,BHATPALLY,2,COMMERCIAL,95,83,13067.0,256.745
HANUMAKONDA,HANAMKONDA/TOWN,KAZIPET,KADIPIKONDA,BODAGUTTA,2,COMMERCIAL,11,10,489.0,53.68
HANUMAKONDA,HANAMKONDA/TOWN,KAZIPET,KADIPIKONDA,KADIPIKONDA,2,COMMERCIAL,298,272,50215.0,765.976
HANUMAKONDA,HANAMKONDA/TOWN,KAZIPET,KADIPIKONDA,KOTHAPALLY,2,COMMERCIAL,16,15,1172.0,27.19
HANUMAKONDA,HANAMKONDA/TOWN,KAZIPET,KADIPIKONDA,KUMMARIGUDEM,2,COMMERCIAL,38,33,5328.0,203.59
HANUMAKONDA,HANAMKONDA/TOWN,KAZIPET,KADIPIKONDA,RAMPET,2,COMMERCIAL,19,17,3490.0,46.803
HANUMAKONDA,HANAMKONDA/TOWN,KAZIPET,KADIPIKONDA,THARALAPALLY,2,COMMERCIAL,90,81,9039.0,129.4
HANUMAKONDA,HANAMKONDA/TOWN,KAZIPET,KAZIPET,BAPUJINAGAR,2,COMMERCIAL,587,519,80027.0,1091.76
HANUMAKONDA,HANAMKONDA/TOWN,KAZIPET,KAZIPET,JUBILEE MARKET,2,COMMERCIAL,105,83,5926.0,167.0
WARANGAL,RURAL WARANGAL,PARVATHAGIRI,ENUGALLU,Thurputhanda,2,COMMERCIAL,2,2,44.0,2.0
WARANGAL,RURAL WARANGAL,PARVATHAGIRI,PARVATHAGIRI,ANNARAM SHARIFF,2,COMMERCIAL,234,205,21543.0,325.96
WARANGAL,RURAL WARANGAL,PARVATHAGIRI,PARVATHAGIRI,Addabata thanda,2,COMMERCIAL,1,1,5.0,1.0
WARANGAL,RURAL WARANGAL,PARVATHAGIRI,PARVATHAGIRI,BURGUMADLA,2,COMMERCIAL,32,24,5866.0,66.89
WARANGAL,WARANGAL,WARANGAL,FORT WARANGAL,EAST FORT,2,COMMERCIAL,71,67,18591.0,146.24
WARANGAL,WARANGAL,WARANGAL,FORT WARANGAL,MIDDLE FORT,2,COMMERCIAL,114,102,17254.0,378.34
WARANGAL,WARANGAL,WARANGAL,FORT WARANGAL,SHIVNAGAR-I,2,COMMERCIAL,316,299,24755.0,594.51
WARANGAL,WARANGAL,WARANGAL,FORT WARANGAL,SHIVNAGAR-II,2,COMMERCIAL,160,142,23305.0,325.22
WARANGAL,WARANGAL,WARANGAL,FORT WARANGAL,SHIVNAGAR-III,2,COMMERCIAL,122,109,20519.0,249.77
WARANGAL,WARANGAL,WARANGAL,FORT WARANGAL,STHAMBHAMPALLI,2,COMMERCIAL,591,562,64492.0,2596.756
WARANGAL,WARANGAL,WARANGAL,FORT WARANGAL,WEST FORT-I,2,COMMERCIAL,73,68,2481.0,99.19
WARANGAL,WARANGAL,WARANGAL,FORT WARANGAL,WEST FORT-II,2,COMMERCIAL,38,30,1402.0,63.91
WARANGAL,WARANGAL,WARANGAL,GORREKUNTA,DHARMARAM,2,COMMERCIAL,280,249,23286.0,628.802
WARANGAL,WARANGAL,WARANGAL,GORREKUNTA,GARIB NAGAR,2,COMMERCIAL,53,49,7555.0,98.05
WARANGAL,NARSAMPET,NARSAMPET(TOWN,NALLABELLY,RAMPUR,2,COMMERCIAL,27,18,6355.0,79.66
WARANGAL,NARSAMPET,NARSAMPET(TOWN,NALLABELLY,RANGAPUR,2,COMMERCIAL,57,53,5232.0,110.226
WARANGAL,NARSAMPET,NARSAMPET(TOWN,NALLABELLY,RELAKUNTA,2,COMMERCIAL,43,35,5069.0,76.96
WARANGAL,NARSAMPET,NARSAMPET(TOWN,NALLABELLY,RUDRAGUDEM,2,COMMERCIAL,62,48,6587.0,137.29
WARANGAL,NARSAMPET,NARSAMPET(TOWN,NALLABELLY,SHANIGARAM,2,COMMERCIAL,40,35,1772.0,62.13
WARANGAL,NARSAMPET,NARSAMPET(TOWN,NALLABELLY,VEDANAGARAM,2,COMMERCIAL,4,4,81.0,5.0
WARANGAL,NARSAMPET,NARSAMPET(TOWN,NARSAMPET(TOWN),A1-NARSAMPET TOWN,2,COMMERCIAL,877,792,128582.0,1988.3
WARANGAL,NARSAMPET,NARSAMPET(TOWN,NARSAMPET(TOWN),B1-NARSAMPET TOWN,2,COMMERCIAL,682,639,75328.0,1266.81
WARANGAL,RURAL WARANGAL,PARVATHAGIRI,PARVATHAGIRI,Ck thanda,2,COMMERCIAL,2,2,53.0,2.0
WARANGAL,RURAL WARANGAL,PARVATHAGIRI,PARVATHAGIRI,DOULATNAGAR,2,COMMERCIAL,16,14,1775.0,15.75
WARANGAL,RURAL WARANGAL,PARVATHAGIRI,PARVATHAGIRI,Doopathanda,2,COMMERCIAL,1,1,44.0,1.0
WARANGAL,RURAL WARANGAL,PARVATHAGIRI,PARVATHAGIRI,ISLAVATH THANDA,2,COMMERCIAL,1,1,20.0,1.0
WARANGAL,RURAL WARANGAL,PARVATHAGIRI,PARVATHAGIRI,KALLEDA,2,COMMERCIAL,54,43,8866.0,176.7
WARANGAL,RURAL WARANGAL,PARVATHAGIRI,PARVATHAGIRI,Mangtya (valya)thanda,2,COMMERCIAL,2,2,70.0,2.0
WARANGAL,RURAL WARANGAL,PARVATHAGIRI,PARVATHAGIRI,Mothya thanda,2,COMMERCIAL,3,3,165.0,3.0
WARANGAL,RURAL WARANGAL,PARVATHAGIRI,PARVATHAGIRI,Munjalakunta thanda,2,COMMERCIAL,2,2,86.0,2.0
WARANGAL,RURAL WARANGAL,PARVATHAGIRI,PARVATHAGIRI,Narayanapur,2,COMMERCIAL,6,5,246.0,9.0
WARANGAL,RURAL WARANGAL,PARVATHAGIRI,PARVATHAGIRI,PARVATHAGIRI,2,COMMERCIAL,372,327,25276.0,549.222
WARANGAL,WARANGAL,WARANGAL,GORREKUNTA,GORREKUNTA,2,COMMERCIAL,197,160,54621.0,753.29
WARANGAL,WARANGAL,WARANGAL,GORREKUNTA,KEERTHI NAGAR,2,COMMERCIAL,124,111,10443.0,269.45
WARANGAL,WARANGAL,WARANGAL,GORREKUNTA,MOGILICHERLA,2,COMMERCIAL,118,95,5260.0,193.71
WARANGAL,WARANGAL,WARANGAL,GORREKUNTA,POTHARAJAPALLY,2,COMMERCIAL,34,31,5300.0,81.52
WARANGAL,WARANGAL,WARANGAL,STATION ROAD,BANDLISETTY,2,COMMERCIAL,269,228,30720.0,571.557
WARANGAL,WARANGAL,WARANGAL,STATION ROAD,BEET BAZAR,2,COMMERCIAL,220,161,17491.0,427.0
WARANGAL,WARANGAL,WARANGAL,STATION ROAD,CHARBOWLI,2,COMMERCIAL,300,273,26885.0,520.36
WARANGAL,WARANGAL,WARANGAL,STATION ROAD,G R GUTTA,2,COMMERCIAL,223,175,10550.0,383.36
WARANGAL,WARANGAL,WARANGAL,STATION ROAD,GIRMAJIPET,2,COMMERCIAL,180,159,8769.0,214.38
WARANGAL,WARANGAL,WARANGAL,STATION ROAD,GRAIN MARKET,2,COMMERCIAL,751,597,67088.0,1156.18
WARANGAL,WARANGAL,WARANGAL,STATION ROAD,KASIBUGGA-I,2,COMMERCIAL,20,20,878.0,13.67
WARANGAL,WARANGAL,WARANGAL,STATION ROAD,KRISHNA COLONY,2,COMMERCIAL,54,48,7052.0,122.63
WARANGAL,WARANGAL,WARANGAL,STATION ROAD,NIZAMPURA-I,2,COMMERCIAL,270,227,24796.0,451.47
WARANGAL,NARSAMPET,NARSAMPET(TOWN,NARSAMPET(TOWN),B2-NARSAMPET TOWN,2,COMMERCIAL,850,795,120269.0,1952.94
WARANGAL,NARSAMPET,NARSAMPET(TOWN,NARSAMPET(TOWN),DWARAKPET,2,COMMERCIAL,54,47,3115.0,95.58
WARANGAL,NARSAMPET,NARSAMPET(TOWN,NARSAMPET(TOWN),KAKATIYA NAGAR,2,COMMERCIAL,3,3,198.0,10.0
WARANGAL,NARSAMPET,NARSAMPET(TOWN,NARSAMPET(TOWN),KAMALAPUR,2,COMMERCIAL,35,27,3168.0,55.51
WARANGAL,NARSAMPET,NARSAMPET(TOWN,NARSAMPET(TOWN),NARSAMPET(H.Q),2,COMMERCIAL,704,595,64322.0,1641.076
WARANGAL,NARSAMPET,NARSAMPET(TOWN,NARSAMPET(TOWN),SARWARPOOR,2,COMMERCIAL,182,161,13614.0,455.28
WARANGAL,NARSAMPET,NEKKONDA,ALAKANIPET,ALANKANIPET,2,COMMERCIAL,78,61,7027.0,144.895
WARANGAL,NARSAMPET,NEKKONDA,ALAKANIPET,APPALARAOPET,2,COMMERCIAL,48,35,5883.0,96.489
WARANGAL,NARSAMPET,NEKKONDA,ALAKANIPET,BOLLIKONDA,2,COMMERCIAL,20,16,529.0,43.8
WARANGAL,RURAL WARANGAL,PARVATHAGIRI,PARVATHAGIRI,Pedda thanda,2,COMMERCIAL,3,3,356.0,7.0
WARANGAL,RURAL WARANGAL,PARVATHAGIRI,PARVATHAGIRI,RAVOOR,2,COMMERCIAL,4,4,100.0,4.0
WARANGAL,RURAL WARANGAL,PARVATHAGIRI,PARVATHAGIRI,ROLLAKAL,2,COMMERCIAL,25,22,1099.0,38.65
WARANGAL,RURAL WARANGAL,PARVATHAGIRI,PARVATHAGIRI,WADLAKONDA,2,COMMERCIAL,50,46,4546.0,88.58
WARANGAL,RURAL WARANGAL,WARDHANNAPET,MYLARAM,BALAJITHANDA,2,COMMERCIAL,1,1,24.0,1.0
WARANGAL,RURAL WARANGAL,WARDHANNAPET,MYLARAM,BALNAIK THANDA,2,COMMERCIAL,7,6,152.0,13.0
WARANGAL,RURAL WARANGAL,WARDHANNAPET,MYLARAM,BURHANPALLI,2,COMMERCIAL,12,11,272.0,15.3
WARANGAL,RURAL WARANGAL,WARDHANNAPET,MYLARAM,DUBBATHANDA,2,COMMERCIAL,2,2,42.0,3.0
WARANGAL,RURAL WARANGAL,WARDHANNAPET,MYLARAM,GATTIKAL,2,COMMERCIAL,10,9,389.0,11.3
WARANGAL,RURAL WARANGAL,WARDHANNAPET,MYLARAM,JAGANNADHPALLI,2,COMMERCIAL,8,7,462.0,11.55
WARANGAL,RURAL WARANGAL,KAPULAKANAPARTHY,SANGEM,PALLARUGUDA,2,COMMERCIAL,52,47,3982.0,105.14
WARANGAL,RURAL WARANGAL,KAPULAKANAPARTHY,SANGEM,POCHAMMA THANDA,2,COMMERCIAL,2,2,112.0,2.0
WARANGAL,RURAL WARANGAL,KAPULAKANAPARTHY,SANGEM,SANGEM,2,COMMERCIAL,201,182,25334.0,310.365
WARANGAL,RURAL WARANGAL,KAPULAKANAPARTHY,SANGEM,THIMMAPUR (YELUGUR),2,COMMERCIAL,26,22,1161.0,37.44
WARANGAL,RURAL WARANGAL,KAPULAKANAPARTHY,SANGEM,VANJARAPALLI,2,COMMERCIAL,4,4,135.0,5.0
WARANGAL,RURAL WARANGAL,KAPULAKANAPARTHY,SANGEM,YELUGUR (RANGAMPET),2,COMMERCIAL,42,39,7110.0,129.3
WARANGAL,WARANGAL,SHAMBUNIPET,SHAMBUNIPET,KAREEMABAD-I,2,COMMERCIAL,43,29,24683.0,188.025
WARANGAL,WARANGAL,SHAMBUNIPET,SHAMBUNIPET,KAREEMABAD-II,2,COMMERCIAL,55,51,6035.0,111.91
WARANGAL,WARANGAL,SHAMBUNIPET,SHAMBUNIPET,ORUSU,2,COMMERCIAL,58,56,3345.0,89.06
WARANGAL,WARANGAL,SHAMBUNIPET,SHAMBUNIPET,PERIKAWADA-I,2,COMMERCIAL,2,2,64.0,3.0
WARANGAL,WARANGAL,SHAMBUNIPET,SHAMBUNIPET,RANGASAIPET-I,2,COMMERCIAL,292,279,22240.0,484.4
WARANGAL,WARANGAL,SHAMBUNIPET,SHAMBUNIPET,RANGASAIPET-II,2,COMMERCIAL,74,69,7671.0,150.95
WARANGAL,WARANGAL,SHAMBUNIPET,SHAMBUNIPET,S R R THOTA-II,2,COMMERCIAL,1,1,182.0,3.0
WARANGAL,WARANGAL,SHAMBUNIPET,SHAMBUNIPET,SHAMBHUNIPET,2,COMMERCIAL,1302,1241,167296.0,2759.029
WARANGAL,WARANGAL,SHAMBUNIPET,SHAMBUNIPET,VASANTHAPUR,2,COMMERCIAL,10,9,1314.0,24.0
WARANGAL,WARANGAL,WARANGAL,A.J.MILLS,A.J.MILLS COLONY,2,COMMERCIAL,46,40,8008.0,161.32
WARANGAL,WARANGAL,WARANGAL,A.J.MILLS,ABBANIKUNTA,2,COMMERCIAL,224,200,18697.0,314.01
WARANGAL,NARSAMPET,NARSAMPET(TOWN,NALLABELLY,GOLLA PALLY,2,COMMERCIAL,15,13,884.0,26.63
WARANGAL,NARSAMPET,NARSAMPET(TOWN,NALLABELLY,GOVINDAPURAM,2,COMMERCIAL,8,8,56.0,12.0
WARANGAL,NARSAMPET,NARSAMPET(TOWN,NALLABELLY,GUNDLAPAHAD,2,COMMERCIAL,21,20,6237.0,46.32
WARANGAL,NARSAMPET,NARSAMPET(TOWN,NALLABELLY,GUNTURPALLY,2,COMMERCIAL,1,0,0.0,1.0
WARANGAL,NARSAMPET,NARSAMPET(TOWN,NALLABELLY,KANNARAOPET,2,COMMERCIAL,11,8,294.0,16.8
WARANGAL,NARSAMPET,NARSAMPET(TOWN,NALLABELLY,KONDAILAPALLY,2,COMMERCIAL,7,7,199.0,16.16
WARANGAL,NARSAMPET,NARSAMPET(TOWN,NALLABELLY,KONDAPUR,2,COMMERCIAL,6,5,99.0,5.24
WARANGAL,NARSAMPET,NARSAMPET(TOWN,NALLABELLY,LENKAPALLY,2,COMMERCIAL,26,22,2987.0,70.87
WARANGAL,NARSAMPET,NARSAMPET(TOWN,NALLABELLY,MAMIDLAVEERAIAHPALLY,2,COMMERCIAL,20,20,803.0,23.4
WARANGAL,NARSAMPET,NARSAMPET(TOWN,NALLABELLY,MEDAPALLY,2,COMMERCIAL,54,46,5604.0,102.43
WARANGAL,RURAL WARANGAL,KAPULAKANAPARTHY,SANGEM,YELUGUR STATION,2,COMMERCIAL,14,8,1341.0,36.2
WARANGAL,RURAL WARANGAL,KAPULAKANAPARTHY,SANGEM,vrn thanda,2,COMMERCIAL,5,5,22.0,6.0
WARANGAL,RURAL WARANGAL,PARVATHAGIRI,ENUGALLU,ANANTHARAM,2,COMMERCIAL,11,10,478.0,18.36
WARANGAL,RURAL WARANGAL,PARVATHAGIRI,ENUGALLU,Bathu thanda-2,2,COMMERCIAL,1,1,9.0,1.0
WARANGAL,RURAL WARANGAL,PARVATHAGIRI,ENUGALLU,CHINTANEKKONDA,2,COMMERCIAL,64,59,11358.0,99.182
WARANGAL,RURAL WARANGAL,PARVATHAGIRI,ENUGALLU,CHOWTAPALLI,2,COMMERCIAL,47,45,5651.0,76.994
WARANGAL,RURAL WARANGAL,PARVATHAGIRI,ENUGALLU,ENUGALLU,2,COMMERCIAL,106,98,11726.0,170.51
WARANGAL,RURAL WARANGAL,PARVATHAGIRI,ENUGALLU,GOPANPALLI,2,COMMERCIAL,25,23,2208.0,44.73
WARANGAL,RURAL WARANGAL,PARVATHAGIRI,ENUGALLU,GORUGUTTA THANDA,2,COMMERCIAL,1,1,30.0,1.0
WARANGAL,RURAL WARANGAL,PARVATHAGIRI,ENUGALLU,GUNTURPALLY,2,COMMERCIAL,4,3,47.0,6.1
WARANGAL,RURAL WARANGAL,PARVATHAGIRI,ENUGALLU,Gugulothu thanda,2,COMMERCIAL,5,5,191.0,10.0
WARANGAL,WARANGAL,WARANGAL,A.J.MILLS,CHRITIAN COLONY,2,COMMERCIAL,218,177,31817.0,378.325
WARANGAL,WARANGAL,WARANGAL,A.J.MILLS,GRAIN MARKET,2,COMMERCIAL,230,177,80609.0,975.01
WARANGAL,WARANGAL,WARANGAL,A.J.MILLS,JANPEERLU,2,COMMERCIAL,89,79,14078.0,180.02
WARANGAL,WARANGAL,WARANGAL,A.J.MILLS,KASIBUGGA-I,2,COMMERCIAL,577,541,57480.0,1141.99
WARANGAL,WARANGAL,WARANGAL,A.J.MILLS,KASIBUGGA-II,2,COMMERCIAL,639,597,69517.0,1051.72
WARANGAL,WARANGAL,WARANGAL,A.J.MILLS,NOT AVAILABLE,2,COMMERCIAL,1,0,0.0,0.51
WARANGAL,WARANGAL,WARANGAL,A.J.MILLS,S R T COLONY,2,COMMERCIAL,165,139,11472.0,334.472
WARANGAL,WARANGAL,WARANGAL,A.J.MILLS,S.R.NAGAR,2,COMMERCIAL,58,54,3769.0,101.08
WARANGAL,WARANGAL,WARANGAL,A.J.MILLS,T R T COLONY,2,COMMERCIAL,67,64,5876.0,117.83
WARANGAL,WARANGAL,WARANGAL,FORT WARANGAL,A S REDDY NAGAR,2,COMMERCIAL,34,32,3070.0,52.71
WARANGAL,WARANGAL,WARANGAL,FORT WARANGAL,CHINTAL,2,COMMERCIAL,280,267,26286.0,565.72
WARANGAL,NARSAMPET,NARSAMPET(TOWN,NALLABELLY,MUCHEMPULA,2,COMMERCIAL,20,17,484.0,31.0
WARANGAL,NARSAMPET,NARSAMPET(TOWN,NALLABELLY,MUDUCHAKKALAPALLY,2,COMMERCIAL,24,23,2944.0,57.74
WARANGAL,NARSAMPET,NARSAMPET(TOWN,NALLABELLY,NAGARAJPALLY,2,COMMERCIAL,21,18,5339.0,41.48
WARANGAL,NARSAMPET,NARSAMPET(TOWN,NALLABELLY,NALLABELLY(H.Q),2,COMMERCIAL,337,293,27752.0,507.146
WARANGAL,NARSAMPET,NARSAMPET(TOWN,NALLABELLY,NANDEGAMA,2,COMMERCIAL,55,50,3840.0,80.164
WARANGAL,NARSAMPET,NARSAMPET(TOWN,NALLABELLY,NAREKKAPET,2,COMMERCIAL,54,47,1834.0,77.69
WARANGAL,NARSAMPET,NARSAMPET(TOWN,NALLABELLY,PEDDA THANDA,2,COMMERCIAL,4,4,135.0,6.0
WARANGAL,NARSAMPET,NARSAMPET(TOWN,NALLABELLY,RAMATHEERTHAM,2,COMMERCIAL,18,17,2281.0,43.24
WARANGAL,RURAL WARANGAL,PARVATHAGIRI,ENUGALLU,Hatiya thanda,2,COMMERCIAL,1,1,290.0,1.0
WARANGAL,RURAL WARANGAL,PARVATHAGIRI,ENUGALLU,JAMALPOOR,2,COMMERCIAL,10,9,412.0,15.1
WARANGAL,RURAL WARANGAL,PARVATHAGIRI,ENUGALLU,KONKAPAKA,2,COMMERCIAL,50,39,3654.0,80.06
WARANGAL,RURAL WARANGAL,PARVATHAGIRI,ENUGALLU,Malyathanda,2,COMMERCIAL,7,6,380.0,8.976
WARANGAL,RURAL WARANGAL,PARVATHAGIRI,ENUGALLU,Mudethulathanda,2,COMMERCIAL,4,4,89.0,5.0
WARANGAL,RURAL WARANGAL,PARVATHAGIRI,ENUGALLU,SOMARAM,2,COMMERCIAL,22,21,1658.0,33.75
WARANGAL,RURAL WARANGAL,PARVATHAGIRI,ENUGALLU,Sri nagar,2,COMMERCIAL,7,7,699.0,37.0
WARANGAL,RURAL WARANGAL,KAPULAKANAPARTHY,MACHAPOOR,RAMACHANDRAPURAM,2,COMMERCIAL,2,2,299.0,2.26
WARANGAL,RURAL WARANGAL,KAPULAKANAPARTHY,MACHAPOOR,RAMPUR,2,COMMERCIAL,6,5,410.0,10.26
WARANGAL,RURAL WARANGAL,KAPULAKANAPARTHY,MACHAPOOR,SHIVATHANDA,2,COMMERCIAL,1,0,0.0,0.24
WARANGAL,RURAL WARANGAL,KAPULAKANAPARTHY,MACHAPOOR,SHYAMPET,2,COMMERCIAL,44,43,17126.0,214.06
WARANGAL,RURAL WARANGAL,KAPULAKANAPARTHY,MACHAPOOR,SURYA THANDA(MACHAPUR),2,COMMERCIAL,10,10,369.0,13.89
WARANGAL,RURAL WARANGAL,KAPULAKANAPARTHY,MACHAPOOR,VANCHANAGIRI,2,COMMERCIAL,59,52,8368.0,121.865
WARANGAL,RURAL WARANGAL,KAPULAKANAPARTHY,MACHAPOOR,VISWANADHAPUR,2,COMMERCIAL,47,40,7463.0,107.63
WARANGAL,RURAL WARANGAL,KAPULAKANAPARTHY,MACHAPOOR,YELUKURTHY,2,COMMERCIAL,108,90,12787.0,144.4
WARANGAL,RURAL WARANGAL,KAPULAKANAPARTHY,SANGEM,Balunayak thanda,2,COMMERCIAL,2,2,0.0,2.0
WARANGAL,RURAL WARANGAL,KAPULAKANAPARTHY,SANGEM,Bikojinayak thanda,2,COMMERCIAL,1,1,101.0,1.0
WARANGAL,WARANGAL,SHAMBUNIPET,KARIMABAD,ORUSU,2,COMMERCIAL,265,251,22031.0,424.856
WARANGAL,WARANGAL,SHAMBUNIPET,KARIMABAD,PERIKAWADA-I,2,COMMERCIAL,345,318,40416.0,653.92
WARANGAL,WARANGAL,SHAMBUNIPET,KARIMABAD,PERIKAWADA-II,2,COMMERCIAL,370,342,28120.0,531.62
WARANGAL,WARANGAL,SHAMBUNIPET,KARIMABAD,RAJIV NAGAR,2,COMMERCIAL,18,17,1022.0,21.26
WARANGAL,WARANGAL,SHAMBUNIPET,KARIMABAD,S R R THOTA-I,2,COMMERCIAL,234,219,22066.0,463.035
WARANGAL,WARANGAL,SHAMBUNIPET,KARIMABAD,S R R THOTA-II,2,COMMERCIAL,373,353,37454.0,859.445
WARANGAL,WARANGAL,SHAMBUNIPET,MAMNOOR,ALIPOOR,2,COMMERCIAL,4,4,72.0,2.5
WARANGAL,WARANGAL,SHAMBUNIPET,MAMNOOR,BOLLIKUNTA,2,COMMERCIAL,276,256,69251.0,710.366
WARANGAL,WARANGAL,SHAMBUNIPET,MAMNOOR,GADIPALLI,2,COMMERCIAL,40,37,9442.0,77.61
WARANGAL,WARANGAL,SHAMBUNIPET,MAMNOOR,JAKKALADDI,2,COMMERCIAL,3,2,2830.0,61.0
WARANGAL,NARSAMPET,NARSAMPET(TOWN,GIRNIBAVI,GIRNIBAI,2,COMMERCIAL,223,218,34372.0,445.63
WARANGAL,NARSAMPET,NARSAMPET(TOWN,GIRNIBAVI,MADHIRA MANDAPALLY,2,COMMERCIAL,7,6,279.0,11.46
WARANGAL,NARSAMPET,NARSAMPET(TOWN,GIRNIBAVI,MANDAPALLY,2,COMMERCIAL,22,8,821.0,17.856
WARANGAL,NARSAMPET,NARSAMPET(TOWN,GIRNIBAVI,MARRIPALLY,2,COMMERCIAL,12,8,262.0,14.36
WARANGAL,NARSAMPET,NARSAMPET(TOWN,GIRNIBAVI,MOHAMMADAPUR,2,COMMERCIAL,61,51,3517.0,89.87
WARANGAL,NARSAMPET,NARSAMPET(TOWN,GIRNIBAVI,NACHINAPALLY,2,COMMERCIAL,52,47,6915.0,84.68
WARANGAL,NARSAMPET,NARSAMPET(TOWN,GIRNIBAVI,NARAYANA THANDA,2,COMMERCIAL,2,2,33.0,2.0
WARANGAL,NARSAMPET,NARSAMPET(TOWN,GIRNIBAVI,PILLIGUNDLA THANDA,2,COMMERCIAL,2,2,27.0,4.0
WARANGAL,NARSAMPET,NARSAMPET(TOWN,GIRNIBAVI,PONAKAL,2,COMMERCIAL,19,19,768.0,28.16
WARANGAL,NARSAMPET,NARSAMPET(TOWN,GIRNIBAVI,RAJYATHANDA,2,COMMERCIAL,1,1,0.0,1.0
WARANGAL,RURAL WARANGAL,KAPULAKANAPARTHY,SANGEM,CHINTALPALLI,2,COMMERCIAL,30,25,7496.0,74.43
WARANGAL,RURAL WARANGAL,KAPULAKANAPARTHY,SANGEM,GANDINAGAR,2,COMMERCIAL,25,21,1313.0,31.34
WARANGAL,RURAL WARANGAL,KAPULAKANAPARTHY,SANGEM,GOLLAPALLI (MONDRAI),2,COMMERCIAL,3,3,110.0,4.5
WARANGAL,RURAL WARANGAL,KAPULAKANAPARTHY,SANGEM,JYOTHI THANDA,2,COMMERCIAL,2,1,18.0,6.0
WARANGAL,RURAL WARANGAL,KAPULAKANAPARTHY,SANGEM,KOTHAGUDEM,2,COMMERCIAL,10,8,426.0,17.75
WARANGAL,RURAL WARANGAL,KAPULAKANAPARTHY,SANGEM,KRISHNA NAGAR,2,COMMERCIAL,4,3,73.0,9.0
WARANGAL,RURAL WARANGAL,KAPULAKANAPARTHY,SANGEM,KUNTAPALLI,2,COMMERCIAL,29,27,970.0,38.919
WARANGAL,RURAL WARANGAL,KAPULAKANAPARTHY,SANGEM,MONDRAI,2,COMMERCIAL,99,90,10841.0,153.934
WARANGAL,RURAL WARANGAL,KAPULAKANAPARTHY,SANGEM,NALLABELLY-II,2,COMMERCIAL,24,19,809.0,30.488
WARANGAL,RURAL WARANGAL,KAPULAKANAPARTHY,SANGEM,NARLVAI,2,COMMERCIAL,11,11,1138.0,18.75
WARANGAL,WARANGAL,SHAMBUNIPET,MAMNOOR,MAMNOOR,2,COMMERCIAL,160,132,26837.0,343.1
WARANGAL,WARANGAL,SHAMBUNIPET,MAMNOOR,MARIYAPUR,2,COMMERCIAL,3,0,0.0,5.94
WARANGAL,WARANGAL,SHAMBUNIPET,MAMNOOR,MUSUGULAPALLY,2,COMMERCIAL,7,7,285.0,16.55
WARANGAL,WARANGAL,SHAMBUNIPET,MAMNOOR,NAKKALLAPALLY,2,COMMERCIAL,103,92,17769.0,252.206
WARANGAL,WARANGAL,SHAMBUNIPET,MAMNOOR,POLICE CAMP,2,COMMERCIAL,72,67,46375.0,435.78
WARANGAL,WARANGAL,SHAMBUNIPET,MAMNOOR,RAMAKRISHNAPURAM,2,COMMERCIAL,13,10,1988.0,18.37
WARANGAL,WARANGAL,SHAMBUNIPET,MAMNOOR,RAMGOPAL PUR,2,COMMERCIAL,42,39,9502.0,102.0
WARANGAL,WARANGAL,SHAMBUNIPET,MAMNOOR,THIMAPOOR,2,COMMERCIAL,329,303,39199.0,863.731
WARANGAL,WARANGAL,SHAMBUNIPET,SHAMBUNIPET,DOOPAKUNTA,2,COMMERCIAL,18,16,639.0,27.28
WARANGAL,WARANGAL,SHAMBUNIPET,SHAMBUNIPET,FORT ROAD,2,COMMERCIAL,397,372,50606.0,816.115
WARANGAL,WARANGAL,SHAMBUNIPET,SHAMBUNIPET,KAMUNIPENTA-I,2,COMMERCIAL,6,5,107.0,12.02
WARANGAL,WARANGAL,SHAMBUNIPET,SHAMBUNIPET,KAMUNIPENTA-II,2,COMMERCIAL,18,17,670.0,29.625
WARANGAL,NARSAMPET,NARSAMPET(TOWN,GIRNIBAVI,REKAMPALLY,2,COMMERCIAL,13,12,303.0,21.0
WARANGAL,NARSAMPET,NARSAMPET(TOWN,GIRNIBAVI,THIMMAMPET,2,COMMERCIAL,50,46,7131.0,75.5
WARANGAL,NARSAMPET,NARSAMPET(TOWN,GIRNIBAVI,THOGARRI,2,COMMERCIAL,36,27,1147.0,33.34
WARANGAL,NARSAMPET,NARSAMPET(TOWN,GIRNIBAVI,ZEEDICAL,2,COMMERCIAL,4,4,33.0,8.0
WARANGAL,NARSAMPET,NARSAMPET(TOWN,NALLABELLY,ARESHANPALLY,2,COMMERCIAL,3,3,361.0,12.0
WARANGAL,NARSAMPET,NARSAMPET(TOWN,NALLABELLY,ARRAIAHPALLY,2,COMMERCIAL,9,8,110.0,10.74
WARANGAL,NARSAMPET,NARSAMPET(TOWN,NALLABELLY,ASHARAVELLY,2,COMMERCIAL,8,6,232.0,11.25
WARANGAL,NARSAMPET,NARSAMPET(TOWN,NALLABELLY,BOLLONPALLY,2,COMMERCIAL,22,16,517.0,33.89
WARANGAL,NARSAMPET,NARSAMPET(TOWN,NALLABELLY,BUCHIREDDY PALLY,2,COMMERCIAL,1,1,16.0,1.0
WARANGAL,NARSAMPET,NARSAMPET(TOWN,NALLABELLY,GANDHINAGAR,2,COMMERCIAL,3,2,26.0,2.24
WARANGAL,RURAL WARANGAL,KAPULAKANAPARTHY,SANGEM,NUMMADIVARAM,2,COMMERCIAL,16,16,886.0,39.67
WARANGAL,RURAL WARANGAL,KAPULAKANAPARTHY,SANGEM,Narsa nagar,2,COMMERCIAL,7,7,250.0,15.62
WARANGAL,NARSAMPET,NARSAMPET(TOWN,DUGGONDI,BANDARIPALLY,2,COMMERCIAL,1,1,43.0,1.2
WARANGAL,NARSAMPET,NARSAMPET(TOWN,DUGGONDI,BOBBARAPALLY,2,COMMERCIAL,2,2,93.0,2.0
WARANGAL,NARSAMPET,NARSAMPET(TOWN,DUGGONDI,CHANDRAIAHPALLY,2,COMMERCIAL,7,5,162.0,9.81
WARANGAL,RURAL WARANGAL,KAPULAKANAPARTHY,MACHAPOOR,ANANTHARAM,2,COMMERCIAL,12,10,545.0,25.455
WARANGAL,RURAL WARANGAL,KAPULAKANAPARTHY,MACHAPOOR,AREAPELLY HAVELY,2,COMMERCIAL,10,9,697.0,28.585
WARANGAL,RURAL WARANGAL,KAPULAKANAPARTHY,MACHAPOOR,AREPALLE,2,COMMERCIAL,72,67,6669.0,285.56
WARANGAL,RURAL WARANGAL,KAPULAKANAPARTHY,MACHAPOOR,BODUCHINTHALPALLY,2,COMMERCIAL,11,10,929.0,19.1
WARANGAL,RURAL WARANGAL,KAPULAKANAPARTHY,MACHAPOOR,Chandraipalle,2,COMMERCIAL,4,4,176.0,2.51
WARANGAL,RURAL WARANGAL,KAPULAKANAPARTHY,MACHAPOOR,DASRU THANDA,2,COMMERCIAL,6,6,679.0,16.0
WARANGAL,RURAL WARANGAL,KAPULAKANAPARTHY,MACHAPOOR,EPPALAPALLY,2,COMMERCIAL,3,2,1543.0,8.26
WARANGAL,RURAL WARANGAL,KAPULAKANAPARTHY,MACHAPOOR,GANGADEVARAPALLY,2,COMMERCIAL,24,19,4458.0,83.96
WARANGAL,RURAL WARANGAL,KAPULAKANAPARTHY,MACHAPOOR,GEESGONDA  (H),2,COMMERCIAL,159,129,18203.0,250.64
WARANGAL,WARANGAL,MULUGU ROAD,MATWADA,KONDURIVARI STREET,2,COMMERCIAL,271,250,14701.0,358.552
WARANGAL,WARANGAL,MULUGU ROAD,MATWADA,M G M ROAD,2,COMMERCIAL,290,242,27740.0,516.625
WARANGAL,WARANGAL,MULUGU ROAD,MATWADA,MATWADA,2,COMMERCIAL,273,225,38481.0,620.397
WARANGAL,WARANGAL,MULUGU ROAD,MATWADA,PEPAIAHPET CHAMAN,2,COMMERCIAL,297,268,25103.0,450.28
WARANGAL,WARANGAL,MULUGU ROAD,MATWADA,PINNAVARI STREET,2,COMMERCIAL,529,470,32631.0,592.815
WARANGAL,WARANGAL,MULUGU ROAD,MATWADA,RAMA TALKIES,2,COMMERCIAL,373,347,27656.0,604.045
WARANGAL,WARANGAL,MULUGU ROAD,MATWADA,RAMANNAPET,2,COMMERCIAL,206,182,28411.0,420.712
WARANGAL,WARANGAL,MULUGU ROAD,MATWADA,S V N ROAD,2,COMMERCIAL,507,436,62934.0,888.47
WARANGAL,WARANGAL,MULUGU ROAD,MATWADA,YELLAMBAZAR,2,COMMERCIAL,196,181,12444.0,233.84
WARANGAL,WARANGAL,MULUGU ROAD,POCHAMMA MAIDAN,KOTHAWADA-I,2,COMMERCIAL,174,129,26702.0,474.22
WARANGAL,NARSAMPET,NARSAMPET(TOWN,DUGGONDI,DESAIPALLY,2,COMMERCIAL,7,6,441.0,10.167
WARANGAL,NARSAMPET,NARSAMPET(TOWN,DUGGONDI,DUGGONDI(H.Q),2,COMMERCIAL,174,148,21005.0,364.075
WARANGAL,NARSAMPET,NARSAMPET(TOWN,DUGGONDI,GOLLAPALLY,2,COMMERCIAL,3,3,354.0,10.0
WARANGAL,NARSAMPET,NARSAMPET(TOWN,DUGGONDI,GOPALAPURAM,2,COMMERCIAL,6,3,112.0,7.4
WARANGAL,NARSAMPET,NARSAMPET(TOWN,DUGGONDI,GUDDELUGULAPALLY,2,COMMERCIAL,10,9,333.0,10.72
WARANGAL,NARSAMPET,NARSAMPET(TOWN,DUGGONDI,GUDIMAHESHWAR,2,COMMERCIAL,4,3,27.0,4.0
WARANGAL,NARSAMPET,NARSAMPET(TOWN,DUGGONDI,KESAVAPUR,2,COMMERCIAL,7,6,537.0,14.48
WARANGAL,NARSAMPET,NARSAMPET(TOWN,DUGGONDI,LAXMIPUR,2,COMMERCIAL,25,25,4032.0,39.61
WARANGAL,NARSAMPET,NARSAMPET(TOWN,DUGGONDI,MALLAMPALLY,2,COMMERCIAL,18,15,5492.0,32.72
WARANGAL,NARSAMPET,NARSAMPET(TOWN,DUGGONDI,MUDDUNUR,2,COMMERCIAL,34,33,4564.0,55.62
WARANGAL,RURAL WARANGAL,KAPULAKANAPARTHY,MACHAPOOR,GOTTIKINDIPALLY,2,COMMERCIAL,1,1,744.0,5.0
WARANGAL,RURAL WARANGAL,KAPULAKANAPARTHY,MACHAPOOR,Harjya thanda,2,COMMERCIAL,3,3,204.0,17.0
WARANGAL,RURAL WARANGAL,KAPULAKANAPARTHY,MACHAPOOR,KOMMALA,2,COMMERCIAL,51,45,6455.0,80.06
WARANGAL,RURAL WARANGAL,KAPULAKANAPARTHY,MACHAPOOR,Konaimakula,2,COMMERCIAL,46,46,3908.0,196.0
WARANGAL,RURAL WARANGAL,KAPULAKANAPARTHY,MACHAPOOR,MANGONDA,2,COMMERCIAL,47,47,6767.0,90.325
WARANGAL,RURAL WARANGAL,KAPULAKANAPARTHY,MACHAPOOR,MARIYAPURAM,2,COMMERCIAL,30,29,2172.0,114.8
WARANGAL,RURAL WARANGAL,KAPULAKANAPARTHY,MACHAPOOR,MATCHAPUR,2,COMMERCIAL,121,109,16563.0,212.4
WARANGAL,RURAL WARANGAL,KAPULAKANAPARTHY,MACHAPOOR,Nandanaikthanda,2,COMMERCIAL,16,15,1193.0,26.8
WARANGAL,RURAL WARANGAL,KAPULAKANAPARTHY,MACHAPOOR,OOKAL,2,COMMERCIAL,73,62,8473.0,243.228
WARANGAL,RURAL WARANGAL,KAPULAKANAPARTHY,MACHAPOOR,RAINIKUNTA,2,COMMERCIAL,1,1,363.0,3.0
WARANGAL,WARANGAL,MULUGU ROAD,POCHAMMA MAIDAN,KOTHAWADA-II,2,COMMERCIAL,1526,1259,113069.0,2658.102
WARANGAL,WARANGAL,MULUGU ROAD,POCHAMMA MAIDAN,PEDDAMMAGADDA,2,COMMERCIAL,20,16,6533.0,72.2
WARANGAL,WARANGAL,MULUGU ROAD,POCHAMMA MAIDAN,POCHAMMAMAIDAN,2,COMMERCIAL,766,611,191393.0,3201.928
WARANGAL,WARANGAL,MULUGU ROAD,POCHAMMA MAIDAN,RANGAMPET,2,COMMERCIAL,4,3,1202.0,35.51
WARANGAL,WARANGAL,MULUGU ROAD,POCHAMMA MAIDAN,VENURAO COLONY,2,COMMERCIAL,155,123,19181.0,242.829
WARANGAL,WARANGAL,SHAMBUNIPET,KARIMABAD,B.R.NAGAR,2,COMMERCIAL,55,53,7255.0,170.31
WARANGAL,WARANGAL,SHAMBUNIPET,KARIMABAD,FORT ROAD,2,COMMERCIAL,219,207,29912.0,509.232
WARANGAL,WARANGAL,SHAMBUNIPET,KARIMABAD,KAMUNIPENTA-I,2,COMMERCIAL,116,108,9079.0,207.502
WARANGAL,WARANGAL,SHAMBUNIPET,KARIMABAD,KAMUNIPENTA-II,2,COMMERCIAL,74,66,5120.0,104.16
WARANGAL,WARANGAL,SHAMBUNIPET,KARIMABAD,KAREEMABAD-I,2,COMMERCIAL,107,77,107659.0,842.46
WARANGAL,WARANGAL,SHAMBUNIPET,KARIMABAD,KAREEMABAD-II,2,COMMERCIAL,69,65,6376.0,133.78
WARANGAL,NARSAMPET,NARSAMPET(TOWN,DUGGONDI,MYSAMPALLY,2,COMMERCIAL,16,15,731.0,18.03
WARANGAL,NARSAMPET,NARSAMPET(TOWN,DUGGONDI,REBALLY,2,COMMERCIAL,10,7,450.0,10.24
WARANGAL,NARSAMPET,NARSAMPET(TOWN,DUGGONDI,SHAMBHAIPALLY,2,COMMERCIAL,1,1,99.0,0.64
WARANGAL,NARSAMPET,NARSAMPET(TOWN,DUGGONDI,SWAMIRAOPALLY,2,COMMERCIAL,4,2,47.0,6.0
WARANGAL,NARSAMPET,NARSAMPET(TOWN,DUGGONDI,THOGARAIMLLAIAHPALLY,2,COMMERCIAL,1,1,397.0,3.0
WARANGAL,NARSAMPET,NARSAMPET(TOWN,DUGGONDI,VENKATAPOOR,2,COMMERCIAL,40,28,3117.0,61.909
WARANGAL,NARSAMPET,NARSAMPET(TOWN,GIRNIBAVI,ADVIRANGAPUR,2,COMMERCIAL,17,15,1831.0,34.48
WARANGAL,NARSAMPET,NARSAMPET(TOWN,GIRNIBAVI,AREPALLY(SHIV N GAR),2,COMMERCIAL,2,2,209.0,7.0
WARANGAL,NARSAMPET,NARSAMPET(TOWN,GIRNIBAVI,BIKKOJIPALLY,2,COMMERCIAL,5,5,102.0,8.0
WARANGAL,NARSAMPET,NARSAMPET(TOWN,GIRNIBAVI,CHALAPARTHY,2,COMMERCIAL,28,25,2740.0,106.76
WARANGAL,NARSAMPET,NARSAMPET(TOWN,GIRNIBAVI,CHAPALABANDA,2,COMMERCIAL,17,16,2093.0,25.95
WARANGAL,NARSAMPET,NARSAMPET(R),NARSAMPET (RURAL),GURIJALA,2,COMMERCIAL,91,77,11872.0,140.7
WARANGAL,NARSAMPET,NARSAMPET(R),NARSAMPET (RURAL),GURRAMRAJPALLY,2,COMMERCIAL,6,6,91.0,6.0
WARANGAL,NARSAMPET,NARSAMPET(R),NARSAMPET (RURAL),IPPAL THANDA,2,COMMERCIAL,5,5,108.0,5.0
WARANGAL,NARSAMPET,NARSAMPET(R),NARSAMPET (RURAL),ITIKALPALLY,2,COMMERCIAL,57,51,8768.0,95.57
WARANGAL,NARSAMPET,NARSAMPET(R),NARSAMPET (RURAL),JANGALAPALLY THANDA,2,COMMERCIAL,2,1,0.0,2.25
WARANGAL,NARSAMPET,NARSAMPET(R),NARSAMPET (RURAL),KAMMEPALLY,2,COMMERCIAL,36,32,1377.0,50.2
WARANGAL,NARSAMPET,NARSAMPET(R),NARSAMPET (RURAL),KONDASAMUDRAM,2,COMMERCIAL,5,4,128.0,6.24
WARANGAL,NARSAMPET,NARSAMPET(R),NARSAMPET (RURAL),LAKINEPALLY,2,COMMERCIAL,109,96,10868.0,220.6
WARANGAL,NARSAMPET,NARSAMPET(R),NARSAMPET (RURAL),MADANNAPET,2,COMMERCIAL,46,40,4781.0,75.39
WARANGAL,NARSAMPET,NARSAMPET(R),NARSAMPET (RURAL),MAHESWARAM,2,COMMERCIAL,149,124,32651.0,430.14
WARANGAL,NARSAMPET,NEKKONDA,NEKKONDA,Ramannakunta thanda,2,COMMERCIAL,2,2,23.0,2.0
WARANGAL,NARSAMPET,NEKKONDA,NEKKONDA,SAIREDDY PALLY,2,COMMERCIAL,42,30,3106.0,90.28
WARANGAL,NARSAMPET,NEKKONDA,NEKKONDA,SEETARAMPUR,2,COMMERCIAL,4,3,34.0,3.06
WARANGAL,NARSAMPET,NEKKONDA,NEKKONDA,SOORIPALLY,2,COMMERCIAL,39,33,6469.0,57.52
WARANGAL,NARSAMPET,NEKKONDA,NEKKONDA,TEKULAKUNTA TANDA,2,COMMERCIAL,3,3,366.0,7.0
WARANGAL,RURAL WARANGAL,KAPULAKANAPARTHY,KAPULAKANAPARTHY,ASHALAPALLI,2,COMMERCIAL,37,36,7058.0,97.204
WARANGAL,RURAL WARANGAL,KAPULAKANAPARTHY,KAPULAKANAPARTHY,GAVICHERLA,2,COMMERCIAL,123,117,13596.0,201.62
WARANGAL,RURAL WARANGAL,KAPULAKANAPARTHY,KAPULAKANAPARTHY,GUNTUR PALLI,2,COMMERCIAL,66,57,8058.0,176.285
WARANGAL,RURAL WARANGAL,KAPULAKANAPARTHY,KAPULAKANAPARTHY,KAPULAKANAPARTHY,2,COMMERCIAL,105,100,16416.0,202.008
WARANGAL,RURAL WARANGAL,WARDHANNAPET,WARDHANNAPET,RAMAVARAM,2,COMMERCIAL,27,24,5133.0,59.02
WARANGAL,RURAL WARANGAL,WARDHANNAPET,WARDHANNAPET,UPPARAPALLI,2,COMMERCIAL,44,40,3085.0,59.22
WARANGAL,RURAL WARANGAL,WARDHANNAPET,WARDHANNAPET,VENKATESHWARA SWAMY THANDA,2,COMMERCIAL,1,1,49.0,1.0
WARANGAL,RURAL WARANGAL,WARDHANNAPET,WARDHANNAPET,WARDHANNAPET,2,COMMERCIAL,636,554,76484.0,1361.72
WARANGAL,WARANGAL,MULUGU ROAD,AREPALLY,AREPALLI,2,COMMERCIAL,302,260,87522.0,981.926
WARANGAL,WARANGAL,MULUGU ROAD,AREPALLY,ENUMAMULA,2,COMMERCIAL,173,133,18257.0,374.97
WARANGAL,WARANGAL,MULUGU ROAD,AREPALLY,KOTHAPET,2,COMMERCIAL,21,19,3587.0,60.45
WARANGAL,WARANGAL,MULUGU ROAD,AREPALLY,MUSALAMMAKUNTA,2,COMMERCIAL,81,78,9132.0,173.56
WARANGAL,WARANGAL,MULUGU ROAD,AREPALLY,PAIDEPALLI,2,COMMERCIAL,370,300,48652.0,1008.67
WARANGAL,NARSAMPET,NARSAMPET(R),NARSAMPET (RURAL),MARRINARSAIAHPALLY,2,COMMERCIAL,2,1,27.0,8.0
WARANGAL,NARSAMPET,NARSAMPET(R),NARSAMPET (RURAL),MOQDUMPUR,2,COMMERCIAL,69,57,6856.0,110.36
WARANGAL,NARSAMPET,NARSAMPET(R),NARSAMPET (RURAL),MUTHOJIPET,2,COMMERCIAL,55,43,6942.0,138.87
WARANGAL,NARSAMPET,NARSAMPET(R),NARSAMPET (RURAL),MUTHYALAMMA THANDA,2,COMMERCIAL,2,2,69.0,3.0
WARANGAL,NARSAMPET,NARSAMPET(R),NARSAMPET (RURAL),NAGURLAPALLY,2,COMMERCIAL,22,18,603.0,28.388
WARANGAL,NARSAMPET,NARSAMPET(R),NARSAMPET (RURAL),NARASINGAPOOR,2,COMMERCIAL,7,6,416.0,13.94
WARANGAL,NARSAMPET,NARSAMPET(R),NARSAMPET (RURAL),NARSUNAIK THANDA,2,COMMERCIAL,5,4,96.0,5.0
WARANGAL,NARSAMPET,NARSAMPET(R),NARSAMPET (RURAL),PARSUNAIK THANDA,2,COMMERCIAL,3,1,141.0,5.0
WARANGAL,NARSAMPET,NARSAMPET(R),NARSAMPET (RURAL),RAJAPALLY,2,COMMERCIAL,24,19,1144.0,31.46
WARANGAL,RURAL WARANGAL,KAPULAKANAPARTHY,KAPULAKANAPARTHY,KATREPALLI,2,COMMERCIAL,35,32,6224.0,81.27
WARANGAL,RURAL WARANGAL,KAPULAKANAPARTHY,KAPULAKANAPARTHY,LOHITA,2,COMMERCIAL,36,36,2288.0,45.33
WARANGAL,RURAL WARANGAL,KAPULAKANAPARTHY,KAPULAKANAPARTHY,PEDDA THANDA,2,COMMERCIAL,3,3,17.0,3.0
WARANGAL,RURAL WARANGAL,KAPULAKANAPARTHY,KAPULAKANAPARTHY,RAMACHANDRAPUR,2,COMMERCIAL,37,33,6477.0,84.62
WARANGAL,RURAL WARANGAL,KAPULAKANAPARTHY,KAPULAKANAPARTHY,SHAPOOR,2,COMMERCIAL,21,18,826.0,25.6
WARANGAL,RURAL WARANGAL,KAPULAKANAPARTHY,KAPULAKANAPARTHY,SOMLA THANDA,2,COMMERCIAL,3,3,84.0,4.0
WARANGAL,RURAL WARANGAL,KAPULAKANAPARTHY,KAPULAKANAPARTHY,THEEGARAJUPALLI,2,COMMERCIAL,78,66,9766.0,169.819
WARANGAL,RURAL WARANGAL,KAPULAKANAPARTHY,KAPULAKANAPARTHY,VENKATAPUR HAVELI,2,COMMERCIAL,29,26,827.0,49.85
WARANGAL,WARANGAL,MULUGU ROAD,AREPALLY,REDDYPALEM,2,COMMERCIAL,606,528,69913.0,1339.76
WARANGAL,WARANGAL,MULUGU ROAD,DESAIPET,BALASANTHANAGAR,2,COMMERCIAL,214,197,16998.0,461.579
WARANGAL,WARANGAL,MULUGU ROAD,DESAIPET,DESAIPET,2,COMMERCIAL,394,312,25471.0,803.019
WARANGAL,WARANGAL,MULUGU ROAD,DESAIPET,L B NAGAR,2,COMMERCIAL,1079,959,194097.0,2909.77
WARANGAL,WARANGAL,MULUGU ROAD,DESAIPET,MANDI BAZAR,2,COMMERCIAL,217,180,19671.0,310.93
WARANGAL,WARANGAL,MULUGU ROAD,MATWADA,BONDIVAGU,2,COMMERCIAL,893,814,76874.0,1907.581
WARANGAL,WARANGAL,MULUGU ROAD,MATWADA,D SWAMY TEMPLE,2,COMMERCIAL,870,795,46780.0,1149.38
WARANGAL,WARANGAL,MULUGU ROAD,MATWADA,GOPALASWAMY TEMPLE,2,COMMERCIAL,137,124,25979.0,348.082
WARANGAL,WARANGAL,MULUGU ROAD,MATWADA,INTEZAR GANJ,2,COMMERCIAL,458,425,57066.0,1056.3
WARANGAL,WARANGAL,MULUGU ROAD,MATWADA,J P N ROAD,2,COMMERCIAL,512,457,62405.0,1156.03
WARANGAL,NARSAMPET,NARSAMPET(R),NARSAMPET (RURAL),RAJESWARAOPALLY,2,COMMERCIAL,3,2,11.0,5.0
WARANGAL,NARSAMPET,NARSAMPET(R),NARSAMPET (RURAL),RAJIPET,2,COMMERCIAL,44,36,8854.0,115.25
WARANGAL,NARSAMPET,NARSAMPET(R),NARSAMPET (RURAL),RAMAVARAM,2,COMMERCIAL,6,5,450.0,11.0
WARANGAL,NARSAMPET,NARSAMPET(R),NARSAMPET (RURAL),RAMNAGAR,2,COMMERCIAL,3,2,33.0,5.0
WARANGAL,NARSAMPET,NARSAMPET(R),NARSAMPET (RURAL),Ramulu naik thanda,2,COMMERCIAL,4,4,226.0,6.0
WARANGAL,NARSAMPET,NARSAMPET(R),NARSAMPET (RURAL),SWAMINAIK THANDA,2,COMMERCIAL,1,0,0.0,4.0
WARANGAL,NARSAMPET,NARSAMPET(TOWN,DUGGONDI,AREPALLY H\OLAXMIPUR,2,COMMERCIAL,1,0,0.0,0.12
WARANGAL,NARSAMPET,NARSAMPET(TOWN,DUGGONDI,BALVANTHAPOOR,2,COMMERCIAL,2,2,210.0,3.0
WARANGAL,NARSAMPET,NARSAMPET(TOWN,DUGGONDI,BANDAMPALLY,2,COMMERCIAL,15,13,436.0,19.74
WARANGAL,NARSAMPET,NARSAMPET(R),KHANAPUR,MANUBOTHULAGADDA,2,COMMERCIAL,20,18,1023.0,23.86
WARANGAL,NARSAMPET,NARSAMPET(R),KHANAPUR,MARRINAYAKBODITHANDA,2,COMMERCIAL,1,1,0.0,1.0
WARANGAL,NARSAMPET,NARSAMPET(R),KHANAPUR,NAZINAGAR,2,COMMERCIAL,2,1,0.0,3.0
WARANGAL,NARSAMPET,NARSAMPET(R),KHANAPUR,Nazithanda,2,COMMERCIAL,3,1,0.0,3.0
WARANGAL,NARSAMPET,NARSAMPET(R),KHANAPUR,PAKAL,2,COMMERCIAL,16,4,1100.0,31.42
WARANGAL,NARSAMPET,NARSAMPET(R),KHANAPUR,PEDDAMMAGADDA,2,COMMERCIAL,3,2,12.0,7.0
WARANGAL,NARSAMPET,NARSAMPET(R),KHANAPUR,RAGAMPET,2,COMMERCIAL,19,16,915.0,27.41
WARANGAL,NARSAMPET,NARSAMPET(R),KHANAPUR,RAMALINGAYAPALLY,2,COMMERCIAL,10,9,417.0,11.26
WARANGAL,NARSAMPET,NARSAMPET(R),KHANAPUR,RANGAPUR-II,2,COMMERCIAL,13,10,370.0,16.62
WARANGAL,NARSAMPET,NARSAMPET(R),KHANAPUR,VEPACHETLU THANDA,2,COMMERCIAL,6,6,1587.0,15.74
WARANGAL,NARSAMPET,NEKKONDA,CHENNARAOPET,Topanagadda thanda,2,COMMERCIAL,3,3,32.0,3.0
WARANGAL,NARSAMPET,NEKKONDA,CHENNARAOPET,UPPARAPALLY,2,COMMERCIAL,81,63,8680.0,128.89
WARANGAL,NARSAMPET,NEKKONDA,CHENNARAOPET,YELLAIGUDA,2,COMMERCIAL,30,25,1110.0,34.86
WARANGAL,NARSAMPET,NEKKONDA,CHENNARAOPET,chintala thanda,2,COMMERCIAL,2,2,500.0,2.0
WARANGAL,NARSAMPET,NEKKONDA,NEKKONDA,AMEENAPET,2,COMMERCIAL,22,15,1568.0,69.24
WARANGAL,NARSAMPET,NEKKONDA,NEKKONDA,Ajmeera mangya thanda,2,COMMERCIAL,2,2,4.0,2.0
WARANGAL,NARSAMPET,NEKKONDA,NEKKONDA,BANZORA PALLY,2,COMMERCIAL,22,17,1354.0,33.69
WARANGAL,NARSAMPET,NEKKONDA,NEKKONDA,CHANDRRU KONDA,2,COMMERCIAL,51,38,8138.0,103.44
WARANGAL,NARSAMPET,NEKKONDA,NEKKONDA,DEEKSHA KUNTA,2,COMMERCIAL,58,46,6954.0,76.1
WARANGAL,NARSAMPET,NEKKONDA,NEKKONDA,Devuni thanda,2,COMMERCIAL,2,2,212.0,2.0
WARANGAL,NARSAMPET,NEKKONDA,NEKKONDA,GOTLA KONDA,2,COMMERCIAL,4,3,24.0,7.0
WARANGAL,NARSAMPET,NEKKONDA,NEKKONDA,GUNDRAPALLY,2,COMMERCIAL,35,29,2894.0,54.11
WARANGAL,RURAL WARANGAL,WARDHANNAPET,WARDHANNAPET,Ambedhkar nagar,2,COMMERCIAL,2,2,22.0,2.0
WARANGAL,RURAL WARANGAL,WARDHANNAPET,WARDHANNAPET,BANDAUTHAPOOR,2,COMMERCIAL,25,24,4032.0,91.75
WARANGAL,RURAL WARANGAL,WARDHANNAPET,WARDHANNAPET,Bokkalagudem,2,COMMERCIAL,2,2,5.0,2.0
WARANGAL,RURAL WARANGAL,WARDHANNAPET,WARDHANNAPET,CHENNARAM,2,COMMERCIAL,33,29,4226.0,41.96
WARANGAL,RURAL WARANGAL,WARDHANNAPET,WARDHANNAPET,Chendru thanda,2,COMMERCIAL,1,1,6.0,1.0
WARANGAL,RURAL WARANGAL,WARDHANNAPET,WARDHANNAPET,D.C.THANDA,2,COMMERCIAL,14,10,1683.0,38.55
WARANGAL,RURAL WARANGAL,WARDHANNAPET,WARDHANNAPET,DAMMANNAPET,2,COMMERCIAL,59,52,8014.0,110.86
WARANGAL,RURAL WARANGAL,WARDHANNAPET,WARDHANNAPET,DIVITIPALLI,2,COMMERCIAL,11,10,224.0,9.5
WARANGAL,RURAL WARANGAL,WARDHANNAPET,WARDHANNAPET,GUBBATI THANDA,2,COMMERCIAL,1,1,81.0,2.79
WARANGAL,NARSAMPET,NARSAMPET(R),NARSAMPET (RURAL),Akula thanda,2,COMMERCIAL,25,20,1206.0,29.64
WARANGAL,NARSAMPET,NARSAMPET(R),NARSAMPET (RURAL),BHANOJIPET,2,COMMERCIAL,22,22,7503.0,46.49
WARANGAL,NARSAMPET,NARSAMPET(R),NARSAMPET (RURAL),BOJINAIK THANDA,2,COMMERCIAL,7,5,67.0,11.24
WARANGAL,NARSAMPET,NARSAMPET(R),NARSAMPET (RURAL),BUCHINAIK THANDA,2,COMMERCIAL,1,1,0.0,2.0
WARANGAL,NARSAMPET,NARSAMPET(R),NARSAMPET (RURAL),CHANDRAIAHPALLY,2,COMMERCIAL,19,17,595.0,29.48
WARANGAL,NARSAMPET,NARSAMPET(R),NARSAMPET (RURAL),CHINTHAGADDA THANDA,2,COMMERCIAL,9,8,327.0,17.5
WARANGAL,NARSAMPET,NARSAMPET(R),NARSAMPET (RURAL),DASARIPALLY,2,COMMERCIAL,20,17,1685.0,29.84
WARANGAL,NARSAMPET,NARSAMPET(R),NARSAMPET (RURAL),ENUGAL THANDA,2,COMMERCIAL,5,3,1.0,7.0
WARANGAL,NARSAMPET,NARSAMPET(R),NARSAMPET (RURAL),GARLAGADDA THANDA,2,COMMERCIAL,2,1,15.0,2.18
WARANGAL,NARSAMPET,NARSAMPET(R),NARSAMPET (RURAL),GUNTURPALLY,2,COMMERCIAL,7,7,744.0,15.0
WARANGAL,NARSAMPET,NARSAMPET(R),NARSAMPET (RURAL),GUNTURPALLY/C.PET,2,COMMERCIAL,4,4,315.0,3.24
WARANGAL,NARSAMPET,NEKKONDA,NEKKONDA,Gollapally,2,COMMERCIAL,28,27,964.0,27.3
WARANGAL,NARSAMPET,NEKKONDA,NEKKONDA,Hari chand thanda,2,COMMERCIAL,1,1,43.0,1.0
WARANGAL,NARSAMPET,NEKKONDA,NEKKONDA,Lavudya vagyanaik thanda,2,COMMERCIAL,4,4,140.0,8.0
WARANGAL,NARSAMPET,NEKKONDA,NEKKONDA,MUDI KONDA,2,COMMERCIAL,22,18,3054.0,66.06
WARANGAL,NARSAMPET,NEKKONDA,NEKKONDA,Mahaboob naik thanda,2,COMMERCIAL,2,2,258.0,2.0
WARANGAL,NARSAMPET,NEKKONDA,NEKKONDA,NEKKONDA(H.Q),2,COMMERCIAL,494,330,40288.0,853.86
WARANGAL,NARSAMPET,NEKKONDA,NEKKONDA,NEKKONDA-2,2,COMMERCIAL,341,335,40591.0,645.814
WARANGAL,NARSAMPET,NEKKONDA,NEKKONDA,Nekkonda thanda,2,COMMERCIAL,2,2,0.0,4.0
WARANGAL,NARSAMPET,NEKKONDA,NEKKONDA,PANIKARA,2,COMMERCIAL,36,29,2035.0,58.16
WARANGAL,NARSAMPET,NEKKONDA,NEKKONDA,PATHIPAKA,2,COMMERCIAL,21,20,1618.0,41.944
WARANGAL,NARSAMPET,NEKKONDA,NEKKONDA,Pittakalabodu thanda,2,COMMERCIAL,3,2,0.0,3.0
WARANGAL,NARSAMPET,NEKKONDA,NEKKONDA,REDLA WADA,2,COMMERCIAL,75,62,11061.0,135.97
WARANGAL,RURAL WARANGAL,WARDHANNAPET,WARDHANNAPET,ILLANDA,2,COMMERCIAL,235,213,17212.0,329.784
WARANGAL,RURAL WARANGAL,WARDHANNAPET,WARDHANNAPET,JEGGIPETA,2,COMMERCIAL,1,1,0.0,15.0
WARANGAL,RURAL WARANGAL,WARDHANNAPET,WARDHANNAPET,KADARIGUDEM,2,COMMERCIAL,6,5,1819.0,20.0
WARANGAL,RURAL WARANGAL,WARDHANNAPET,WARDHANNAPET,KATRIAL,2,COMMERCIAL,70,59,6241.0,123.71
WARANGAL,RURAL WARANGAL,WARDHANNAPET,WARDHANNAPET,KOTHAPALLI (WEST),2,COMMERCIAL,23,19,2710.0,39.16
WARANGAL,RURAL WARANGAL,WARDHANNAPET,WARDHANNAPET,KUMMARIGUDEM,2,COMMERCIAL,3,3,5.0,3.0
WARANGAL,RURAL WARANGAL,WARDHANNAPET,WARDHANNAPET,Kashagudem,2,COMMERCIAL,1,1,2.0,1.0
WARANGAL,RURAL WARANGAL,WARDHANNAPET,WARDHANNAPET,LAIBARTHI,2,COMMERCIAL,65,56,12846.0,95.06
WARANGAL,RURAL WARANGAL,WARDHANNAPET,WARDHANNAPET,NALLABELLY-I,2,COMMERCIAL,40,31,4992.0,58.34
WARANGAL,RURAL WARANGAL,WARDHANNAPET,WARDHANNAPET,R D THANDA,2,COMMERCIAL,7,7,1.0,11.0
WARANGAL,NARSAMPET,NEKKONDA,ALAKANIPET,Nakkalagutta thanda,2,COMMERCIAL,1,1,3.0,1.0
WARANGAL,NARSAMPET,NEKKONDA,ALAKANIPET,PEDDA KORPOLE,2,COMMERCIAL,67,48,8921.0,108.61
WARANGAL,NARSAMPET,NEKKONDA,ALAKANIPET,Redyanaik thanda,2,COMMERCIAL,1,1,0.0,1.0
WARANGAL,NARSAMPET,NEKKONDA,ALAKANIPET,THOPAI PALLY,2,COMMERCIAL,46,39,1653.0,72.54
WARANGAL,NARSAMPET,NEKKONDA,ALAKANIPET,VENKATAPUR,2,COMMERCIAL,31,25,2260.0,54.26
WARANGAL,NARSAMPET,NEKKONDA,ALAKANIPET,Venkanaik thanda,2,COMMERCIAL,1,1,2.0,1.0
WARANGAL,NARSAMPET,NEKKONDA,CHENNARAOPET,AKKALACHEDU,2,COMMERCIAL,13,9,601.0,22.0
WARANGAL,NARSAMPET,NEKKONDA,CHENNARAOPET,AMEENABAD,2,COMMERCIAL,77,67,9088.0,156.33
WARANGAL,RURAL WARANGAL,WARDHANNAPET,MYLARAM,KATREPALLI,2,COMMERCIAL,35,33,4148.0,47.08
WARANGAL,RURAL WARANGAL,WARDHANNAPET,MYLARAM,KISTAPUR,2,COMMERCIAL,5,5,1448.0,33.1
WARANGAL,RURAL WARANGAL,WARDHANNAPET,MYLARAM,MURIPIRALA,2,COMMERCIAL,30,25,6953.0,75.68
WARANGAL,RURAL WARANGAL,WARDHANNAPET,MYLARAM,MYLARAM,2,COMMERCIAL,61,56,7225.0,118.36
WARANGAL,RURAL WARANGAL,WARDHANNAPET,MYLARAM,OOKALLU (WEST),2,COMMERCIAL,29,26,4048.0,77.01
WARANGAL,RURAL WARANGAL,WARDHANNAPET,MYLARAM,PANISHTHANDA,2,COMMERCIAL,3,3,63.0,4.0
WARANGAL,RURAL WARANGAL,WARDHANNAPET,MYLARAM,PANYANAIKTHANDA,2,COMMERCIAL,5,5,183.0,6.0
WARANGAL,RURAL WARANGAL,WARDHANNAPET,MYLARAM,POTHIREDDYPALLI,2,COMMERCIAL,5,3,93.0,5.26
WARANGAL,RURAL WARANGAL,WARDHANNAPET,MYLARAM,R&R COLONY,2,COMMERCIAL,19,19,1137.0,25.1
WARANGAL,RURAL WARANGAL,WARDHANNAPET,MYLARAM,SANNUR,2,COMMERCIAL,22,19,5146.0,45.988
WARANGAL,RURAL WARANGAL,WARDHANNAPET,MYLARAM,VANKUDOTHUTHANDA,2,COMMERCIAL,2,2,51.0,3.0
WARANGAL,NARSAMPET,NEKKONDA,CHENNARAOPET,AMRUTHANDA,2,COMMERCIAL,2,2,559.0,2.0
WARANGAL,NARSAMPET,NEKKONDA,CHENNARAOPET,BABUNAGAR,2,COMMERCIAL,5,3,11.0,6.0
WARANGAL,NARSAMPET,NEKKONDA,CHENNARAOPET,BUJJERU,2,COMMERCIAL,14,10,211.0,18.24
WARANGAL,NARSAMPET,NEKKONDA,CHENNARAOPET,Bodamanikyam thanda,2,COMMERCIAL,1,1,0.0,1.0
WARANGAL,NARSAMPET,NEKKONDA,CHENNARAOPET,CHENNARAOPET(H.Q),2,COMMERCIAL,269,214,27680.0,457.89
WARANGAL,NARSAMPET,NEKKONDA,CHENNARAOPET,Cheruvukommu thanda,2,COMMERCIAL,2,2,70.0,2.0
WARANGAL,NARSAMPET,NEKKONDA,CHENNARAOPET,Dharma thanda,2,COMMERCIAL,2,2,0.0,2.0
WARANGAL,NARSAMPET,NEKKONDA,CHENNARAOPET,Gollabhama thanda,2,COMMERCIAL,2,1,0.0,2.0
WARANGAL,NARSAMPET,NEKKONDA,CHENNARAOPET,Gollapalle,2,COMMERCIAL,3,1,0.0,4.0
WARANGAL,NARSAMPET,NEKKONDA,CHENNARAOPET,JALLY,2,COMMERCIAL,53,41,5624.0,65.18
WARANGAL,NARSAMPET,NEKKONDA,CHENNARAOPET,JOJIPET,2,COMMERCIAL,3,3,18.0,3.0
WARANGAL,NARSAMPET,NEKKONDA,CHENNARAOPET,Jeegadda thanda,2,COMMERCIAL,2,2,62.0,4.0
WARANGAL,NARSAMPET,NEKKONDA,CHENNARAOPET,KHADARPET,2,COMMERCIAL,31,30,2207.0,64.3
WARANGAL,RURAL WARANGAL,WARDHANNAPET,MYLARAM,VENKATESHWARAPALLY,2,COMMERCIAL,8,7,267.0,10.34
WARANGAL,RURAL WARANGAL,WARDHANNAPET,RAYAPARTHI,A K THANDA,2,COMMERCIAL,3,3,2.0,3.0
WARANGAL,RURAL WARANGAL,WARDHANNAPET,RAYAPARTHI,AREGUDEM,2,COMMERCIAL,3,3,1.0,5.0
WARANGAL,RURAL WARANGAL,WARDHANNAPET,RAYAPARTHI,BANDANPALLI,2,COMMERCIAL,13,9,448.0,13.75
WARANGAL,RURAL WARANGAL,WARDHANNAPET,RAYAPARTHI,GANNARAM,2,COMMERCIAL,18,16,796.0,31.03
WARANGAL,RURAL WARANGAL,WARDHANNAPET,RAYAPARTHI,Ganeshkuntathanda,2,COMMERCIAL,2,2,2.0,2.0
WARANGAL,RURAL WARANGAL,WARDHANNAPET,RAYAPARTHI,Jaithuram thanda,2,COMMERCIAL,3,3,285.0,3.0
WARANGAL,RURAL WARANGAL,WARDHANNAPET,RAYAPARTHI,Jayaram thanda-2,2,COMMERCIAL,2,2,0.0,2.0
WARANGAL,RURAL WARANGAL,WARDHANNAPET,RAYAPARTHI,Jinkuram thanda,2,COMMERCIAL,2,2,45.0,2.0
WARANGAL,RURAL WARANGAL,WARDHANNAPET,RAYAPARTHI,KESHAVAPUR,2,COMMERCIAL,19,18,2806.0,36.15
WARANGAL,RURAL WARANGAL,WARDHANNAPET,RAYAPARTHI,KOLANUPALLI,2,COMMERCIAL,39,36,3661.0,72.29
WARANGAL,NARSAMPET,NEKKONDA,CHENNARAOPET,KONAPURAM,2,COMMERCIAL,70,57,5738.0,107.66
WARANGAL,NARSAMPET,NEKKONDA,CHENNARAOPET,Kalanaik thanda,2,COMMERCIAL,3,3,0.0,3.0
WARANGAL,NARSAMPET,NEKKONDA,CHENNARAOPET,Kandigadda thanda,2,COMMERCIAL,2,2,1.0,2.0
WARANGAL,NARSAMPET,NEKKONDA,CHENNARAOPET,LINGAGIRI,2,COMMERCIAL,62,49,5006.0,128.14
WARANGAL,NARSAMPET,NEKKONDA,CHENNARAOPET,LINGAPURAM,2,COMMERCIAL,55,47,3419.0,136.66
WARANGAL,NARSAMPET,NEKKONDA,CHENNARAOPET,PAPAIPET,2,COMMERCIAL,90,71,9953.0,132.65
WARANGAL,NARSAMPET,NEKKONDA,CHENNARAOPET,Pathinayak thanda,2,COMMERCIAL,1,1,8.0,1.0
WARANGAL,NARSAMPET,NEKKONDA,CHENNARAOPET,Pullaibodu thanda,2,COMMERCIAL,2,2,9.0,2.0
WARANGAL,NARSAMPET,NEKKONDA,CHENNARAOPET,S.K.THANDA,2,COMMERCIAL,1,1,0.0,1.0
WARANGAL,NARSAMPET,NEKKONDA,CHENNARAOPET,Suryapet thanda,2,COMMERCIAL,4,4,85.0,4.0
WARANGAL,NARSAMPET,NEKKONDA,CHENNARAOPET,THIMMARAIPAD,2,COMMERCIAL,26,22,2709.0,53.64
WARANGAL,RURAL WARANGAL,WARDHANNAPET,RAYAPARTHI,KONDAPUR (WEST),2,COMMERCIAL,26,21,1110.0,30.01
WARANGAL,RURAL WARANGAL,WARDHANNAPET,RAYAPARTHI,KONDUR,2,COMMERCIAL,57,54,4717.0,88.17
WARANGAL,RURAL WARANGAL,WARDHANNAPET,RAYAPARTHI,KOTHUR,2,COMMERCIAL,55,51,6210.0,101.935
WARANGAL,RURAL WARANGAL,WARDHANNAPET,RAYAPARTHI,MAHABUBNAGAR (WEST),2,COMMERCIAL,5,5,165.0,8.55
WARANGAL,RURAL WARANGAL,WARDHANNAPET,RAYAPARTHI,PERKED,2,COMMERCIAL,68,60,7496.0,123.39
WARANGAL,RURAL WARANGAL,WARDHANNAPET,RAYAPARTHI,RAGANNA GUDEM,2,COMMERCIAL,4,4,214.0,6.0
WARANGAL,RURAL WARANGAL,WARDHANNAPET,RAYAPARTHI,RAYAPARTHI,2,COMMERCIAL,265,245,27892.0,439.54
WARANGAL,RURAL WARANGAL,WARDHANNAPET,RAYAPARTHI,SURYA THANDA(RAYAPARTTHY),2,COMMERCIAL,6,5,81.0,11.0
WARANGAL,RURAL WARANGAL,WARDHANNAPET,RAYAPARTHI,THIRUMALAYAPALLI,2,COMMERCIAL,42,35,3649.0,65.76
WARANGAL,NARSAMPET,NARSAMPET(R),KHANAPUR,MANGALAVARIPET,2,COMMERCIAL,46,38,1167.0,45.37
PEDDAPALLY,PEDDAPALLY,DHARMARAM,JULAPALLY,KEESULATA PALLY H/O WADKAPOOR ,2,COMMERCIAL,3,3,35.0,5.0
PEDDAPALLY,PEDDAPALLY,DHARMARAM,JULAPALLY,KONA RAO PETA ,2,COMMERCIAL,9,9,218.0,14.26
PEDDAPALLY,PEDDAPALLY,DHARMARAM,JULAPALLY,KUMMARIKUNTA   (REC)          ,2,COMMERCIAL,44,43,4830.0,63.756
PEDDAPALLY,PEDDAPALLY,DHARMARAM,JULAPALLY,NAGULA PALLY  ,2,COMMERCIAL,18,17,954.0,25.32
PEDDAPALLY,PEDDAPALLY,DHARMARAM,JULAPALLY,PEDDAPOOR (REC)               ,2,COMMERCIAL,57,54,4147.0,63.62
PEDDAPALLY,PEDDAPALLY,DHARMARAM,JULAPALLY,TELUKUNTA     ,2,COMMERCIAL,39,35,5775.0,84.88
PEDDAPALLY,PEDDAPALLY,DHARMARAM,JULAPALLY,VENKATRAOPALLY,2,COMMERCIAL,17,15,675.0,23.52
PEDDAPALLY,PEDDAPALLY,DHARMARAM,JULAPALLY,WADAKAPOOR    ,2,COMMERCIAL,40,37,7704.0,82.86
PEDDAPALLY,PEDDAPALLY,DHARMARAM,KHILAVANAPARTHY,BOTLA VANAPARTHY  (REC)       ,2,COMMERCIAL,17,17,7303.0,45.26
PEDDAPALLY,PEDDAPALLY,SULTHANABAD,KANKULA,THOGGARAI     ,2,COMMERCIAL,42,32,8974.0,77.48
PEDDAPALLY,PEDDAPALLY,SULTHANABAD,KATENPALLY,BHOOPATHIPUR  ,2,COMMERCIAL,62,60,11221.0,200.64
PEDDAPALLY,PEDDAPALLY,SULTHANABAD,KATENPALLY,BONTHAKUNTAPALLY H/O GAREPALY ,2,COMMERCIAL,10,10,4591.0,134.99
PEDDAPALLY,PEDDAPALLY,SULTHANABAD,KATENPALLY,DUBBAPET & DUBBAPALLY (REC)   ,2,COMMERCIAL,11,9,4299.0,55.19
PEDDAPALLY,PEDDAPALLY,SULTHANABAD,KATENPALLY,GARREPALLY    ,2,COMMERCIAL,149,146,25231.0,357.86
PEDDAPALLY,PEDDAPALLY,SULTHANABAD,KATENPALLY,GOLLAPALLY    ,2,COMMERCIAL,16,15,1439.0,25.75
PEDDAPALLY,PEDDAPALLY,SULTHANABAD,KATENPALLY,ITHRAJPALLY   ,2,COMMERCIAL,10,10,2657.0,38.84
PEDDAPALLY,PEDDAPALLY,SULTHANABAD,KATENPALLY,KATNAPALLY    ,2,COMMERCIAL,68,67,27917.0,249.72
PEDDAPALLY,PEDDAPALLY,SULTHANABAD,KATENPALLY,NARAYANRAOPALLY H/O KODURPAKA ,2,COMMERCIAL,13,11,2019.0,15.06
KHAMMAM,WYRA,WYRA,WYRA,LAXMIPURAM,2,COMMERCIAL,13,9,366.0,14.0
KHAMMAM,WYRA,WYRA,WYRA,MUSALIMADUGU,2,COMMERCIAL,22,19,2536.0,30.621
KHAMMAM,WYRA,WYRA,WYRA,PUSALAPADU,2,COMMERCIAL,3,3,199.0,2.55
KHAMMAM,WYRA,WYRA,WYRA,SIRIPURAM,2,COMMERCIAL,63,52,5800.0,74.021
KHAMMAM,WYRA,WYRA,WYRA,SOMAVARAM,2,COMMERCIAL,54,52,4297.0,104.1
KHAMMAM,WYRA,WYRA,WYRA,STAGE PINAPAKA,2,COMMERCIAL,21,18,3636.0,36.34
KHAMMAM,WYRA,WYRA,WYRA,WYRA,2,COMMERCIAL,1493,1311,171628.0,3419.373
KHAMMAM,WYRA,WYRA,WYRA (RURAL),ASTANAGURTHY,2,COMMERCIAL,25,24,5152.0,35.92
KHAMMAM,WYRA,WYRA,WYRA (RURAL),DACHAPURAM,2,COMMERCIAL,47,47,3549.0,85.396
KHAMMAM,WYRA,WYRA,WYRA (RURAL),GANNARAM,2,COMMERCIAL,49,45,4240.0,93.864
KHAMMAM,WYRA,WYRA,WYRA (RURAL),GARIKAPADU,2,COMMERCIAL,66,59,4364.0,99.944
MAHABUBABAD,MAHABUBABAD,KORIVI,DORNAKAL,DUBBA THANDA,2,COMMERCIAL,3,3,95.0,5.0
MAHABUBABAD,MAHABUBABAD,KORIVI,DORNAKAL,FAKIR THANDA,2,COMMERCIAL,2,2,0.0,3.0
MAHABUBABAD,MAHABUBABAD,KORIVI,DORNAKAL,GOLLACHERLA,2,COMMERCIAL,128,114,11920.0,299.02
MAHABUBABAD,MAHABUBABAD,KORIVI,DORNAKAL,GURRALAKUNTA,2,COMMERCIAL,3,3,0.0,4.0
MAHABUBABAD,MAHABUBABAD,KORIVI,DORNAKAL,HUNYA THANDA,2,COMMERCIAL,8,7,307.0,14.0
MAHABUBABAD,MAHABUBABAD,KORIVI,DORNAKAL,JOGYA THANDA,2,COMMERCIAL,2,2,57.0,2.0
MAHABUBABAD,MAHABUBABAD,KORIVI,DORNAKAL,KANNEGUNDLA,2,COMMERCIAL,1,1,1.0,1.0
MAHABUBABAD,MAHABUBABAD,KORIVI,DORNAKAL,KASNA THANDA,2,COMMERCIAL,5,5,288.0,12.0
MAHABUBABAD,MAHABUBABAD,KORIVI,DORNAKAL,KOTHADUBBA THANDA,2,COMMERCIAL,3,3,36.0,6.24
MAHABUBABAD,MAHABUBABAD,KORIVI,DORNAKAL,LIMBYA THANDA,2,COMMERCIAL,4,3,212.0,9.0
MAHABUBABAD,MAHABUBABAD,KORIVI,DORNAKAL,MALLAIAHKUNTA THANDA,2,COMMERCIAL,3,3,235.0,10.0
MAHABUBABAD,MAHABUBABAD,KORIVI,DORNAKAL,MANNEGUDEM,2,COMMERCIAL,87,80,9825.0,188.319
MAHABUBABAD,MAHABUBABAD,MAHABUBABAD(T),MAHABUBABAD (RURAL),ANANTHARAM,2,COMMERCIAL,67,57,11633.0,226.89
MAHABUBABAD,MAHABUBABAD,MAHABUBABAD(T),MAHABUBABAD (RURAL),AYODHYA,2,COMMERCIAL,10,10,1995.0,37.25
MAHABUBABAD,MAHABUBABAD,MAHABUBABAD(T),MAHABUBABAD (RURAL),BALARAM THANDA,2,COMMERCIAL,28,27,1908.0,50.26
MAHABUBABAD,MAHABUBABAD,MAHABUBABAD(T),MAHABUBABAD (RURAL),BETHOLE,2,COMMERCIAL,46,40,4057.0,139.31
MAHABUBABAD,MAHABUBABAD,MAHABUBABAD(T),MAHABUBABAD (RURAL),BHAJANATHANDA,2,COMMERCIAL,1,1,40.0,2.0
MAHABUBABAD,MAHABUBABAD,MAHABUBABAD(T),MAHABUBABAD (RURAL),BODAGUTTA THANDA,2,COMMERCIAL,9,9,824.0,13.0
MAHABUBABAD,MAHABUBABAD,MAHABUBABAD(T),MAHABUBABAD (RURAL),BORING THANDA,2,COMMERCIAL,2,2,84.0,5.0
MAHABUBABAD,MAHABUBABAD,MAHABUBABAD(T),MAHABUBABAD (RURAL),CHENGAPUR,2,COMMERCIAL,96,85,16063.0,331.292
MAHABUBABAD,MAHABUBABAD,MAHABUBABAD(T),MAHABUBABAD (RURAL),CHINNAKISTAPURAM,2,COMMERCIAL,1,1,36.0,1.0
MAHABUBABAD,THORRUR,NELLIKUDURU,MUNAGALAVEEDU,CHINNAMUPPARAM,2,COMMERCIAL,80,68,5184.0,153.18
MAHABUBABAD,THORRUR,NELLIKUDURU,MUNAGALAVEEDU,DHARAVATH THANDA,2,COMMERCIAL,1,1,0.0,2.0
MAHABUBABAD,THORRUR,NELLIKUDURU,MUNAGALAVEEDU,KASYA THANDA,2,COMMERCIAL,2,2,81.0,2.0
MAHABUBABAD,THORRUR,NELLIKUDURU,MUNAGALAVEEDU,LASYA THANDA H/O MADANTHURTHY,2,COMMERCIAL,1,1,13.0,4.0
MAHABUBABAD,THORRUR,NELLIKUDURU,MUNAGALAVEEDU,LAXMIPUR,2,COMMERCIAL,3,3,30.0,5.0
MAHABUBABAD,THORRUR,NELLIKUDURU,MUNAGALAVEEDU,MADANTHURTHY,2,COMMERCIAL,29,24,634.0,36.17
MAHABUBABAD,THORRUR,NELLIKUDURU,MUNAGALAVEEDU,MUNAGALAVEEDU,2,COMMERCIAL,51,45,4480.0,85.38
MAHABUBABAD,THORRUR,NELLIKUDURU,MUNAGALAVEEDU,NARSIMHULA GUDEM,2,COMMERCIAL,32,24,10720.0,64.83
MAHABUBABAD,THORRUR,NELLIKUDURU,MUNAGALAVEEDU,PEDDATHANDDA,2,COMMERCIAL,1,1,64.0,1.0
WARANGAL,NARSAMPET,NEKKONDA,ALAKANIPET,CHINNA KORPOLE,2,COMMERCIAL,14,10,453.0,18.94
WARANGAL,NARSAMPET,NEKKONDA,ALAKANIPET,Charvu mundari thanda,2,COMMERCIAL,2,2,2.0,2.0
WARANGAL,NARSAMPET,NEKKONDA,ALAKANIPET,Kasnathanda,2,COMMERCIAL,3,3,112.0,2.988
WARANGAL,NARSAMPET,NEKKONDA,ALAKANIPET,MADIPALLY,2,COMMERCIAL,7,4,1671.0,10.32
WARANGAL,NARSAMPET,NEKKONDA,ALAKANIPET,NAGARAM,2,COMMERCIAL,34,29,4363.0,58.84
NIRMAL,NIRMAL,KHANAPUR,PEMBI,H.C.NAYAK TANDA,2,COMMERCIAL,1,1,80.0,1.0
NIRMAL,NIRMAL,KHANAPUR,PEMBI,ITIKYAL,2,COMMERCIAL,3,2,17.0,3.24
NIRMAL,NIRMAL,KHANAPUR,PEMBI,JANGUGUDA,2,COMMERCIAL,1,1,17.0,1.0
NIRMAL,NIRMAL,KHANAPUR,PEMBI,KARAMLODELES,2,COMMERCIAL,2,2,38.0,3.0
NIRMAL,NIRMAL,KHANAPUR,PEMBI,KOSAGUTTA,2,COMMERCIAL,1,1,11.0,1.0
NIRMAL,NIRMAL,KHANAPUR,PEMBI,Kistanaik thanda,2,COMMERCIAL,1,1,0.0,1.0
NIRMAL,NIRMAL,KHANAPUR,PEMBI,LOTHUR THANDA,2,COMMERCIAL,2,2,3.0,5.25
NIRMAL,NIRMAL,KHANAPUR,PEMBI,Lambadi tanda,2,COMMERCIAL,1,1,2.0,1.0
NIRMAL,NIRMAL,KHANAPUR,PEMBI,MANDAPALLI,2,COMMERCIAL,37,32,1792.0,57.91
NIRMAL,NIRMAL,KHANAPUR,PEMBI,NAGAPUR,2,COMMERCIAL,3,3,2994.0,8.0
NIRMAL,NIRMAL,KHANAPUR,PEMBI,PASUPULA,2,COMMERCIAL,1,1,1230.0,8.0
NIRMAL,NIRMAL,KHANAPUR,PEMBI,PEMBI,2,COMMERCIAL,187,163,14080.0,260.4
NIZAMABAD,ARMOOR,ARMOOR,DEGOAN,MIRDHAPALLY,2,COMMERCIAL,76,74,5313.0,96.76
NIZAMABAD,ARMOOR,ARMOOR,DEGOAN,RAMPOOR,2,COMMERCIAL,14,13,700.0,14.4
NIZAMABAD,ARMOOR,BHEEMGAL,BHEEMGAL (T),AADARSHNAGAR,2,COMMERCIAL,1,1,1416.0,16.0
NIZAMABAD,ARMOOR,BHEEMGAL,BHEEMGAL (T),BABANAGAR COLONY,2,COMMERCIAL,5,4,875.0,8.05
NIZAMABAD,ARMOOR,BHEEMGAL,BHEEMGAL (T),BABAPOOR,2,COMMERCIAL,89,83,8778.0,134.351
NIZAMABAD,ARMOOR,BHEEMGAL,BHEEMGAL (T),BHEEMGAL,2,COMMERCIAL,1614,1531,149920.0,2532.785
NIZAMABAD,ARMOOR,BHEEMGAL,BHEEMGAL (T),BHEEMGAL (B),2,COMMERCIAL,124,115,12313.0,237.708
NIZAMABAD,ARMOOR,BHEEMGAL,BHEEMGAL (T),CHENGAL,2,COMMERCIAL,97,91,12204.0,138.288
NIZAMABAD,ARMOOR,BHEEMGAL,BHEEMGAL (T),DHANAMBANDA,2,COMMERCIAL,4,4,1532.0,14.0
NIZAMABAD,ARMOOR,BHEEMGAL,BHEEMGAL (T),JAGRIAL,2,COMMERCIAL,29,29,2972.0,41.4
NIZAMABAD,ARMOOR,BHEEMGAL,BHEEMGAL (T),KUPKAL,2,COMMERCIAL,12,10,477.0,18.146
NIZAMABAD,BODHAN,RUDRUR,CHANDOOR,THIMMAPUR,2,COMMERCIAL,13,10,418.0,11.366
NIZAMABAD,BODHAN,RUDRUR,KOTAGIRI,EKLASPOOR,2,COMMERCIAL,16,12,1452.0,64.062
NIZAMABAD,BODHAN,RUDRUR,KOTAGIRI,ETHONDA,2,COMMERCIAL,65,48,7581.0,122.509
NIZAMABAD,BODHAN,RUDRUR,KOTAGIRI,KOTAGIRI,2,COMMERCIAL,492,420,41585.0,863.087
NIZAMABAD,BODHAN,RUDRUR,KOTAGIRI,KOTHAPALLY,2,COMMERCIAL,34,28,1178.0,46.695
NIZAMABAD,BODHAN,RUDRUR,KOTAGIRI,RAMPUR,2,COMMERCIAL,8,8,141.0,8.501
NIZAMABAD,BODHAN,RUDRUR,KOTAGIRI,SUDLAM,2,COMMERCIAL,4,4,72.0,3.5
NIZAMABAD,BODHAN,RUDRUR,KOTAGIRI,VALBHAPOOR,2,COMMERCIAL,7,6,216.0,9.259
NIZAMABAD,BODHAN,RUDRUR,KOTAGIRI,YADGARPOOR,2,COMMERCIAL,7,7,142.0,5.865
NIZAMABAD,BODHAN,RUDRUR,POTHANGAL,BASWAPOOR,2,COMMERCIAL,18,14,3072.0,52.993
NIZAMABAD,DICHPALLY,DICHPALLY,INDALWAI,INDALWAI,2,COMMERCIAL,155,144,19109.0,306.0
NIZAMABAD,DICHPALLY,DICHPALLY,INDALWAI,INDALWAI T,2,COMMERCIAL,4,4,159.0,3.726
NIZAMABAD,DICHPALLY,DICHPALLY,INDALWAI,MALLAPUR,2,COMMERCIAL,18,17,532.0,28.89
NIZAMABAD,DICHPALLY,DICHPALLY,INDALWAI,MEGYANAYAK T,2,COMMERCIAL,3,1,0.0,2.5
NIZAMABAD,DICHPALLY,DICHPALLY,INDALWAI,RANJITHNAYAK T,2,COMMERCIAL,1,1,4.0,1.0
NIZAMABAD,DICHPALLY,DICHPALLY,INDALWAI,RUPLANAYAK T,2,COMMERCIAL,5,4,82.0,12.986
NIZAMABAD,DICHPALLY,DICHPALLY,INDALWAI,THIRUMANPALLY - (I),2,COMMERCIAL,375,315,38792.0,729.627
NIZAMABAD,DICHPALLY,DICHPALLY,SIRIKONDA,CHIMANPALLY,2,COMMERCIAL,51,50,4213.0,89.734
NIZAMABAD,DICHPALLY,DICHPALLY,SIRIKONDA,CHINNAVALGOT,2,COMMERCIAL,30,27,1456.0,30.17
NIZAMABAD,DICHPALLY,DICHPALLY,SIRIKONDA,DUPYA (T),2,COMMERCIAL,4,4,151.0,6.077
NIZAMABAD,DICHPALLY,DICHPALLY,SIRIKONDA,JAGADAMBA (T),2,COMMERCIAL,1,1,0.0,2.0
NIZAMABAD,NIZAMABAD,NANDIPET,MAKLOOR,MUTHYAMPALLY,2,COMMERCIAL,7,5,176.0,5.74
NIZAMABAD,NIZAMABAD,NANDIPET,MAKLOOR,ODYATPALLY,2,COMMERCIAL,39,37,1275.0,41.031
NIZAMABAD,NIZAMABAD,NANDIPET,MAKLOOR,RAMCHANDRAPALLY,2,COMMERCIAL,33,30,5891.0,50.83
NIZAMABAD,NIZAMABAD,NANDIPET,MAKLOOR,SATLAPOOR THANDA,2,COMMERCIAL,4,4,249.0,6.998
NIZAMABAD,NIZAMABAD,NANDIPET,MAKLOOR,SINGAMPALLY,2,COMMERCIAL,5,5,53.0,6.0
NIZAMABAD,NIZAMABAD,NANDIPET,MAKLOOR,VENU KISHAN NAGAR TANDA,2,COMMERCIAL,16,16,1788.0,39.27
NIZAMABAD,NIZAMABAD,NANDIPET,MAKLOOR,WADDERA CAMP,2,COMMERCIAL,18,14,1859.0,59.315
NIZAMABAD,NIZAMABAD,NANDIPET,NANDIPET,AILAPOOR,2,COMMERCIAL,93,71,11229.0,124.539
NIZAMABAD,NIZAMABAD,NANDIPET,NANDIPET,ANDHRA NAGAR,2,COMMERCIAL,51,39,7961.0,104.276
NIZAMABAD,NIZAMABAD,NANDIPET,NANDIPET,BADGONI,2,COMMERCIAL,45,42,4494.0,78.724
NIZAMABAD,NIZAMABAD,NANDIPET,NANDIPET,BAJAR KOTHUR,2,COMMERCIAL,22,20,750.0,30.06
PEDDAPALLY,MANTHANI,Manthani,BEGAMPET,LANKA KASHARAM,2,COMMERCIAL,16,8,1253.0,37.04
PEDDAPALLY,MANTHANI,Manthani,BEGAMPET,MUSTIAL,2,COMMERCIAL,23,21,3366.0,34.0
PEDDAPALLY,MANTHANI,Manthani,BEGAMPET,NAGEPALLY,2,COMMERCIAL,104,91,10669.0,145.46
PEDDAPALLY,MANTHANI,Manthani,BEGAMPET,NARASIMLA PALLY,2,COMMERCIAL,23,19,1027.0,22.66
PEDDAPALLY,MANTHANI,Manthani,BEGAMPET,PANNUR,2,COMMERCIAL,138,136,25423.0,299.03
PEDDAPALLY,MANTHANI,Manthani,BEGAMPET,PEDDAMPET,2,COMMERCIAL,16,0,0.0,6.3
PEDDAPALLY,MANTHANI,Manthani,BEGAMPET,RAJAPUR,2,COMMERCIAL,8,7,5492.0,30.6
PEDDAPALLY,MANTHANI,Manthani,BEGAMPET,RATNAPOOR,2,COMMERCIAL,462,439,35072.0,600.945
PEDDAPALLY,MANTHANI,Manthani,BEGAMPET,SINGAREDDIPALLY,2,COMMERCIAL,14,9,333.0,9.44
MAHABUBABAD,MAHABUBABAD,KORIVI,SEROL,SUDANPALLI,2,COMMERCIAL,29,26,3511.0,41.36
MAHABUBABAD,MAHABUBABAD,KORIVI,SEROL,THALLASANKEESA,2,COMMERCIAL,15,11,476.0,24.0
MAHABUBABAD,MAHABUBABAD,KORIVI,SEROL,UPPARAGUDEM,2,COMMERCIAL,30,27,3155.0,71.83
MAHABUBABAD,MAHABUBABAD,KORIVI,SEROL,VASRAM THANDA,2,COMMERCIAL,3,3,76.0,3.0
MAHABUBABAD,MAHABUBABAD,MAHABUBABAD(T),MAHABUBABAD (RURAL),(B.T.L) BAJANA THANDA,2,COMMERCIAL,2,2,41.0,3.24
MAHABUBABAD,MAHABUBABAD,MAHABUBABAD(T),MAHABUBABAD (RURAL),AMMANAGAL,2,COMMERCIAL,29,28,6974.0,62.22
MAHABUBABAD,THORRUR,NELLIKUDURU,DANTHALAPALLY,RAMANUJAPUR,2,COMMERCIAL,6,6,124.0,7.25
MAHABUBABAD,THORRUR,NELLIKUDURU,DANTHALAPALLY,RAMAVARAM,2,COMMERCIAL,4,4,95.0,6.0
MAHABUBABAD,THORRUR,NELLIKUDURU,DANTHALAPALLY,REPONI,2,COMMERCIAL,24,21,802.0,29.33
MAHABUBABAD,THORRUR,NELLIKUDURU,DANTHALAPALLY,THURUPU THANDA,2,COMMERCIAL,11,9,1184.0,23.25
MAHABUBABAD,THORRUR,NELLIKUDURU,DANTHALAPALLY,VALYATHANDA,2,COMMERCIAL,2,2,0.0,2.0
MAHABUBABAD,THORRUR,NELLIKUDURU,DANTHALAPALLY,VEMULAPALLI,2,COMMERCIAL,12,9,252.0,18.96
MAHABUBABAD,THORRUR,NELLIKUDURU,MUNAGALAVEEDU,ALAIR,2,COMMERCIAL,102,91,6843.0,137.884
MAHABUBABAD,THORRUR,NELLIKUDURU,MUNAGALAVEEDU,BAZARA,2,COMMERCIAL,12,11,373.0,15.18
MAHABUBABAD,THORRUR,NELLIKUDURU,MUNAGALAVEEDU,BODIMEEDITHANDA,2,COMMERCIAL,1,1,73.0,1.0
MAHABUBABAD,THORRUR,NELLIKUDURU,MUNAGALAVEEDU,BODYA THANDA,2,COMMERCIAL,1,1,0.0,2.0
MANCHERIAL,BELLAMPALLY,BELLAMPALLY,TANDOOR,GAMPALAPALLY,2,COMMERCIAL,2,1,9.0,1.28
MANCHERIAL,BELLAMPALLY,BELLAMPALLY,TANDOOR,GOPALNAGAR,2,COMMERCIAL,6,5,310.0,12.0
MANCHERIAL,BELLAMPALLY,BELLAMPALLY,TANDOOR,KASIPETA,2,COMMERCIAL,34,32,5321.0,59.61
MANCHERIAL,BELLAMPALLY,BELLAMPALLY,TANDOOR,KISTAMPET,2,COMMERCIAL,82,70,12656.0,142.719
MANCHERIAL,BELLAMPALLY,BELLAMPALLY,TANDOOR,KOTHAPALLY,2,COMMERCIAL,21,17,462.0,39.0
MANCHERIAL,BELLAMPALLY,BELLAMPALLY,TANDOOR,MADARAM,2,COMMERCIAL,58,32,7309.0,85.76
MANCHERIAL,BELLAMPALLY,BELLAMPALLY,TANDOOR,NARSAPUR,2,COMMERCIAL,1,1,23.0,1.0
MANCHERIAL,BELLAMPALLY,BELLAMPALLY,TANDOOR,NEELAIPALLY,2,COMMERCIAL,2,1,116.0,3.0
MANCHERIAL,BELLAMPALLY,BELLAMPALLY,TANDOOR,RECHNI,2,COMMERCIAL,84,78,8573.0,137.103
MANCHERIAL,MANCHERIAL,CHENNUR,KOMMERA,OTHUKULAPALLY,2,COMMERCIAL,3,3,2.0,4.0
MANCHERIAL,MANCHERIAL,CHENNUR,KOMMERA,POKKUR,2,COMMERCIAL,18,18,2316.0,43.986
MANCHERIAL,MANCHERIAL,CHENNUR,KOMMERA,PONNARAM,2,COMMERCIAL,3,3,28.0,3.0
MANCHERIAL,MANCHERIAL,CHENNUR,KOMMERA,RACHAPALLY,2,COMMERCIAL,1,1,0.0,1.0
MANCHERIAL,MANCHERIAL,CHENNUR,KOMMERA,SOMANPALLI,2,COMMERCIAL,21,19,703.0,31.98
MANCHERIAL,MANCHERIAL,CHENNUR,KOMMERA,SUNDERSALA,2,COMMERCIAL,13,13,702.0,20.0
MANCHERIAL,MANCHERIAL,CHENNUR,KOMMERA,VENKAMPET,2,COMMERCIAL,4,3,38.0,5.0
MANCHERIAL,MANCHERIAL,CHENNUR,KOMMERA,YERRAGUNTAPALLY,2,COMMERCIAL,21,20,667.0,27.66
MANCHERIAL,MANCHERIAL,CHENNUR,KOTAPALLY,ALGOM,2,COMMERCIAL,13,13,3735.0,44.0
MANCHERIAL,MANCHERIAL,CHENNUR,KOTAPALLY,ANNARAM,2,COMMERCIAL,26,21,3708.0,50.64
MANCHERIAL,MANCHERIAL,CHENNUR,KOTAPALLY,ARJUNAGUTTA,2,COMMERCIAL,3,1,0.0,8.24
MANCHERIAL,MANCHERIAL,MANCHERIAL,MANCHIRIAL TOWN3,PRASHANTHI-GEETHA MANDIR,2,COMMERCIAL,10,10,671.0,11.0
MANCHERIAL,MANCHERIAL,MANCHERIAL,MANCHIRIAL TOWN3,RAJEEV NAGAR,2,COMMERCIAL,74,72,13345.0,143.173
MANCHERIAL,MANCHERIAL,MANCHERIAL,MANCHIRIAL TOWN3,SAIKUNTA,2,COMMERCIAL,22,22,2845.0,47.754
MANCHERIAL,MANCHERIAL,MANCHERIAL,MANCHIRIAL TOWN3,SAPTHA GIRI COLONY,2,COMMERCIAL,22,20,2455.0,43.0
MANCHERIAL,MANCHERIAL,MANCHERIAL,MANCHIRIAL TOWN3,SRI SRI NAGAR,2,COMMERCIAL,43,41,23742.0,300.86
MANCHERIAL,MANCHERIAL,MANCHERIAL,MANCHIRIAL TOWN3,SURYA NAGAR,2,COMMERCIAL,98,94,6046.0,161.0
MANCHERIAL,MANCHERIAL,MANCHERIAL,MANCHIRIAL TOWN3,TELENGANA NAGAR,2,COMMERCIAL,23,22,423.0,25.048
MANCHERIAL,MANCHERIAL,MANCHERIAL,MANCHIRIAL TOWN3,THILAK NAGAR,2,COMMERCIAL,49,46,6347.0,161.98
MANCHERIAL,MANCHERIAL,MANCHERIAL,MANCHIRIAL TOWN3,THOLLAVAGU,2,COMMERCIAL,55,55,6925.0,396.79
MANCHERIAL,MANCHERIAL,MANCHERIAL,MANCHIRIAL TOWN3,VEMULA BASTHI,2,COMMERCIAL,8,8,278.0,11.0
MANCHERIAL,MANCHERIAL,MANCHERIAL - RURAL,HAZIPUR,BABANAGAR,2,COMMERCIAL,1,1,57.0,1.0
MANCHERIAL,MANCHERIAL,MANCHERIAL - RURAL,HAZIPUR,BUDIPALLY,2,COMMERCIAL,8,8,666.0,16.53
MANCHERIAL,MANCHERIAL,MANCHERIAL - RURAL,HAZIPUR,CHANDANPUR,2,COMMERCIAL,8,5,755.0,11.255
MANCHERIAL,MANCHERIAL,MANCHERIAL - RURAL,HAZIPUR,CHINA GOPALPUR,2,COMMERCIAL,3,3,44.0,5.0
MANCHERIAL,MANCHERIAL,MANCHERIAL - RURAL,HAZIPUR,DONABANDA,2,COMMERCIAL,108,91,10375.0,173.248
NIRMAL,BHAINSA,BHAINSA,BHINSA RURAL,ELEGOAM,2,COMMERCIAL,18,14,823.0,19.736
NIRMAL,BHAINSA,BHAINSA,BHINSA RURAL,GUNDAGOAM,2,COMMERCIAL,5,3,37.0,6.0
NIRMAL,BHAINSA,BHAINSA,BHINSA RURAL,HAMPOLI,2,COMMERCIAL,7,6,532.0,16.0
NIRMAL,BHAINSA,BHAINSA,BHINSA RURAL,HASGUL,2,COMMERCIAL,11,10,302.0,10.998
NIRMAL,BHAINSA,BHAINSA,BHINSA RURAL,KAMOLE,2,COMMERCIAL,49,39,5805.0,81.564
NIRMAL,BHAINSA,BHAINSA,BHINSA RURAL,KHADGOAM,2,COMMERCIAL,6,5,2403.0,13.6
NIRMAL,BHAINSA,BHAINSA,BHINSA RURAL,KOTHALGOAM,2,COMMERCIAL,23,18,5360.0,44.239
NIRMAL,BHAINSA,BHAINSA,BHINSA RURAL,KUMBI,2,COMMERCIAL,6,3,364.0,9.408
NIRMAL,BHAINSA,BHAINSA,BHINSA RURAL,KUMSERA,2,COMMERCIAL,13,9,313.0,19.239
NIRMAL,BHAINSA,BHAINSA,BHINSA RURAL,LINGA,2,COMMERCIAL,15,11,508.0,29.238
NIRMAL,BHAINSA,BHAINSA,BHINSA RURAL,MAHAGOAM,2,COMMERCIAL,55,49,10573.0,115.249
NIRMAL,BHAINSA,BHAINSA,BHINSA RURAL,MANJRI,2,COMMERCIAL,41,35,7318.0,135.641
NIRMAL,NIRMAL,KHANAPUR,PEMBI,ANKENA,2,COMMERCIAL,1,1,1209.0,10.0
NIZAMABAD,NIZAMABAD,NANDIPET,MAKLOOR,GANGARAMANDA,2,COMMERCIAL,13,11,318.0,14.04
NIZAMABAD,NIZAMABAD,NANDIPET,MAKLOOR,GUTPA,2,COMMERCIAL,80,72,9132.0,153.876
NIZAMABAD,NIZAMABAD,NANDIPET,MAKLOOR,GUTPA THANDA,2,COMMERCIAL,3,3,147.0,2.26
NIZAMABAD,NIZAMABAD,NANDIPET,MAKLOOR,KINDI TANDA,2,COMMERCIAL,18,17,340.0,28.249
NIZAMABAD,NIZAMABAD,NANDIPET,MAKLOOR,MADANPALLY,2,COMMERCIAL,64,59,8253.0,137.851
NIZAMABAD,NIZAMABAD,NANDIPET,MAKLOOR,MADHAPOOR (N),2,COMMERCIAL,81,69,4265.0,131.64
NIZAMABAD,NIZAMABAD,NANDIPET,MAKLOOR,MAKLOOR,2,COMMERCIAL,215,183,24052.0,468.906
NIZAMABAD,NIZAMABAD,NANDIPET,MAKLOOR,MAMIDIPALLY,2,COMMERCIAL,77,65,13453.0,257.565
NIZAMABAD,NIZAMABAD,NANDIPET,MAKLOOR,MANIKBHANDAR,2,COMMERCIAL,226,202,62530.0,740.629
PEDDAPALLY,MANTHANI,GODAVARIKHANI,PG CENTER,OLD C S P COLONY,2,COMMERCIAL,62,53,8204.0,94.57
PEDDAPALLY,MANTHANI,GODAVARIKHANI,PG CENTER,Power House Colony,2,COMMERCIAL,412,363,61654.0,759.37
PEDDAPALLY,MANTHANI,GODAVARIKHANI,PG CENTER,SRINAGAR COLONY,2,COMMERCIAL,331,290,101984.0,1366.18
PEDDAPALLY,MANTHANI,Manthani,BEGAMPET,ADIVARAMPET,2,COMMERCIAL,12,10,299.0,14.34
PEDDAPALLY,MANTHANI,Manthani,BEGAMPET,BEGUMPET,2,COMMERCIAL,124,107,13061.0,187.482
PEDDAPALLY,MANTHANI,Manthani,BEGAMPET,BUDHAVARMPET,2,COMMERCIAL,26,20,1231.0,34.89
PEDDAPALLY,MANTHANI,Manthani,BEGAMPET,JALLARAM,2,COMMERCIAL,60,55,6723.0,78.78
PEDDAPALLY,MANTHANI,Manthani,BEGAMPET,KALVACHERLA,2,COMMERCIAL,219,190,24599.0,411.669
PEDDAPALLY,MANTHANI,Manthani,BEGAMPET,LADNA POOR,2,COMMERCIAL,29,24,2095.0,38.26
PEDDAPALLY,PEDDAPALLY,DHARMARAM,DHARMARAM,NARSINGA POOR ,2,COMMERCIAL,18,17,1119.0,30.154
PEDDAPALLY,PEDDAPALLY,DHARMARAM,DHARMARAM,NAYAKAMPALLI,2,COMMERCIAL,2,2,66.0,2.964
PEDDAPALLY,PEDDAPALLY,DHARMARAM,DHARMARAM,PATHIPAKA     ,2,COMMERCIAL,43,40,6471.0,116.18
PEDDAPALLY,PEDDAPALLY,DHARMARAM,DHARMARAM,PERKAPALLI,2,COMMERCIAL,10,10,2839.0,32.02
PEDDAPALLY,PEDDAPALLY,DHARMARAM,JULAPALLY,ABBAPOOR  (REC)               ,2,COMMERCIAL,25,25,3015.0,49.176
PEDDAPALLY,PEDDAPALLY,DHARMARAM,JULAPALLY,BALRAJU PALLY ,2,COMMERCIAL,4,3,165.0,7.0
PEDDAPALLY,PEDDAPALLY,DHARMARAM,JULAPALLY,CHEMALPET     ,2,COMMERCIAL,19,18,1509.0,33.3
PEDDAPALLY,PEDDAPALLY,DHARMARAM,JULAPALLY,JULAPALLY  B (REC) ,2,COMMERCIAL,246,221,22882.0,421.946
PEDDAPALLY,PEDDAPALLY,DHARMARAM,JULAPALLY,KACHAPOOR     ,2,COMMERCIAL,47,44,3345.0,127.09
PEDDAPALLY,PEDDAPALLY,SULTHANABAD,KANKULA,GATTEPALLY    ,2,COMMERCIAL,30,28,5096.0,61.995
PEDDAPALLY,PEDDAPALLY,SULTHANABAD,KANKULA,KANUKULA      ,2,COMMERCIAL,114,112,10092.0,216.179
PEDDAPALLY,PEDDAPALLY,SULTHANABAD,KANKULA,KATHAMBAPOOR  ,2,COMMERCIAL,26,24,3928.0,87.72
PEDDAPALLY,PEDDAPALLY,SULTHANABAD,KANKULA,MANCHIRAMI    ,2,COMMERCIAL,10,9,394.0,15.52
PEDDAPALLY,PEDDAPALLY,SULTHANABAD,KANKULA,MIYAPOOR      ,2,COMMERCIAL,12,12,918.0,19.52
PEDDAPALLY,PEDDAPALLY,SULTHANABAD,KANKULA,RAGADIMADDI KUNTA             ,2,COMMERCIAL,41,38,9528.0,101.55
PEDDAPALLY,PEDDAPALLY,SULTHANABAD,KANKULA,RAMUNIPALLEY,2,COMMERCIAL,5,5,374.0,4.44
PEDDAPALLY,PEDDAPALLY,SULTHANABAD,KANKULA,REBALDEVAPALLY,2,COMMERCIAL,3,3,223.0,8.0
PEDDAPALLY,PEDDAPALLY,SULTHANABAD,KANKULA,SUDDALA       ,2,COMMERCIAL,48,44,7070.0,148.24
KHAMMAM,WYRA,WYRA,BONAKAL,KALAKOTA,2,COMMERCIAL,64,57,7408.0,73.36
KHAMMAM,WYRA,WYRA,BONAKAL,LAKSHMIPURAM-B,2,COMMERCIAL,24,17,780.0,32.05
KHAMMAM,WYRA,WYRA,BONAKAL,MOTAMARRY,2,COMMERCIAL,58,51,18290.0,169.43
KHAMMAM,WYRA,WYRA,BONAKAL,MUSTIKUNTLA,2,COMMERCIAL,110,95,12363.0,155.225
KHAMMAM,WYRA,WYRA,BONAKAL,NARAYANAPURAM,2,COMMERCIAL,29,28,2532.0,39.35
KHAMMAM,WYRA,WYRA,BONAKAL,PEDABEERAVALLY,2,COMMERCIAL,64,57,8017.0,102.39
KHAMMAM,WYRA,WYRA,BONAKAL,RAMAPURAM,2,COMMERCIAL,11,9,279.0,17.8
KHAMMAM,WYRA,WYRA,BONAKAL,RAPALLY,2,COMMERCIAL,12,8,383.0,17.5
KHAMMAM,WYRA,WYRA,BONAKAL,RAVINUTHALA,2,COMMERCIAL,144,118,13024.0,258.496
KHAMMAM,WYRA,WYRA,BONAKAL,RAYANNAPETA,2,COMMERCIAL,34,27,3563.0,52.95
KHAMMAM,WYRA,WYRA,BONAKAL,SEETANAGARAM,2,COMMERCIAL,18,14,2254.0,30.845
KHAMMAM,WYRA,WYRA,BONAKAL,THUTIKUNTLA,2,COMMERCIAL,38,36,5007.0,48.459
KHAMMAM,WYRA,WYRA,WYRA,GANDUGALAPADU,2,COMMERCIAL,22,20,1690.0,24.04
MAHABUBABAD,MAHABUBABAD,KORIVI,DORNAKAL,ANDANALAPADU,2,COMMERCIAL,18,16,237.0,21.24
MAHABUBABAD,MAHABUBABAD,KORIVI,DORNAKAL,BANJARA,2,COMMERCIAL,12,12,321.0,16.26
MAHABUBABAD,MAHABUBABAD,KORIVI,DORNAKAL,BANKARSINGH THANDA,2,COMMERCIAL,1,1,31.0,1.0
MAHABUBABAD,MAHABUBABAD,KORIVI,DORNAKAL,BATTU THANDA,2,COMMERCIAL,2,2,487.0,2.0
MAHABUBABAD,MAHABUBABAD,KORIVI,DORNAKAL,BODRAI THANDA,2,COMMERCIAL,10,9,281.0,16.24
MAHABUBABAD,MAHABUBABAD,KORIVI,DORNAKAL,BURGUPAHAD,2,COMMERCIAL,12,11,95.0,17.9
MAHABUBABAD,MAHABUBABAD,KORIVI,DORNAKAL,CHAPALA THANDA,2,COMMERCIAL,18,16,473.0,29.98
MAHABUBABAD,MAHABUBABAD,KORIVI,DORNAKAL,CHILKODE,2,COMMERCIAL,63,54,7377.0,115.229
MAHABUBABAD,MAHABUBABAD,KORIVI,DORNAKAL,CHILKOYALAPADU,2,COMMERCIAL,23,19,3734.0,68.16
MAHABUBABAD,MAHABUBABAD,KORIVI,DORNAKAL,DORNAKAL   (HQ),2,COMMERCIAL,797,695,88093.0,1500.896
MAHABUBABAD,MAHABUBABAD,KORIVI,SEROL,KORLAKUNTA THANDA,2,COMMERCIAL,2,2,4.0,2.0
MAHABUBABAD,MAHABUBABAD,KORIVI,SEROL,KOTHUR(C),2,COMMERCIAL,19,19,824.0,30.497
MAHABUBABAD,MAHABUBABAD,KORIVI,SEROL,MODUGULAGUDEM,2,COMMERCIAL,69,58,2654.0,139.55
MAHABUBABAD,MAHABUBABAD,KORIVI,SEROL,REKULA THANDA (S),2,COMMERCIAL,13,13,690.0,21.0
MAHABUBABAD,MAHABUBABAD,KORIVI,SEROL,SEEROLE,2,COMMERCIAL,68,55,6771.0,148.402
MANCHERIAL,MANCHERIAL,MANCHERIAL,MANCHIRIAL TOWN3,HAMALIWADA,2,COMMERCIAL,73,70,5644.0,150.492
MANCHERIAL,MANCHERIAL,MANCHERIAL,MANCHIRIAL TOWN3,MAZEED WADA,2,COMMERCIAL,28,28,2173.0,45.0
MANCHERIAL,MANCHERIAL,MANCHERIAL,MANCHIRIAL TOWN3,MNCL TOWN-III,2,COMMERCIAL,776,668,93222.0,1512.351
MANCHERIAL,MANCHERIAL,MANCHERIAL,MANCHIRIAL TOWN3,OLD AGE HOME,2,COMMERCIAL,17,17,1016.0,27.0
NIRMAL,BHAINSA,BHAINSA,BHAINSA - TOWN,FOREST OFFICE AREA,2,COMMERCIAL,3,3,60.0,3.0
NIRMAL,BHAINSA,BHAINSA,BHAINSA - TOWN,GUNJ AREA,2,COMMERCIAL,12,12,453.0,12.0
NIRMAL,BHAINSA,BHAINSA,BHAINSA - TOWN,MADINA COLONY,2,COMMERCIAL,4,4,166.0,3.998
NIRMAL,BHAINSA,BHAINSA,BHAINSA - TOWN,NARSIMHANAGAR,2,COMMERCIAL,20,19,1609.0,48.992
NIRMAL,BHAINSA,BHAINSA,BHAINSA - TOWN,NIRMAL ROAD AREA,2,COMMERCIAL,38,37,4673.0,95.991
NIRMAL,BHAINSA,BHAINSA,BHAINSA - TOWN,OWAISI NAGAR,2,COMMERCIAL,17,16,1374.0,21.994
NIRMAL,BHAINSA,BHAINSA,BHAINSA - TOWN,PANDRIGALLI,2,COMMERCIAL,19,18,525.0,19.998
NIRMAL,BHAINSA,BHAINSA,BHAINSA - TOWN,PHULE NAGAR RAM NAGAR,2,COMMERCIAL,1,1,1.0,1.0
NIRMAL,BHAINSA,BHAINSA,BHAINSA - TOWN,PIPRE,2,COMMERCIAL,194,137,9645.0,399.416
NIRMAL,BHAINSA,BHAINSA,BHAINSA - TOWN,RAHUL NAGAR,2,COMMERCIAL,47,44,3558.0,66.994
NIRMAL,BHAINSA,BHAINSA,BHAINSA - TOWN,RAJIVNAGAR,2,COMMERCIAL,12,12,337.0,11.996
NIRMAL,BHAINSA,BHAINSA,BHAINSA - TOWN,SANTHOSHIMATANAGAR,2,COMMERCIAL,13,12,591.0,12.995
NIRMAL,BHAINSA,BHAINSA,BHAINSA - TOWN,VINAYAK NAGAR,2,COMMERCIAL,46,44,4586.0,67.991
NIRMAL,BHAINSA,BHAINSA,BHINSA RURAL,BABULGOAM,2,COMMERCIAL,1,0,0.0,1.0
NIRMAL,BHAINSA,BHAINSA,BHINSA RURAL,BEJJUR,2,COMMERCIAL,10,7,157.0,9.749
NIRMAL,BHAINSA,BHAINSA,BHINSA RURAL,BORIGOAM,2,COMMERCIAL,4,2,604.0,5.24
NIRMAL,BHAINSA,BHAINSA,BHINSA RURAL,CHICHONDA,2,COMMERCIAL,12,8,1644.0,27.25
NIRMAL,BHAINSA,BHAINSA,BHINSA RURAL,CHINTALBORI,2,COMMERCIAL,11,7,140.0,12.469
NIRMAL,BHAINSA,BHAINSA,BHINSA RURAL,DEGOAM,2,COMMERCIAL,98,86,13812.0,191.759
NIRMAL,BHAINSA,BHAINSA,BHINSA RURAL,EKGOAM,2,COMMERCIAL,16,12,1190.0,75.249
NIRMAL,NIRMAL,KHANAPUR,MAMDA,NALDURTHI,2,COMMERCIAL,9,8,1157.0,27.94
NIRMAL,NIRMAL,KHANAPUR,MAMDA,NEW SANGVI,2,COMMERCIAL,28,21,1530.0,37.52
NIRMAL,NIRMAL,KHANAPUR,MAMDA,PARIMANDAL,2,COMMERCIAL,39,37,2889.0,68.361
NIRMAL,NIRMAL,KHANAPUR,MAMDA,PONKAL,2,COMMERCIAL,144,115,15628.0,352.83
NIRMAL,NIRMAL,KHANAPUR,MAMDA,POTHARAM,2,COMMERCIAL,18,17,269.0,14.32
NIRMAL,NIRMAL,KHANAPUR,MAMDA,RASIMATLA,2,COMMERCIAL,1,1,693.0,3.0
NIRMAL,NIRMAL,KHANAPUR,MAMDA,RAYIDHARI,2,COMMERCIAL,6,6,339.0,7.99
NIRMAL,NIRMAL,KHANAPUR,MAMDA,TANDRA,2,COMMERCIAL,49,44,4062.0,72.36
NIRMAL,NIRMAL,KHANAPUR,MAMDA,THEMBARNI,2,COMMERCIAL,4,3,353.0,5.0
NIRMAL,NIRMAL,KHANAPUR,MAMDA,VASTAPUR,2,COMMERCIAL,1,1,1440.0,9.0
NIZAMABAD,ARMOOR,ARMOOR,ARMOOR-TOWN2,A1 ZONE,2,COMMERCIAL,1541,1397,210697.0,3429.024
NIZAMABAD,ARMOOR,ARMOOR,ARMOOR-TOWN2,A2 ZONE,2,COMMERCIAL,812,743,88149.0,1541.854
NIZAMABAD,ARMOOR,ARMOOR,ARMOOR-TOWN2,A3 ZONE,2,COMMERCIAL,190,157,24909.0,486.758
NIZAMABAD,ARMOOR,ARMOOR,DEGOAN,ALOOR,2,COMMERCIAL,254,239,22156.0,324.007
NIZAMABAD,ARMOOR,ARMOOR,DEGOAN,DEGAON,2,COMMERCIAL,94,88,10473.0,135.271
NIZAMABAD,ARMOOR,ARMOOR,DEGOAN,GAGGUPALLY,2,COMMERCIAL,17,14,585.0,11.67
NIZAMABAD,ARMOOR,ARMOOR,DEGOAN,ISSAPALLY,2,COMMERCIAL,85,83,9639.0,131.418
NIZAMABAD,ARMOOR,ARMOOR,DEGOAN,MACHARLA,2,COMMERCIAL,102,89,8315.0,163.455
NIZAMABAD,ARMOOR,ARMOOR,DEGOAN,MANTHANI,2,COMMERCIAL,94,87,6061.0,117.862
NIZAMABAD,BODHAN,BODHAN,BODHAN TOWN-II,SALORA,2,COMMERCIAL,224,189,37930.0,453.604
NIZAMABAD,BODHAN,BODHAN,BODHAN TOWN-II,TAGELLY,2,COMMERCIAL,8,8,267.0,11.24
NIZAMABAD,BODHAN,RUDRUR,CHANDOOR,CHANDOOR,2,COMMERCIAL,272,245,35481.0,491.652
NIZAMABAD,BODHAN,RUDRUR,CHANDOOR,CHINTAKUNTA,2,COMMERCIAL,52,46,6091.0,68.02
NIZAMABAD,BODHAN,RUDRUR,CHANDOOR,GHANPUR,2,COMMERCIAL,13,10,359.0,14.0
NIZAMABAD,BODHAN,RUDRUR,CHANDOOR,GOVOOR,2,COMMERCIAL,43,38,4598.0,71.201
NIZAMABAD,BODHAN,RUDRUR,CHANDOOR,KAREGAON THANDA,2,COMMERCIAL,2,1,41.0,3.0
NIZAMABAD,BODHAN,RUDRUR,CHANDOOR,LAXMAPUR,2,COMMERCIAL,29,25,3926.0,61.305
NIZAMABAD,BODHAN,RUDRUR,CHANDOOR,MEDPALLY,2,COMMERCIAL,3,3,87.0,5.0
NIZAMABAD,BODHAN,RUDRUR,CHANDOOR,MOSRA,2,COMMERCIAL,283,227,26570.0,434.208
NIZAMABAD,DICHPALLY,DICHPALLY,GADKOLE,PAKALA,2,COMMERCIAL,2,2,130.0,5.89
NIZAMABAD,DICHPALLY,DICHPALLY,GADKOLE,SARPANCH (T),2,COMMERCIAL,1,1,36.0,1.0
NIZAMABAD,DICHPALLY,DICHPALLY,GADKOLE,TALLARAMADUGU,2,COMMERCIAL,21,19,511.0,19.685
NIZAMABAD,DICHPALLY,DICHPALLY,GADKOLE,THUMPALLY,2,COMMERCIAL,40,39,5410.0,68.89
NIZAMABAD,DICHPALLY,DICHPALLY,GADKOLE,VADI,2,COMMERCIAL,11,10,332.0,19.828
NIZAMABAD,DICHPALLY,DICHPALLY,GADKOLE,VARJAN (T),2,COMMERCIAL,2,2,450.0,4.0
NIZAMABAD,DICHPALLY,DICHPALLY,INDALWAI,CHANDRAYANPALLY,2,COMMERCIAL,29,25,5649.0,59.082
NIZAMABAD,DICHPALLY,DICHPALLY,INDALWAI,DEVI THANDA,2,COMMERCIAL,13,8,231.0,13.744
NIZAMABAD,DICHPALLY,DICHPALLY,INDALWAI,GANGARAM T,2,COMMERCIAL,94,93,6220.0,129.598
NIZAMABAD,DICHPALLY,DICHPALLY,INDALWAI,GANNARAM,2,COMMERCIAL,144,123,21409.0,299.156
NIZAMABAD,NIZAMABAD,NANDIPET,MAKLOOR,CHINNAPOOR (M),2,COMMERCIAL,34,31,4060.0,61.914
MAHABUBABAD,MAHABUBABAD,KESAMUDRAM,KESAMUDRAM,NARSIMLAGUDEM,2,COMMERCIAL,3,2,29.0,5.5
MAHABUBABAD,MAHABUBABAD,KESAMUDRAM,KESAMUDRAM,PEDDAMORI THANDA,2,COMMERCIAL,4,3,1486.0,20.0
MAHABUBABAD,MAHABUBABAD,KESAMUDRAM,KESAMUDRAM,PENUGONDA,2,COMMERCIAL,73,65,11309.0,133.97
MAHABUBABAD,MAHABUBABAD,KESAMUDRAM,KESAMUDRAM,RANGAPUR,2,COMMERCIAL,14,10,2390.0,33.391
MAHABUBABAD,MAHABUBABAD,KESAMUDRAM,KESAMUDRAM,SARVAPURAM,2,COMMERCIAL,6,5,3704.0,48.667
MAHABUBABAD,MAHABUBABAD,KESAMUDRAM,KESAMUDRAM,SUB STATION THANDA,2,COMMERCIAL,3,3,162.0,2.26
MAHABUBABAD,MAHABUBABAD,KESAMUDRAM,KESAMUDRAM,UPPARAPALLI,2,COMMERCIAL,43,35,2681.0,69.52
MAHABUBABAD,MAHABUBABAD,KESAMUDRAM,KESAMUDRAM,VENKATAGIRI,2,COMMERCIAL,13,9,653.0,15.4
MAHABUBABAD,MAHABUBABAD,KORIVI,DORNAKAL,AMMAPALEM,2,COMMERCIAL,23,20,1087.0,38.11
MAHABUBABAD,MAHABUBABAD,KORIVI,KOTHAPETA,UPPALA PADU-BAY,2,COMMERCIAL,7,5,2081.0,24.42
MAHABUBABAD,MAHABUBABAD,KORIVI,KOTHAPETA,VENKATA PURAM-BAY,2,COMMERCIAL,6,2,67.0,10.18
MAHABUBABAD,MAHABUBABAD,KORIVI,KOTHAPETA,VINOBHA NAGAR-BAY,2,COMMERCIAL,6,5,144.0,4.42
MAHABUBABAD,MAHABUBABAD,KORIVI,SEROL,BEEKINAIK THANDA,2,COMMERCIAL,2,2,201.0,3.0
MAHABUBABAD,MAHABUBABAD,KORIVI,SEROL,BILYANAIK THANDA,2,COMMERCIAL,2,1,1.0,3.0
MAHABUBABAD,MAHABUBABAD,KORIVI,SEROL,BURUGUCHETTU THANDA,2,COMMERCIAL,5,5,171.0,7.0
MAHABUBABAD,MAHABUBABAD,KORIVI,SEROL,CHINTALAPALLI,2,COMMERCIAL,51,42,9891.0,118.41
MAHABUBABAD,MAHABUBABAD,KORIVI,SEROL,GOPA THANDA,2,COMMERCIAL,1,0,0.0,1.0
MAHABUBABAD,MAHABUBABAD,KORIVI,SEROL,JUJUR THANDA,2,COMMERCIAL,2,2,745.0,14.686
MAHABUBABAD,MAHABUBABAD,KORIVI,SEROL,KAMPALLI,2,COMMERCIAL,86,68,10602.0,219.672
MAHABUBABAD,MAHABUBABAD,KORIVI,SEROL,KAMPELLY THANDA,2,COMMERCIAL,1,1,0.0,1.0
MAHABUBABAD,MAHABUBABAD,KORIVI,SEROL,KANDIKONDA,2,COMMERCIAL,21,20,731.0,37.74
MAHABUBABAD,THORRUR,NELLIKUDURU,DANTHALAPALLY,BEERSETIGUDEM,2,COMMERCIAL,27,26,4368.0,50.37
MAHABUBABAD,THORRUR,NELLIKUDURU,DANTHALAPALLY,BODLADA,2,COMMERCIAL,19,17,562.0,27.98
MAHABUBABAD,THORRUR,NELLIKUDURU,DANTHALAPALLY,DANTHALPALLI,2,COMMERCIAL,434,385,35714.0,716.818
MAHABUBABAD,THORRUR,NELLIKUDURU,DANTHALAPALLY,DATLA,2,COMMERCIAL,56,45,6886.0,149.69
MAHABUBABAD,THORRUR,NELLIKUDURU,DANTHALAPALLY,DONAKODA,2,COMMERCIAL,3,3,116.0,3.0
MAHABUBABAD,THORRUR,NELLIKUDURU,DANTHALAPALLY,GUNNEPALLI,2,COMMERCIAL,26,22,2152.0,56.58
MAHABUBABAD,THORRUR,NELLIKUDURU,DANTHALAPALLY,KUMMARIKUNTA,2,COMMERCIAL,26,22,3186.0,56.92
MAHABUBABAD,THORRUR,NELLIKUDURU,DANTHALAPALLY,LAXMIPURAM,2,COMMERCIAL,2,2,0.0,2.0
MAHABUBABAD,THORRUR,NELLIKUDURU,DANTHALAPALLY,NIDAMPUR,2,COMMERCIAL,6,6,898.0,9.48
MAHABUBABAD,THORRUR,NELLIKUDURU,DANTHALAPALLY,PEDDAMUPPARAM,2,COMMERCIAL,97,72,7557.0,111.136
MANCHERIAL,BELLAMPALLY,BELLAMPALLY,KASIPET,SOMAGUDEM (K),2,COMMERCIAL,1,1,17.0,1.0
MANCHERIAL,BELLAMPALLY,BELLAMPALLY,KASIPET,SONAPUR,2,COMMERCIAL,3,2,17.0,5.0
MANCHERIAL,BELLAMPALLY,BELLAMPALLY,KASIPET,TANK BASTHI,2,COMMERCIAL,3,2,195.0,3.0
MANCHERIAL,BELLAMPALLY,BELLAMPALLY,KASIPET,VARIPET,2,COMMERCIAL,4,4,163.0,6.0
MANCHERIAL,BELLAMPALLY,BELLAMPALLY,KASIPET,VENKATAPUR,2,COMMERCIAL,5,4,1837.0,23.77
MANCHERIAL,BELLAMPALLY,BELLAMPALLY,TANDOOR,ACHALAPOOR,2,COMMERCIAL,55,48,6047.0,99.05
MANCHERIAL,BELLAMPALLY,BELLAMPALLY,TANDOOR,BEJJAL,2,COMMERCIAL,2,2,1143.0,16.0
MANCHERIAL,BELLAMPALLY,BELLAMPALLY,TANDOOR,BOYAPALLY,2,COMMERCIAL,29,22,8274.0,118.94
MANCHERIAL,BELLAMPALLY,BELLAMPALLY,TANDOOR,CHANDRAPALLY (T),2,COMMERCIAL,9,9,506.0,11.99
MANCHERIAL,BELLAMPALLY,BELLAMPALLY,TANDOOR,COWTHAPALLY,2,COMMERCIAL,12,10,349.0,14.24
MANCHERIAL,BELLAMPALLY,BELLAMPALLY,TANDOOR,DWARAKAPUR,2,COMMERCIAL,7,6,280.0,8.24
MANCHERIAL,MANCHERIAL,CHENNUR,JAIPUR,VENKAT RAO PALLY,2,COMMERCIAL,4,2,47.0,5.0
MANCHERIAL,MANCHERIAL,CHENNUR,KOMMERA,ASNAD,2,COMMERCIAL,46,44,6248.0,90.57
MANCHERIAL,MANCHERIAL,CHENNUR,KOMMERA,BERVALLI,2,COMMERCIAL,5,5,98.0,7.81
MANCHERIAL,MANCHERIAL,CHENNUR,KOMMERA,CHAKEPALLI,2,COMMERCIAL,2,2,26.0,2.0
MANCHERIAL,MANCHERIAL,CHENNUR,KOMMERA,CHALLAIPET,2,COMMERCIAL,2,2,0.0,4.0
MANCHERIAL,MANCHERIAL,CHENNUR,KOMMERA,DUBBAPALLY,2,COMMERCIAL,1,1,16.0,1.0
MANCHERIAL,MANCHERIAL,CHENNUR,KOMMERA,DUGNEPALLI,2,COMMERCIAL,25,24,5452.0,56.66
MANCHERIAL,MANCHERIAL,CHENNUR,KOMMERA,GANGARAM,2,COMMERCIAL,8,7,250.0,10.0
MANCHERIAL,MANCHERIAL,CHENNUR,KOMMERA,KOMMERA,2,COMMERCIAL,17,17,4751.0,49.97
MANCHERIAL,MANCHERIAL,CHENNUR,KOMMERA,MUTHARAOPALLY,2,COMMERCIAL,3,3,5.0,3.0
MANCHERIAL,MANCHERIAL,CHENNUR,KOMMERA,NAGAPUR,2,COMMERCIAL,14,11,1866.0,33.42
MANCHERIAL,MANCHERIAL,MANCHERIAL,MANCHIRIAL TOWN2,SAVTHRI NAGAR,2,COMMERCIAL,8,8,413.0,44.0
MANCHERIAL,MANCHERIAL,MANCHERIAL,MANCHIRIAL TOWN2,SRINIVASA GARDEN AREA,2,COMMERCIAL,71,71,7707.0,175.0
MANCHERIAL,MANCHERIAL,MANCHERIAL,MANCHIRIAL TOWN2,SUBHASH NAGAR-ACC,2,COMMERCIAL,48,48,4938.0,121.0
MANCHERIAL,MANCHERIAL,MANCHERIAL,MANCHIRIAL TOWN2,VIKAS NAGAR,2,COMMERCIAL,34,34,3531.0,60.0
MANCHERIAL,MANCHERIAL,MANCHERIAL,MANCHIRIAL TOWN3,ASHOK ROAD,2,COMMERCIAL,42,40,3594.0,84.39
MANCHERIAL,MANCHERIAL,MANCHERIAL,MANCHIRIAL TOWN3,BAGATH NAHGAR,2,COMMERCIAL,4,4,98.0,5.0
MANCHERIAL,MANCHERIAL,MANCHERIAL,MANCHIRIAL TOWN3,BAGAWANTHAM WADA,2,COMMERCIAL,3,3,47.0,3.0
MANCHERIAL,MANCHERIAL,MANCHERIAL,MANCHIRIAL TOWN3,CHUNNAM BATTI WADA,2,COMMERCIAL,116,116,12877.0,234.64
MANCHERIAL,MANCHERIAL,MANCHERIAL,MANCHIRIAL TOWN3,DORAGARIPALLI,2,COMMERCIAL,19,17,9039.0,74.993
MANCHERIAL,MANCHERIAL,MANCHERIAL,MANCHIRIAL TOWN3,GANDHI NAGAR,2,COMMERCIAL,34,34,2778.0,69.0
MANCHERIAL,MANCHERIAL,MANCHERIAL,MANCHIRIAL TOWN3,GOPAL WADA,2,COMMERCIAL,54,54,3478.0,81.0
NIZAMABAD,BODHAN,BODHAN,BODHAN TOWN-II,SALAMPAD CAMP,2,COMMERCIAL,2,2,204.0,1.999
NIZAMABAD,BODHAN,BODHAN,BODHAN TOWN-II,SALAMPAHAD,2,COMMERCIAL,56,40,7722.0,86.23
NIZAMABAD,BODHAN,BODHAN,BODHAN TOWN-II,SALOORA CAMP,2,COMMERCIAL,20,16,1057.0,14.15
NIZAMABAD,DICHPALLY,DICHPALLY,GADKOLE,GADKOLE,2,COMMERCIAL,79,65,8697.0,126.817
NIZAMABAD,DICHPALLY,DICHPALLY,GADKOLE,GOPYA (T),2,COMMERCIAL,2,2,10.0,3.04
NIZAMABAD,DICHPALLY,DICHPALLY,GADKOLE,GOPYA NAYAK (T),2,COMMERCIAL,1,1,68.0,1.0
NIZAMABAD,DICHPALLY,DICHPALLY,GADKOLE,HONNAJIPET,2,COMMERCIAL,129,118,14771.0,194.042
NIZAMABAD,DICHPALLY,DICHPALLY,GADKOLE,HUSSAINNAGAR,2,COMMERCIAL,30,28,6207.0,67.194
NIZAMABAD,DICHPALLY,DICHPALLY,GADKOLE,KONDAPOOR,2,COMMERCIAL,67,61,13699.0,99.072
NIZAMABAD,DICHPALLY,DICHPALLY,GADKOLE,KOTTALPALLY,2,COMMERCIAL,2,2,19.0,5.24
NIZAMABAD,DICHPALLY,DICHPALLY,GADKOLE,MAGDDUL (T),2,COMMERCIAL,1,1,0.0,1.0
NIZAMABAD,DICHPALLY,DICHPALLY,GADKOLE,MUSHEERANAGAR,2,COMMERCIAL,9,5,369.0,14.455
NIZAMABAD,DICHPALLY,DICHPALLY,GADKOLE,NADIMI (T),2,COMMERCIAL,3,3,244.0,2.701
NIZAMABAD,NIZAMABAD,NANDIPET,GOTTIMUKLA,KOTHAPALLY,2,COMMERCIAL,52,51,4853.0,82.863
NIZAMABAD,NIZAMABAD,NANDIPET,GOTTIMUKLA,LAKMAPOOR,2,COMMERCIAL,1,1,174.0,2.0
NIZAMABAD,NIZAMABAD,NANDIPET,GOTTIMUKLA,MAMDAPOOR,2,COMMERCIAL,11,11,119.0,8.754
NIZAMABAD,NIZAMABAD,NANDIPET,GOTTIMUKLA,METPALLY,2,COMMERCIAL,10,8,1581.0,14.0
NIZAMABAD,NIZAMABAD,NANDIPET,GOTTIMUKLA,METTU,2,COMMERCIAL,5,5,217.0,5.0
NIZAMABAD,NIZAMABAD,NANDIPET,GOTTIMUKLA,MULLANGI (B),2,COMMERCIAL,25,23,4146.0,53.236
NIZAMABAD,NIZAMABAD,NANDIPET,GOTTIMUKLA,RAMPOOR (N),2,COMMERCIAL,1,0,0.0,1.0
NIZAMABAD,NIZAMABAD,NANDIPET,GOTTIMUKLA,VALLABHAPOOR,2,COMMERCIAL,9,8,648.0,12.938
NIZAMABAD,NIZAMABAD,NANDIPET,GOTTIMUKLA,VENKATAPOOR,2,COMMERCIAL,1,1,5.0,1.0
NIZAMABAD,NIZAMABAD,NANDIPET,MAKLOOR,AMRAD,2,COMMERCIAL,104,96,15935.0,198.158
NIZAMABAD,NIZAMABAD,NANDIPET,MAKLOOR,AMRAD THANDA,2,COMMERCIAL,4,2,60.0,5.0
NIZAMABAD,NIZAMABAD,NANDIPET,MAKLOOR,BORGAON (KALAN),2,COMMERCIAL,85,73,12869.0,243.526
PEDDAPALLY,MANTHANI,GODAVARIKHANI,MARKANDEYA COLONY,GOUTHAMNAGAR,2,COMMERCIAL,213,192,30483.0,565.84
PEDDAPALLY,MANTHANI,GODAVARIKHANI,MARKANDEYA COLONY,JANGAON TOWN,2,COMMERCIAL,1,0,0.0,3.54
PEDDAPALLY,MANTHANI,GODAVARIKHANI,MARKANDEYA COLONY,KAZAPALLY,2,COMMERCIAL,81,70,19033.0,322.056
PEDDAPALLY,MANTHANI,GODAVARIKHANI,MARKANDEYA COLONY,LAXMIPOORGATE,2,COMMERCIAL,151,128,14755.0,256.59
PEDDAPALLY,MANTHANI,GODAVARIKHANI,MARKANDEYA COLONY,MARKANDEYA COLONY,2,COMMERCIAL,1371,1261,210454.0,3626.541
PEDDAPALLY,MANTHANI,GODAVARIKHANI,MARKANDEYA COLONY,MEDIPALLY-A,2,COMMERCIAL,51,41,4168.0,213.0
PEDDAPALLY,MANTHANI,GODAVARIKHANI,PG CENTER,CHENDRA BABU COLONY,2,COMMERCIAL,62,57,5967.0,160.03
PEDDAPALLY,MANTHANI,GODAVARIKHANI,PG CENTER,GANGA COLONY,2,COMMERCIAL,312,286,40575.0,661.736
PEDDAPALLY,MANTHANI,GODAVARIKHANI,PG CENTER,JANAGAON VILLAGE,2,COMMERCIAL,39,28,8029.0,130.14
PEDDAPALLY,MANTHANI,GODAVARIKHANI,PG CENTER,MALKAPOOR,2,COMMERCIAL,60,53,15592.0,263.96
PEDDAPALLY,PEDDAPALLY,DHARMARAM,DHARMARAM,ERRAGUNTAPALLI,2,COMMERCIAL,12,11,1317.0,39.216
PEDDAPALLY,PEDDAPALLY,DHARMARAM,DHARMARAM,KAMMARKHANPET  (REC)          ,2,COMMERCIAL,24,23,4865.0,44.52
PEDDAPALLY,PEDDAPALLY,DHARMARAM,DHARMARAM,KATIKANAPALLY  (REC)          ,2,COMMERCIAL,63,61,10910.0,156.164
PEDDAPALLY,PEDDAPALLY,DHARMARAM,DHARMARAM,KOTHAPALLY,2,COMMERCIAL,14,13,1064.0,23.0
PEDDAPALLY,PEDDAPALLY,DHARMARAM,DHARMARAM,KOTHUR  (REC) ,2,COMMERCIAL,53,48,4284.0,115.868
PEDDAPALLY,PEDDAPALLY,DHARMARAM,DHARMARAM,LAMBADITHANDA(B),2,COMMERCIAL,4,4,108.0,5.958
PEDDAPALLY,PEDDAPALLY,DHARMARAM,DHARMARAM,LAMBADITHANDA(K),2,COMMERCIAL,3,3,88.0,3.0
PEDDAPALLY,PEDDAPALLY,DHARMARAM,DHARMARAM,MALLAPOOR     ,2,COMMERCIAL,57,54,8047.0,142.532
PEDDAPALLY,PEDDAPALLY,SULTHANABAD,ELIGAID,MUPPARITHOTA  (REC)           ,2,COMMERCIAL,25,17,653.0,27.87
PEDDAPALLY,PEDDAPALLY,SULTHANABAD,ELIGAID,NARAYANAPALLY  H/O ELIGAID    ,2,COMMERCIAL,8,7,237.0,6.54
PEDDAPALLY,PEDDAPALLY,SULTHANABAD,ELIGAID,NARSAPOOR  (REC)              ,2,COMMERCIAL,14,13,1254.0,21.5
PEDDAPALLY,PEDDAPALLY,SULTHANABAD,ELIGAID,RAIKALDEVPALLY  (REC)         ,2,COMMERCIAL,13,10,1701.0,26.22
PEDDAPALLY,PEDDAPALLY,SULTHANABAD,ELIGAID,RAMULAPALLY,2,COMMERCIAL,16,16,1077.0,26.304
PEDDAPALLY,PEDDAPALLY,SULTHANABAD,ELIGAID,SHIVAPALLY    ,2,COMMERCIAL,20,18,12373.0,101.81
PEDDAPALLY,PEDDAPALLY,SULTHANABAD,ELIGAID,SULTHANPOOR   ,2,COMMERCIAL,63,60,6329.0,84.81
PEDDAPALLY,PEDDAPALLY,SULTHANABAD,KANKULA,ALLIPUR,2,COMMERCIAL,38,36,1603.0,46.34
PEDDAPALLY,PEDDAPALLY,SULTHANABAD,KANKULA,CHINNABONKUR  ,2,COMMERCIAL,17,17,4914.0,31.78
KHAMMAM,WYRA,MADHIRA,YERRUPALEM,YERRUPALEM,2,COMMERCIAL,442,389,45380.0,830.541
KHAMMAM,WYRA,WYRA,BONAKAL,ALLAPADU,2,COMMERCIAL,63,58,4683.0,97.52
KHAMMAM,WYRA,WYRA,BONAKAL,BONAKAL,2,COMMERCIAL,499,387,45021.0,1008.709
KHAMMAM,WYRA,WYRA,BONAKAL,BRAHMANAPALLI,2,COMMERCIAL,37,33,822.0,42.72
KHAMMAM,WYRA,WYRA,BONAKAL,CHINABEERAVALLI,2,COMMERCIAL,18,18,705.0,29.5
KHAMMAM,WYRA,WYRA,BONAKAL,CHIRUNOMULA,2,COMMERCIAL,81,74,7047.0,178.295
KHAMMAM,WYRA,WYRA,BONAKAL,CHOPPAKATTALAPALEM-B,2,COMMERCIAL,45,41,2520.0,61.65
KHAMMAM,WYRA,WYRA,BONAKAL,GARLAPADU,2,COMMERCIAL,16,13,2248.0,30.95
KHAMMAM,WYRA,WYRA,BONAKAL,GOVINDAPURAM-A,2,COMMERCIAL,12,7,2519.0,22.18
KHAMMAM,WYRA,WYRA,BONAKAL,GOVINDAPURAM-B,2,COMMERCIAL,69,59,7189.0,91.01
KHAMMAM,WYRA,WYRA,BONAKAL,JANAKIPURAM,2,COMMERCIAL,57,52,3099.0,86.57
MAHABUBABAD,MAHABUBABAD,KESAMUDRAM,KESAMUDRAM,MARRI THANDA,2,COMMERCIAL,1,1,53.0,1.0
MANCHERIAL,MANCHERIAL,CHENNUR,JAIPUR,TEKUMATLA,2,COMMERCIAL,46,42,7949.0,72.91
MANCHERIAL,MANCHERIAL,CHENNUR,JAIPUR,VELLAL,2,COMMERCIAL,27,26,5828.0,46.51
MANCHERIAL,MANCHERIAL,MANCHERIAL,MANCHIRIAL TOWN2,DCP OFFICE,2,COMMERCIAL,13,13,6934.0,214.0
MANCHERIAL,MANCHERIAL,MANCHERIAL,MANCHIRIAL TOWN2,GOUTHAMINAGAR,2,COMMERCIAL,55,55,9232.0,221.165
MANCHERIAL,MANCHERIAL,MANCHERIAL,MANCHIRIAL TOWN2,GREEN CITY ,2,COMMERCIAL,71,68,5815.0,171.0
MANCHERIAL,MANCHERIAL,MANCHERIAL,MANCHIRIAL TOWN2,"HI-TECH CITY, ",2,COMMERCIAL,50,48,10269.0,213.772
MANCHERIAL,MANCHERIAL,MANCHERIAL,MANCHIRIAL TOWN2,INDIRA NAGAR ,2,COMMERCIAL,33,32,13856.0,254.0
MANCHERIAL,MANCHERIAL,MANCHERIAL,MANCHIRIAL TOWN2,ISLAMPURA,2,COMMERCIAL,30,29,18342.0,293.522
MANCHERIAL,MANCHERIAL,MANCHERIAL,MANCHIRIAL TOWN2,JAFFAR NAGAR -SAIBABA TEMPLE,2,COMMERCIAL,7,7,3490.0,60.0
MANCHERIAL,MANCHERIAL,MANCHERIAL,MANCHIRIAL TOWN2,JAFFARNAGAR,2,COMMERCIAL,48,46,9002.0,190.0
MANCHERIAL,MANCHERIAL,MANCHERIAL,MANCHIRIAL TOWN2,JANMA BHOOMI NAGAR,2,COMMERCIAL,51,50,20719.0,392.0
MANCHERIAL,MANCHERIAL,MANCHERIAL,MANCHIRIAL TOWN2,LAXMI NAGAR,2,COMMERCIAL,78,76,8092.0,201.0
MANCHERIAL,MANCHERIAL,MANCHERIAL,MANCHIRIAL TOWN2,MANCHERIAL,2,COMMERCIAL,1,1,90.0,1.0
MANCHERIAL,MANCHERIAL,MANCHERIAL,MANCHIRIAL TOWN2,MANCHERIAL TOWN II,2,COMMERCIAL,4020,3324,709451.0,12133.515
MANCHERIAL,MANCHERIAL,MANCHERIAL,MANCHIRIAL TOWN2,MARKET AREA,2,COMMERCIAL,156,155,36110.0,763.11
MANCHERIAL,MANCHERIAL,MANCHERIAL,MANCHIRIAL TOWN2,MARUTHI NAGAR,2,COMMERCIAL,36,36,4105.0,137.0
MANCHERIAL,MANCHERIAL,MANCHERIAL,MANCHIRIAL TOWN2,MCC COLONY,2,COMMERCIAL,3,3,15.0,3.0
MANCHERIAL,MANCHERIAL,MANCHERIAL,MANCHIRIAL TOWN2,RALLAPETA,2,COMMERCIAL,54,51,5288.0,125.522
NIRMAL,BHAINSA,BASAR,TANOOR,NANDAGOAM,2,COMMERCIAL,4,4,111.0,7.0
NIRMAL,BHAINSA,BASAR,TANOOR,SINGANGOAM,2,COMMERCIAL,2,2,40.0,2.0
NIRMAL,BHAINSA,BASAR,TANOOR,TANOOR,2,COMMERCIAL,253,238,26536.0,377.916
NIRMAL,BHAINSA,BASAR,TANOOR,THONDALA,2,COMMERCIAL,8,8,205.0,11.0
NIRMAL,BHAINSA,BASAR,TANOOR,UMRI,2,COMMERCIAL,13,12,618.0,25.802
NIRMAL,BHAINSA,BASAR,TANOOR,WADGOAM,2,COMMERCIAL,6,5,0.0,10.0
NIRMAL,BHAINSA,BASAR,TANOOR,WADLONA,2,COMMERCIAL,4,3,150.0,12.0
NIRMAL,BHAINSA,BASAR,TANOOR,WADZARI,2,COMMERCIAL,2,1,13.0,3.0
NIRMAL,BHAINSA,BASAR,TANOOR,ZARI,2,COMMERCIAL,15,14,1614.0,34.26
NIRMAL,BHAINSA,BASAR,TANOOR,ZARI-B TANDA,2,COMMERCIAL,1,1,0.0,1.0
NIRMAL,BHAINSA,BHAINSA,BHAINSA - TOWN,BASAR ROAD AREA,2,COMMERCIAL,50,48,1941.0,61.993
NIRMAL,BHAINSA,BHAINSA,BHAINSA - TOWN,BHAINSA(T),2,COMMERCIAL,4003,3428,384624.0,6574.391
NIRMAL,BHAINSA,BHAINSA,BHAINSA - TOWN,BHARAT GINNING FACTORY,2,COMMERCIAL,48,48,4269.0,47.998
NIRMAL,BHAINSA,BHAINSA,BHAINSA - TOWN,FILTERBED AREA,2,COMMERCIAL,5,5,71.0,5.0
NIRMAL,NIRMAL,KHANAPUR,MAMDA,CHANDARAM,2,COMMERCIAL,2,2,8.0,2.0
NIRMAL,NIRMAL,KHANAPUR,MAMDA,DIMMADURTHI,2,COMMERCIAL,41,30,5043.0,54.56
NIRMAL,NIRMAL,KHANAPUR,MAMDA,GADEPALLI,2,COMMERCIAL,5,4,320.0,6.0
NIRMAL,NIRMAL,KHANAPUR,MAMDA,JAGADAMBA TANDA,2,COMMERCIAL,1,0,0.0,1.0
NIRMAL,NIRMAL,KHANAPUR,MAMDA,KAMALKOTE,2,COMMERCIAL,34,25,2039.0,39.58
NIRMAL,NIRMAL,KHANAPUR,MAMDA,KAPPANPALLI,2,COMMERCIAL,4,4,148.0,4.0
NIRMAL,NIRMAL,KHANAPUR,MAMDA,KISHANRAOPET,2,COMMERCIAL,1,1,112.0,2.0
NIRMAL,NIRMAL,KHANAPUR,MAMDA,KORATIKAL,2,COMMERCIAL,117,105,12852.0,168.31
NIRMAL,NIRMAL,KHANAPUR,MAMDA,KOTHUR,2,COMMERCIAL,4,3,195.0,4.52
NIRMAL,NIRMAL,KHANAPUR,MAMDA,LINGAMPALLY,2,COMMERCIAL,9,5,94.0,8.24
NIRMAL,NIRMAL,KHANAPUR,MAMDA,LINGAPUR,2,COMMERCIAL,7,5,136.0,11.34
NIRMAL,NIRMAL,KHANAPUR,MAMDA,MAMDA,2,COMMERCIAL,266,207,23775.0,466.163
NIRMAL,NIRMAL,KHANAPUR,MAMDA,MONDTGUTTA,2,COMMERCIAL,4,3,3666.0,59.0
NIRMAL,NIRMAL,NIRMAL RURAL,SARANGAPUR,RAVINDERNAGAR THANDA,2,COMMERCIAL,2,1,60.0,2.0
NIRMAL,NIRMAL,NIRMAL RURAL,SARANGAPUR,SAI NAGAR THANDA,2,COMMERCIAL,5,3,29.0,6.5
NIRMAL,NIRMAL,NIRMAL RURAL,SARANGAPUR,SARANGAPUR,2,COMMERCIAL,253,208,30411.0,421.226
NIRMAL,NIRMAL,NIRMAL RURAL,SARANGAPUR,SIRIPALLY,2,COMMERCIAL,1,1,25.0,1.0
NIRMAL,NIRMAL,NIRMAL RURAL,SARANGAPUR,SWARNA,2,COMMERCIAL,114,111,5862.0,208.16
NIRMAL,NIRMAL,NIRMAL RURAL,SARANGAPUR,Sonapur thanda,2,COMMERCIAL,2,2,111.0,2.0
NIRMAL,NIRMAL,NIRMAL RURAL,SARANGAPUR,YAKARPALLY,2,COMMERCIAL,4,3,61.0,4.0
NIZAMABAD,ARMOOR,ARMOOR,ARMOOR,ANKAPUR,2,COMMERCIAL,386,351,41979.0,865.842
NIZAMABAD,ARMOOR,ARMOOR,ARMOOR,B1 ZONE,2,COMMERCIAL,311,268,25997.0,730.628
NIZAMABAD,ARMOOR,ARMOOR,ARMOOR,B2 ZONE,2,COMMERCIAL,860,798,52658.0,1013.772
NIZAMABAD,ARMOOR,ARMOOR,ARMOOR,B3 ZONE,2,COMMERCIAL,605,589,45299.0,791.954
NIZAMABAD,BODHAN,BODHAN,BODHAN TOWN-II,KHAJAPOOR,2,COMMERCIAL,14,13,648.0,8.03
NIZAMABAD,BODHAN,BODHAN,BODHAN TOWN-II,KOPARTHY CAMP,2,COMMERCIAL,9,8,357.0,15.248
NIZAMABAD,BODHAN,BODHAN,BODHAN TOWN-II,KUMANPALLY,2,COMMERCIAL,19,18,722.0,27.14
NIZAMABAD,BODHAN,BODHAN,BODHAN TOWN-II,MANDARNA,2,COMMERCIAL,30,25,971.0,29.166
NIZAMABAD,BODHAN,BODHAN,BODHAN TOWN-II,NAGANPALLY,2,COMMERCIAL,25,20,1674.0,17.62
NIZAMABAD,BODHAN,BODHAN,BODHAN TOWN-II,OLD BODHAN,2,COMMERCIAL,492,441,55407.0,892.925
NIZAMABAD,BODHAN,BODHAN,BODHAN TOWN-II,RENJAL BASE,2,COMMERCIAL,6,6,475.0,13.0
NIZAMABAD,BODHAN,BODHAN,BODHAN TOWN-II,S R CAMP,2,COMMERCIAL,4,4,45.0,2.52
PEDDAPALLY,PEDDAPALLY,SULTHANABAD,ELIGAID,DHOOLIKATTA  (REC)            ,2,COMMERCIAL,88,85,10790.0,145.59
PEDDAPALLY,PEDDAPALLY,SULTHANABAD,ELIGAID,ELIGAID       ,2,COMMERCIAL,164,144,19944.0,292.61
PEDDAPALLY,PEDDAPALLY,SULTHANABAD,ELIGAID,LALAPALLY H/O ELIGAID  (REC)  ,2,COMMERCIAL,17,16,4224.0,34.52
PEDDAPALLY,PEDDAPALLY,SULTHANABAD,ELIGAID,LOKAPET  (REC),2,COMMERCIAL,13,13,638.0,16.26
PEDDAPALLY,PEDDAPALLY,SULTHANABAD,ELIGAID,MALLAIAH PALLY,2,COMMERCIAL,2,2,67.0,1.26
KHAMMAM,WYRA,MADHIRA,YERRUPALEM,KHANDRIKA,2,COMMERCIAL,6,4,59.0,7.0
KHAMMAM,WYRA,MADHIRA,YERRUPALEM,KOTHAPALEM,2,COMMERCIAL,17,16,290.0,21.03
KHAMMAM,WYRA,MADHIRA,YERRUPALEM,MEENAVOLU,2,COMMERCIAL,121,106,17703.0,210.44
KHAMMAM,WYRA,MADHIRA,YERRUPALEM,NARASIMHAPURAM,2,COMMERCIAL,16,14,380.0,26.7
KHAMMAM,WYRA,MADHIRA,YERRUPALEM,NARAYANAPURAM,2,COMMERCIAL,35,32,1429.0,53.97
KHAMMAM,WYRA,MADHIRA,YERRUPALEM,PEDAGOPARAM,2,COMMERCIAL,41,32,1759.0,46.92
KHAMMAM,WYRA,MADHIRA,YERRUPALEM,PEGALLAPADU,2,COMMERCIAL,27,19,1603.0,51.88
KHAMMAM,WYRA,MADHIRA,YERRUPALEM,RAJUPALEM,2,COMMERCIAL,13,9,4824.0,21.28
KHAMMAM,WYRA,MADHIRA,YERRUPALEM,REMIDICHERLA,2,COMMERCIAL,49,39,5617.0,81.85
KHAMMAM,WYRA,MADHIRA,YERRUPALEM,SATYANARAYANAPURAM,2,COMMERCIAL,5,4,275.0,5.99
KHAMMAM,WYRA,MADHIRA,YERRUPALEM,VENKATAPURAM-A,2,COMMERCIAL,39,35,2664.0,50.56
MAHABUBABAD,MAHABUBABAD,KESAMUDRAM,KESAMUDRAM,BERIWADA,2,COMMERCIAL,17,13,390.0,26.74
MAHABUBABAD,MAHABUBABAD,KESAMUDRAM,KESAMUDRAM,BHAVANIGADDA THANDA,2,COMMERCIAL,1,1,134.0,1.0
MAHABUBABAD,MAHABUBABAD,KESAMUDRAM,KESAMUDRAM,BICHA NAIK THANDA,2,COMMERCIAL,2,2,2.0,2.0
MAHABUBABAD,MAHABUBABAD,KESAMUDRAM,KESAMUDRAM,BODAMANCHA THANDA,2,COMMERCIAL,2,2,26.0,3.0
MAHABUBABAD,MAHABUBABAD,KESAMUDRAM,KESAMUDRAM,DHANSARI,2,COMMERCIAL,34,27,5075.0,84.534
MAHABUBABAD,MAHABUBABAD,KESAMUDRAM,KESAMUDRAM,INTIKANNE,2,COMMERCIAL,22,19,2106.0,41.02
MAHABUBABAD,MAHABUBABAD,KESAMUDRAM,KESAMUDRAM,KATREPALLI,2,COMMERCIAL,33,29,2691.0,56.867
MAHABUBABAD,MAHABUBABAD,KESAMUDRAM,KESAMUDRAM,KESAMUDRAM  (HQ),2,COMMERCIAL,762,667,77685.0,1260.241
MAHABUBABAD,MAHABUBABAD,KESAMUDRAM,KESAMUDRAM,KESAMUDRAM TOWN2,2,COMMERCIAL,228,217,10255.0,279.347
MAHABUBABAD,MAHABUBABAD,KESAMUDRAM,KESAMUDRAM,KESAMUDRAM VILLAGE,2,COMMERCIAL,174,167,17230.0,352.482
MAHABUBABAD,MAHABUBABAD,KORIVI,KOTHAPETA,PEDA TALLA GADDA-BAY,2,COMMERCIAL,24,16,487.0,25.08
MAHABUBABAD,MAHABUBABAD,KORIVI,KOTHAPETA,RAMA CHANDRA PURAM-BAY,2,COMMERCIAL,27,22,618.0,41.69
MAHABUBABAD,MAHABUBABAD,KORIVI,KOTHAPETA,RAVIKUNTTA-BAY,2,COMMERCIAL,10,9,1570.0,18.24
MAHABUBABAD,MAHABUBABAD,KORIVI,KOTHAPETA,RAYANNA PET-BY,2,COMMERCIAL,1,1,0.0,1.0
MAHABUBABAD,MAHABUBABAD,KORIVI,KOTHAPETA,REDYA THANDA,2,COMMERCIAL,1,1,79.0,1.0
MAHABUBABAD,MAHABUBABAD,KORIVI,KOTHAPETA,S P THANDA-BAY,2,COMMERCIAL,6,5,1.0,7.48
MAHABUBABAD,MAHABUBABAD,KORIVI,KOTHAPETA,SAMBA THANDA-BY,2,COMMERCIAL,1,1,0.0,2.0
MAHABUBABAD,MAHABUBABAD,KORIVI,KOTHAPETA,SANGYA THANDA-BY,2,COMMERCIAL,1,1,4.0,1.0
MAHABUBABAD,MAHABUBABAD,KORIVI,KOTHAPETA,SINGARAM -BAY,2,COMMERCIAL,6,4,78.0,6.28
MAHABUBABAD,MAHABUBABAD,KORIVI,KOTHAPETA,THATI GUMPU-BY,2,COMMERCIAL,1,1,0.0,1.0
MAHABUBABAD,THORRUR,MARIPEDA,YELLAMPET,RAMPUR,2,COMMERCIAL,41,33,5428.0,70.403
MAHABUBABAD,THORRUR,MARIPEDA,YELLAMPET,SOMLA THANDA,2,COMMERCIAL,5,4,87.0,14.0
MAHABUBABAD,THORRUR,MARIPEDA,YELLAMPET,STAGE THANDA,2,COMMERCIAL,11,11,1963.0,27.12
MAHABUBABAD,THORRUR,MARIPEDA,YELLAMPET,THALLA OOKAL,2,COMMERCIAL,29,24,877.0,42.26
MAHABUBABAD,THORRUR,MARIPEDA,YELLAMPET,VEERARAM,2,COMMERCIAL,25,21,1929.0,37.32
MAHABUBABAD,THORRUR,MARIPEDA,YELLAMPET,VENKAMPAD,2,COMMERCIAL,2,1,0.0,2.0
MAHABUBABAD,THORRUR,MARIPEDA,YELLAMPET,VENKATAIAH THANDA,2,COMMERCIAL,2,2,3.0,3.0
MAHABUBABAD,THORRUR,MARIPEDA,YELLAMPET,YELLAMPET (HQ),2,COMMERCIAL,64,54,6668.0,141.37
MAHABUBABAD,THORRUR,NELLIKUDURU,DANTHALAPALLY,AGAPET,2,COMMERCIAL,16,15,496.0,21.85
MANCHERIAL,BELLAMPALLY,BELLAMPALLY,KASIPET,Lambadithanda(d),2,COMMERCIAL,1,1,17.0,1.0
MANCHERIAL,BELLAMPALLY,BELLAMPALLY,KASIPET,Lambadithanda(k),2,COMMERCIAL,3,3,250.0,5.0
MANCHERIAL,BELLAMPALLY,BELLAMPALLY,KASIPET,MADDIMADA,2,COMMERCIAL,92,86,3317.0,81.455
MANCHERIAL,BELLAMPALLY,BELLAMPALLY,KASIPET,MALKAPALLI,2,COMMERCIAL,17,16,778.0,18.265
MANCHERIAL,BELLAMPALLY,BELLAMPALLY,KASIPET,MAMIDIGUDA,2,COMMERCIAL,5,5,240.0,7.02
MANCHERIAL,BELLAMPALLY,BELLAMPALLY,KASIPET,PALLAMGUDA,2,COMMERCIAL,9,7,832.0,16.71
MANCHERIAL,BELLAMPALLY,BELLAMPALLY,KASIPET,PEDDA DHARMARAM,2,COMMERCIAL,2,2,87.0,4.0
MANCHERIAL,BELLAMPALLY,BELLAMPALLY,KASIPET,PEDDAN PALLY,2,COMMERCIAL,5,5,1056.0,16.0
MANCHERIAL,BELLAMPALLY,BELLAMPALLY,KASIPET,REGULAGUDA,2,COMMERCIAL,3,2,18.0,4.24
MANCHERIAL,BELLAMPALLY,BELLAMPALLY,KASIPET,ROTTEPALLI,2,COMMERCIAL,1,1,0.0,1.0
MANCHERIAL,MANCHERIAL,CHENNUR,JAIPUR,NARSINGAPOOR (S),2,COMMERCIAL,13,12,7621.0,42.293
MANCHERIAL,MANCHERIAL,CHENNUR,JAIPUR,NARWA,2,COMMERCIAL,10,9,633.0,33.98
MANCHERIAL,MANCHERIAL,CHENNUR,JAIPUR,PAGDEPALLI,2,COMMERCIAL,22,20,5490.0,60.182
MANCHERIAL,MANCHERIAL,CHENNUR,JAIPUR,POWNOOR,2,COMMERCIAL,9,8,4902.0,19.374
MANCHERIAL,MANCHERIAL,CHENNUR,JAIPUR,RAMRAOPET,2,COMMERCIAL,26,24,3156.0,34.902
MANCHERIAL,MANCHERIAL,CHENNUR,JAIPUR,RASOOLPALLY,2,COMMERCIAL,24,22,5417.0,52.592
MANCHERIAL,MANCHERIAL,CHENNUR,JAIPUR,ROMMIPUR,2,COMMERCIAL,6,5,221.0,21.222
MANCHERIAL,MANCHERIAL,CHENNUR,JAIPUR,SHETPALLI (OLD),2,COMMERCIAL,54,49,2979.0,71.783
MANCHERIAL,MANCHERIAL,CHENNUR,JAIPUR,SHIVVARAM,2,COMMERCIAL,24,23,1920.0,36.978
NIRMAL,NIRMAL,NIRMAL RURAL,SARANGAPUR,JAAM,2,COMMERCIAL,104,81,6158.0,147.966
NIRMAL,NIRMAL,NIRMAL RURAL,SARANGAPUR,KOUTLA(B),2,COMMERCIAL,61,54,10810.0,125.64
NIRMAL,NIRMAL,NIRMAL RURAL,SARANGAPUR,KUPTI,2,COMMERCIAL,10,10,357.0,17.0
NIRMAL,NIRMAL,NIRMAL RURAL,SARANGAPUR,LINGAPOOR,2,COMMERCIAL,2,2,8.0,2.0
NIRMAL,NIRMAL,NIRMAL RURAL,SARANGAPUR,MAHAVEERTHANDA,2,COMMERCIAL,3,1,52.0,3.0
NIRMAL,NIRMAL,NIRMAL RURAL,SARANGAPUR,NAGPUR,2,COMMERCIAL,2,2,89.0,1.24
NIRMAL,NIRMAL,NIRMAL RURAL,SARANGAPUR,PENDALDARY,2,COMMERCIAL,1,1,51.0,1.0
NIRMAL,NIRMAL,NIRMAL RURAL,SARANGAPUR,PONKUR,2,COMMERCIAL,1,1,32.0,1.0
NIRMAL,NIRMAL,NIRMAL RURAL,SARANGAPUR,POTYA,2,COMMERCIAL,5,5,1055.0,12.0
NIRMAL,NIRMAL,NIRMAL RURAL,SARANGAPUR,RAMSINGH THANDA,2,COMMERCIAL,15,12,700.0,22.25
NIZAMABAD,BODHAN,BODHAN,BODHAN TOWN-I,GOUDS COLONY,2,COMMERCIAL,1,1,24.0,1.0
NIZAMABAD,BODHAN,BODHAN,BODHAN TOWN-I,NEW BUS STAND,2,COMMERCIAL,1830,1384,195044.0,3413.826
NIZAMABAD,BODHAN,BODHAN,BODHAN TOWN-I,PANDU FARM,2,COMMERCIAL,17,7,5481.0,31.7
NIZAMABAD,BODHAN,BODHAN,BODHAN TOWN-I,RAKASIPET,2,COMMERCIAL,456,382,45655.0,729.772
NIZAMABAD,BODHAN,BODHAN,BODHAN TOWN-I,SHAKKARNAGAR,2,COMMERCIAL,171,138,21401.0,271.033
NIZAMABAD,BODHAN,BODHAN,BODHAN TOWN-II,AZAM GUNJ,2,COMMERCIAL,14,14,2984.0,24.25
NIZAMABAD,BODHAN,BODHAN,BODHAN TOWN-II,CHINNAPENTA KURD,2,COMMERCIAL,92,67,6503.0,110.469
NIZAMABAD,BODHAN,BODHAN,BODHAN TOWN-II,FATHEPOOR,2,COMMERCIAL,4,4,44.0,1.72
NIZAMABAD,BODHAN,BODHAN,BODHAN TOWN-II,HUNSA,2,COMMERCIAL,107,87,6965.0,122.356
NIZAMABAD,BODHAN,BODHAN,BODHAN TOWN-II,JADI JAMALPOOR,2,COMMERCIAL,31,24,1394.0,29.948
NIZAMABAD,DICHPALLY,DICHPALLY,DICHPALLY,KAMALAPUR,2,COMMERCIAL,48,45,3799.0,102.396
NIZAMABAD,DICHPALLY,DICHPALLY,DICHPALLY,MITTAPALLY,2,COMMERCIAL,86,74,5326.0,195.412
NIZAMABAD,DICHPALLY,DICHPALLY,DICHPALLY,MITTAPALLY T,2,COMMERCIAL,1,1,3.0,2.0
NIZAMABAD,DICHPALLY,DICHPALLY,DICHPALLY,MULLANGI INDUR,2,COMMERCIAL,29,25,1505.0,44.554
NIZAMABAD,DICHPALLY,DICHPALLY,DICHPALLY,NADPALLY,2,COMMERCIAL,69,44,13220.0,254.904
NIZAMABAD,DICHPALLY,DICHPALLY,DICHPALLY,NADPALLY T,2,COMMERCIAL,12,9,184.0,17.524
NIZAMABAD,DICHPALLY,DICHPALLY,DICHPALLY,NAKKALAGUTTA T,2,COMMERCIAL,1,1,508.0,2.0
NIZAMABAD,DICHPALLY,DICHPALLY,DICHPALLY,NARSINGPUR,2,COMMERCIAL,13,10,301.0,12.894
NIZAMABAD,DICHPALLY,DICHPALLY,DICHPALLY,RAJARAMNAGAR,2,COMMERCIAL,16,15,18956.0,175.13
NIZAMABAD,DICHPALLY,DICHPALLY,DICHPALLY,RAMPUR,2,COMMERCIAL,87,78,9803.0,155.306
NIZAMABAD,DICHPALLY,DICHPALLY,GADKOLE,GADDAMIDI (T),2,COMMERCIAL,1,1,60.0,2.0
NIZAMABAD,DICHPALLY,NIZAMABAD - RURAL,SARANGAPOOR,SASTRYNAGAR,2,COMMERCIAL,11,8,261.0,15.04
NIZAMABAD,DICHPALLY,NIZAMABAD - RURAL,SARANGAPOOR,SREENAGAR,2,COMMERCIAL,33,24,2209.0,70.8
NIZAMABAD,NIZAMABAD,NANDIPET,GOTTIMUKLA,BONKAMPALLY,2,COMMERCIAL,24,21,798.0,26.784
NIZAMABAD,NIZAMABAD,NANDIPET,GOTTIMUKLA,CHIKLI,2,COMMERCIAL,36,33,2750.0,77.92
NIZAMABAD,NIZAMABAD,NANDIPET,GOTTIMUKLA,DARMORA,2,COMMERCIAL,12,10,527.0,15.121
NIZAMABAD,NIZAMABAD,NANDIPET,GOTTIMUKLA,DEEKAM PALLY,2,COMMERCIAL,29,28,1262.0,47.284
NIZAMABAD,NIZAMABAD,NANDIPET,GOTTIMUKLA,GALIB NAGAR,2,COMMERCIAL,7,6,296.0,7.734
NIZAMABAD,NIZAMABAD,NANDIPET,GOTTIMUKLA,GOTIMUKLA,2,COMMERCIAL,76,67,8639.0,115.148
NIZAMABAD,NIZAMABAD,NANDIPET,GOTTIMUKLA,GUNJILI,2,COMMERCIAL,32,30,9454.0,53.946
NIZAMABAD,NIZAMABAD,NANDIPET,GOTTIMUKLA,KALLADI,2,COMMERCIAL,130,120,12630.0,247.32
PEDDAPALLY,MANTHANI,GODAVARIKHANI,GODAWVARIKHANI EAST,SHIVAJI NAGAR,2,COMMERCIAL,374,372,50921.0,679.235
PEDDAPALLY,MANTHANI,GODAVARIKHANI,GODAWVARIKHANI WEST,ALLUUR,2,COMMERCIAL,578,522,74885.0,965.159
PEDDAPALLY,MANTHANI,GODAVARIKHANI,GODAWVARIKHANI WEST,GANDHINAGAR,2,COMMERCIAL,232,224,19211.0,300.39
PEDDAPALLY,MANTHANI,GODAVARIKHANI,GODAWVARIKHANI WEST,NEW MAREDPAKA,2,COMMERCIAL,59,55,3610.0,73.16
PEDDAPALLY,MANTHANI,GODAVARIKHANI,GODAWVARIKHANI WEST,RAMNAGAR,2,COMMERCIAL,851,710,83395.0,1051.38
PEDDAPALLY,MANTHANI,GODAVARIKHANI,GODAWVARIKHANI WEST,REDDY COLONY,2,COMMERCIAL,4,4,537.0,6.95
PEDDAPALLY,MANTHANI,GODAVARIKHANI,GODAWVARIKHANI WEST,VEERALAPALLY,2,COMMERCIAL,28,22,1422.0,64.97
PEDDAPALLY,MANTHANI,GODAVARIKHANI,GODAWVARIKHANI WEST,VENKATRAOPALLY(ALLUR),2,COMMERCIAL,150,143,15222.0,202.63
PEDDAPALLY,MANTHANI,GODAVARIKHANI,GODAWVARIKHANI WEST,VITTALNAGAR,2,COMMERCIAL,3,3,116.0,4.0
PEDDAPALLY,MANTHANI,GODAVARIKHANI,MARKANDEYA COLONY,CHAITANYAPURI COLONY,2,COMMERCIAL,1,1,0.0,1.0
PEDDAPALLY,MANTHANI,RAMAGUNDAM,RAMAGUNDAM,BADRIPALLY,2,COMMERCIAL,3,3,65.0,2.025
PEDDAPALLY,MANTHANI,RAMAGUNDAM,RAMAGUNDAM,KUNDANPALLY,2,COMMERCIAL,60,52,8948.0,131.269
PEDDAPALLY,MANTHANI,RAMAGUNDAM,RAMAGUNDAM,LINGAPOOR,2,COMMERCIAL,16,13,517.0,20.548
PEDDAPALLY,MANTHANI,RAMAGUNDAM,RAMAGUNDAM,MALYALAPALLY,2,COMMERCIAL,24,21,7348.0,42.63
PEDDAPALLY,MANTHANI,RAMAGUNDAM,RAMAGUNDAM,MOGALPAHAD,2,COMMERCIAL,52,48,19905.0,325.661
PEDDAPALLY,MANTHANI,RAMAGUNDAM,RAMAGUNDAM,RAMAGUNDAM,2,COMMERCIAL,630,527,58482.0,1017.531
PEDDAPALLY,PEDDAPALLY,DHARMARAM,DHARMARAM,BANJERUPALLI,2,COMMERCIAL,13,12,384.0,22.338
PEDDAPALLY,PEDDAPALLY,DHARMARAM,DHARMARAM,BOMMAREDDYPALLY (DHARMARAM)   ,2,COMMERCIAL,44,20,5424.0,87.177
PEDDAPALLY,PEDDAPALLY,DHARMARAM,DHARMARAM,DHARMARAM,2,COMMERCIAL,855,821,85414.0,1734.027
PEDDAPALLY,PEDDAPALLY,PEDDAPALLY,SHANTHINAGAR,CHANDAPALLI,2,COMMERCIAL,1,0,0.0,14.8
PEDDAPALLY,PEDDAPALLY,PEDDAPALLY,SHANTHINAGAR,CHANDAPALLY,2,COMMERCIAL,37,34,6313.0,81.96
PEDDAPALLY,PEDDAPALLY,PEDDAPALLY,SHANTHINAGAR,PEDDAPALLY TOWN 2,2,COMMERCIAL,1554,1428,261464.0,3709.516
PEDDAPALLY,PEDDAPALLY,SULTHANABAD,ELIGAID,BURANMIYAPET  ,2,COMMERCIAL,7,6,211.0,13.0
MAHABUBABAD,THORRUR,MARIPEDA,YELLAMPET,DANTAKUNTA THANDA,2,COMMERCIAL,3,3,10.0,5.0
MAHABUBABAD,THORRUR,MARIPEDA,YELLAMPET,ELAMANCHI THANDA,2,COMMERCIAL,2,2,0.0,3.0
MAHABUBABAD,THORRUR,MARIPEDA,YELLAMPET,GIRIPURAM,2,COMMERCIAL,20,17,2224.0,53.427
MAHABUBABAD,THORRUR,MARIPEDA,YELLAMPET,LAXMA THANDA,2,COMMERCIAL,3,3,11.0,4.0
MAHABUBABAD,THORRUR,MARIPEDA,YELLAMPET,NEELIKURTHY,2,COMMERCIAL,19,16,4557.0,50.739
MANCHERIAL,BELLAMPALLY,BELLAMPALLY,KASIPET,DHARMARAO PET,2,COMMERCIAL,30,26,3189.0,64.505
MANCHERIAL,BELLAMPALLY,BELLAMPALLY,KASIPET,DUBBA GUDAM (KSPT),2,COMMERCIAL,16,11,5126.0,28.42
MANCHERIAL,BELLAMPALLY,BELLAMPALLY,KASIPET,GANGAGUDA,2,COMMERCIAL,1,0,0.0,1.0
MANCHERIAL,BELLAMPALLY,BELLAMPALLY,KASIPET,GATRA PALLI,2,COMMERCIAL,1,1,3.0,1.0
MANCHERIAL,BELLAMPALLY,BELLAMPALLY,KASIPET,GURVAPUR,2,COMMERCIAL,1,1,25.0,2.0
MANCHERIAL,BELLAMPALLY,BELLAMPALLY,KASIPET,KASIPET,2,COMMERCIAL,176,156,17907.0,251.605
MANCHERIAL,BELLAMPALLY,BELLAMPALLY,KASIPET,KOHINOOR,2,COMMERCIAL,11,11,405.0,18.189
MANCHERIAL,BELLAMPALLY,BELLAMPALLY,KASIPET,KOMATICHENU,2,COMMERCIAL,17,14,2618.0,64.505
MANCHERIAL,BELLAMPALLY,BELLAMPALLY,KASIPET,KONDAPUR,2,COMMERCIAL,81,69,9026.0,122.95
MANCHERIAL,MANCHERIAL,CHENNUR,JAIPUR,GANGIPALLY,2,COMMERCIAL,13,13,535.0,23.64
MANCHERIAL,MANCHERIAL,CHENNUR,JAIPUR,GOPALPUR,2,COMMERCIAL,5,5,185.0,4.136
MANCHERIAL,MANCHERIAL,CHENNUR,JAIPUR,INDARAM,2,COMMERCIAL,171,136,26499.0,492.806
MANCHERIAL,MANCHERIAL,CHENNUR,JAIPUR,JAIPUR,2,COMMERCIAL,202,183,29451.0,559.442
MANCHERIAL,MANCHERIAL,CHENNUR,JAIPUR,KANKOOR (NEW),2,COMMERCIAL,11,10,539.0,18.48
MANCHERIAL,MANCHERIAL,CHENNUR,JAIPUR,KISTAPUR,2,COMMERCIAL,21,18,4358.0,74.13
MANCHERIAL,MANCHERIAL,CHENNUR,JAIPUR,KUNDARAM,2,COMMERCIAL,58,48,7814.0,88.172
MANCHERIAL,MANCHERIAL,CHENNUR,JAIPUR,MITTAPALLY (JPR),2,COMMERCIAL,27,21,5925.0,42.12
MANCHERIAL,MANCHERIAL,CHENNUR,JAIPUR,MUDIGUNTA,2,COMMERCIAL,18,17,1362.0,20.738
MANCHERIAL,MANCHERIAL,MANCHERIAL,MANCHERIAL - TOWN,MULKALLA,2,COMMERCIAL,96,79,8106.0,177.219
MANCHERIAL,MANCHERIAL,MANCHERIAL,MANCHERIAL - TOWN,MUNCIPAL WATER TANK AREA,2,COMMERCIAL,60,55,17669.0,408.0
MANCHERIAL,MANCHERIAL,MANCHERIAL,MANCHERIAL - TOWN,NTR COLONY,2,COMMERCIAL,11,10,4906.0,28.0
MANCHERIAL,MANCHERIAL,MANCHERIAL,MANCHERIAL - TOWN,OLD MNCL,2,COMMERCIAL,72,70,4682.0,135.865
MANCHERIAL,MANCHERIAL,MANCHERIAL,MANCHERIAL - TOWN,PADMASHALI COLONY,2,COMMERCIAL,11,11,5382.0,72.0
MANCHERIAL,MANCHERIAL,MANCHERIAL,MANCHERIAL - TOWN,RAMNAGAR,2,COMMERCIAL,61,56,8540.0,123.0
MANCHERIAL,MANCHERIAL,MANCHERIAL,MANCHERIAL - TOWN,RANGAMPET,2,COMMERCIAL,47,47,4255.0,71.928
MANCHERIAL,MANCHERIAL,MANCHERIAL,MANCHERIAL - TOWN,REDDY COLONY,2,COMMERCIAL,35,34,4197.0,110.0
MANCHERIAL,MANCHERIAL,MANCHERIAL,MANCHERIAL - TOWN,SRINIVASA TALKIES ROAD,2,COMMERCIAL,32,31,3929.0,79.25
MANCHERIAL,MANCHERIAL,MANCHERIAL,MANCHERIAL - TOWN,VEMPALLI,2,COMMERCIAL,97,78,13725.0,254.923
MANCHERIAL,MANCHERIAL,MANCHERIAL,MANCHERIAL - TOWN,VYSHYA BHAVAN,2,COMMERCIAL,37,37,5830.0,246.0
MANCHERIAL,MANCHERIAL,MANCHERIAL,MANCHERIAL - TOWN,ZP OFFICE AREA,2,COMMERCIAL,11,11,493.0,19.0
MANCHERIAL,MANCHERIAL,MANCHERIAL,MANCHIRIAL TOWN2,ANDALAMMA COLONY,2,COMMERCIAL,11,10,826.0,48.0
MANCHERIAL,MANCHERIAL,MANCHERIAL,MANCHIRIAL TOWN2,BELLAMPALLI CHOWRASTHA,2,COMMERCIAL,20,20,17996.0,378.0
NIRMAL,BHAINSA,BASAR,TANOOR,ELWATH,2,COMMERCIAL,13,7,896.0,23.96
NIRMAL,BHAINSA,BASAR,TANOOR,HANGIRGA,2,COMMERCIAL,11,10,7275.0,38.24
NIRMAL,BHAINSA,BASAR,TANOOR,HIPNALLY,2,COMMERCIAL,16,14,378.0,17.918
NIRMAL,BHAINSA,BASAR,TANOOR,HIPNALLY TANDA,2,COMMERCIAL,1,1,0.0,1.0
NIRMAL,BHAINSA,BASAR,TANOOR,JOWKA (B),2,COMMERCIAL,24,19,4543.0,58.479
NIRMAL,BHAINSA,BASAR,TANOOR,JOWLA (K),2,COMMERCIAL,23,17,444.0,32.757
NIRMAL,BHAINSA,BASAR,TANOOR,KALLOOR,2,COMMERCIAL,24,21,6117.0,58.95
NIRMAL,BHAINSA,BASAR,TANOOR,KALYNI,2,COMMERCIAL,1,0,0.0,0.18
NIRMAL,BHAINSA,BASAR,TANOOR,KARBALA,2,COMMERCIAL,7,6,197.0,12.24
NIRMAL,BHAINSA,BASAR,TANOOR,KOLOOR THANDA,2,COMMERCIAL,1,1,141.0,1.0
NIRMAL,BHAINSA,BASAR,TANOOR,MAHALINGI,2,COMMERCIAL,25,19,5510.0,43.029
NIRMAL,BHAINSA,BASAR,TANOOR,MASALGA,2,COMMERCIAL,2,2,462.0,1.24
NIRMAL,BHAINSA,BASAR,TANOOR,MOGILI,2,COMMERCIAL,10,10,647.0,16.0
NIRMAL,NIRMAL,KHANAPUR,KHANAPUR,PATHAYELLAPUR,2,COMMERCIAL,58,42,11671.0,117.52
NIRMAL,NIRMAL,KHANAPUR,KHANAPUR,Patha tarlapad,2,COMMERCIAL,2,2,302.0,6.0
NIRMAL,NIRMAL,KHANAPUR,KHANAPUR,RAAJURA,2,COMMERCIAL,29,26,2228.0,47.09
NIRMAL,NIRMAL,KHANAPUR,KHANAPUR,RANGAPET,2,COMMERCIAL,8,6,388.0,20.8
NIRMAL,NIRMAL,KHANAPUR,KHANAPUR,SATTANPALLI,2,COMMERCIAL,80,64,5799.0,117.7
NIRMAL,NIRMAL,KHANAPUR,KHANAPUR,SINGAPUR,2,COMMERCIAL,7,6,1749.0,21.58
NIRMAL,NIRMAL,KHANAPUR,KHANAPUR,SURJAPUR,2,COMMERCIAL,34,29,4809.0,86.357
NIRMAL,NIRMAL,KHANAPUR,KHANAPUR,Shevanaik tanda,2,COMMERCIAL,1,1,0.0,1.0
NIRMAL,NIRMAL,KHANAPUR,KHANAPUR,TARLAPAD,2,COMMERCIAL,38,32,2650.0,54.79
NIRMAL,NIRMAL,KHANAPUR,MAMDA,ANANTHAPET(OLD),2,COMMERCIAL,13,13,458.0,16.48
NIRMAL,NIRMAL,KHANAPUR,MAMDA,ARIPALLI,2,COMMERCIAL,6,6,216.0,6.2
NIRMAL,NIRMAL,KHANAPUR,MAMDA,BANDALKANAPUR,2,COMMERCIAL,3,2,34.0,6.0
NIRMAL,NIRMAL,KHANAPUR,MAMDA,BOORGUPALLI,2,COMMERCIAL,9,9,7961.0,61.0
NIRMAL,NIRMAL,NIRMAL RURAL,SARANGAPUR,IPPADEVEM,2,COMMERCIAL,1,1,0.0,1.0
NIZAMABAD,NIZAMABAD,NIZAMABAD TOWN 3,NAGARAM,M1,2,COMMERCIAL,679,562,69465.0,1271.911
NIZAMABAD,NIZAMABAD,NIZAMABAD TOWN 3,NAGARAM,M2,2,COMMERCIAL,763,632,78960.0,1582.395
NIZAMABAD,NIZAMABAD,NIZAMABAD TOWN 3,NAGARAM,NAGARAM,2,COMMERCIAL,380,354,41258.0,900.342
PEDDAPALLY,MANTHANI,GODAVARIKHANI,GODAWVARIKHANI EAST,JANGAON TOWN,2,COMMERCIAL,274,142,10625.0,409.041
PEDDAPALLY,MANTHANI,GODAVARIKHANI,GODAWVARIKHANI EAST,KALYAN NAGAR,2,COMMERCIAL,664,659,115057.0,1511.64
PEDDAPALLY,MANTHANI,GODAVARIKHANI,GODAWVARIKHANI EAST,LAXMI NAGAR,2,COMMERCIAL,1092,1084,119063.0,1949.418
PEDDAPALLY,MANTHANI,GODAVARIKHANI,GODAWVARIKHANI EAST,LB NAGAR,2,COMMERCIAL,187,175,15584.0,229.91
PEDDAPALLY,MANTHANI,GODAVARIKHANI,GODAWVARIKHANI EAST,OLD MUNCIPAL AREA,2,COMMERCIAL,400,346,57000.0,834.905
PEDDAPALLY,MANTHANI,GODAVARIKHANI,GODAWVARIKHANI EAST,RAMESH NAGAR,2,COMMERCIAL,230,216,22562.0,306.41
PEDDAPALLY,MANTHANI,RAMAGUNDAM,BASANTHNAGAR,PUTNOOR,2,COMMERCIAL,50,42,2602.0,94.396
PEDDAPALLY,MANTHANI,RAMAGUNDAM,BASANTHNAGAR,RAMARAOPALLI,2,COMMERCIAL,21,21,866.0,33.414
PEDDAPALLY,MANTHANI,RAMAGUNDAM,BASANTHNAGAR,RANAPOOR,2,COMMERCIAL,27,23,3870.0,54.24
PEDDAPALLY,MANTHANI,RAMAGUNDAM,BASANTHNAGAR,UNDEDA  (REC) ,2,COMMERCIAL,7,5,254.0,14.26
PEDDAPALLY,MANTHANI,RAMAGUNDAM,BASANTHNAGAR,VEMNOOR,2,COMMERCIAL,22,18,758.0,38.15
PEDDAPALLY,MANTHANI,RAMAGUNDAM,MEDIPALLY (NTPC),ANNAPURNA COLONY,2,COMMERCIAL,655,578,70585.0,1184.93
PEDDAPALLY,MANTHANI,RAMAGUNDAM,MEDIPALLY (NTPC),KRISHNA NAGAR,2,COMMERCIAL,626,574,127913.0,2223.1
PEDDAPALLY,MANTHANI,RAMAGUNDAM,MEDIPALLY (NTPC),MEDIPALLY,2,COMMERCIAL,88,82,10241.0,303.66
PEDDAPALLY,MANTHANI,RAMAGUNDAM,MEDIPALLY (NTPC),P.K.R COLONY,2,COMMERCIAL,224,152,9858.0,324.1
PEDDAPALLY,PEDDAPALLY,PEDDAPALLY,RAGHAVAPUR,KOTHAPALLY,2,COMMERCIAL,38,35,3268.0,61.78
PEDDAPALLY,PEDDAPALLY,PEDDAPALLY,RAGHAVAPUR,MAREDIGONDA,2,COMMERCIAL,26,25,2311.0,34.05
PEDDAPALLY,PEDDAPALLY,PEDDAPALLY,RAGHAVAPUR,MOOLASALA,2,COMMERCIAL,35,32,3745.0,54.29
PEDDAPALLY,PEDDAPALLY,PEDDAPALLY,RAGHAVAPUR,MUKUNDAIAHPALLI,2,COMMERCIAL,2,2,1705.0,19.0
PEDDAPALLY,PEDDAPALLY,PEDDAPALLY,RAGHAVAPUR,MUTHARAM,2,COMMERCIAL,15,14,971.0,26.02
PEDDAPALLY,PEDDAPALLY,PEDDAPALLY,RAGHAVAPUR,RAGHVAPOOR,2,COMMERCIAL,169,140,48440.0,549.103
PEDDAPALLY,PEDDAPALLY,PEDDAPALLY,RAGHAVAPUR,RAMPALLI,2,COMMERCIAL,16,14,6896.0,53.76
PEDDAPALLY,PEDDAPALLY,PEDDAPALLY,RAGHAVAPUR,RANGAPOOR,2,COMMERCIAL,64,55,31436.0,243.16
PEDDAPALLY,PEDDAPALLY,PEDDAPALLY,RAGHAVAPUR,SABBITHAM,2,COMMERCIAL,60,57,11197.0,153.61
KHAMMAM,WYRA,MADHIRA,MAMUNOOR,LAXMIPURAM-A,2,COMMERCIAL,5,5,74.0,6.55
KHAMMAM,WYRA,MADHIRA,MAMUNOOR,MAMUNOOR,2,COMMERCIAL,85,74,7537.0,127.006
KHAMMAM,WYRA,MADHIRA,MAMUNOOR,MULUGUMADU,2,COMMERCIAL,21,20,2899.0,43.85
KHAMMAM,WYRA,MADHIRA,MAMUNOOR,RAJULADEVARAPADU,2,COMMERCIAL,19,16,188.0,22.04
KHAMMAM,WYRA,MADHIRA,MAMUNOOR,SAKINAVEEDU,2,COMMERCIAL,35,31,892.0,32.16
KHAMMAM,WYRA,MADHIRA,MAMUNOOR,TAKKELLAPADU,2,COMMERCIAL,48,41,4683.0,70.798
KHAMMAM,WYRA,MADHIRA,YERRUPALEM,BANJARA,2,COMMERCIAL,6,6,386.0,7.71
KHAMMAM,WYRA,MADHIRA,YERRUPALEM,GATLAGOURARAM,2,COMMERCIAL,15,8,251.0,18.77
KHAMMAM,WYRA,MADHIRA,YERRUPALEM,JAMALAPURAM,2,COMMERCIAL,105,83,15635.0,194.482
KHAMMAM,WYRA,MADHIRA,YERRUPALEM,KACHARAM,2,COMMERCIAL,13,11,3656.0,71.65
KHAMMAM,WYRA,MADHIRA,YERRUPALEM,KESIREDDYPALLI,2,COMMERCIAL,2,1,3496.0,11.0
MAHABUBABAD,MAHABUBABAD,KESAMUDRAM,INGURTHY,KORKONDAPALLI,2,COMMERCIAL,28,23,2422.0,63.23
MAHABUBABAD,MAHABUBABAD,KESAMUDRAM,INGURTHY,LALU THANDA,2,COMMERCIAL,1,1,34.0,1.0
MAHABUBABAD,MAHABUBABAD,KESAMUDRAM,INGURTHY,MAHAMOODPATNAM,2,COMMERCIAL,24,19,2654.0,47.16
MAHABUBABAD,MAHABUBABAD,KESAMUDRAM,INGURTHY,NARAYANAPUR,2,COMMERCIAL,6,5,308.0,10.03
MAHABUBABAD,MAHABUBABAD,KESAMUDRAM,INGURTHY,PATHA THANDA,2,COMMERCIAL,1,1,10.0,1.0
MAHABUBABAD,MAHABUBABAD,KESAMUDRAM,INGURTHY,PEEKLA THANDA,2,COMMERCIAL,1,1,15.0,1.0
MAHABUBABAD,MAHABUBABAD,KESAMUDRAM,INGURTHY,THADLAPUSAPALLI,2,COMMERCIAL,41,38,4079.0,74.17
MAHABUBABAD,MAHABUBABAD,KESAMUDRAM,INGURTHY,THARASINGH THANDA,2,COMMERCIAL,1,1,35.0,1.0
MAHABUBABAD,MAHABUBABAD,KESAMUDRAM,INGURTHY,THOURYA THANDA,2,COMMERCIAL,6,6,306.0,8.0
MAHABUBABAD,MAHABUBABAD,KESAMUDRAM,KESAMUDRAM,AMEENAPUR,2,COMMERCIAL,42,36,4213.0,81.04
MAHABUBABAD,MAHABUBABAD,KESAMUDRAM,KESAMUDRAM,ARPANAPALLI,2,COMMERCIAL,22,17,978.0,34.72
MAHABUBABAD,MAHABUBABAD,KORIVI,KOTHAPETA,LINGA GIRI-BAY,2,COMMERCIAL,10,8,272.0,19.0
MAHABUBABAD,MAHABUBABAD,KORIVI,KOTHAPETA,M THIMMA PURAM-BAY,2,COMMERCIAL,1,1,0.0,5.0
MAHABUBABAD,MAHABUBABAD,KORIVI,KOTHAPETA,MIRYALAPENTA,2,COMMERCIAL,2,2,0.0,6.0
MAHABUBABAD,MAHABUBABAD,KORIVI,KOTHAPETA,MOTLA THANDA-BAY,2,COMMERCIAL,6,2,56.0,2.78
MAHABUBABAD,MAHABUBABAD,KORIVI,KOTHAPETA,NAGARAM THANDA,2,COMMERCIAL,1,1,58.0,3.0
MAHABUBABAD,MAHABUBABAD,KORIVI,KOTHAPETA,NAMALA PADU-BAY,2,COMMERCIAL,43,33,7060.0,80.84
MAHABUBABAD,MAHABUBABAD,KORIVI,KOTHAPETA,NARASAPURAM-BY,2,COMMERCIAL,1,1,0.0,1.0
MAHABUBABAD,MAHABUBABAD,KORIVI,KOTHAPETA,PANDHI PEDA-BY,2,COMMERCIAL,1,0,0.0,1.0
MAHABUBABAD,THORRUR,MARIPEDA,YELLAMPET,ANEPUR,2,COMMERCIAL,44,38,3579.0,89.795
MAHABUBABAD,THORRUR,MARIPEDA,YELLAMPET,BALYA THANDA,2,COMMERCIAL,1,1,0.0,1.0
MAHABUBABAD,THORRUR,MARIPEDA,YELLAMPET,BAVOJIGUDEM,2,COMMERCIAL,6,5,127.0,4.75
MAHABUBABAD,THORRUR,MARIPEDA,YELLAMPET,BOTYA THANDA,2,COMMERCIAL,2,2,0.0,6.0
MAHABUBABAD,THORRUR,MARIPEDA,YELLAMPET,BURKI THANDA,2,COMMERCIAL,1,1,1.0,1.0
MAHABUBABAD,THORRUR,MARIPEDA,YELLAMPET,CHILLAMCHERLA,2,COMMERCIAL,42,38,3173.0,88.297
MAHABUBABAD,THORRUR,MARIPEDA,YELLAMPET,CHINTHALAGADDA THANDA,2,COMMERCIAL,1,1,13.0,1.0
MANCHERIAL,MANCHERIAL,MANCHERIAL,MANCHERIAL - TOWN,HINDI HIGH SCHOOL,2,COMMERCIAL,21,21,1477.0,35.0
MANCHERIAL,MANCHERIAL,MANCHERIAL,MANCHERIAL - TOWN,IB AREA,2,COMMERCIAL,31,28,8487.0,65.0
MANCHERIAL,MANCHERIAL,MANCHERIAL,MANCHERIAL - TOWN,IB-2 FIRE STATION,2,COMMERCIAL,12,11,675.0,22.0
MANCHERIAL,MANCHERIAL,MANCHERIAL,MANCHERIAL - TOWN,LIC COLONY,2,COMMERCIAL,27,27,10688.0,110.0
MANCHERIAL,MANCHERIAL,MANCHERIAL,MANCHERIAL - TOWN,MADHURA NAGAR,2,COMMERCIAL,22,22,1726.0,69.0
MANCHERIAL,MANCHERIAL,MANCHERIAL,MANCHERIAL - TOWN,MANCHERAIAL TOWN,2,COMMERCIAL,2736,2313,394646.0,6464.404
NIRMAL,BHAINSA,BASAR,MUDHOLE,VITTOLI (B),2,COMMERCIAL,24,18,2417.0,47.44
NIRMAL,BHAINSA,BASAR,MUDHOLE,WADTHALA,2,COMMERCIAL,6,5,77.0,10.0
NIRMAL,BHAINSA,BASAR,TANOOR,BAMINI,2,COMMERCIAL,8,3,1.0,7.199
NIRMAL,BHAINSA,BASAR,TANOOR,BAMINI TANDA,2,COMMERCIAL,2,2,9.0,3.0
NIRMAL,BHAINSA,BASAR,TANOOR,BELTHARODA,2,COMMERCIAL,76,59,6984.0,128.449
NIRMAL,BHAINSA,BASAR,TANOOR,BEMBER,2,COMMERCIAL,11,10,699.0,16.18
NIRMAL,BHAINSA,BASAR,TANOOR,BHOSI,2,COMMERCIAL,33,29,6215.0,57.37
NIRMAL,BHAINSA,BASAR,TANOOR,BOLSA,2,COMMERCIAL,14,11,4070.0,27.65
NIRMAL,BHAINSA,BASAR,TANOOR,BONDRATH,2,COMMERCIAL,8,5,650.0,17.48
NIRMAL,BHAINSA,BASAR,TANOOR,BORIGOAM (B),2,COMMERCIAL,5,5,130.0,6.0
NIRMAL,BHAINSA,BASAR,TANOOR,DHAGOAM,2,COMMERCIAL,5,4,84.0,7.0
NIRMAL,BHAINSA,BASAR,TANOOR,DOUTHABAD,2,COMMERCIAL,4,4,1041.0,14.0
NIRMAL,BHAINSA,BASAR,TANOOR,ELVI,2,COMMERCIAL,28,22,1825.0,40.715
NIRMAL,NIRMAL,KHANAPUR,KHANAPUR,DILWARPUR,2,COMMERCIAL,19,17,970.0,38.74
NIRMAL,NIRMAL,KHANAPUR,KHANAPUR,ERRACHINTAL,2,COMMERCIAL,8,7,3434.0,23.25
NIRMAL,NIRMAL,KHANAPUR,KHANAPUR,GODALPUMP,2,COMMERCIAL,5,5,381.0,7.0
NIRMAL,NIRMAL,KHANAPUR,KHANAPUR,Gosampally,2,COMMERCIAL,18,18,1895.0,24.5
NIRMAL,NIRMAL,KHANAPUR,KHANAPUR,IQBALPUR,2,COMMERCIAL,2,2,138.0,1.24
NIRMAL,NIRMAL,KHANAPUR,KHANAPUR,KHANAPUR (T),2,COMMERCIAL,1608,1325,119529.0,2326.913
NIRMAL,NIRMAL,KHANAPUR,KHANAPUR,KOTHAPET,2,COMMERCIAL,13,13,465.0,12.73
NIRMAL,NIRMAL,KHANAPUR,KHANAPUR,Kolamguda,2,COMMERCIAL,1,1,28.0,1.0
NIRMAL,NIRMAL,KHANAPUR,KHANAPUR,MASKAPUR,2,COMMERCIAL,134,121,7244.0,230.76
NIRMAL,NIRMAL,KHANAPUR,KHANAPUR,MEDAMPALLI,2,COMMERCIAL,2,2,64.0,3.0
NIRMAL,NIRMAL,NIRMAL RURAL,NIRMAL - RURAL,YELLA REDDIPET,2,COMMERCIAL,2,2,0.0,6.0
NIRMAL,NIRMAL,NIRMAL RURAL,NIRMAL - RURAL,YELLAPALLI,2,COMMERCIAL,40,30,14154.0,156.428
NIRMAL,NIRMAL,NIRMAL RURAL,SARANGAPUR,ADELI,2,COMMERCIAL,39,35,2855.0,82.3
NIRMAL,NIRMAL,NIRMAL RURAL,SARANGAPUR,CHINCHOLI(B),2,COMMERCIAL,144,120,20118.0,422.997
NIRMAL,NIRMAL,NIRMAL RURAL,SARANGAPUR,DEVITHAND,2,COMMERCIAL,5,5,55.0,8.0
NIRMAL,NIRMAL,NIRMAL RURAL,SARANGAPUR,DHANI,2,COMMERCIAL,36,23,2078.0,52.37
NIRMAL,NIRMAL,NIRMAL RURAL,SARANGAPUR,DUPIATHANDA,2,COMMERCIAL,4,4,99.0,4.0
NIRMAL,NIRMAL,NIRMAL RURAL,SARANGAPUR,GOPALPET,2,COMMERCIAL,22,15,839.0,35.21
NIRMAL,NIRMAL,NIRMAL RURAL,SARANGAPUR,HANMAN THANDA,2,COMMERCIAL,1,1,0.0,1.0
NIZAMABAD,ARMOOR,PERKIT,PERKIT,KHANAPUR,2,COMMERCIAL,27,25,1093.0,19.44
NIZAMABAD,ARMOOR,PERKIT,PERKIT,KOMANAPALLY,2,COMMERCIAL,31,30,2891.0,40.246
NIZAMABAD,ARMOOR,PERKIT,PERKIT,MAMIDIPALLY,2,COMMERCIAL,1513,1355,179728.0,3435.857
NIZAMABAD,ARMOOR,PERKIT,PERKIT,NEWMAGGIDI,2,COMMERCIAL,52,50,8018.0,62.581
NIZAMABAD,ARMOOR,PERKIT,PERKIT,PERKIT,2,COMMERCIAL,1672,1503,220169.0,4236.077
NIZAMABAD,ARMOOR,PERKIT,PERKIT,PIPRI,2,COMMERCIAL,181,167,19636.0,284.253
NIZAMABAD,ARMOOR,PERKIT,PERKIT,SUBRIYAL,2,COMMERCIAL,75,66,5457.0,99.912
NIZAMABAD,BODHAN,BODHAN,BODHAN TOWN-I,ACHANPALLY,2,COMMERCIAL,848,685,109878.0,1807.26
NIZAMABAD,BODHAN,BODHAN,BODHAN TOWN-I,BHEEMUNIGUTTA,2,COMMERCIAL,374,288,47860.0,750.077
NIZAMABAD,BODHAN,BODHAN,BODHAN TOWN-I,GOSHALA AND MARKET ROAD,2,COMMERCIAL,1467,1152,166841.0,2286.951
NIZAMABAD,DICHPALLY,DICHPALLY,DHARPALLY,SEETHAIPET,2,COMMERCIAL,15,14,515.0,18.86
NIZAMABAD,DICHPALLY,DICHPALLY,DICHPALLY,BIBIPUR,2,COMMERCIAL,23,18,3541.0,34.52
NIZAMABAD,DICHPALLY,DICHPALLY,DICHPALLY,BIBIPUR THANDA,2,COMMERCIAL,13,7,8513.0,60.22
NIZAMABAD,DICHPALLY,DICHPALLY,DICHPALLY,DICHPALLY,2,COMMERCIAL,114,91,21187.0,195.744
NIZAMABAD,DICHPALLY,DICHPALLY,DICHPALLY,DICHPALLY - (RS),2,COMMERCIAL,836,733,83659.0,1891.026
NIZAMABAD,DICHPALLY,DICHPALLY,DICHPALLY,DOOSGAON,2,COMMERCIAL,41,35,2643.0,54.542
NIZAMABAD,DICHPALLY,DICHPALLY,DICHPALLY,GHANPUR,2,COMMERCIAL,226,191,25219.0,508.26
NIZAMABAD,DICHPALLY,NIZAMABAD - RURAL,SARANGAPOOR,GUNDARAM,2,COMMERCIAL,128,114,12107.0,203.576
NIZAMABAD,DICHPALLY,NIZAMABAD - RURAL,SARANGAPOOR,JAGGARAO FARM,2,COMMERCIAL,15,11,2038.0,79.51
NIZAMABAD,DICHPALLY,NIZAMABAD - RURAL,SARANGAPOOR,KALOOR,2,COMMERCIAL,72,52,7822.0,154.35
NIZAMABAD,DICHPALLY,NIZAMABAD - RURAL,SARANGAPOOR,KHANAPUR,2,COMMERCIAL,190,147,22422.0,434.36
NIZAMABAD,DICHPALLY,NIZAMABAD - RURAL,SARANGAPOOR,LAXMAPUR,2,COMMERCIAL,8,5,129.0,7.04
NIZAMABAD,DICHPALLY,NIZAMABAD - RURAL,SARANGAPOOR,MALKAPUR - (A),2,COMMERCIAL,33,25,3259.0,53.98
NIZAMABAD,DICHPALLY,NIZAMABAD - RURAL,SARANGAPOOR,NEHRUNAGAR,2,COMMERCIAL,92,88,9523.0,147.326
NIZAMABAD,DICHPALLY,NIZAMABAD - RURAL,SARANGAPOOR,RAMNAGAR,2,COMMERCIAL,13,11,714.0,12.84
NIZAMABAD,DICHPALLY,NIZAMABAD - RURAL,SARANGAPOOR,SARANGAPUR,2,COMMERCIAL,356,265,44130.0,992.526
MAHABUBABAD,MAHABUBABAD,KESAMUDRAM,INGURTHY,ANNARAM,2,COMMERCIAL,12,12,2168.0,26.0
MAHABUBABAD,MAHABUBABAD,KESAMUDRAM,INGURTHY,AYYAGARI PALLY,2,COMMERCIAL,6,6,553.0,13.93
MAHABUBABAD,MAHABUBABAD,KESAMUDRAM,INGURTHY,BHUKYA RAM THANDA,2,COMMERCIAL,2,2,36.0,3.0
MAHABUBABAD,MAHABUBABAD,KESAMUDRAM,INGURTHY,CAMP THANDA,2,COMMERCIAL,2,2,95.0,3.0
MAHABUBABAD,MAHABUBABAD,KESAMUDRAM,INGURTHY,CHEENYA THANDA,2,COMMERCIAL,1,1,55.0,1.0
MAHABUBABAD,MAHABUBABAD,KESAMUDRAM,INGURTHY,DHARMARAM THANDA,2,COMMERCIAL,2,2,45.0,2.0
MAHABUBABAD,MAHABUBABAD,KESAMUDRAM,INGURTHY,GHANDHINAGAR,2,COMMERCIAL,1,1,17.0,1.0
MAHABUBABAD,MAHABUBABAD,KESAMUDRAM,INGURTHY,INGURTHY,2,COMMERCIAL,189,168,16803.0,306.723
MAHABUBABAD,MAHABUBABAD,KESAMUDRAM,INGURTHY,KALWALA,2,COMMERCIAL,78,69,8754.0,138.667
MAHABUBABAD,MAHABUBABAD,KESAMUDRAM,INGURTHY,KOMATIPALLI,2,COMMERCIAL,36,31,2620.0,47.51
MAHABUBABAD,MAHABUBABAD,KORIVI,KOTHAPETA,KATTU GUDEM-BAY,2,COMMERCIAL,4,4,266.0,9.0
MAHABUBABAD,MAHABUBABAD,KORIVI,KOTHAPETA,KOMMAVARAM-BAY,2,COMMERCIAL,2,2,0.0,6.0
MAHABUBABAD,MAHABUBABAD,KORIVI,KOTHAPETA,KOTAGADDA-BAY,2,COMMERCIAL,8,7,300.0,8.32
MAHABUBABAD,MAHABUBABAD,KORIVI,KOTHAPETA,KOTHA IRSURLA PURAM-BAY,2,COMMERCIAL,14,12,4088.0,33.63
MAHABUBABAD,MAHABUBABAD,KORIVI,KOTHAPETA,KOTHA PETA-BAY,2,COMMERCIAL,153,133,11551.0,215.07
MAHABUBABAD,MAHABUBABAD,KORIVI,KOTHAPETA,KOTHURU-BAY,2,COMMERCIAL,1,1,0.0,1.0
MAHABUBABAD,MAHABUBABAD,KORIVI,KOTHAPETA,KOYA GUDEM-BAY,2,COMMERCIAL,5,4,118.0,8.41
MAHABUBABAD,MAHABUBABAD,KORIVI,KOTHAPETA,L NARASIMHA PURAM-BAY,2,COMMERCIAL,10,10,224.0,19.08
MAHABUBABAD,THORRUR,MARIPEDA,NARASIMHULAPETA,PADAMATIGUDEM,2,COMMERCIAL,36,30,1246.0,49.94
MAHABUBABAD,THORRUR,MARIPEDA,NARASIMHULAPETA,PAKEERA THANDA,2,COMMERCIAL,6,6,312.0,7.5
MAHABUBABAD,THORRUR,MARIPEDA,NARASIMHULAPETA,PATHINI THANDA,2,COMMERCIAL,1,1,75.0,2.0
MAHABUBABAD,THORRUR,MARIPEDA,NARASIMHULAPETA,PEDDANAGARAM,2,COMMERCIAL,65,45,10404.0,161.198
MAHABUBABAD,THORRUR,MARIPEDA,NARASIMHULAPETA,PEDDANAGARAM STAGE,2,COMMERCIAL,12,11,187.0,14.76
MAHABUBABAD,THORRUR,MARIPEDA,NARASIMHULAPETA,RAMANNAGUDEM,2,COMMERCIAL,16,11,339.0,16.324
MAHABUBABAD,THORRUR,MARIPEDA,NARASIMHULAPETA,RUPLA THANDA,2,COMMERCIAL,1,1,0.0,0.24
MAHABUBABAD,THORRUR,MARIPEDA,NARASIMHULAPETA,UNYA THANDA,2,COMMERCIAL,2,2,35.0,3.0
MAHABUBABAD,THORRUR,MARIPEDA,NARASIMHULAPETA,VANTHADUPULA,2,COMMERCIAL,34,34,2380.0,60.906
MAHABUBABAD,THORRUR,MARIPEDA,NARASIMHULAPETA,VASARAM THANDA,2,COMMERCIAL,3,3,0.0,3.24
MANCHERIAL,BELLAMPALLY,BELLAMPALLY,BELLAMPALLY - TOWN,BELLAMALLY BASTHI,2,COMMERCIAL,2,2,132.0,6.0
MANCHERIAL,BELLAMPALLY,BELLAMPALLY,BELLAMPALLY - TOWN,BELLAMPALLY,2,COMMERCIAL,2368,2004,295244.0,4800.188
MANCHERIAL,BELLAMPALLY,BELLAMPALLY,BELLAMPALLY - TOWN,GANGARAM NAGAR,2,COMMERCIAL,18,18,4277.0,34.0
MANCHERIAL,BELLAMPALLY,BELLAMPALLY,BELLAMPALLY - TOWN,HANUMAN BASTHI ,2,COMMERCIAL,1,0,0.0,1.0
MANCHERIAL,BELLAMPALLY,BELLAMPALLY,BELLAMPALLY - TOWN,HOUSING BOARD CALTEX,2,COMMERCIAL,52,49,3652.0,215.0
MANCHERIAL,BELLAMPALLY,BELLAMPALLY,BELLAMPALLY - TOWN,INCLINE BASTHI,2,COMMERCIAL,1,0,0.0,1.0
MANCHERIAL,BELLAMPALLY,BELLAMPALLY,BELLAMPALLY - TOWN,KANNALA BASTHI,2,COMMERCIAL,1,1,4.0,1.0
MANCHERIAL,BELLAMPALLY,BELLAMPALLY,BELLAMPALLY - TOWN,MD.KASIM BASTHI,2,COMMERCIAL,1,0,0.0,3.0
MANCHERIAL,BELLAMPALLY,BELLAMPALLY,BELLAMPALLY - TOWN,PEDDANAPALLY,2,COMMERCIAL,148,106,16873.0,264.39
MANCHERIAL,BELLAMPALLY,BELLAMPALLY,BELLAMPALLY - TOWN,REDGAMBAL,2,COMMERCIAL,105,85,10030.0,154.84
MANCHERIAL,BELLAMPALLY,BELLAMPALLY,BELLAMPALLY - TOWN,SHAMSHEER NAGAR,2,COMMERCIAL,3,3,64.0,3.0
MANCHERIAL,BELLAMPALLY,BELLAMPALLY,KASIPET,BHARATH COLONY,2,COMMERCIAL,4,3,306.0,7.0
MANCHERIAL,BELLAMPALLY,BELLAMPALLY,KASIPET,BUGGA GUDAM,2,COMMERCIAL,5,5,471.0,7.638
MANCHERIAL,BELLAMPALLY,BELLAMPALLY,KASIPET,CHINNADHARMARAM,2,COMMERCIAL,1,1,4.0,1.0
MANCHERIAL,BELLAMPALLY,BELLAMPALLY,KASIPET,DEVAPUR,2,COMMERCIAL,116,111,6242.0,141.857
MANCHERIAL,MANCHERIAL,CHENNUR,CHENNUR,LAMBADIPALLY,2,COMMERCIAL,1,1,0.0,1.0
MANCHERIAL,MANCHERIAL,CHENNUR,CHENNUR,LINGAMPALLY,2,COMMERCIAL,2,2,25.0,4.0
MANCHERIAL,MANCHERIAL,CHENNUR,CHENNUR,NARAYANPUR,2,COMMERCIAL,4,4,91.0,3.06
MANCHERIAL,MANCHERIAL,CHENNUR,CHENNUR,RAIPET,2,COMMERCIAL,2,2,1516.0,4.0
MANCHERIAL,MANCHERIAL,CHENNUR,CHENNUR,SANKARAM,2,COMMERCIAL,1,1,0.0,1.0
MANCHERIAL,MANCHERIAL,CHENNUR,CHENNUR,SHIVALINGAPUR,2,COMMERCIAL,7,7,10387.0,65.0
MANCHERIAL,MANCHERIAL,CHENNUR,CHENNUR,SUBBARAMPALLY,2,COMMERCIAL,3,2,281.0,3.85
MANCHERIAL,MANCHERIAL,CHENNUR,CHENNUR,SUDDALA,2,COMMERCIAL,21,20,3215.0,50.186
MANCHERIAL,MANCHERIAL,CHENNUR,CHENNUR,YELLAKKAPET,2,COMMERCIAL,55,36,3696.0,115.79
MANCHERIAL,MANCHERIAL,CHENNUR,JAIPUR,BEJJALA,2,COMMERCIAL,4,3,26.0,3.06
MANCHERIAL,MANCHERIAL,CHENNUR,JAIPUR,DUBBAPALLY,2,COMMERCIAL,4,3,268.0,32.232
MANCHERIAL,MANCHERIAL,CHENNUR,JAIPUR,ELKANTI,2,COMMERCIAL,7,6,164.0,7.7
MANCHERIAL,MANCHERIAL,LUXETTIPET,LUXETTIPET,TIMMAPUR,2,COMMERCIAL,30,29,1732.0,41.752
MANCHERIAL,MANCHERIAL,LUXETTIPET,LUXETTIPET,UTHKUR,2,COMMERCIAL,935,857,96474.0,1762.696
MANCHERIAL,MANCHERIAL,LUXETTIPET,LUXETTIPET,VENKATRAOPET,2,COMMERCIAL,112,101,10523.0,162.216
MANCHERIAL,MANCHERIAL,LUXETTIPET,LUXETTIPET,YELLARAM,2,COMMERCIAL,14,13,5157.0,54.15
MANCHERIAL,MANCHERIAL,MANCHERIAL,MANCHERIAL - TOWN,AGRICULTER MARKET,2,COMMERCIAL,2,2,2396.0,11.0
MANCHERIAL,MANCHERIAL,MANCHERIAL,MANCHERIAL - TOWN,CHINTAPANDUWADA,2,COMMERCIAL,31,30,12598.0,82.0
MANCHERIAL,MANCHERIAL,MANCHERIAL,MANCHERIAL - TOWN,COLLEGE ROAD,2,COMMERCIAL,85,82,13715.0,231.98
MANCHERIAL,MANCHERIAL,MANCHERIAL,MANCHERIAL - TOWN,EDLAWADA,2,COMMERCIAL,15,13,812.0,25.0
MANCHERIAL,MANCHERIAL,MANCHERIAL,MANCHERIAL - TOWN,GOSEVA MANDAL ,2,COMMERCIAL,18,18,1257.0,41.82
NIZAMABAD,ARMOOR,PERKIT,MUPKAL,VEMPALLY,2,COMMERCIAL,31,29,1666.0,45.076
NIZAMABAD,ARMOOR,PERKIT,MUPKAL,VENCHIRIYAL,2,COMMERCIAL,43,36,1643.0,39.98
NIZAMABAD,ARMOOR,PERKIT,PERKIT,AMDAPUR,2,COMMERCIAL,18,16,873.0,17.43
NIZAMABAD,ARMOOR,PERKIT,PERKIT,CHEPUR,2,COMMERCIAL,130,117,16682.0,277.722
NIZAMABAD,ARMOOR,PERKIT,PERKIT,FATHEPUR,2,COMMERCIAL,102,75,12548.0,127.662
NIZAMABAD,ARMOOR,PERKIT,PERKIT,GOVINDPET,2,COMMERCIAL,147,132,15213.0,247.18
NIZAMABAD,DICHPALLY,DICHPALLY,DHARPALLY,DHAMMANNAPET,2,COMMERCIAL,30,26,1441.0,43.308
NIZAMABAD,DICHPALLY,DICHPALLY,DHARPALLY,DHARPALLY,2,COMMERCIAL,844,800,59620.0,1425.005
NIZAMABAD,DICHPALLY,DICHPALLY,DHARPALLY,DUBBAK,2,COMMERCIAL,112,103,9851.0,211.526
NIZAMABAD,DICHPALLY,DICHPALLY,DHARPALLY,GOVINDPALLY,2,COMMERCIAL,14,13,2594.0,31.26
NIZAMABAD,DICHPALLY,DICHPALLY,DHARPALLY,GUDI THANDA - (D),2,COMMERCIAL,4,4,35.0,4.94
NIZAMABAD,DICHPALLY,DICHPALLY,DHARPALLY,INDIRANAGAR T,2,COMMERCIAL,3,3,60.0,3.94
NIZAMABAD,DICHPALLY,DICHPALLY,DHARPALLY,KESHARAM,2,COMMERCIAL,14,14,388.0,25.328
NIZAMABAD,DICHPALLY,DICHPALLY,DHARPALLY,MARIYA THANDA,2,COMMERCIAL,1,1,53.0,1.0
NIZAMABAD,DICHPALLY,DICHPALLY,DHARPALLY,MYLARAM,2,COMMERCIAL,60,53,3217.0,83.577
NIZAMABAD,DICHPALLY,DICHPALLY,DHARPALLY,RAMADUGU - (P),2,COMMERCIAL,111,103,14775.0,192.842
NIZAMABAD,DICHPALLY,NIZAMABAD - RURAL,PADKAL,CHINTALOOR,2,COMMERCIAL,39,37,1166.0,48.075
NIZAMABAD,DICHPALLY,NIZAMABAD - RURAL,PADKAL,GANYA THANDA,2,COMMERCIAL,1,1,77.0,1.0
NIZAMABAD,DICHPALLY,NIZAMABAD - RURAL,PADKAL,KALIGOTE,2,COMMERCIAL,126,121,14549.0,234.17
NIZAMABAD,DICHPALLY,NIZAMABAD - RURAL,PADKAL,KESHPALLY,2,COMMERCIAL,36,33,1640.0,42.384
NIZAMABAD,DICHPALLY,NIZAMABAD - RURAL,PADKAL,KOLIPAC,2,COMMERCIAL,91,85,7991.0,132.356
NIZAMABAD,DICHPALLY,NIZAMABAD - RURAL,PADKAL,MADHAPUR,2,COMMERCIAL,11,10,1942.0,21.631
NIZAMABAD,DICHPALLY,NIZAMABAD - RURAL,PADKAL,MANOHARABAD,2,COMMERCIAL,20,19,1402.0,29.73
NIZAMABAD,DICHPALLY,NIZAMABAD - RURAL,PADKAL,PADKAL,2,COMMERCIAL,155,137,19178.0,259.432
NIZAMABAD,DICHPALLY,NIZAMABAD - RURAL,PADKAL,PUPPALAPALLY,2,COMMERCIAL,29,19,1496.0,36.976
NIZAMABAD,DICHPALLY,NIZAMABAD - RURAL,PADKAL,SECUNDERAPUR,2,COMMERCIAL,40,33,10538.0,141.833
NIZAMABAD,NIZAMABAD,NIZAMABAD TOWN 3,BOURGAON,BORGAON (P),2,COMMERCIAL,414,342,41419.0,1431.134
NIZAMABAD,NIZAMABAD,NIZAMABAD TOWN 3,BOURGAON,L8,2,COMMERCIAL,301,272,72471.0,1070.306
NIZAMABAD,NIZAMABAD,NIZAMABAD TOWN 3,BOURGAON,MADHAVA NAGAR,2,COMMERCIAL,185,151,53432.0,946.965
NIZAMABAD,NIZAMABAD,NIZAMABAD TOWN 3,BOURGAON,PANGRA,2,COMMERCIAL,124,106,19121.0,352.763
NIZAMABAD,NIZAMABAD,NIZAMABAD TOWN 3,DISTRIBUTION-IV,BORGAON (P),2,COMMERCIAL,4,0,0.0,4.0
NIZAMABAD,NIZAMABAD,NIZAMABAD TOWN 3,DISTRIBUTION-IV,L7,2,COMMERCIAL,718,673,136501.0,2575.263
NIZAMABAD,NIZAMABAD,NIZAMABAD TOWN 3,DISTRIBUTION-IV,M6,2,COMMERCIAL,921,808,68844.0,1691.51
NIZAMABAD,NIZAMABAD,NIZAMABAD TOWN 3,DISTRIBUTION-IV,M7,2,COMMERCIAL,888,739,128903.0,2465.762
NIZAMABAD,NIZAMABAD,NIZAMABAD TOWN 3,DISTRIBUTION-IV,MADHAVA NAGAR,2,COMMERCIAL,3,0,0.0,17.0
NIZAMABAD,NIZAMABAD,NIZAMABAD TOWN 3,DISTRIBUTION-IV,N2,2,COMMERCIAL,904,748,177322.0,2760.201
PEDDAPALLY,MANTHANI,RAMAGUNDAM,BASANTHNAGAR,GUDIPALLY,2,COMMERCIAL,20,20,841.0,26.71
PEDDAPALLY,MANTHANI,RAMAGUNDAM,BASANTHNAGAR,GUNTURPALLY,2,COMMERCIAL,14,14,878.0,18.948
PEDDAPALLY,MANTHANI,RAMAGUNDAM,BASANTHNAGAR,JAYYARAM,2,COMMERCIAL,26,23,5299.0,48.32
PEDDAPALLY,MANTHANI,RAMAGUNDAM,BASANTHNAGAR,KANNALA - (REC),2,COMMERCIAL,47,40,6830.0,84.38
PEDDAPALLY,MANTHANI,RAMAGUNDAM,BASANTHNAGAR,KOTHAPALLI,2,COMMERCIAL,20,20,3599.0,46.658
PEDDAPALLY,MANTHANI,RAMAGUNDAM,BASANTHNAGAR,KUKKALAGUDUR,2,COMMERCIAL,96,93,9521.0,142.566
PEDDAPALLY,MANTHANI,RAMAGUNDAM,BASANTHNAGAR,MAREDIPALLY   ,2,COMMERCIAL,33,32,3919.0,59.56
PEDDAPALLY,MANTHANI,RAMAGUNDAM,BASANTHNAGAR,MUNJAMPALLY (REC)             ,2,COMMERCIAL,19,18,1123.0,25.98
PEDDAPALLY,MANTHANI,RAMAGUNDAM,BASANTHNAGAR,PALAKURTHY,2,COMMERCIAL,45,36,12519.0,95.922
PEDDAPALLY,PEDDAPALLY,PEDDAPALLY,RAGHAVAPUR,BOJANNAPETA,2,COMMERCIAL,34,33,3952.0,56.56
PEDDAPALLY,PEDDAPALLY,PEDDAPALLY,RAGHAVAPUR,CHEEKURAI,2,COMMERCIAL,37,34,2237.0,58.02
PEDDAPALLY,PEDDAPALLY,PEDDAPALLY,RAGHAVAPUR,DHARMABAD,2,COMMERCIAL,4,4,349.0,11.02
PEDDAPALLY,PEDDAPALLY,PEDDAPALLY,RAGHAVAPUR,GOLLA PALLI,2,COMMERCIAL,5,5,493.0,8.24
PEDDAPALLY,PEDDAPALLY,PEDDAPALLY,RAGHAVAPUR,GOUREDDIPET,2,COMMERCIAL,67,61,48758.0,248.842
PEDDAPALLY,PEDDAPALLY,PEDDAPALLY,RAGHAVAPUR,GURRAMPALLY,2,COMMERCIAL,15,11,173.0,17.664
PEDDAPALLY,PEDDAPALLY,PEDDAPALLY,RAGHAVAPUR,HANUMANTHAPET,2,COMMERCIAL,79,71,10422.0,200.93
PEDDAPALLY,PEDDAPALLY,PEDDAPALLY,RAGHAVAPUR,JAGANATHAPOOR,2,COMMERCIAL,1,1,0.0,3.0
KHAMMAM,WYRA,MADHIRA,MADHIRA RURAL,T GOPAVARAM,2,COMMERCIAL,12,10,1255.0,20.0
KHAMMAM,WYRA,MADHIRA,MADHIRA RURAL,THORLAPADU,2,COMMERCIAL,8,5,80.0,33.0
KHAMMAM,WYRA,MADHIRA,MADHIRA RURAL,VANGAVEEDU,2,COMMERCIAL,28,23,2939.0,52.76
KHAMMAM,WYRA,MADHIRA,MAMUNOOR,AYYAVARIGUDEM,2,COMMERCIAL,37,32,1585.0,42.8
KHAMMAM,WYRA,MADHIRA,MAMUNOOR,BANIGALLAPADU,2,COMMERCIAL,174,157,14790.0,245.298
KHAMMAM,WYRA,MADHIRA,MAMUNOOR,BHEEMAVARAM,2,COMMERCIAL,59,54,8107.0,121.87
KHAMMAM,WYRA,MADHIRA,MAMUNOOR,BUCHIREDDYPALEM,2,COMMERCIAL,29,22,2076.0,39.81
KHAMMAM,WYRA,MADHIRA,MAMUNOOR,CHOPPAKATTALAPALEM-A,2,COMMERCIAL,25,21,2112.0,45.75
KHAMMAM,WYRA,MADHIRA,MAMUNOOR,G.P.GOPAVARAM,2,COMMERCIAL,14,9,471.0,10.95
KHAMMAM,WYRA,MADHIRA,MAMUNOOR,G.RAMANNA PALEM,2,COMMERCIAL,24,23,6118.0,58.38
KHAMMAM,WYRA,MADHIRA,MAMUNOOR,INAGALI,2,COMMERCIAL,74,71,7063.0,87.61
MANCHERIAL,BELLAMPALLY,BELLAMPALLY,BELLAMPALLY - RURAL,GURJAL,2,COMMERCIAL,71,67,12323.0,183.005
MANCHERIAL,BELLAMPALLY,BELLAMPALLY,BELLAMPALLY - RURAL,KANNALA,2,COMMERCIAL,85,74,12687.0,315.763
MANCHERIAL,BELLAMPALLY,BELLAMPALLY,BELLAMPALLY - RURAL,LINGAPOOR,2,COMMERCIAL,2,2,19.0,2.0
MANCHERIAL,BELLAMPALLY,BELLAMPALLY,BELLAMPALLY - RURAL,Lambadithanda,2,COMMERCIAL,11,11,746.0,22.0
MANCHERIAL,BELLAMPALLY,BELLAMPALLY,BELLAMPALLY - RURAL,PATA BELLAMPALLY,2,COMMERCIAL,95,86,14478.0,224.42
MANCHERIAL,BELLAMPALLY,BELLAMPALLY,BELLAMPALLY - RURAL,PERKAPALLY,2,COMMERCIAL,24,22,1040.0,44.21
MANCHERIAL,BELLAMPALLY,BELLAMPALLY,BELLAMPALLY - RURAL,RANGAMPET,2,COMMERCIAL,13,13,361.0,16.24
MANCHERIAL,BELLAMPALLY,BELLAMPALLY,BELLAMPALLY - RURAL,Somagudem,2,COMMERCIAL,17,15,2331.0,38.24
MANCHERIAL,MANCHERIAL,CHENNUR,CHENNUR,AKKEPALLY,2,COMMERCIAL,3,3,27.0,5.0
MANCHERIAL,MANCHERIAL,CHENNUR,CHENNUR,ANGRAJPALLI,2,COMMERCIAL,31,29,1014.0,48.72
MANCHERIAL,MANCHERIAL,CHENNUR,CHENNUR,BHEEMRAOPET,2,COMMERCIAL,12,12,3681.0,123.0
MANCHERIAL,MANCHERIAL,CHENNUR,CHENNUR,BUDDARAM,2,COMMERCIAL,4,3,311.0,4.0
MANCHERIAL,MANCHERIAL,CHENNUR,CHENNUR,CHENNUR,2,COMMERCIAL,1645,1448,176047.0,2877.66
MANCHERIAL,MANCHERIAL,CHENNUR,CHENNUR,CHINTALAPALLI,2,COMMERCIAL,6,5,121.0,10.0
MANCHERIAL,MANCHERIAL,CHENNUR,CHENNUR,KACHANPALLY,2,COMMERCIAL,6,6,50.0,8.58
MANCHERIAL,MANCHERIAL,CHENNUR,CHENNUR,KAMBOJIPET,2,COMMERCIAL,2,2,709.0,21.0
MANCHERIAL,MANCHERIAL,CHENNUR,CHENNUR,KANNEPALLY,2,COMMERCIAL,1,1,1235.0,18.0
MANCHERIAL,MANCHERIAL,CHENNUR,CHENNUR,KISTAMPET,2,COMMERCIAL,63,52,10968.0,133.01
MANCHERIAL,MANCHERIAL,CHENNUR,CHENNUR,KOTHERSALA,2,COMMERCIAL,22,21,1005.0,36.27
MANCHERIAL,MANCHERIAL,LUXETTIPET,LUXETTIPET,KOMMUGUDA,2,COMMERCIAL,31,29,3980.0,75.06
MANCHERIAL,MANCHERIAL,LUXETTIPET,LUXETTIPET,KOTHUR,2,COMMERCIAL,17,15,408.0,53.852
MANCHERIAL,MANCHERIAL,LUXETTIPET,LUXETTIPET,Kotha kommugudem,2,COMMERCIAL,2,1,2.0,4.0
MANCHERIAL,MANCHERIAL,LUXETTIPET,LUXETTIPET,LAXMIPUR,2,COMMERCIAL,19,13,5154.0,27.144
MANCHERIAL,MANCHERIAL,LUXETTIPET,LUXETTIPET,LUXETTIPET,2,COMMERCIAL,786,651,74126.0,1100.161
MANCHERIAL,MANCHERIAL,LUXETTIPET,LUXETTIPET,MITTAPALLI,2,COMMERCIAL,17,14,1115.0,23.216
MANCHERIAL,MANCHERIAL,LUXETTIPET,LUXETTIPET,MODELA,2,COMMERCIAL,16,15,474.0,18.5
MANCHERIAL,MANCHERIAL,LUXETTIPET,LUXETTIPET,POTHAPALLI,2,COMMERCIAL,16,15,1926.0,22.788
MANCHERIAL,MANCHERIAL,LUXETTIPET,LUXETTIPET,RANGAPET,2,COMMERCIAL,7,6,134.0,7.48
NIRMAL,BHAINSA,BASAR,MUDHOLE,EDBID,2,COMMERCIAL,71,64,9554.0,125.3
NIRMAL,BHAINSA,BASAR,MUDHOLE,GANNORA,2,COMMERCIAL,34,29,1025.0,39.34
NIRMAL,BHAINSA,BASAR,MUDHOLE,KAREGOAM,2,COMMERCIAL,11,10,857.0,27.985
NIRMAL,BHAINSA,BASAR,MUDHOLE,MACHKAL,2,COMMERCIAL,9,7,122.0,16.25
NIRMAL,BHAINSA,BASAR,MUDHOLE,MUDGAL,2,COMMERCIAL,9,6,90.0,8.92
NIRMAL,BHAINSA,BASAR,MUDHOLE,MUDHOLE,2,COMMERCIAL,676,565,60003.0,1124.954
NIRMAL,BHAINSA,BASAR,MUDHOLE,PIPREE,2,COMMERCIAL,5,4,77.0,9.0
NIRMAL,BHAINSA,BASAR,MUDHOLE,RAMTAKE,2,COMMERCIAL,15,10,132.0,19.24
NIRMAL,BHAINSA,BASAR,MUDHOLE,RUVVI,2,COMMERCIAL,4,4,51.0,4.0
NIRMAL,BHAINSA,BASAR,MUDHOLE,TARODA,2,COMMERCIAL,37,24,5897.0,62.96
NIRMAL,BHAINSA,BASAR,MUDHOLE,VENKATAPUR,2,COMMERCIAL,5,4,0.0,6.0
NIRMAL,NIRMAL,KHANAPUR,KADDAM,PEDDA BELLAL,2,COMMERCIAL,15,15,543.0,19.0
NIRMAL,NIRMAL,KHANAPUR,KADDAM,PEDDUR,2,COMMERCIAL,46,44,9521.0,85.49
NIRMAL,NIRMAL,KHANAPUR,KADDAM,SARANGAPUR(K),2,COMMERCIAL,11,8,181.0,15.32
NIRMAL,NIRMAL,KHANAPUR,KADDAM,UDDAMPUR,2,COMMERCIAL,17,16,2439.0,50.19
NIRMAL,NIRMAL,KHANAPUR,KADDAM,WAKEEL NAGAR,2,COMMERCIAL,1,1,7.0,2.0
NIRMAL,NIRMAL,KHANAPUR,KADDAM,YELGADAPA,2,COMMERCIAL,18,14,290.0,25.65
NIRMAL,NIRMAL,KHANAPUR,KHANAPUR,ADVI SARANGAPUR,2,COMMERCIAL,3,3,302.0,3.5
NIRMAL,NIRMAL,KHANAPUR,KHANAPUR,BADAMKURTHY,2,COMMERCIAL,60,51,2260.0,77.28
NIRMAL,NIRMAL,KHANAPUR,KHANAPUR,BEERRNANDI,2,COMMERCIAL,23,22,3507.0,36.12
NIRMAL,NIRMAL,KHANAPUR,KHANAPUR,BHAVAPUR(K),2,COMMERCIAL,5,5,74.0,6.0
NIRMAL,NIRMAL,KHANAPUR,KHANAPUR,BHAVAPUR(R),2,COMMERCIAL,2,1,2.0,1.95
NIRMAL,NIRMAL,NIRMAL RURAL,NIRMAL - RURAL,LANGDAPUR,2,COMMERCIAL,14,11,528.0,11.695
NIRMAL,NIRMAL,NIRMAL RURAL,NIRMAL - RURAL,MEDIPALLY,2,COMMERCIAL,39,30,6985.0,78.97
NIRMAL,NIRMAL,NIRMAL RURAL,NIRMAL - RURAL,MUJGI,2,COMMERCIAL,37,29,3696.0,70.74
NIRMAL,NIRMAL,NIRMAL RURAL,NIRMAL - RURAL,MUKTAPUR,2,COMMERCIAL,25,24,1352.0,34.592
NIRMAL,NIRMAL,NIRMAL RURAL,NIRMAL - RURAL,NEELAIPET,2,COMMERCIAL,25,17,4935.0,64.66
NIRMAL,NIRMAL,NIRMAL RURAL,NIRMAL - RURAL,NEW POCHAMPAD,2,COMMERCIAL,16,15,998.0,31.2
NIRMAL,NIRMAL,NIRMAL RURAL,NIRMAL - RURAL,RANAPUR,2,COMMERCIAL,16,5,257.0,14.55
NIRMAL,NIRMAL,NIRMAL RURAL,NIRMAL - RURAL,RATNAPUR KANDLY,2,COMMERCIAL,46,41,13589.0,104.52
NIRMAL,NIRMAL,NIRMAL RURAL,NIRMAL - RURAL,TALVEDA,2,COMMERCIAL,16,15,1462.0,18.5
NIRMAL,NIRMAL,NIRMAL RURAL,NIRMAL - RURAL,THAMSA,2,COMMERCIAL,9,7,1137.0,19.3
NIRMAL,NIRMAL,NIRMAL RURAL,NIRMAL - RURAL,VENGVAPET,2,COMMERCIAL,50,47,2351.0,71.24
NIZAMABAD,ARMOOR,PERKIT,MUPKAL,NAGAMPET,2,COMMERCIAL,59,50,1442.0,54.821
NIZAMABAD,ARMOOR,PERKIT,MUPKAL,NALLUR,2,COMMERCIAL,56,52,2486.0,60.032
NIZAMABAD,ARMOOR,PERKIT,MUPKAL,RENJERLA,2,COMMERCIAL,165,150,13090.0,219.217
NIZAMABAD,NIZAMABAD,NIZAMABAD TOWN 2,SHUBASHNAGAR,N4,2,COMMERCIAL,508,471,76976.0,1260.248
NIZAMABAD,NIZAMABAD,NIZAMABAD TOWN 2,SHUBASHNAGAR,N5,2,COMMERCIAL,783,725,116941.0,2270.999
NIZAMABAD,NIZAMABAD,NIZAMABAD TOWN 3,BOURGAON,ARYA NAGAR,2,COMMERCIAL,358,306,58767.0,809.474
PEDDAPALLY,MANTHANI,RAMAGUNDAM,ANTHERGAON,RAYADANDI,2,COMMERCIAL,37,32,7016.0,73.017
PEDDAPALLY,MANTHANI,RAMAGUNDAM,ANTHERGAON,SOMANPALLY,2,COMMERCIAL,11,11,1019.0,11.074
PEDDAPALLY,MANTHANI,RAMAGUNDAM,ANTHERGAON,VEESAMPET,2,COMMERCIAL,12,10,1190.0,19.1
PEDDAPALLY,MANTHANI,RAMAGUNDAM,ANTHERGAON,YELLAMPALLY,2,COMMERCIAL,14,10,501.0,20.35
PEDDAPALLY,MANTHANI,RAMAGUNDAM,BASANTHNAGAR,BAMLANAYAK THANDA,2,COMMERCIAL,1,1,2.0,1.0
PEDDAPALLY,MANTHANI,RAMAGUNDAM,BASANTHNAGAR,BASANTHNAGAR NEW,2,COMMERCIAL,149,138,7733.0,172.167
PEDDAPALLY,MANTHANI,RAMAGUNDAM,BASANTHNAGAR,BODAGUTTAPALLY,2,COMMERCIAL,239,223,38114.0,546.755
PEDDAPALLY,MANTHANI,RAMAGUNDAM,BASANTHNAGAR,E THAKKALAPALLI,2,COMMERCIAL,58,56,6823.0,103.744
PEDDAPALLY,MANTHANI,RAMAGUNDAM,BASANTHNAGAR,ELKALAPALLY,2,COMMERCIAL,18,15,729.0,20.738
PEDDAPALLY,PEDDAPALLY,PEDDAPALLY,BOMPALLY,PEDDA BONKUR,2,COMMERCIAL,65,56,10268.0,217.2
PEDDAPALLY,PEDDAPALLY,PEDDAPALLY,BOMPALLY,PEDDA KALAVALA,2,COMMERCIAL,188,178,18981.0,644.18
PEDDAPALLY,PEDDAPALLY,PEDDAPALLY,BOMPALLY,PUTTAPALLY,2,COMMERCIAL,1,1,1.0,1.0
PEDDAPALLY,PEDDAPALLY,PEDDAPALLY,BOMPALLY,RAGINEDU,2,COMMERCIAL,33,28,6201.0,69.62
PEDDAPALLY,PEDDAPALLY,PEDDAPALLY,BOMPALLY,T. MADDIKUNTA,2,COMMERCIAL,67,60,7135.0,196.54
PEDDAPALLY,PEDDAPALLY,PEDDAPALLY,PEDDAPALLY,PEDDAPALLY (T ),2,COMMERCIAL,2364,2152,313226.0,5134.483
PEDDAPALLY,PEDDAPALLY,PEDDAPALLY,PEDDAPALLY,RANGAMPALLY,2,COMMERCIAL,448,407,62057.0,1335.98
PEDDAPALLY,PEDDAPALLY,PEDDAPALLY,RAGHAVAPUR,APPANNAPET,2,COMMERCIAL,124,111,13495.0,230.73
PEDDAPALLY,PEDDAPALLY,PEDDAPALLY,RAGHAVAPUR,BANDAMPALLY,2,COMMERCIAL,34,31,8884.0,127.63
KHAMMAM,WYRA,MADHIRA,MADHIRA RURAL,KHAMMAMPADU,2,COMMERCIAL,43,36,5619.0,86.14
KHAMMAM,WYRA,MADHIRA,MADHIRA RURAL,KRISHNAPURAM,2,COMMERCIAL,40,32,4223.0,214.84
KHAMMAM,WYRA,MADHIRA,MADHIRA RURAL,MALLAVARAM,2,COMMERCIAL,21,17,6018.0,45.249
KHAMMAM,WYRA,MADHIRA,MADHIRA RURAL,MATUR,2,COMMERCIAL,70,58,2787.0,109.63
KHAMMAM,WYRA,MADHIRA,MADHIRA RURAL,MATURUPETA,2,COMMERCIAL,26,21,8042.0,54.03
KHAMMAM,WYRA,MADHIRA,MADHIRA RURAL,NAGAVARAPADU,2,COMMERCIAL,16,14,256.0,20.24
KHAMMAM,WYRA,MADHIRA,MADHIRA RURAL,NIDHANAPURAM,2,COMMERCIAL,28,25,1352.0,37.41
KHAMMAM,WYRA,MADHIRA,MADHIRA RURAL,R CHARNDRAPURAM,2,COMMERCIAL,9,6,163.0,11.55
KHAMMAM,WYRA,MADHIRA,MADHIRA RURAL,ROMPIMALLA,2,COMMERCIAL,21,15,478.0,23.86
KHAMMAM,WYRA,MADHIRA,MADHIRA RURAL,SIDDINENIGUDEM,2,COMMERCIAL,38,33,2154.0,54.79
KHAMMAM,WYRA,MADHIRA,MADHIRA RURAL,SIRIPURAM,2,COMMERCIAL,138,117,14559.0,200.54
MAHABUBABAD,MAHABUBABAD,GUDUR,KOTHAGUDA,POGULLAPALLY,2,COMMERCIAL,50,32,998.0,55.233
MAHABUBABAD,MAHABUBABAD,GUDUR,KOTHAGUDA,POLARAM,2,COMMERCIAL,6,3,149.0,6.99
MAHABUBABAD,MAHABUBABAD,GUDUR,KOTHAGUDA,PUNUGONDLA,2,COMMERCIAL,1,1,0.0,1.0
MAHABUBABAD,MAHABUBABAD,GUDUR,KOTHAGUDA,PUTTALABHUPATHI,2,COMMERCIAL,1,1,32.0,1.0
MAHABUBABAD,MAHABUBABAD,GUDUR,KOTHAGUDA,RAMANNAGUDEM THANDA,2,COMMERCIAL,1,1,0.0,5.0
MAHABUBABAD,MAHABUBABAD,GUDUR,KOTHAGUDA,RANIYATHANDA,2,COMMERCIAL,3,2,18.0,7.24
MAHABUBABAD,MAHABUBABAD,GUDUR,KOTHAGUDA,SADIREDDY PALLY,2,COMMERCIAL,19,13,760.0,21.6
MAHABUBABAD,MAHABUBABAD,GUDUR,KOTHAGUDA,THIMMAPUR,2,COMMERCIAL,1,1,1042.0,29.0
MAHABUBABAD,MAHABUBABAD,GUDUR,KOTHAGUDA,THIRMALGANDI,2,COMMERCIAL,1,1,1216.0,5.0
MAHABUBABAD,MAHABUBABAD,GUDUR,KOTHAGUDA,VELUBELLY,2,COMMERCIAL,27,21,7210.0,51.76
MAHABUBABAD,MAHABUBABAD,KORIVI,KOTHAPETA,GARIMELLA - BY,2,COMMERCIAL,1,1,0.0,1.0
MAHABUBABAD,MAHABUBABAD,KORIVI,KOTHAPETA,GOLLAGUDEM,2,COMMERCIAL,1,1,40.0,2.18
MAHABUBABAD,MAHABUBABAD,KORIVI,KOTHAPETA,GOURARAM-BAY,2,COMMERCIAL,8,7,4357.0,17.18
MAHABUBABAD,MAHABUBABAD,KORIVI,KOTHAPETA,JAGAT RAO PETA-BAY,2,COMMERCIAL,3,2,38.0,3.24
MAHABUBABAD,MAHABUBABAD,KORIVI,KOTHAPETA,JAGGU THANDA-BAY,2,COMMERCIAL,35,35,2171.0,63.48
MAHABUBABAD,MAHABUBABAD,KORIVI,KOTHAPETA,JAGNATHANDA-BAY,2,COMMERCIAL,1,0,0.0,1.0
MAHABUBABAD,MAHABUBABAD,KORIVI,KOTHAPETA,JANARDHANAPURAM,2,COMMERCIAL,1,1,39.0,1.0
MAHABUBABAD,MAHABUBABAD,KORIVI,KOTHAPETA,KACHANA PALLY-BAY,2,COMMERCIAL,2,2,21.0,5.0
MAHABUBABAD,MAHABUBABAD,KORIVI,KOTHAPETA,KAMBALA PALLY-BAY,2,COMMERCIAL,4,3,237.0,7.4
MAHABUBABAD,MAHABUBABAD,KORIVI,KOTHAPETA,KASTHIRI NAGAR-BAY,2,COMMERCIAL,3,2,33.0,3.36
MAHABUBABAD,THORRUR,MARIPEDA,NARASIMHULAPETA,GOPA THANDA,2,COMMERCIAL,5,5,131.0,8.0
MAHABUBABAD,THORRUR,MARIPEDA,NARASIMHULAPETA,JAGGU THANDA,2,COMMERCIAL,3,3,15.0,4.0
MAHABUBABAD,THORRUR,MARIPEDA,NARASIMHULAPETA,JAYAPURAM,2,COMMERCIAL,20,17,3771.0,44.55
MAHABUBABAD,THORRUR,MARIPEDA,NARASIMHULAPETA,KOMMULAVANCHA,2,COMMERCIAL,32,23,5271.0,44.11
MAHABUBABAD,THORRUR,MARIPEDA,NARASIMHULAPETA,KOTHA THANDA,2,COMMERCIAL,5,4,254.0,8.25
MAHABUBABAD,THORRUR,MARIPEDA,NARASIMHULAPETA,KOUSALYADEVIPALLI,2,COMMERCIAL,10,10,136.0,10.46
MAHABUBABAD,THORRUR,MARIPEDA,NARASIMHULAPETA,LOKYA THANDA,2,COMMERCIAL,1,1,0.0,20.0
MAHABUBABAD,THORRUR,MARIPEDA,NARASIMHULAPETA,MADHU THANDA,2,COMMERCIAL,2,2,0.0,4.0
MAHABUBABAD,THORRUR,MARIPEDA,NARASIMHULAPETA,MUNGIMADUGU,2,COMMERCIAL,12,7,2519.0,42.62
MAHABUBABAD,THORRUR,MARIPEDA,NARASIMHULAPETA,NARSIMHAPURAM BANJARA,2,COMMERCIAL,2,2,23.0,3.0
MAHABUBABAD,THORRUR,MARIPEDA,NARASIMHULAPETA,NARSIMHULAPET HQ,2,COMMERCIAL,265,223,21473.0,432.091
MANCHERIAL,BELLAMPALLY,BELLAMPALLY,BELLAMPALLY - RURAL,DUGNEPALLY,2,COMMERCIAL,2,2,20.0,2.99
NIRMAL,BHAINSA,BASAR,LOHESRA,WATTOLI,2,COMMERCIAL,22,21,1254.0,29.24
NIRMAL,BHAINSA,BASAR,MUDHOLE,ASTA,2,COMMERCIAL,45,39,7970.0,66.948
NIRMAL,BHAINSA,BASAR,MUDHOLE,BORIGOAM (K),2,COMMERCIAL,27,24,7771.0,38.267
NIRMAL,BHAINSA,BASAR,MUDHOLE,BRAHAMMANGOAM,2,COMMERCIAL,19,15,4659.0,49.498
NIRMAL,BHAINSA,BASAR,MUDHOLE,CHINCHALA,2,COMMERCIAL,14,13,734.0,20.748
NIRMAL,BHAINSA,BASAR,MUDHOLE,CHINTAL KUNTA,2,COMMERCIAL,10,8,229.0,18.38
NIRMAL,NIRMAL,KHANAPUR,KADDAM,LACHN YELLAPUR,2,COMMERCIAL,12,8,625.0,30.46
NIRMAL,NIRMAL,KHANAPUR,KADDAM,LAKSHMIPUR,2,COMMERCIAL,5,5,25.0,10.0
NIRMAL,NIRMAL,KHANAPUR,KADDAM,LAKSHMISAGAR,2,COMMERCIAL,4,1,5.0,4.42
NIRMAL,NIRMAL,KHANAPUR,KADDAM,LINGAPUR,2,COMMERCIAL,96,82,11641.0,155.38
NIRMAL,NIRMAL,KHANAPUR,KADDAM,MADDIPADAGA(NEW,2,COMMERCIAL,9,8,7321.0,31.24
NIRMAL,NIRMAL,KHANAPUR,KADDAM,MADDIPADGA(OLD),2,COMMERCIAL,21,15,691.0,36.55
NIRMAL,NIRMAL,KHANAPUR,KADDAM,MASAYIPET,2,COMMERCIAL,8,8,288.0,13.0
NIRMAL,NIRMAL,KHANAPUR,KADDAM,MORRIGUDEM,2,COMMERCIAL,4,4,440.0,9.2
NIRMAL,NIRMAL,KHANAPUR,KADDAM,NARSAPUR,2,COMMERCIAL,4,4,404.0,11.0
NIRMAL,NIRMAL,KHANAPUR,KADDAM,NARSINGAPUR,2,COMMERCIAL,4,4,127.0,6.0
NIRMAL,NIRMAL,KHANAPUR,KADDAM,NAWABPET,2,COMMERCIAL,12,10,2320.0,38.49
NIRMAL,NIRMAL,KHANAPUR,KADDAM,PANDAVAPUR,2,COMMERCIAL,25,21,1614.0,51.58
NIRMAL,NIRMAL,NIRMAL RURAL,LAXMANCHANDA,POTTAPALLY(B),2,COMMERCIAL,1,1,6.0,1.0
NIRMAL,NIRMAL,NIRMAL RURAL,LAXMANCHANDA,RACHAPOOR,2,COMMERCIAL,33,28,883.0,34.552
NIRMAL,NIRMAL,NIRMAL RURAL,LAXMANCHANDA,THIRPALLI,2,COMMERCIAL,5,3,57.0,3.6
NIRMAL,NIRMAL,NIRMAL RURAL,LAXMANCHANDA,WADYAL,2,COMMERCIAL,74,65,12437.0,124.68
NIRMAL,NIRMAL,NIRMAL RURAL,NIRMAL - RURAL,AKKAPUR,2,COMMERCIAL,45,39,1936.0,58.39
NIRMAL,NIRMAL,NIRMAL RURAL,NIRMAL - RURAL,ANANTHAPET(NEW),2,COMMERCIAL,34,30,8468.0,143.19
NIRMAL,NIRMAL,NIRMAL RURAL,NIRMAL - RURAL,ARLI(B),2,COMMERCIAL,22,15,838.0,46.91
NIRMAL,NIRMAL,NIRMAL RURAL,NIRMAL - RURAL,CHITYAL,2,COMMERCIAL,120,109,14063.0,243.22
NIRMAL,NIRMAL,NIRMAL RURAL,NIRMAL - RURAL,DYANGAPUR,2,COMMERCIAL,21,14,5029.0,87.978
NIRMAL,NIRMAL,NIRMAL RURAL,NIRMAL - RURAL,KONDAPUR,2,COMMERCIAL,147,128,26102.0,380.155
NIRMAL,NIRMAL,NIRMAL RURAL,NIRMAL - RURAL,KOUTLA(K),2,COMMERCIAL,33,26,4062.0,69.83
NIZAMABAD,ARMOOR,PERKIT,MENDORA,DOODGOAM,2,COMMERCIAL,145,131,16426.0,222.342
NIZAMABAD,ARMOOR,PERKIT,MENDORA,KODICHERLA,2,COMMERCIAL,45,44,3445.0,60.71
NIZAMABAD,ARMOOR,PERKIT,MENDORA,MENDORA,2,COMMERCIAL,166,163,21467.0,260.252
NIZAMABAD,ARMOOR,PERKIT,MENDORA,NADIMI THANDA,2,COMMERCIAL,3,3,140.0,2.5
NIZAMABAD,ARMOOR,PERKIT,MENDORA,NEHRU NAGAR COLONY,2,COMMERCIAL,13,13,515.0,21.43
NIZAMABAD,ARMOOR,PERKIT,MENDORA,POCHAMPAD,2,COMMERCIAL,1,0,0.0,0.72
NIZAMABAD,ARMOOR,PERKIT,MENDORA,SAVEL,2,COMMERCIAL,70,68,4629.0,86.939
NIZAMABAD,ARMOOR,PERKIT,MENDORA,SOANPET,2,COMMERCIAL,39,39,5189.0,85.698
NIZAMABAD,ARMOOR,PERKIT,MENDORA,SRIRAMSAGAR,2,COMMERCIAL,93,85,9821.0,195.469
NIZAMABAD,ARMOOR,PERKIT,MENDORA,VELGATOOR,2,COMMERCIAL,113,105,11897.0,151.849
NIZAMABAD,ARMOOR,PERKIT,MUPKAL,KOTHAPALLY B,2,COMMERCIAL,63,57,6896.0,80.035
NIZAMABAD,ARMOOR,PERKIT,MUPKAL,MUPKAL,2,COMMERCIAL,520,491,49730.0,751.782
NIZAMABAD,BODHAN,YEDPALLY,YEDPALLY,JANKAMPET,2,COMMERCIAL,267,233,26554.0,496.101
NIZAMABAD,BODHAN,YEDPALLY,YEDPALLY,KURNAPALLY,2,COMMERCIAL,73,56,4768.0,77.799
NIZAMABAD,BODHAN,YEDPALLY,YEDPALLY,MANGALPAD,2,COMMERCIAL,35,31,7019.0,62.134
NIZAMABAD,BODHAN,YEDPALLY,YEDPALLY,MSC FARM,2,COMMERCIAL,34,33,3160.0,58.91
NIZAMABAD,BODHAN,YEDPALLY,YEDPALLY,POCHARAM,2,COMMERCIAL,23,21,2453.0,53.06
NIZAMABAD,BODHAN,YEDPALLY,YEDPALLY,THANAKALAN,2,COMMERCIAL,86,67,9030.0,177.07
NIZAMABAD,BODHAN,YEDPALLY,YEDPALLY,WADDEPALLY,2,COMMERCIAL,17,12,699.0,23.33
NIZAMABAD,BODHAN,YEDPALLY,YEDPALLY,YEDPALLY,2,COMMERCIAL,460,389,39718.0,869.597
NIZAMABAD,DICHPALLY,DICHPALLY,DHARPALLY,BELLYA THANDA,2,COMMERCIAL,3,3,58.0,3.0
NIZAMABAD,DICHPALLY,DICHPALLY,DHARPALLY,CHALLAGARGA,2,COMMERCIAL,22,21,903.0,23.106
NIZAMABAD,DICHPALLY,NIZAMABAD - RURAL,NIZAMABAD(RURAL),LINGI THANDA,2,COMMERCIAL,4,3,46.0,4.96
NIZAMABAD,DICHPALLY,NIZAMABAD - RURAL,NIZAMABAD(RURAL),MALKAPUR - (M),2,COMMERCIAL,30,29,1587.0,44.51
NIZAMABAD,DICHPALLY,NIZAMABAD - RURAL,NIZAMABAD(RURAL),MALKAPUR - (M) T,2,COMMERCIAL,28,25,6764.0,58.53
NIZAMABAD,DICHPALLY,NIZAMABAD - RURAL,NIZAMABAD(RURAL),MALLARAM - (M),2,COMMERCIAL,97,81,43268.0,437.641
NIZAMABAD,DICHPALLY,NIZAMABAD - RURAL,NIZAMABAD(RURAL),MUTHAKUNTA,2,COMMERCIAL,10,8,692.0,10.83
NIZAMABAD,DICHPALLY,NIZAMABAD - RURAL,NIZAMABAD(RURAL),PALDA,2,COMMERCIAL,43,34,2686.0,79.37
NIZAMABAD,DICHPALLY,NIZAMABAD - RURAL,NIZAMABAD(RURAL),TIRMANPALLY - (P),2,COMMERCIAL,45,41,2325.0,46.98
NIZAMABAD,DICHPALLY,NIZAMABAD - RURAL,PADKAL,BALANAGAR (ODDERA),2,COMMERCIAL,1,1,81.0,1.0
NIZAMABAD,NIZAMABAD,NIZAMABAD TOWN 2,DISTRIBUTION-V,KALEPALLY CAMP,2,COMMERCIAL,3,3,62.0,4.26
NIZAMABAD,NIZAMABAD,NIZAMABAD TOWN 2,DISTRIBUTION-V,MUBARAKNAGAR,2,COMMERCIAL,757,695,106342.0,1858.461
NIZAMABAD,NIZAMABAD,NIZAMABAD TOWN 2,DISTRIBUTION-V,N7,2,COMMERCIAL,527,496,102702.0,1454.164
NIZAMABAD,NIZAMABAD,NIZAMABAD TOWN 2,SHUBASHNAGAR,K1,2,COMMERCIAL,407,385,42624.0,775.752
NIZAMABAD,NIZAMABAD,NIZAMABAD TOWN 2,SHUBASHNAGAR,N10,2,COMMERCIAL,479,431,102089.0,1509.786
MAHABUBABAD,MAHABUBABAD,GUDUR,KOTHAGUDA,MOKALLAPALLY,2,COMMERCIAL,1,1,24.0,1.0
MAHABUBABAD,MAHABUBABAD,GUDUR,KOTHAGUDA,MONDRAI GUDA,2,COMMERCIAL,1,1,17.0,1.0
MAHABUBABAD,MAHABUBABAD,GUDUR,KOTHAGUDA,MUDU CHEKKALA THANDA,2,COMMERCIAL,1,1,0.0,0.24
MAHABUBABAD,MAHABUBABAD,GUDUR,KOTHAGUDA,MYSMI,2,COMMERCIAL,5,3,122.0,4.48
MAHABUBABAD,MAHABUBABAD,GUDUR,KOTHAGUDA,NEELAMPALLY,2,COMMERCIAL,1,1,60.0,5.0
MAHABUBABAD,MAHABUBABAD,GUDUR,KOTHAGUDA,OTAI,2,COMMERCIAL,23,17,5955.0,51.36
MAHABUBABAD,MAHABUBABAD,GUDUR,KOTHAGUDA,PANDEM,2,COMMERCIAL,2,2,54.0,6.0
MAHABUBABAD,MAHABUBABAD,GUDUR,KOTHAGUDA,PEDDAYALLAPUR,2,COMMERCIAL,2,2,77.0,4.25
MAHABUBABAD,MAHABUBABAD,GUDUR,KOTHAGUDA,PEGADAPALLY,2,COMMERCIAL,9,8,252.0,12.93
MAHABUBABAD,MAHABUBABAD,KORIVI,KOTHAPETA,BALIYATHANDA-BAY,2,COMMERCIAL,1,0,0.0,2.0
MAHABUBABAD,MAHABUBABAD,KORIVI,KOTHAPETA,BAYYARAM,2,COMMERCIAL,414,389,44173.0,674.111
MAHABUBABAD,MAHABUBABAD,KORIVI,KOTHAPETA,BEERONIMADAVA,2,COMMERCIAL,1,1,107.0,2.0
MAHABUBABAD,MAHABUBABAD,KORIVI,KOTHAPETA,BHEEMLA THANDA - BAY,2,COMMERCIAL,2,2,49.0,6.0
MAHABUBABAD,MAHABUBABAD,KORIVI,KOTHAPETA,CHARLLAPALLY-BAY,2,COMMERCIAL,5,4,334.0,7.732
MAHABUBABAD,MAHABUBABAD,KORIVI,KOTHAPETA,CHOGLA THANDA-BAY,2,COMMERCIAL,4,4,1562.0,25.0
MAHABUBABAD,MAHABUBABAD,KORIVI,KOTHAPETA,ESUKA MEDI - BAY,2,COMMERCIAL,2,2,103.0,2.0
MAHABUBABAD,MAHABUBABAD,KORIVI,KOTHAPETA,GANDAM PALLY-BAY,2,COMMERCIAL,105,96,5305.0,169.999
MAHABUBABAD,THORRUR,MARIPEDA,MARIPEDA,THANAMCHERLA,2,COMMERCIAL,68,53,9567.0,141.36
MAHABUBABAD,THORRUR,MARIPEDA,MARIPEDA,THANDA DHARMARAM,2,COMMERCIAL,9,9,722.0,14.0
MAHABUBABAD,THORRUR,MARIPEDA,MARIPEDA,ULLEPALLY,2,COMMERCIAL,13,10,2525.0,26.856
MAHABUBABAD,THORRUR,MARIPEDA,MARIPEDA,VALYA THANDA,2,COMMERCIAL,3,3,73.0,4.0
MAHABUBABAD,THORRUR,MARIPEDA,NARASIMHULAPETA,ANIRIYA THANDA,2,COMMERCIAL,4,4,277.0,5.0
MAHABUBABAD,THORRUR,MARIPEDA,NARASIMHULAPETA,AZMEERA THANDA,2,COMMERCIAL,2,2,0.0,2.0
MAHABUBABAD,THORRUR,MARIPEDA,NARASIMHULAPETA,BOJJANNAPET,2,COMMERCIAL,18,17,3764.0,25.71
MAHABUBABAD,THORRUR,MARIPEDA,NARASIMHULAPETA,ERRA KUNTA THANDA,2,COMMERCIAL,1,1,267.0,10.0
MAHABUBABAD,THORRUR,THORRUR,THORRUR(T),THORRUR HQ,2,COMMERCIAL,1339,1236,175753.0,3291.858
MANCHERIAL,BELLAMPALLY,BELLAMPALLY,BELLAMPALLY - RURAL,AKANPALY,2,COMMERCIAL,116,106,21387.0,220.474
MANCHERIAL,BELLAMPALLY,BELLAMPALLY,BELLAMPALLY - RURAL,ANKUSAM,2,COMMERCIAL,3,3,17.0,3.0
MANCHERIAL,BELLAMPALLY,BELLAMPALLY,BELLAMPALLY - RURAL,BHATWANPALLI,2,COMMERCIAL,33,29,6047.0,59.6
MANCHERIAL,BELLAMPALLY,BELLAMPALLY,BELLAMPALLY - RURAL,BUDAKALAN,2,COMMERCIAL,51,40,7204.0,103.09
MANCHERIAL,BELLAMPALLY,BELLAMPALLY,BELLAMPALLY - RURAL,BUDAKHURD,2,COMMERCIAL,90,78,10129.0,163.11
MANCHERIAL,BELLAMPALLY,BELLAMPALLY,BELLAMPALLY - RURAL,Buchaiapally,2,COMMERCIAL,1,1,3.0,1.0
MANCHERIAL,BELLAMPALLY,BELLAMPALLY,BELLAMPALLY - RURAL,CHANDRAVALLI (B),2,COMMERCIAL,34,31,7555.0,70.95
MANCHERIAL,BELLAMPALLY,BELLAMPALLY,BELLAMPALLY - RURAL,CHEKAPALLI,2,COMMERCIAL,32,30,2672.0,57.81
MANCHERIAL,MANCHERIAL,CHENNUR,BHEEMARAM,BURGUPALLI (NEW),2,COMMERCIAL,14,11,2192.0,18.708
MANCHERIAL,MANCHERIAL,CHENNUR,BHEEMARAM,DAMPUR,2,COMMERCIAL,6,6,502.0,12.23
MANCHERIAL,MANCHERIAL,CHENNUR,BHEEMARAM,DHARMARAM,2,COMMERCIAL,1,1,0.0,1.0
MANCHERIAL,MANCHERIAL,CHENNUR,BHEEMARAM,ELKESHWAR,2,COMMERCIAL,1,1,0.0,1.0
MANCHERIAL,MANCHERIAL,CHENNUR,BHEEMARAM,KAZIPALLI,2,COMMERCIAL,16,16,2147.0,38.274
MANCHERIAL,MANCHERIAL,CHENNUR,BHEEMARAM,KOTHAPALLY (JAIPUR),2,COMMERCIAL,5,5,162.0,8.99
MANCHERIAL,MANCHERIAL,CHENNUR,BHEEMARAM,LALBAHDUR PET,2,COMMERCIAL,2,1,67.0,1.874
MANCHERIAL,MANCHERIAL,CHENNUR,BHEEMARAM,MADDIKAL,2,COMMERCIAL,22,22,4739.0,41.18
MANCHERIAL,MANCHERIAL,CHENNUR,BHEEMARAM,NARSINGAPUR B,2,COMMERCIAL,7,7,285.0,9.2
MANCHERIAL,MANCHERIAL,CHENNUR,BHEEMARAM,POLAMPALLI,2,COMMERCIAL,8,6,890.0,38.2
MANCHERIAL,MANCHERIAL,CHENNUR,BHEEMARAM,POTHANPELLY,2,COMMERCIAL,4,4,180.0,3.24
MANCHERIAL,MANCHERIAL,CHENNUR,BHEEMARAM,REDDYPALLY,2,COMMERCIAL,5,5,131.0,4.48
MANCHERIAL,MANCHERIAL,LUXETTIPET,JANNARAM,TIMMAPUR,2,COMMERCIAL,20,18,688.0,25.838
MANCHERIAL,MANCHERIAL,LUXETTIPET,JANNARAM,VENKATAPUR,2,COMMERCIAL,3,2,28.0,3.24
MANCHERIAL,MANCHERIAL,LUXETTIPET,LUXETTIPET,BALRAOPET,2,COMMERCIAL,17,15,4094.0,26.67
MANCHERIAL,MANCHERIAL,LUXETTIPET,LUXETTIPET,CHANDARAM,2,COMMERCIAL,22,21,3164.0,74.99
MANCHERIAL,MANCHERIAL,LUXETTIPET,LUXETTIPET,CHELLAM PET,2,COMMERCIAL,1,1,20.0,3.0
MANCHERIAL,MANCHERIAL,LUXETTIPET,LUXETTIPET,DOWDEPALLI,2,COMMERCIAL,21,18,3420.0,58.67
MANCHERIAL,MANCHERIAL,LUXETTIPET,LUXETTIPET,GAMPALAPALLY,2,COMMERCIAL,10,8,363.0,21.63
MANCHERIAL,MANCHERIAL,LUXETTIPET,LUXETTIPET,GULLAKOTA,2,COMMERCIAL,51,45,5475.0,104.321
MANCHERIAL,MANCHERIAL,LUXETTIPET,LUXETTIPET,HANMANTHPALLY,2,COMMERCIAL,11,10,415.0,16.18
MANCHERIAL,MANCHERIAL,LUXETTIPET,LUXETTIPET,ITKIYAL,2,COMMERCIAL,69,58,14610.0,161.829
MANCHERIAL,MANCHERIAL,LUXETTIPET,LUXETTIPET,JANDA VENKATAPUR,2,COMMERCIAL,28,28,2451.0,39.24
NIRMAL,BHAINSA,BASAR,LOHESRA,POTPALLY (P),2,COMMERCIAL,1,1,0.0,1.0
NIRMAL,BHAINSA,BASAR,LOHESRA,PUSPUR,2,COMMERCIAL,47,35,5932.0,64.009
NIRMAL,BHAINSA,BASAR,LOHESRA,RAIPURKANDLY,2,COMMERCIAL,32,28,1241.0,40.718
NIRMAL,BHAINSA,BASAR,LOHESRA,RAJURA,2,COMMERCIAL,55,54,6096.0,87.426
NIRMAL,BHAINSA,BASAR,LOHESRA,SATHGOAM,2,COMMERCIAL,4,3,130.0,5.0
NIRMAL,BHAINSA,BASAR,LOHESRA,SEVALALTANDA,2,COMMERCIAL,3,3,129.0,4.0
NIRMAL,BHAINSA,BASAR,LOHESRA,WASTHAPUR,2,COMMERCIAL,4,3,36.0,5.999
NIZAMABAD,ARMOOR,PERKIT,BALAKONDA,VANNEL B,2,COMMERCIAL,126,115,12740.0,173.622
NIZAMABAD,ARMOOR,PERKIT,MENDORA,BUSSAPUR,2,COMMERCIAL,102,95,14813.0,199.576
NIZAMABAD,ARMOOR,PERKIT,MENDORA,CHAKIRIYAL,2,COMMERCIAL,37,35,1670.0,42.77
NIZAMABAD,BODHAN,YEDPALLY,RENJAL,TADBILOLY,2,COMMERCIAL,78,56,4724.0,98.432
NIZAMABAD,BODHAN,YEDPALLY,RENJAL,VEERANNAGUTTA,2,COMMERCIAL,43,32,1270.0,39.819
NIZAMABAD,BODHAN,YEDPALLY,RENJAL,VEERANNAGUTTA THANDA,2,COMMERCIAL,1,0,0.0,0.68
NIZAMABAD,BODHAN,YEDPALLY,YEDPALLY,AMBEM Y,2,COMMERCIAL,22,15,388.0,24.466
NIZAMABAD,BODHAN,YEDPALLY,YEDPALLY,ARP CAMP,2,COMMERCIAL,42,35,3629.0,61.87
NIZAMABAD,BODHAN,YEDPALLY,YEDPALLY,BAPU NAGAR,2,COMMERCIAL,6,6,496.0,10.76
NIZAMABAD,BODHAN,YEDPALLY,YEDPALLY,BRAHMANAPALLY,2,COMMERCIAL,13,11,1277.0,29.274
NIZAMABAD,BODHAN,YEDPALLY,YEDPALLY,DHARMARAM R,2,COMMERCIAL,8,7,39.0,14.76
NIZAMABAD,BODHAN,YEDPALLY,YEDPALLY,DUBBA THANDA - Y,2,COMMERCIAL,1,1,25.0,5.0
NIZAMABAD,BODHAN,YEDPALLY,YEDPALLY,JAITHAPOOR,2,COMMERCIAL,39,29,746.0,46.67
NIZAMABAD,BODHAN,YEDPALLY,YEDPALLY,JAMLAM,2,COMMERCIAL,10,9,5251.0,20.83
NIZAMABAD,DICHPALLY,NIZAMABAD - RURAL,MUGPAL,YELLAMMAKUNTA,2,COMMERCIAL,1,1,99.0,1.0
NIZAMABAD,DICHPALLY,NIZAMABAD - RURAL,NIZAMABAD(RURAL),ASHOK FARM,2,COMMERCIAL,6,5,637.0,10.52
NIZAMABAD,DICHPALLY,NIZAMABAD - RURAL,NIZAMABAD(RURAL),CHAKRADHARNAGAR,2,COMMERCIAL,45,41,3514.0,55.816
NIZAMABAD,DICHPALLY,NIZAMABAD - RURAL,NIZAMABAD(RURAL),DHARMARAM - (M),2,COMMERCIAL,23,17,3834.0,31.41
NIZAMABAD,DICHPALLY,NIZAMABAD - RURAL,NIZAMABAD(RURAL),DHARMARAM - (M) T,2,COMMERCIAL,2,2,52.0,2.0
NIZAMABAD,DICHPALLY,NIZAMABAD - RURAL,NIZAMABAD(RURAL),GANDHI NAGAR - T,2,COMMERCIAL,16,16,2667.0,22.95
NIZAMABAD,DICHPALLY,NIZAMABAD - RURAL,NIZAMABAD(RURAL),JALALPUR,2,COMMERCIAL,20,18,7308.0,64.3
NIZAMABAD,DICHPALLY,NIZAMABAD - RURAL,NIZAMABAD(RURAL),KESHAPUR,2,COMMERCIAL,13,12,436.0,21.28
NIZAMABAD,DICHPALLY,NIZAMABAD - RURAL,NIZAMABAD(RURAL),KONDUR,2,COMMERCIAL,37,35,4310.0,98.596
NIZAMABAD,NIZAMABAD,NIZAMABAD TOWN 2,DISTRIBUTION-II,M5,2,COMMERCIAL,1067,941,101752.0,1791.699
NIZAMABAD,NIZAMABAD,NIZAMABAD TOWN 2,DISTRIBUTION-II,N1,2,COMMERCIAL,1843,1689,527205.0,8587.881
NIZAMABAD,NIZAMABAD,NIZAMABAD TOWN 2,DISTRIBUTION-II,N3,2,COMMERCIAL,781,696,217812.0,3700.052
NIZAMABAD,NIZAMABAD,NIZAMABAD TOWN 2,DISTRIBUTION-III,GG COLLEGE AREA,2,COMMERCIAL,454,420,57467.0,1084.304
NIZAMABAD,NIZAMABAD,NIZAMABAD TOWN 2,DISTRIBUTION-III,K2,2,COMMERCIAL,444,418,52032.0,754.083
NIZAMABAD,NIZAMABAD,NIZAMABAD TOWN 2,DISTRIBUTION-III,K3,2,COMMERCIAL,1050,942,103347.0,2134.848
NIZAMABAD,NIZAMABAD,NIZAMABAD TOWN 2,DISTRIBUTION-III,N6,2,COMMERCIAL,373,368,53030.0,745.404
NIZAMABAD,NIZAMABAD,NIZAMABAD TOWN 2,DISTRIBUTION-V,GOPANPALLI,2,COMMERCIAL,426,400,58220.0,1396.954
PEDDAPALLY,MANTHANI,Manthani,MUTHARAM,SUKRAVARAMPALLY,2,COMMERCIAL,1,1,23.0,1.0
PEDDAPALLY,MANTHANI,RAMAGUNDAM,ANTHERGAON,AKENPALLY,2,COMMERCIAL,14,12,378.0,10.806
PEDDAPALLY,MANTHANI,RAMAGUNDAM,ANTHERGAON,ANTHERGOAN,2,COMMERCIAL,147,139,12762.0,220.568
PEDDAPALLY,MANTHANI,RAMAGUNDAM,ANTHERGAON,BRAHMANPALLY,2,COMMERCIAL,28,24,6696.0,61.27
PEDDAPALLY,MANTHANI,RAMAGUNDAM,ANTHERGAON,EKLASPUR,2,COMMERCIAL,6,6,228.0,7.028
PEDDAPALLY,MANTHANI,RAMAGUNDAM,ANTHERGAON,GOLIWADA,2,COMMERCIAL,26,20,9813.0,121.556
PEDDAPALLY,MANTHANI,RAMAGUNDAM,ANTHERGAON,MADDRIALA,2,COMMERCIAL,16,13,451.0,29.975
PEDDAPALLY,MANTHANI,RAMAGUNDAM,ANTHERGAON,MURMUR,2,COMMERCIAL,32,26,1426.0,89.786
PEDDAPALLY,MANTHANI,RAMAGUNDAM,ANTHERGAON,POTYALA,2,COMMERCIAL,21,16,4015.0,39.033
PEDDAPALLY,PEDDAPALLY,PEDDAPALLY,BOMPALLY,BOMPALLY,2,COMMERCIAL,37,32,6991.0,152.78
PEDDAPALLY,PEDDAPALLY,PEDDAPALLY,BOMPALLY,BRAHAMANPALLY-A,2,COMMERCIAL,22,18,1052.0,21.68
PEDDAPALLY,PEDDAPALLY,PEDDAPALLY,BOMPALLY,DEVUNIPALLY,2,COMMERCIAL,14,14,875.0,14.3
PEDDAPALLY,PEDDAPALLY,PEDDAPALLY,BOMPALLY,GOPAIAHPALLI,2,COMMERCIAL,6,5,271.0,9.26
PEDDAPALLY,PEDDAPALLY,PEDDAPALLY,BOMPALLY,KANGARTHY (K),2,COMMERCIAL,34,32,2616.0,50.18
PEDDAPALLY,PEDDAPALLY,PEDDAPALLY,BOMPALLY,KASULAPALLY,2,COMMERCIAL,20,20,4160.0,47.39
PEDDAPALLY,PEDDAPALLY,PEDDAPALLY,BOMPALLY,KURMAPALLY,2,COMMERCIAL,19,17,905.0,33.2
PEDDAPALLY,PEDDAPALLY,PEDDAPALLY,BOMPALLY,NIMMANAPALLY,2,COMMERCIAL,18,18,2101.0,66.52
PEDDAPALLY,PEDDAPALLY,PEDDAPALLY,BOMPALLY,NITTOR,2,COMMERCIAL,40,36,3156.0,68.06
PEDDAPALLY,PEDDAPALLY,PEDDAPALLY,BOMPALLY,PALITHAM,2,COMMERCIAL,24,20,4072.0,52.76
KHAMMAM,WYRA,MADHIRA,MADHIRA,MADUPALLY,2,COMMERCIAL,187,175,16064.0,263.44
KHAMMAM,WYRA,MADHIRA,MADHIRA,MAHADEVAPURAM,2,COMMERCIAL,30,24,594.0,34.44
KHAMMAM,WYRA,MADHIRA,MADHIRA,NAKKALAGARUVU,2,COMMERCIAL,10,7,234.0,10.79
KHAMMAM,WYRA,MADHIRA,MADHIRA,RAYAPATNAM,2,COMMERCIAL,39,31,7133.0,93.84
KHAMMAM,WYRA,MADHIRA,MADHIRA,UNDER BRIDGE,2,COMMERCIAL,1,0,0.0,2.0
KHAMMAM,WYRA,MADHIRA,MADHIRA,VARADARAGHAVAPURAM,2,COMMERCIAL,4,4,95.0,4.55
KHAMMAM,WYRA,MADHIRA,MADHIRA RURAL,AMBARIPETA,2,COMMERCIAL,31,30,895.0,55.74
KHAMMAM,WYRA,MADHIRA,MADHIRA RURAL,CHILUKURU,2,COMMERCIAL,19,17,1089.0,21.1
KHAMMAM,WYRA,MADHIRA,MADHIRA RURAL,DENDUKURU,2,COMMERCIAL,160,124,15479.0,289.36
KHAMMAM,WYRA,MADHIRA,MADHIRA RURAL,JALAMUDI,2,COMMERCIAL,12,7,4233.0,23.24
KHAMMAM,WYRA,MADHIRA,MADHIRA RURAL,K I PADU,2,COMMERCIAL,27,21,1738.0,51.0
KHAMMAM,WYRA,MADHIRA,MADHIRA RURAL,KAZIPURAM,2,COMMERCIAL,13,10,1045.0,17.73
MAHABUBABAD,MAHABUBABAD,GUDUR,KOTHAGUDA,MADAGUDEM,2,COMMERCIAL,7,7,1287.0,18.36
MAHABUBABAD,MAHABUBABAD,GUDUR,KOTHAGUDA,MARRIGUDEM,2,COMMERCIAL,5,4,38.0,9.0
MAHABUBABAD,THORRUR,THORRUR,THORRUR(T),THORRUR A,2,COMMERCIAL,744,567,56397.0,1189.024
MANCHERIAL,BELLAMPALLY,BELLAMPALLY RURAL,VEMANAPALLY,NAGEPALLY,2,COMMERCIAL,1,1,17.0,1.0
MANCHERIAL,BELLAMPALLY,BELLAMPALLY RURAL,VEMANAPALLY,NEELWAI,2,COMMERCIAL,56,52,11220.0,137.774
MANCHERIAL,BELLAMPALLY,BELLAMPALLY RURAL,VEMANAPALLY,RAJARAM,2,COMMERCIAL,2,1,7.0,2.0
MANCHERIAL,BELLAMPALLY,BELLAMPALLY RURAL,VEMANAPALLY,SUMPTOM,2,COMMERCIAL,11,10,1477.0,19.37
MANCHERIAL,BELLAMPALLY,BELLAMPALLY RURAL,VEMANAPALLY,SURARAM,2,COMMERCIAL,3,3,26.0,5.0
MANCHERIAL,BELLAMPALLY,BELLAMPALLY RURAL,VEMANAPALLY,VEMANPALLY,2,COMMERCIAL,114,107,10085.0,221.272
MANCHERIAL,MANCHERIAL,CHENNUR,BHEEMARAM,ANKUSHAPUR,2,COMMERCIAL,2,2,130.0,3.0
MANCHERIAL,MANCHERIAL,CHENNUR,BHEEMARAM,AREPALLI,2,COMMERCIAL,8,8,211.0,10.424
MANCHERIAL,MANCHERIAL,CHENNUR,BHEEMARAM,BHEEMARAM,2,COMMERCIAL,309,285,27727.0,509.584
MANCHERIAL,MANCHERIAL,LUXETTIPET,JANNARAM,MURRIGUDA,2,COMMERCIAL,21,18,798.0,27.06
MANCHERIAL,MANCHERIAL,LUXETTIPET,JANNARAM,PAIDIPALLI,2,COMMERCIAL,1,1,13.0,3.0
MANCHERIAL,MANCHERIAL,LUXETTIPET,JANNARAM,PARAMPALLY,2,COMMERCIAL,1,1,19.0,1.0
MANCHERIAL,MANCHERIAL,LUXETTIPET,JANNARAM,PATHA PUTTIGUDA,2,COMMERCIAL,1,1,0.0,0.24
MANCHERIAL,MANCHERIAL,LUXETTIPET,JANNARAM,PONKAL,2,COMMERCIAL,14,11,556.0,8.38
MANCHERIAL,MANCHERIAL,LUXETTIPET,JANNARAM,RAMPUR,2,COMMERCIAL,13,12,344.0,14.836
MANCHERIAL,MANCHERIAL,LUXETTIPET,JANNARAM,RENDLAGUDA,2,COMMERCIAL,53,49,5497.0,96.87
MANCHERIAL,MANCHERIAL,LUXETTIPET,JANNARAM,ROTIGUDEM,2,COMMERCIAL,23,21,904.0,29.939
MANCHERIAL,MANCHERIAL,LUXETTIPET,JANNARAM,SINGRAIPET,2,COMMERCIAL,3,3,1282.0,16.0
MANCHERIAL,MANCHERIAL,LUXETTIPET,JANNARAM,T G PALLY,2,COMMERCIAL,9,5,143.0,12.46
MANCHERIAL,MANCHERIAL,LUXETTIPET,JANNARAM,TAPALPUR,2,COMMERCIAL,44,41,5918.0,96.335
NIRMAL,BHAINSA,BASAR,LOHESRA,HADGOAM,2,COMMERCIAL,4,4,113.0,7.0
NIRMAL,BHAINSA,BASAR,LOHESRA,HAVARGA,2,COMMERCIAL,11,8,295.0,9.494
NIRMAL,BHAINSA,BASAR,LOHESRA,JOHARPOOR,2,COMMERCIAL,6,4,234.0,6.249
NIRMAL,BHAINSA,BASAR,LOHESRA,KANKAPUR,2,COMMERCIAL,28,22,2111.0,67.649
NIRMAL,BHAINSA,BASAR,LOHESRA,KISTAPUR,2,COMMERCIAL,11,9,1093.0,21.2
NIRMAL,BHAINSA,BASAR,LOHESRA,LOHESRA,2,COMMERCIAL,327,287,34525.0,564.041
NIRMAL,BHAINSA,BASAR,LOHESRA,MANMAD,2,COMMERCIAL,44,35,5369.0,55.263
NIRMAL,BHAINSA,BASAR,LOHESRA,MOHALA,2,COMMERCIAL,8,5,228.0,6.44
NIRMAL,BHAINSA,BASAR,LOHESRA,NAGER,2,COMMERCIAL,15,12,932.0,27.51
NIRMAL,BHAINSA,BASAR,LOHESRA,NARSIMHANAGER TANDA,2,COMMERCIAL,1,1,67.0,1.0
NIRMAL,BHAINSA,BASAR,LOHESRA,PANCHIGUDA,2,COMMERCIAL,18,16,1027.0,22.7
NIRMAL,BHAINSA,BASAR,LOHESRA,PIPREE,2,COMMERCIAL,19,17,851.0,42.48
NIRMAL,BHAINSA,BASAR,LOHESRA,POTPALLY,2,COMMERCIAL,5,4,173.0,6.999
NIRMAL,NIRMAL,KHANAPUR,KADDAM,BELLAL,2,COMMERCIAL,33,28,8018.0,62.73
NIRMAL,NIRMAL,KHANAPUR,KADDAM,CHITYAL,2,COMMERCIAL,9,9,167.0,13.0
NIRMAL,NIRMAL,KHANAPUR,KADDAM,DATHOJIPET,2,COMMERCIAL,1,1,10.0,1.0
NIRMAL,NIRMAL,KHANAPUR,KADDAM,DHARMAJIPET,2,COMMERCIAL,18,12,498.0,19.87
NIRMAL,NIRMAL,KHANAPUR,KADDAM,DILDARNAGAR,2,COMMERCIAL,6,6,224.0,12.62
NIRMAL,NIRMAL,KHANAPUR,KADDAM,DOSTH NAGAR,2,COMMERCIAL,4,4,2937.0,20.24
NIRMAL,NIRMAL,KHANAPUR,KADDAM,GANGAPUR,2,COMMERCIAL,5,5,1900.0,28.0
NIRMAL,NIRMAL,KHANAPUR,KADDAM,KADDAM,2,COMMERCIAL,339,278,20271.0,447.9
NIRMAL,NIRMAL,KHANAPUR,KADDAM,KALLEDA,2,COMMERCIAL,12,11,471.0,17.68
NIRMAL,NIRMAL,KHANAPUR,KADDAM,KANNAPUR,2,COMMERCIAL,42,41,1700.0,64.36
NIRMAL,NIRMAL,KHANAPUR,KADDAM,KONDKUR,2,COMMERCIAL,26,22,1758.0,48.73
NIRMAL,NIRMAL,KHANAPUR,KADDAM,KURRATHANDA,2,COMMERCIAL,1,1,30.0,1.0
NIRMAL,NIRMAL,NIRMAL RURAL,LAXMANCHANDA,KANJAR NEW,2,COMMERCIAL,7,6,131.0,9.0
NIRMAL,NIRMAL,NIRMAL RURAL,LAXMANCHANDA,KANKAPUR,2,COMMERCIAL,174,153,11812.0,292.254
NIRMAL,NIRMAL,NIRMAL RURAL,LAXMANCHANDA,LAXMANCHANDA,2,COMMERCIAL,289,266,28045.0,441.842
NIRMAL,NIRMAL,NIRMAL RURAL,LAXMANCHANDA,MACHAPUR,2,COMMERCIAL,2,2,67.0,4.0
NIRMAL,NIRMAL,NIRMAL RURAL,LAXMANCHANDA,MALLAPUR,2,COMMERCIAL,22,18,4746.0,51.55
NIRMAL,NIRMAL,NIRMAL RURAL,LAXMANCHANDA,MUNEPALLI,2,COMMERCIAL,22,20,1250.0,30.81
NIRMAL,NIRMAL,NIRMAL RURAL,LAXMANCHANDA,NARSAPUR(W),2,COMMERCIAL,45,39,1291.0,58.974
NIRMAL,NIRMAL,NIRMAL RURAL,LAXMANCHANDA,PARPALLI,2,COMMERCIAL,39,29,5045.0,68.04
NIRMAL,NIRMAL,NIRMAL RURAL,LAXMANCHANDA,PEECHARA,2,COMMERCIAL,47,34,3711.0,70.548
NIRMAL,NIRMAL,NIRMAL RURAL,LAXMANCHANDA,POTHAPALLI(W),2,COMMERCIAL,9,7,356.0,12.74
NIZAMABAD,ARMOOR,PERKIT,BALAKONDA,BASSAPUR,2,COMMERCIAL,29,25,914.0,23.068
NIZAMABAD,ARMOOR,PERKIT,BALAKONDA,BODEPALLY,2,COMMERCIAL,65,62,2543.0,79.86
NIZAMABAD,ARMOOR,PERKIT,BALAKONDA,CHITTAPUR,2,COMMERCIAL,77,70,9974.0,112.396
NIZAMABAD,ARMOOR,PERKIT,BALAKONDA,ITHWARIPET,2,COMMERCIAL,15,13,635.0,16.26
NIZAMABAD,ARMOOR,PERKIT,BALAKONDA,JALALPUR,2,COMMERCIAL,30,30,3466.0,38.39
NIZAMABAD,ARMOOR,PERKIT,BALAKONDA,KISSANNAGAR,2,COMMERCIAL,182,166,16925.0,341.31
NIZAMABAD,ARMOOR,PERKIT,BALAKONDA,NAGAPUR,2,COMMERCIAL,23,20,2871.0,48.047
NIZAMABAD,ARMOOR,PERKIT,BALAKONDA,SRI RAMPUR,2,COMMERCIAL,10,10,295.0,10.04
PEDDAPALLY,MANTHANI,Manthani,MUTHARAM,SHALAGONDA PALLY,2,COMMERCIAL,2,2,39.0,3.0
PEDDAPALLY,PEDDAPALLY,KALVA SRIRAMPUR,SRIRAMPUR,PEDDAMPET     ,2,COMMERCIAL,8,7,200.0,8.26
PEDDAPALLY,PEDDAPALLY,KALVA SRIRAMPUR,SRIRAMPUR,PEGADAPALLY   ,2,COMMERCIAL,144,134,14905.0,224.179
PEDDAPALLY,PEDDAPALLY,KALVA SRIRAMPUR,SRIRAMPUR,RATHA PALLY,2,COMMERCIAL,25,21,1827.0,34.4
PEDDAPALLY,PEDDAPALLY,KALVA SRIRAMPUR,SRIRAMPUR,THARA PALLY ,2,COMMERCIAL,11,10,1024.0,28.02
PEDDAPALLY,PEDDAPALLY,KALVA SRIRAMPUR,SRIRAMPUR,USHANNA PALLY H/O GANGARAM    ,2,COMMERCIAL,26,21,1027.0,31.06
PEDDAPALLY,PEDDAPALLY,KALVA SRIRAMPUR,SRIRAMPUR,VENNAM PALLY  ,2,COMMERCIAL,55,50,6926.0,101.44
PEDDAPALLY,PEDDAPALLY,PEDDAPALLY,BOMPALLY,ANDUGULAPALLY,2,COMMERCIAL,38,26,4358.0,119.34
KHAMMAM,SATHUPALLY,THALLADA,THALLADA,THALLADA,2,COMMERCIAL,570,515,66762.0,1087.918
KHAMMAM,SATHUPALLY,THALLADA,THALLADA,VENGANNAPET,2,COMMERCIAL,21,18,1651.0,48.52
KHAMMAM,SATHUPALLY,THALLADA,THALLADA,VENKATRAMTHANDA,2,COMMERCIAL,1,1,50.0,1.998
KHAMMAM,WYRA,MADHIRA,MADHIRA,ALLINAGARAM,2,COMMERCIAL,8,6,264.0,9.2
KHAMMAM,WYRA,MADHIRA,MADHIRA,ATHKURU,2,COMMERCIAL,63,49,12313.0,178.75
KHAMMAM,WYRA,MADHIRA,MADHIRA,BAYYARAM,2,COMMERCIAL,7,4,15.0,13.6
KHAMMAM,WYRA,MADHIRA,MADHIRA,DESINENIPALEM,2,COMMERCIAL,44,38,1514.0,65.5
KHAMMAM,WYRA,MADHIRA,MADHIRA,ILLURU,2,COMMERCIAL,23,14,788.0,27.18
KHAMMAM,WYRA,MADHIRA,MADHIRA,JILUGUMADU,2,COMMERCIAL,100,75,11670.0,248.805
KHAMMAM,WYRA,MADHIRA,MADHIRA,MADHIRA,2,COMMERCIAL,2465,2156,300421.0,5821.499
MAHABUBABAD,MAHABUBABAD,GUDUR,KOTHAGUDA,KAMARAM,2,COMMERCIAL,4,4,25.0,8.5
MAHABUBABAD,MAHABUBABAD,GUDUR,KOTHAGUDA,KARLAI,2,COMMERCIAL,3,3,176.0,4.5
MAHABUBABAD,MAHABUBABAD,GUDUR,KOTHAGUDA,KARNAGANDI,2,COMMERCIAL,1,0,0.0,5.0
MAHABUBABAD,MAHABUBABAD,GUDUR,KOTHAGUDA,KATINAGAR,2,COMMERCIAL,2,2,165.0,2.0
MAHABUBABAD,MAHABUBABAD,GUDUR,KOTHAGUDA,KODISHALAMITTA,2,COMMERCIAL,1,1,0.0,5.0
MAHABUBABAD,MAHABUBABAD,GUDUR,KOTHAGUDA,KOMATLAGUDA,2,COMMERCIAL,19,17,2551.0,40.22
MAHABUBABAD,MAHABUBABAD,GUDUR,KOTHAGUDA,KONAPUR,2,COMMERCIAL,13,13,464.0,15.8
MAHABUBABAD,MAHABUBABAD,GUDUR,KOTHAGUDA,KOTHAGUDA(H.Q),2,COMMERCIAL,366,304,29801.0,488.366
MAHABUBABAD,MAHABUBABAD,GUDUR,KOTHAGUDA,KOTHAPALLY,2,COMMERCIAL,11,10,421.0,12.0
MAHABUBABAD,MAHABUBABAD,GUDUR,KOTHAGUDA,LADAIGADDA ,2,COMMERCIAL,4,3,178.0,9.0
MAHABUBABAD,MAHABUBABAD,KORIVI,KORIVI,PEDDA THANDA,2,COMMERCIAL,16,14,2114.0,39.35
MAHABUBABAD,MAHABUBABAD,KORIVI,KORIVI,POLAMPALLY THANDA ,2,COMMERCIAL,3,3,93.0,8.0
MAHABUBABAD,MAHABUBABAD,KORIVI,KORIVI,RAJOLE,2,COMMERCIAL,59,49,7316.0,108.424
MAHABUBABAD,MAHABUBABAD,KORIVI,KORIVI,RAMACHANDRAPUR,2,COMMERCIAL,1,1,48.0,0.24
MAHABUBABAD,MAHABUBABAD,KORIVI,KORIVI,RENUKA THANDA(K),2,COMMERCIAL,1,1,50.0,1.0
MAHABUBABAD,MAHABUBABAD,KORIVI,KORIVI,THATTUPALLI,2,COMMERCIAL,15,13,1936.0,31.33
MAHABUBABAD,MAHABUBABAD,KORIVI,KORIVI,THATYA THANA,2,COMMERCIAL,4,3,802.0,7.0
MAHABUBABAD,MAHABUBABAD,KORIVI,KORIVI,THIRUMALAPUR,2,COMMERCIAL,9,7,1012.0,14.75
MAHABUBABAD,MAHABUBABAD,KORIVI,KORIVI,THULISYA THANDA,2,COMMERCIAL,1,1,14.0,2.0
MAHABUBABAD,MAHABUBABAD,KORIVI,KOTHAPETA,ALLI GUDEM  - BAY,2,COMMERCIAL,1,0,0.0,1.0
MAHABUBABAD,MAHABUBABAD,KORIVI,KOTHAPETA,AMRIYA THANDA-BY,2,COMMERCIAL,1,1,1439.0,10.0
MAHABUBABAD,MAHABUBABAD,KORIVI,KOTHAPETA,BALAJIPETA,2,COMMERCIAL,16,13,678.0,21.08
MAHABUBABAD,THORRUR,MARIPEDA,MARIPEDA,GUNDEPUDI,2,COMMERCIAL,32,31,6733.0,59.67
MAHABUBABAD,THORRUR,MARIPEDA,MARIPEDA,GURRAPU THANDA,2,COMMERCIAL,6,6,93.0,7.98
MAHABUBABAD,THORRUR,MARIPEDA,MARIPEDA,KOTIYA THANDA,2,COMMERCIAL,1,1,0.0,1.0
MAHABUBABAD,THORRUR,MARIPEDA,MARIPEDA,LACHYA THANDA,2,COMMERCIAL,4,4,679.0,22.0
MAHABUBABAD,THORRUR,MARIPEDA,MARIPEDA,LUNAVATH THANDA,2,COMMERCIAL,1,1,7.0,1.0
MAHABUBABAD,THORRUR,MARIPEDA,MARIPEDA,MADHURIPURAM,2,COMMERCIAL,6,5,300.0,10.03
MAHABUBABAD,THORRUR,MARIPEDA,MARIPEDA,MARIPEDA  (HQ),2,COMMERCIAL,278,160,58022.0,971.645
MAHABUBABAD,THORRUR,MARIPEDA,MARIPEDA,MARIPEDA TOWN 1,2,COMMERCIAL,547,518,42390.0,883.677
MAHABUBABAD,THORRUR,MARIPEDA,MARIPEDA,MARIPEDA TOWN 2,2,COMMERCIAL,568,556,31700.0,884.239
MAHABUBABAD,THORRUR,MARIPEDA,MARIPEDA,MULAMARRI THANDA,2,COMMERCIAL,8,7,31.0,15.0
MAHABUBABAD,THORRUR,MARIPEDA,MARIPEDA,PURUSHOTHAMA GUDEM,2,COMMERCIAL,24,18,731.0,30.35
MAHABUBABAD,THORRUR,THORRUR,THORRUR(T),HACHU THANDA,2,COMMERCIAL,7,5,153.0,11.0
MAHABUBABAD,THORRUR,THORRUR,THORRUR(T),JAMASTHANPUR,2,COMMERCIAL,4,3,47.0,5.0
MAHABUBABAD,THORRUR,THORRUR,THORRUR(T),JANGALA BAZAR,2,COMMERCIAL,12,11,106.0,23.0
MAHABUBABAD,THORRUR,THORRUR,THORRUR(T),JATOTH SOMULA THANDA,2,COMMERCIAL,1,1,0.0,1.0
MAHABUBABAD,THORRUR,THORRUR,THORRUR(T),KHANAPUR,2,COMMERCIAL,6,5,103.0,19.15
MAHABUBABAD,THORRUR,THORRUR,THORRUR(T),KOMMANAPALLY,2,COMMERCIAL,1,1,62.0,1.0
MAHABUBABAD,THORRUR,THORRUR,THORRUR(T),NEW MARKET AREA,2,COMMERCIAL,21,21,1792.0,45.0
MAHABUBABAD,THORRUR,THORRUR,THORRUR(T),OLD MARKET ROAD,2,COMMERCIAL,8,8,538.0,13.24
MAHABUBABAD,THORRUR,THORRUR,THORRUR(T),SAI NAGAR,2,COMMERCIAL,17,15,1549.0,35.0
MAHABUBABAD,THORRUR,THORRUR,THORRUR(T),SC COLONY,2,COMMERCIAL,6,6,126.0,10.0
MAHABUBABAD,THORRUR,THORRUR,THORRUR(T),SCAURVY NAGAR,2,COMMERCIAL,10,9,965.0,20.0
MAHABUBABAD,THORRUR,THORRUR,THORRUR(T),SOMARAM,2,COMMERCIAL,39,28,3983.0,55.95
MAHABUBABAD,THORRUR,THORRUR,THORRUR(T),TEACHERS COLONY,2,COMMERCIAL,59,55,5068.0,137.0
NIRMAL,NIRMAL,KHANAPUR,DASTURABAD,Munnial tanda,2,COMMERCIAL,1,1,0.0,1.0
NIRMAL,NIRMAL,KHANAPUR,DASTURABAD,PARKAPALLI,2,COMMERCIAL,21,21,1312.0,46.49
NIRMAL,NIRMAL,KHANAPUR,DASTURABAD,RAMPUR,2,COMMERCIAL,4,4,120.0,7.0
NIRMAL,NIRMAL,KHANAPUR,DASTURABAD,REVOJIPET(OLD),2,COMMERCIAL,45,42,5390.0,75.26
NIRMAL,NIRMAL,KHANAPUR,KADDAM,ALAMPALLY,2,COMMERCIAL,4,4,1248.0,14.0
NIRMAL,NIRMAL,KHANAPUR,KADDAM,AMBARIPET,2,COMMERCIAL,20,17,1644.0,30.26
NIRMAL,NIRMAL,NIRMAL RURAL,DILWARPUR,RAMPUR,2,COMMERCIAL,50,42,4489.0,89.73
NIRMAL,NIRMAL,NIRMAL RURAL,DILWARPUR,RATHNAPURKANDLY,2,COMMERCIAL,3,3,0.0,1.47
NIRMAL,NIRMAL,NIRMAL RURAL,DILWARPUR,SAMANDERPALLY,2,COMMERCIAL,8,8,337.0,12.0
NIRMAL,NIRMAL,NIRMAL RURAL,DILWARPUR,SANGVI (OLD),2,COMMERCIAL,11,9,210.0,15.26
NIRMAL,NIRMAL,NIRMAL RURAL,DILWARPUR,SIRGAPUR,2,COMMERCIAL,71,58,9633.0,177.479
NIRMAL,NIRMAL,NIRMAL RURAL,DILWARPUR,TEMBURNI,2,COMMERCIAL,31,30,2401.0,51.22
NIRMAL,NIRMAL,NIRMAL RURAL,LAXMANCHANDA,BABAPUR,2,COMMERCIAL,15,11,2983.0,43.062
NIRMAL,NIRMAL,NIRMAL RURAL,LAXMANCHANDA,BOREGOAN,2,COMMERCIAL,21,19,1806.0,45.29
NIRMAL,NIRMAL,NIRMAL RURAL,LAXMANCHANDA,CHAMANPALLI,2,COMMERCIAL,46,44,2607.0,63.15
NIRMAL,NIRMAL,NIRMAL RURAL,LAXMANCHANDA,CHINTAL CHANDA,2,COMMERCIAL,21,16,1733.0,28.637
NIRMAL,NIRMAL,NIRMAL RURAL,LAXMANCHANDA,DHARMARAM,2,COMMERCIAL,19,16,2169.0,43.47
NIZAMABAD,ARMOOR,MORTHAD,YERGATLA,GUMMIRIAL,2,COMMERCIAL,41,38,6102.0,73.786
NIZAMABAD,ARMOOR,MORTHAD,YERGATLA,NAGENDRANAGAR,2,COMMERCIAL,8,6,117.0,12.172
NIZAMABAD,ARMOOR,MORTHAD,YERGATLA,PALEM,2,COMMERCIAL,103,97,12098.0,132.014
NIZAMABAD,ARMOOR,MORTHAD,YERGATLA,SHETPALLI,2,COMMERCIAL,56,50,6559.0,80.821
NIZAMABAD,ARMOOR,MORTHAD,YERGATLA,THADPAKAL,2,COMMERCIAL,36,36,3553.0,65.941
NIZAMABAD,ARMOOR,MORTHAD,YERGATLA,THALLARAMPOOR,2,COMMERCIAL,97,86,8416.0,177.504
NIZAMABAD,ARMOOR,MORTHAD,YERGATLA,THIMMAPOOR,2,COMMERCIAL,124,119,12807.0,184.057
NIZAMABAD,ARMOOR,MORTHAD,YERGATLA,THORTHI,2,COMMERCIAL,52,47,2223.0,73.263
NIZAMABAD,ARMOOR,MORTHAD,YERGATLA,YERGATLA,2,COMMERCIAL,249,232,22796.0,358.713
NIZAMABAD,ARMOOR,PERKIT,BALAKONDA,BALAKONDA,2,COMMERCIAL,823,787,74621.0,1310.403
NIZAMABAD,BODHAN,YEDPALLY,RENJAL,BOREGOAN,2,COMMERCIAL,43,32,5384.0,50.2
NIZAMABAD,BODHAN,YEDPALLY,RENJAL,DANDIGUTTA,2,COMMERCIAL,9,9,322.0,18.26
NIZAMABAD,BODHAN,YEDPALLY,RENJAL,DOOPALLY,2,COMMERCIAL,74,61,9112.0,113.061
NIZAMABAD,BODHAN,YEDPALLY,RENJAL,KALYA POOR,2,COMMERCIAL,29,28,6599.0,56.003
NIZAMABAD,BODHAN,YEDPALLY,RENJAL,KANDAKURTY,2,COMMERCIAL,97,88,9786.0,135.707
NIZAMABAD,BODHAN,YEDPALLY,RENJAL,KISHAN THANDA,2,COMMERCIAL,1,1,15.0,1.0
NIZAMABAD,BODHAN,YEDPALLY,RENJAL,KUNEPALLY,2,COMMERCIAL,21,17,657.0,19.36
NIZAMABAD,BODHAN,YEDPALLY,RENJAL,NEELA,2,COMMERCIAL,158,135,14202.0,251.671
NIZAMABAD,BODHAN,YEDPALLY,RENJAL,NEELA PAPER MILL,2,COMMERCIAL,18,17,1922.0,26.48
NIZAMABAD,BODHAN,YEDPALLY,RENJAL,RENJAL,2,COMMERCIAL,180,142,26378.0,300.761
NIZAMABAD,BODHAN,YEDPALLY,RENJAL,SATAPOOR,2,COMMERCIAL,199,182,16546.0,305.832
NIZAMABAD,DICHPALLY,NIZAMABAD - RURAL,MUGPAL,MANCHIPPA,2,COMMERCIAL,95,71,10609.0,151.011
NIZAMABAD,DICHPALLY,NIZAMABAD - RURAL,MUGPAL,MUDHAKPALLY,2,COMMERCIAL,67,52,9037.0,127.8
NIZAMABAD,DICHPALLY,NIZAMABAD - RURAL,MUGPAL,MUGPAL,2,COMMERCIAL,244,215,21814.0,501.768
NIZAMABAD,DICHPALLY,NIZAMABAD - RURAL,MUGPAL,NARSINGPALLY,2,COMMERCIAL,67,58,5768.0,90.04
NIZAMABAD,DICHPALLY,NIZAMABAD - RURAL,MUGPAL,NYALKAL,2,COMMERCIAL,214,181,21669.0,424.748
NIZAMABAD,DICHPALLY,NIZAMABAD - RURAL,MUGPAL,ODDERA COLONY,2,COMMERCIAL,12,9,2554.0,24.586
NIZAMABAD,DICHPALLY,NIZAMABAD - RURAL,MUGPAL,SINGAMPALLY,2,COMMERCIAL,41,36,2788.0,58.516
NIZAMABAD,DICHPALLY,NIZAMABAD - RURAL,MUGPAL,SIRPUR,2,COMMERCIAL,95,74,7268.0,170.14
NIZAMABAD,DICHPALLY,NIZAMABAD - RURAL,MUGPAL,THANAKHURD,2,COMMERCIAL,21,17,1049.0,23.95
NIZAMABAD,NIZAMABAD,NIZAMABAD - TOWN,DISTRIBUTION-VI,K7,2,COMMERCIAL,509,418,60407.0,676.014
NIZAMABAD,NIZAMABAD,NIZAMABAD - TOWN,DISTRIBUTION-VI,L4,2,COMMERCIAL,1127,1025,133780.0,1979.796
NIZAMABAD,NIZAMABAD,NIZAMABAD - TOWN,DISTRIBUTION-VI,L5,2,COMMERCIAL,772,667,85074.0,1571.478
NIZAMABAD,NIZAMABAD,NIZAMABAD - TOWN,DISTRIBUTION-VI,L6,2,COMMERCIAL,1331,1189,121216.0,2267.612
NIZAMABAD,NIZAMABAD,NIZAMABAD TOWN 2,DISTRIBUTION-II,K5,2,COMMERCIAL,1079,1002,119341.0,1960.155
NIZAMABAD,NIZAMABAD,NIZAMABAD TOWN 2,DISTRIBUTION-II,K6,2,COMMERCIAL,712,652,54928.0,1058.566
NIZAMABAD,NIZAMABAD,NIZAMABAD TOWN 2,DISTRIBUTION-II,M3,2,COMMERCIAL,1447,1400,98129.0,2023.748
NIZAMABAD,NIZAMABAD,NIZAMABAD TOWN 2,DISTRIBUTION-II,M4,2,COMMERCIAL,608,505,78886.0,1307.782
PEDDAPALLY,MANTHANI,Manthani,MUTHARAM,MACHU PET,2,COMMERCIAL,29,29,4138.0,68.0
PEDDAPALLY,MANTHANI,Manthani,MUTHARAM,MAIDAM BANDA,2,COMMERCIAL,22,21,3250.0,42.58
PEDDAPALLY,MANTHANI,Manthani,MUTHARAM,MUTHARAM,2,COMMERCIAL,163,158,20684.0,335.61
PEDDAPALLY,MANTHANI,Manthani,MUTHARAM,ODEDU,2,COMMERCIAL,31,25,5265.0,68.55
PEDDAPALLY,MANTHANI,Manthani,MUTHARAM,PARPALLY,2,COMMERCIAL,12,11,252.0,13.78
PEDDAPALLY,MANTHANI,Manthani,MUTHARAM,POTHARAM,2,COMMERCIAL,13,13,487.0,21.0
PEDDAPALLY,MANTHANI,Manthani,MUTHARAM,RAMAKISTAPUR,2,COMMERCIAL,5,4,3120.0,15.0
PEDDAPALLY,MANTHANI,Manthani,MUTHARAM,RANGAIAHPALLY,2,COMMERCIAL,3,3,51.0,2.64
PEDDAPALLY,MANTHANI,Manthani,MUTHARAM,SARVARAM,2,COMMERCIAL,4,4,42.0,6.0
MAHABUBABAD,MAHABUBABAD,KORIVI,KORIVI,NARAYANPUR,2,COMMERCIAL,7,6,400.0,17.0
MAHABUBABAD,MAHABUBABAD,KORIVI,KORIVI,NERADA,2,COMMERCIAL,58,50,7785.0,132.138
MAHABUBABAD,THORRUR,MARIPEDA,MARIPEDA,ABBAIPALEM,2,COMMERCIAL,36,27,6180.0,144.42
MAHABUBABAD,THORRUR,MARIPEDA,MARIPEDA,ABBAIPALEM THANDA,2,COMMERCIAL,1,0,0.0,15.0
MAHABUBABAD,THORRUR,MARIPEDA,MARIPEDA,AMRUNAIK THANDA,2,COMMERCIAL,2,2,78.0,4.0
MAHABUBABAD,THORRUR,MARIPEDA,MARIPEDA,AZMEERA THANDA,2,COMMERCIAL,3,2,27.0,8.0
MAHABUBABAD,THORRUR,MARIPEDA,MARIPEDA,BEECHARAJ PALLI,2,COMMERCIAL,7,5,6399.0,23.68
MAHABUBABAD,THORRUR,MARIPEDA,MARIPEDA,BHUKYA THANDA,2,COMMERCIAL,1,1,0.0,1.0
MAHABUBABAD,THORRUR,MARIPEDA,MARIPEDA,BURHANPUR,2,COMMERCIAL,30,26,2488.0,78.59
MAHABUBABAD,THORRUR,MARIPEDA,MARIPEDA,DHARAVATH THANDA,2,COMMERCIAL,1,1,0.0,1.0
MAHABUBABAD,THORRUR,MARIPEDA,MARIPEDA,DHARMARAM,2,COMMERCIAL,19,15,955.0,40.282
MAHABUBABAD,THORRUR,MARIPEDA,MARIPEDA,DSR JANDALA THANDA,2,COMMERCIAL,1,1,57.0,1.0
MAHABUBABAD,THORRUR,MARIPEDA,MARIPEDA,ERJERLA,2,COMMERCIAL,24,16,1917.0,42.6
MAHABUBABAD,THORRUR,MARIPEDA,MARIPEDA,GALIVARIGUDEM,2,COMMERCIAL,8,5,2956.0,27.54
MAHABUBABAD,THORRUR,THORRUR,PEDDA VANGARA,UPPARI GUDEM,2,COMMERCIAL,26,24,1565.0,53.63
MAHABUBABAD,THORRUR,THORRUR,PEDDA VANGARA,WADDEKOTHAPALLI,2,COMMERCIAL,25,22,2325.0,56.02
MAHABUBABAD,THORRUR,THORRUR,THORRUR(T),AMMAPURAM,2,COMMERCIAL,60,48,8843.0,99.11
MAHABUBABAD,THORRUR,THORRUR,THORRUR(T),BEERAPPANAGAR,2,COMMERCIAL,54,53,3477.0,108.0
MAHABUBABAD,THORRUR,THORRUR,THORRUR(T),CHINTAPALLY,2,COMMERCIAL,13,11,822.0,16.9
MAHABUBABAD,THORRUR,THORRUR,THORRUR(T),DUBBA THANDA,2,COMMERCIAL,20,19,2050.0,48.19
MAHABUBABAD,THORRUR,THORRUR,THORRUR(T),ERRA SOMULA THANDA,2,COMMERCIAL,3,2,234.0,7.0
MAHABUBABAD,THORRUR,THORRUR,THORRUR(T),G.K THANDA,2,COMMERCIAL,6,5,166.0,13.81
MAHABUBABAD,THORRUR,THORRUR,THORRUR(T),GOLLA BAZAR,2,COMMERCIAL,18,18,4529.0,43.0
MAHABUBABAD,THORRUR,THORRUR,THORRUR(T),GURTHUR,2,COMMERCIAL,47,41,6444.0,86.62
MANCHERIAL,BELLAMPALLY,BELLAMPALLY RURAL,VEMANAPALLY,KALMALPET,2,COMMERCIAL,5,5,115.0,12.0
MANCHERIAL,BELLAMPALLY,BELLAMPALLY RURAL,VEMANAPALLY,KETHANPALLI,2,COMMERCIAL,18,15,388.0,27.6
MANCHERIAL,BELLAMPALLY,BELLAMPALLY RURAL,VEMANAPALLY,KOTHAPALLI,2,COMMERCIAL,4,4,64.0,4.4
MANCHERIAL,BELLAMPALLY,BELLAMPALLY RURAL,VEMANAPALLY,LAXMIPUR,2,COMMERCIAL,7,7,502.0,16.0
MANCHERIAL,BELLAMPALLY,BELLAMPALLY RURAL,VEMANAPALLY,LINGALA,2,COMMERCIAL,10,9,682.0,23.42
MANCHERIAL,BELLAMPALLY,BELLAMPALLY RURAL,VEMANAPALLY,MAMADA,2,COMMERCIAL,1,0,0.0,1.0
MANCHERIAL,BELLAMPALLY,BELLAMPALLY RURAL,VEMANAPALLY,MUKKUDIGUDEM,2,COMMERCIAL,1,1,1.0,5.0
MANCHERIAL,BELLAMPALLY,BELLAMPALLY RURAL,VEMANAPALLY,MULKALPET,2,COMMERCIAL,16,13,596.0,23.186
MANCHERIAL,BELLAMPALLY,BELLAMPALLY RURAL,VEMANAPALLY,NAGARAM,2,COMMERCIAL,3,3,48.0,4.0
MANCHERIAL,MANCHERIAL,LUXETTIPET,JANNARAM,KALAMADUGU,2,COMMERCIAL,89,85,9925.0,151.297
MANCHERIAL,MANCHERIAL,LUXETTIPET,JANNARAM,KAMANPALLI,2,COMMERCIAL,29,29,4967.0,63.784
MANCHERIAL,MANCHERIAL,LUXETTIPET,JANNARAM,KAWAL,2,COMMERCIAL,25,23,4289.0,52.844
MANCHERIAL,MANCHERIAL,LUXETTIPET,JANNARAM,KISHTAPUR,2,COMMERCIAL,36,31,3468.0,45.96
MANCHERIAL,MANCHERIAL,LUXETTIPET,JANNARAM,KOTHAPET,2,COMMERCIAL,2,2,29.0,2.72
MANCHERIAL,MANCHERIAL,LUXETTIPET,JANNARAM,KOTHAPUTTIGUDA,2,COMMERCIAL,3,0,0.0,4.0
MANCHERIAL,MANCHERIAL,LUXETTIPET,JANNARAM,KOTHUR PALLY,2,COMMERCIAL,2,2,65.0,3.0
MANCHERIAL,MANCHERIAL,LUXETTIPET,JANNARAM,LINGAIPALLY,2,COMMERCIAL,8,8,371.0,12.644
MANCHERIAL,MANCHERIAL,LUXETTIPET,JANNARAM,LOTHORRE,2,COMMERCIAL,1,1,0.0,1.0
MANCHERIAL,MANCHERIAL,LUXETTIPET,JANNARAM,MALYAL,2,COMMERCIAL,1,1,0.0,1.0
MANCHERIAL,MANCHERIAL,LUXETTIPET,JANNARAM,MARRIMEDUGU,2,COMMERCIAL,42,41,3771.0,70.908
MANCHERIAL,MANCHERIAL,LUXETTIPET,JANNARAM,MOHMADABAD,2,COMMERCIAL,8,7,114.0,7.484
NIRMAL,BHAINSA,BASAR,BASAR,MAILAPUR,2,COMMERCIAL,2,1,21.0,2.0
NIRMAL,BHAINSA,BASAR,BASAR,SALAPUR,2,COMMERCIAL,3,3,1705.0,12.0
NIRMAL,BHAINSA,BASAR,BASAR,SAWERGOAM,2,COMMERCIAL,2,1,0.0,2.0
NIRMAL,BHAINSA,BASAR,BASAR,TAKLY,2,COMMERCIAL,14,11,734.0,22.25
NIRMAL,BHAINSA,BASAR,BASAR,VONI,2,COMMERCIAL,22,19,858.0,30.54
NIRMAL,BHAINSA,BASAR,LOHESRA,ABDULLAPUR,2,COMMERCIAL,80,68,10816.0,116.508
NIRMAL,BHAINSA,BASAR,LOHESRA,BAGAPUR,2,COMMERCIAL,2,2,100.0,2.0
NIRMAL,BHAINSA,BASAR,LOHESRA,BAMINI (K),2,COMMERCIAL,10,9,212.0,11.24
NIRMAL,BHAINSA,BASAR,LOHESRA,BILLOLE,2,COMMERCIAL,15,13,1933.0,37.491
NIRMAL,BHAINSA,BASAR,LOHESRA,DHARMORA,2,COMMERCIAL,36,23,6768.0,60.991
NIRMAL,BHAINSA,BASAR,LOHESRA,EDDUR,2,COMMERCIAL,3,3,235.0,9.0
NIRMAL,BHAINSA,BASAR,LOHESRA,GADCHANDA,2,COMMERCIAL,61,56,5910.0,84.919
NIRMAL,BHAINSA,BASAR,LOHESRA,GODISRA,2,COMMERCIAL,19,17,5423.0,28.739
NIRMAL,NIRMAL,KHANAPUR,DASTURABAD,DASTURABAD,2,COMMERCIAL,119,108,13585.0,686.384
NIRMAL,NIRMAL,KHANAPUR,DASTURABAD,DEVUNIGUDAM,2,COMMERCIAL,13,13,199.0,15.27
NIRMAL,NIRMAL,KHANAPUR,DASTURABAD,ERRAGUNTA,2,COMMERCIAL,4,3,50.0,6.0
NIRMAL,NIRMAL,KHANAPUR,DASTURABAD,GODESERYARAL,2,COMMERCIAL,14,13,1790.0,28.5
NIRMAL,NIRMAL,KHANAPUR,DASTURABAD,MALLAPUR,2,COMMERCIAL,11,8,599.0,25.44
NIRMAL,NIRMAL,KHANAPUR,DASTURABAD,MUNYAL,2,COMMERCIAL,72,64,4701.0,103.65
NIZAMABAD,DICHPALLY,NIZAMABAD - RURAL,MUGPAL,GUDI THANDA - (M),2,COMMERCIAL,3,3,66.0,3.0
NIZAMABAD,DICHPALLY,NIZAMABAD - RURAL,MUGPAL,KALPOLE,2,COMMERCIAL,2,2,733.0,9.0
NIZAMABAD,DICHPALLY,NIZAMABAD - RURAL,MUGPAL,KANJAR,2,COMMERCIAL,67,54,12189.0,189.066
NIZAMABAD,DICHPALLY,NIZAMABAD - RURAL,MUGPAL,KASABAGH T,2,COMMERCIAL,10,10,1515.0,30.28
NIZAMABAD,DICHPALLY,NIZAMABAD - RURAL,MUGPAL,KULASPUR,2,COMMERCIAL,59,49,5608.0,100.87
NIZAMABAD,DICHPALLY,NIZAMABAD - RURAL,MUGPAL,KULASPUR T,2,COMMERCIAL,2,2,1.0,4.986
NIZAMABAD,NIZAMABAD,NAVIPET,NAVIPET,NAVIPET,2,COMMERCIAL,840,731,83953.0,1407.956
NIZAMABAD,NIZAMABAD,NAVIPET,NAVIPET,POTHANGAL,2,COMMERCIAL,22,16,2482.0,42.56
NIZAMABAD,NIZAMABAD,NAVIPET,NAVIPET,RAMPOOR  N,2,COMMERCIAL,5,5,4945.0,28.28
NIZAMABAD,NIZAMABAD,NAVIPET,NAVIPET,SHIVA THANDA,2,COMMERCIAL,6,5,323.0,16.26
NIZAMABAD,NIZAMABAD,NAVIPET,NAVIPET,STATION AREA,2,COMMERCIAL,45,43,2586.0,58.496
NIZAMABAD,NIZAMABAD,NAVIPET,NAVIPET,YAMCHA,2,COMMERCIAL,49,42,1804.0,92.769
NIZAMABAD,NIZAMABAD,NIZAMABAD - TOWN,DISTIBUTION-I,BABAN SA PAPHAD,2,COMMERCIAL,472,423,38567.0,752.848
NIZAMABAD,NIZAMABAD,NIZAMABAD - TOWN,DISTIBUTION-I,L1,2,COMMERCIAL,1472,1244,163369.0,2426.941
NIZAMABAD,NIZAMABAD,NIZAMABAD - TOWN,DISTIBUTION-I,L2,2,COMMERCIAL,329,298,31767.0,456.892
NIZAMABAD,NIZAMABAD,NIZAMABAD - TOWN,DISTIBUTION-I,L3,2,COMMERCIAL,480,380,40912.0,810.835
NIZAMABAD,NIZAMABAD,NIZAMABAD - TOWN,DISTRIBUTION-VI,K4,2,COMMERCIAL,752,585,81682.0,1605.936
PEDDAPALLY,MANTHANI,Manthani,MANTHANI TOWN,VILOCHAVARAM,2,COMMERCIAL,13,11,1741.0,31.0
PEDDAPALLY,MANTHANI,Manthani,MUTHARAM,ADIVISREERAMPOOR,2,COMMERCIAL,59,57,4305.0,84.355
PEDDAPALLY,MANTHANI,Manthani,MUTHARAM,DHARIYA POOR,2,COMMERCIAL,3,2,17.0,3.0
PEDDAPALLY,MANTHANI,Manthani,MUTHARAM,HARIPURAM,2,COMMERCIAL,7,7,216.0,7.24
PEDDAPALLY,MANTHANI,Manthani,MUTHARAM,IPPALAPALLY,2,COMMERCIAL,9,8,358.0,11.9
PEDDAPALLY,MANTHANI,Manthani,MUTHARAM,JILLELLA PELLY,2,COMMERCIAL,4,4,181.0,6.12
PEDDAPALLY,MANTHANI,Manthani,MUTHARAM,KESHANA PELLY,2,COMMERCIAL,49,47,4378.0,101.514
PEDDAPALLY,MANTHANI,Manthani,MUTHARAM,KHAMMAMPALLY,2,COMMERCIAL,36,34,6710.0,79.202
PEDDAPALLY,MANTHANI,Manthani,MUTHARAM,LAKKARAM,2,COMMERCIAL,38,36,2886.0,61.88
PEDDAPALLY,PEDDAPALLY,KALVA SRIRAMPUR,SRIRAMPUR,KOTHAPALLY    ,2,COMMERCIAL,3,3,1299.0,7.15
PEDDAPALLY,PEDDAPALLY,KALVA SRIRAMPUR,SRIRAMPUR,LAXMIPUR  H/O PANDILLA        ,2,COMMERCIAL,3,2,52.0,3.26
PEDDAPALLY,PEDDAPALLY,KALVA SRIRAMPUR,SRIRAMPUR,MADIPALLY (J) (REC)           ,2,COMMERCIAL,14,12,632.0,21.52
PEDDAPALLY,PEDDAPALLY,KALVA SRIRAMPUR,SRIRAMPUR,MADIPALLY COLONY,2,COMMERCIAL,2,2,9.0,3.0
PEDDAPALLY,PEDDAPALLY,KALVA SRIRAMPUR,SRIRAMPUR,MALLIAL,2,COMMERCIAL,28,27,4606.0,39.8
PEDDAPALLY,PEDDAPALLY,KALVA SRIRAMPUR,SRIRAMPUR,MANGAPET (REC),2,COMMERCIAL,34,30,1304.0,62.96
PEDDAPALLY,PEDDAPALLY,KALVA SRIRAMPUR,SRIRAMPUR,MIRZAMPET (REC)H/O POCHAMPALY ,2,COMMERCIAL,32,31,1335.0,53.178
PEDDAPALLY,PEDDAPALLY,KALVA SRIRAMPUR,SRIRAMPUR,MOTLA PALLY,2,COMMERCIAL,20,17,3261.0,31.24
PEDDAPALLY,PEDDAPALLY,KALVA SRIRAMPUR,SRIRAMPUR,PANDILLA (REC),2,COMMERCIAL,37,37,5453.0,51.06
KHAMMAM,SATHUPALLY,THALLADA,THALLADA,JAGANNADHAPURAM,2,COMMERCIAL,6,5,177.0,7.171
KHAMMAM,SATHUPALLY,THALLADA,THALLADA,KOTHA VENKATAGIRI,2,COMMERCIAL,7,6,212.0,9.388
KHAMMAM,SATHUPALLY,THALLADA,THALLADA,MALLARAM,2,COMMERCIAL,97,86,4804.0,129.558
KHAMMAM,SATHUPALLY,THALLADA,THALLADA,MANGAPURAM,2,COMMERCIAL,2,2,0.0,1.999
KHAMMAM,SATHUPALLY,THALLADA,THALLADA,NARASIMHARAOPET,2,COMMERCIAL,9,8,927.0,13.608
KHAMMAM,SATHUPALLY,THALLADA,THALLADA,NARAYANAPURAM-B,2,COMMERCIAL,106,94,11498.0,225.475
KHAMMAM,SATHUPALLY,THALLADA,THALLADA,RAMCHANDRAPURAM,2,COMMERCIAL,10,9,1222.0,17.889
KHAMMAM,SATHUPALLY,THALLADA,THALLADA,REDDY GUDEM,2,COMMERCIAL,17,16,1284.0,23.254
KHAMMAM,SATHUPALLY,THALLADA,THALLADA,TELEGARAM,2,COMMERCIAL,14,14,2381.0,27.84
MAHABUBABAD,MAHABUBABAD,GUDUR,KOTHAGUDA,EDULLAPALLY,2,COMMERCIAL,10,8,1131.0,27.44
MAHABUBABAD,MAHABUBABAD,GUDUR,KOTHAGUDA,ENCHAGUDA,2,COMMERCIAL,9,7,85.0,11.66
MAHABUBABAD,MAHABUBABAD,GUDUR,KOTHAGUDA,ERRAVARAM,2,COMMERCIAL,2,2,1543.0,15.0
MAHABUBABAD,MAHABUBABAD,GUDUR,KOTHAGUDA,GANDHINAGAR,2,COMMERCIAL,26,25,850.0,42.97
MAHABUBABAD,MAHABUBABAD,GUDUR,KOTHAGUDA,GANGARAM,2,COMMERCIAL,49,46,4498.0,118.58
MAHABUBABAD,MAHABUBABAD,GUDUR,KOTHAGUDA,GOPALPOOR,2,COMMERCIAL,2,2,1.0,2.0
MAHABUBABAD,MAHABUBABAD,GUDUR,KOTHAGUDA,GOVINDAPOOR,2,COMMERCIAL,10,9,5006.0,25.52
MAHABUBABAD,MAHABUBABAD,GUDUR,KOTHAGUDA,GUNDAM,2,COMMERCIAL,7,7,721.0,15.0
MAHABUBABAD,MAHABUBABAD,GUDUR,KOTHAGUDA,GUNJEDU,2,COMMERCIAL,10,9,223.0,10.94
MAHABUBABAD,MAHABUBABAD,GUDUR,KOTHAGUDA,JANGALAPALLY,2,COMMERCIAL,4,4,80.0,3.49
MAHABUBABAD,MAHABUBABAD,GUDUR,KOTHAGUDA,JANGAMVARIGUDEM,2,COMMERCIAL,3,3,93.0,3.0
MAHABUBABAD,MAHABUBABAD,KORIVI,KORIVI,JAGYA THANDA,2,COMMERCIAL,6,6,623.0,14.0
MAHABUBABAD,MAHABUBABAD,KORIVI,KORIVI,KAKULABODU THANDA,2,COMMERCIAL,1,1,30.0,1.0
MAHABUBABAD,MAHABUBABAD,KORIVI,KORIVI,KANCHARLA GUDEM,2,COMMERCIAL,7,6,266.0,8.895
MAHABUBABAD,MAHABUBABAD,KORIVI,KORIVI,KOTHUR,2,COMMERCIAL,27,18,665.0,45.14
MAHABUBABAD,MAHABUBABAD,KORIVI,KORIVI,KURAVI    (HQ),2,COMMERCIAL,431,361,38363.0,819.846
MAHABUBABAD,MAHABUBABAD,KORIVI,KORIVI,LINGA THANDA,2,COMMERCIAL,6,6,344.0,10.0
MAHABUBABAD,MAHABUBABAD,KORIVI,KORIVI,LINGYA THANDA,2,COMMERCIAL,1,1,40.0,1.0
MAHABUBABAD,MAHABUBABAD,KORIVI,KORIVI,MOGILICHERLA,2,COMMERCIAL,34,26,5527.0,169.49
MAHABUBABAD,MAHABUBABAD,KORIVI,KORIVI,NALLELLA,2,COMMERCIAL,49,41,8595.0,83.29
MANCHERIAL,MANCHERIAL,LUXETTIPET,JANNARAM,JANNARAM,2,COMMERCIAL,967,912,89745.0,1552.984
MANCHERIAL,MANCHERIAL,MANCHERIAL - RURAL,MANDAMARRY,POLICE STATION,2,COMMERCIAL,22,22,1085.0,22.0
MANCHERIAL,MANCHERIAL,MANCHERIAL - RURAL,MANDAMARRY,PRASHANTH NAGAR,2,COMMERCIAL,2,2,91.0,2.0
MANCHERIAL,MANCHERIAL,MANCHERIAL - RURAL,MANDAMARRY,PULI MADUGU,2,COMMERCIAL,31,25,13366.0,114.979
MANCHERIAL,MANCHERIAL,MANCHERIAL - RURAL,MANDAMARRY,RAMAN COLONY,2,COMMERCIAL,9,9,291.0,9.0
MANCHERIAL,MANCHERIAL,MANCHERIAL - RURAL,MANDAMARRY,STATION ROAD,2,COMMERCIAL,22,22,2152.0,37.5
MANCHERIAL,MANCHERIAL,MANCHERIAL - RURAL,MANDAMARRY,VIDYA NAGAR,2,COMMERCIAL,88,86,30400.0,191.5
MANCHERIAL,MANCHERIAL,MANCHERIAL - RURAL,MANDAMARRY,VILLAGE MANDAMARRY,2,COMMERCIAL,7,7,350.0,9.0
MANCHERIAL,MANCHERIAL,MANCHERIAL - RURAL,MANDAMARRY,YAPAL,2,COMMERCIAL,60,59,22251.0,243.956
NIRMAL,BHAINSA,BASAR,BASAR,BASAR,2,COMMERCIAL,677,456,102385.0,2193.91
NIRMAL,BHAINSA,BASAR,BASAR,BIDRALLY,2,COMMERCIAL,63,52,9199.0,127.739
NIRMAL,BHAINSA,BASAR,BASAR,DONDAPUR,2,COMMERCIAL,4,4,39.0,4.792
NIRMAL,BHAINSA,BASAR,BASAR,KIRGUL,2,COMMERCIAL,22,19,2629.0,31.74
NIRMAL,BHAINSA,BASAR,BASAR,KIRGUL-K,2,COMMERCIAL,14,10,357.0,15.739
NIRMAL,BHAINSA,BASAR,BASAR,KOWTHA,2,COMMERCIAL,20,16,1119.0,42.5
NIRMAL,BHAINSA,BASAR,BASAR,LABDI,2,COMMERCIAL,8,6,557.0,12.362
NIRMAL,BHAINSA,BHAINSA,KUBEER,SANWALI,2,COMMERCIAL,25,22,2206.0,46.447
NIRMAL,BHAINSA,BHAINSA,KUBEER,SAWNA,2,COMMERCIAL,3,1,5.0,2.24
NIRMAL,BHAINSA,BHAINSA,KUBEER,SIRPALLY,2,COMMERCIAL,9,4,2.0,13.0
NIRMAL,BHAINSA,BHAINSA,KUBEER,SONARI,2,COMMERCIAL,21,18,979.0,28.49
NIRMAL,BHAINSA,BHAINSA,KUBEER,Shivuni tanda-i,2,COMMERCIAL,1,1,5.0,1.0
NIRMAL,BHAINSA,BHAINSA,KUBEER,Sirpelly(h),2,COMMERCIAL,10,9,464.0,13.0
NIRMAL,BHAINSA,BHAINSA,KUBEER,Veeregaon tanda,2,COMMERCIAL,1,1,0.0,1.0
NIRMAL,BHAINSA,BHAINSA,KUBEER,WAI,2,COMMERCIAL,2,1,64.0,5.0
NIRMAL,BHAINSA,BHAINSA,KUBEER,WARNI,2,COMMERCIAL,4,4,144.0,4.0
NIRMAL,NIRMAL,KHANAPUR,DASTURABAD,AKONDAPET,2,COMMERCIAL,3,3,520.0,4.0
NIRMAL,NIRMAL,KHANAPUR,DASTURABAD,BUTHKUR,2,COMMERCIAL,9,9,257.0,12.5
NIRMAL,NIRMAL,KHANAPUR,DASTURABAD,BUTTAPUR,2,COMMERCIAL,21,18,520.0,23.45
NIRMAL,NIRMAL,KHANAPUR,DASTURABAD,CHENNOOR,2,COMMERCIAL,5,5,207.0,6.5
NIRMAL,NIRMAL,NIRMAL RURAL,DILWARPUR,GUNDAMPALLY,2,COMMERCIAL,105,89,7877.0,117.012
NIRMAL,NIRMAL,NIRMAL RURAL,DILWARPUR,KADILI,2,COMMERCIAL,4,3,48.0,7.0
NIRMAL,NIRMAL,NIRMAL RURAL,DILWARPUR,KALWA,2,COMMERCIAL,53,45,2468.0,81.782
NIRMAL,NIRMAL,NIRMAL RURAL,DILWARPUR,KANJAR,2,COMMERCIAL,14,12,215.0,12.0
NIRMAL,NIRMAL,NIRMAL RURAL,DILWARPUR,KOTHA LOLAM,2,COMMERCIAL,33,29,4747.0,77.01
NIRMAL,NIRMAL,NIRMAL RURAL,DILWARPUR,KUSLY,2,COMMERCIAL,36,31,4641.0,61.23
NIRMAL,NIRMAL,NIRMAL RURAL,DILWARPUR,Kalwa thanda,2,COMMERCIAL,2,1,0.0,2.0
NIRMAL,NIRMAL,NIRMAL RURAL,DILWARPUR,MADIGOAM,2,COMMERCIAL,14,12,980.0,23.99
NIRMAL,NIRMAL,NIRMAL RURAL,DILWARPUR,MALLAPUR,2,COMMERCIAL,5,5,4819.0,18.5
NIRMAL,NIRMAL,NIRMAL RURAL,DILWARPUR,MAYAPUR,2,COMMERCIAL,4,4,44.0,4.0
NIRMAL,NIRMAL,NIRMAL RURAL,DILWARPUR,NARSAPUR (G),2,COMMERCIAL,348,268,27884.0,501.669
NIRMAL,NIRMAL,NIRMAL RURAL,DILWARPUR,NASEERABAD,2,COMMERCIAL,2,1,20.0,1.25
NIZAMABAD,ARMOOR,MORTHAD,MORTHAD,DONKAL,2,COMMERCIAL,124,111,12403.0,271.508
NIZAMABAD,ARMOOR,MORTHAD,MORTHAD,DONPAL,2,COMMERCIAL,31,31,2461.0,68.87
NIZAMABAD,ARMOOR,MORTHAD,MORTHAD,GANDLAPET,2,COMMERCIAL,17,15,635.0,21.09
NIZAMABAD,ARMOOR,MORTHAD,MORTHAD,MORTHAD,2,COMMERCIAL,835,751,74995.0,1620.456
NIZAMABAD,ARMOOR,MORTHAD,MORTHAD,ODYAT,2,COMMERCIAL,56,51,3992.0,84.019
NIZAMABAD,ARMOOR,MORTHAD,MORTHAD,RAMANNAPET,2,COMMERCIAL,115,108,10715.0,156.729
NIZAMABAD,ARMOOR,MORTHAD,MORTHAD,SUNKET,2,COMMERCIAL,93,84,9215.0,129.186
NIZAMABAD,ARMOOR,MORTHAD,YERGATLA,BATTAPOOR,2,COMMERCIAL,40,37,2104.0,64.688
NIZAMABAD,ARMOOR,MORTHAD,YERGATLA,DHARMORA,2,COMMERCIAL,40,36,1928.0,44.37
NIZAMABAD,ARMOOR,MORTHAD,YERGATLA,DOMCHANDA,2,COMMERCIAL,33,29,8054.0,68.694
NIZAMABAD,BODHAN,YEDPALLY,BODHAN RURAL,OOTPALLY,2,COMMERCIAL,74,53,2085.0,79.69
NIZAMABAD,BODHAN,YEDPALLY,BODHAN RURAL,PAGUDAPALLY,2,COMMERCIAL,77,69,8720.0,133.31
NIZAMABAD,BODHAN,YEDPALLY,BODHAN RURAL,PEDDAMAVANDI KALAN,2,COMMERCIAL,9,6,1009.0,11.56
NIZAMABAD,BODHAN,YEDPALLY,BODHAN RURAL,PEDDAPENTA KALAN,2,COMMERCIAL,21,17,1271.0,29.04
NIZAMABAD,BODHAN,YEDPALLY,BODHAN RURAL,RAJEEVNAGAR THANDA,2,COMMERCIAL,9,8,207.0,10.24
NIZAMABAD,BODHAN,YEDPALLY,BODHAN RURAL,RAMPOOR K,2,COMMERCIAL,39,37,3381.0,66.869
NIZAMABAD,BODHAN,YEDPALLY,BODHAN RURAL,SANGAM,2,COMMERCIAL,63,46,1649.0,60.76
NIZAMABAD,BODHAN,YEDPALLY,BODHAN RURAL,SIDDAPOOR,2,COMMERCIAL,15,10,303.0,23.26
NIZAMABAD,BODHAN,YEDPALLY,RENJAL,AMBEDKAR COLONY,2,COMMERCIAL,3,3,323.0,4.712
NIZAMABAD,BODHAN,YEDPALLY,RENJAL,BHAGEPALLY,2,COMMERCIAL,14,12,382.0,17.0
NIZAMABAD,DICHPALLY,NIZAMABAD - RURAL,MUGPAL,AMRABAD,2,COMMERCIAL,3,3,885.0,11.26
NIZAMABAD,DICHPALLY,NIZAMABAD - RURAL,MUGPAL,BADSI,2,COMMERCIAL,45,38,1462.0,72.82
NIZAMABAD,DICHPALLY,NIZAMABAD - RURAL,MUGPAL,CHINNAPUR,2,COMMERCIAL,7,7,171.0,11.26
KHAMMAM,SATHUPALLY,THALLADA,THALLADA,BALAPET,2,COMMERCIAL,12,10,524.0,19.862
KHAMMAM,SATHUPALLY,THALLADA,THALLADA,BILLUPADU,2,COMMERCIAL,51,45,8436.0,77.029
KHAMMAM,SATHUPALLY,THALLADA,THALLADA,GANDHINAGAR THANDA,2,COMMERCIAL,5,4,111.0,11.46
KHAMMAM,SATHUPALLY,THALLADA,THALLADA,GANGADEVIPADU,2,COMMERCIAL,20,20,473.0,20.0
KHAMMAM,SATHUPALLY,THALLADA,THALLADA,GOLLA GUDEM,2,COMMERCIAL,11,7,182.0,13.241
KHAMMAM,SATHUPALLY,THALLADA,THALLADA,GOPALAPETA,2,COMMERCIAL,17,13,724.0,40.85
MAHABUBABAD,MAHABUBABAD,GUDUR,GUDUR,SEETHANAGARAM,2,COMMERCIAL,16,14,781.0,21.15
MAHABUBABAD,MAHABUBABAD,GUDUR,GUDUR,SURESH NAGAR,2,COMMERCIAL,1,1,12.0,1.24
MAHABUBABAD,MAHABUBABAD,GUDUR,GUDUR,THOURNAIK THANDA,2,COMMERCIAL,1,1,3.0,1.0
MAHABUBABAD,MAHABUBABAD,GUDUR,GUDUR,VENGAMPET,2,COMMERCIAL,15,12,964.0,19.67
MAHABUBABAD,MAHABUBABAD,GUDUR,KOTHAGUDA,BATHULAPALLY,2,COMMERCIAL,8,7,69.0,16.62
MAHABUBABAD,MAHABUBABAD,GUDUR,KOTHAGUDA,BOTHAVANI GUDEM,2,COMMERCIAL,1,1,244.0,5.0
MAHABUBABAD,MAHABUBABAD,GUDUR,KOTHAGUDA,CHAKRALA THANDA,2,COMMERCIAL,1,1,0.0,2.0
MAHABUBABAD,MAHABUBABAD,GUDUR,KOTHAGUDA,CHERVUMUNDU THANDA,2,COMMERCIAL,2,2,102.0,3.0
MAHABUBABAD,MAHABUBABAD,GUDUR,KOTHAGUDA,DURGARAM,2,COMMERCIAL,5,4,1579.0,17.25
MAHABUBABAD,MAHABUBABAD,KORIVI,KORIVI,AYYAGARIPALLI,2,COMMERCIAL,26,23,3179.0,128.77
MAHABUBABAD,MAHABUBABAD,KORIVI,KORIVI,BALAPALA,2,COMMERCIAL,69,54,7508.0,115.65
MAHABUBABAD,MAHABUBABAD,KORIVI,KORIVI,BANCHARI THANDA,2,COMMERCIAL,6,6,322.0,5.24
MAHABUBABAD,MAHABUBABAD,KORIVI,KORIVI,BANGARIGUDEM,2,COMMERCIAL,2,2,82.0,1.26
MAHABUBABAD,MAHABUBABAD,KORIVI,KORIVI,CHANDRIYA THANDA,2,COMMERCIAL,1,1,5.0,1.0
MAHABUBABAD,MAHABUBABAD,KORIVI,KORIVI,CHEEMLA THANDA,2,COMMERCIAL,1,1,10.0,1.0
MAHABUBABAD,MAHABUBABAD,KORIVI,KORIVI,ELKACHETTU THANDA,2,COMMERCIAL,2,2,65.0,1.24
MAHABUBABAD,MAHABUBABAD,KORIVI,KORIVI,GUNDRATHI MADUGU,2,COMMERCIAL,40,22,7724.0,127.52
MAHABUBABAD,MAHABUBABAD,KORIVI,KORIVI,GUNDRATHIMADUGU(STN),2,COMMERCIAL,15,13,5252.0,52.524
MAHABUBABAD,MAHABUBABAD,KORIVI,KORIVI,HARIDAS THANDA,2,COMMERCIAL,1,1,40.0,1.0
MAHABUBABAD,MAHABUBABAD,MAHABUBABAD(T),MAHABUBABAD TOWN2,MAHABUBABD,2,COMMERCIAL,54,0,0.0,482.21
MAHABUBABAD,MAHABUBABAD,MAHABUBABAD(T),MAHABUBABAD TOWN2,SAI & RAM MANDIR AREA,2,COMMERCIAL,602,538,103651.0,2065.7
MAHABUBABAD,THORRUR,MARIPEDA,CHINNA GUDURU,CHINNAGUDUR,2,COMMERCIAL,115,108,13605.0,264.414
MAHABUBABAD,THORRUR,MARIPEDA,CHINNA GUDURU,GUNDAMRAJPALLI,2,COMMERCIAL,15,15,523.0,21.24
MAHABUBABAD,THORRUR,MARIPEDA,CHINNA GUDURU,JAYYARAM,2,COMMERCIAL,51,48,6239.0,108.76
MAHABUBABAD,THORRUR,MARIPEDA,CHINNA GUDURU,MANGORIGUDEM,2,COMMERCIAL,6,6,1586.0,22.0
MAHABUBABAD,THORRUR,MARIPEDA,CHINNA GUDURU,THUMMALACHERVU THANDA,2,COMMERCIAL,2,1,0.0,3.0
MAHABUBABAD,THORRUR,MARIPEDA,CHINNA GUDURU,UGGAMPALLI,2,COMMERCIAL,31,27,4669.0,59.77
MAHABUBABAD,THORRUR,MARIPEDA,CHINNA GUDURU,VEESAMPALLI,2,COMMERCIAL,23,16,3737.0,38.8
MAHABUBABAD,THORRUR,THORRUR,PEDDA VANGARA,KARKALA,2,COMMERCIAL,6,5,49.0,8.37
MAHABUBABAD,THORRUR,THORRUR,PEDDA VANGARA,KORIPALLI,2,COMMERCIAL,20,19,372.0,22.58
MAHABUBABAD,THORRUR,THORRUR,PEDDA VANGARA,MOTHYA THANDA,2,COMMERCIAL,2,2,139.0,3.0
MAHABUBABAD,THORRUR,THORRUR,PEDDA VANGARA,PADAMATI THANDA,2,COMMERCIAL,3,3,82.0,5.0
MAHABUBABAD,THORRUR,THORRUR,PEDDA VANGARA,PEDDAVANGARA,2,COMMERCIAL,134,112,14997.0,305.73
MAHABUBABAD,THORRUR,THORRUR,PEDDA VANGARA,POCHAMPALLI,2,COMMERCIAL,32,26,2265.0,64.25
MAHABUBABAD,THORRUR,THORRUR,PEDDA VANGARA,POCHARAM,2,COMMERCIAL,5,4,47.0,4.3
MAHABUBABAD,THORRUR,THORRUR,PEDDA VANGARA,RAJAMAN SINGH HANDA,2,COMMERCIAL,5,5,158.0,7.0
MAHABUBABAD,THORRUR,THORRUR,PEDDA VANGARA,RAMACHANDRATHAN,2,COMMERCIAL,3,3,9.0,5.0
MAHABUBABAD,THORRUR,THORRUR,PEDDA VANGARA,REDDY KUNTA THANDA,2,COMMERCIAL,3,3,152.0,6.0
MANCHERIAL,BELLAMPALLY,BELLAMPALLY RURAL,VEMANAPALLY,BADDEMPALLY,2,COMMERCIAL,2,2,80.0,5.24
MANCHERIAL,BELLAMPALLY,BELLAMPALLY RURAL,VEMANAPALLY,BOMMENA,2,COMMERCIAL,1,1,531.0,8.0
MANCHERIAL,BELLAMPALLY,BELLAMPALLY RURAL,VEMANAPALLY,BUYYARAM,2,COMMERCIAL,2,2,170.0,4.0
MANCHERIAL,BELLAMPALLY,BELLAMPALLY RURAL,VEMANAPALLY,CHAMANPALLY,2,COMMERCIAL,2,2,158.0,6.0
MANCHERIAL,BELLAMPALLY,BELLAMPALLY RURAL,VEMANAPALLY,CHINTAPUDI,2,COMMERCIAL,5,3,180.0,9.5
MANCHERIAL,BELLAMPALLY,BELLAMPALLY RURAL,VEMANAPALLY,DASNAPUR,2,COMMERCIAL,6,6,517.0,15.0
MANCHERIAL,BELLAMPALLY,BELLAMPALLY RURAL,VEMANAPALLY,GORLAPALLY,2,COMMERCIAL,19,18,795.0,25.35
MANCHERIAL,BELLAMPALLY,BELLAMPALLY RURAL,VEMANAPALLY,JAKKAPALLY,2,COMMERCIAL,2,2,22.0,3.0
MANCHERIAL,BELLAMPALLY,BELLAMPALLY RURAL,VEMANAPALLY,JILLEDA,2,COMMERCIAL,8,8,1310.0,19.97
MANCHERIAL,BELLAMPALLY,BELLAMPALLY RURAL,VEMANAPALLY,KALLAMPALLY,2,COMMERCIAL,1,1,7.0,1.0
MANCHERIAL,MANCHERIAL,LUXETTIPET,DANDEPALLY,VELGANOOR,2,COMMERCIAL,47,40,5258.0,85.824
MANCHERIAL,MANCHERIAL,LUXETTIPET,JANNARAM,ALLINAGAR,2,COMMERCIAL,1,0,0.0,0.964
MANCHERIAL,MANCHERIAL,LUXETTIPET,JANNARAM,BADAMPALLI,2,COMMERCIAL,23,20,710.0,29.162
MANCHERIAL,MANCHERIAL,LUXETTIPET,JANNARAM,Bangaru thanda,2,COMMERCIAL,3,3,38.0,3.24
MANCHERIAL,MANCHERIAL,LUXETTIPET,JANNARAM,CHINATALAPALLY,2,COMMERCIAL,13,11,5155.0,20.63
MANCHERIAL,MANCHERIAL,LUXETTIPET,JANNARAM,CHINTAGUDA,2,COMMERCIAL,38,34,6592.0,99.934
MANCHERIAL,MANCHERIAL,LUXETTIPET,JANNARAM,DHARMARAM,2,COMMERCIAL,21,20,974.0,25.42
MANCHERIAL,MANCHERIAL,LUXETTIPET,JANNARAM,Hostel tanda,2,COMMERCIAL,2,2,67.0,2.0
MANCHERIAL,MANCHERIAL,LUXETTIPET,JANNARAM,INDANPALI,2,COMMERCIAL,116,110,11149.0,132.772
MANCHERIAL,MANCHERIAL,LUXETTIPET,JANNARAM,IPPALAPALLY,2,COMMERCIAL,2,1,0.0,4.0
NIRMAL,NIRMAL,NIRMAL RURAL,DILWARPUR,DILWARPUR,2,COMMERCIAL,322,295,37380.0,556.962
NIZAMABAD,ARMOOR,MORTHAD,BASHEERABAD,KONASAMUNDER,2,COMMERCIAL,91,81,10313.0,130.773
NIZAMABAD,ARMOOR,MORTHAD,BASHEERABAD,MANALA,2,COMMERCIAL,53,49,5388.0,96.092
NIZAMABAD,ARMOOR,MORTHAD,BASHEERABAD,NARSAPUR,2,COMMERCIAL,30,28,2130.0,44.21
NIZAMABAD,ARMOOR,MORTHAD,BASHEERABAD,ROOPLANAYAKTHANDA,2,COMMERCIAL,4,3,648.0,6.0
NIZAMABAD,ARMOOR,MORTHAD,BASHEERABAD,SARPANCHTHANDA,2,COMMERCIAL,2,2,31.0,1.95
NIZAMABAD,ARMOOR,MORTHAD,KAMMARPALLY,HOSAKOTHUR,2,COMMERCIAL,122,116,14002.0,215.681
NIZAMABAD,ARMOOR,MORTHAD,KAMMARPALLY,KAMMARPALLY,2,COMMERCIAL,541,500,46686.0,842.955
NIZAMABAD,ARMOOR,MORTHAD,KAMMARPALLY,NAGAPUR,2,COMMERCIAL,17,17,4186.0,22.551
NIZAMABAD,ARMOOR,MORTHAD,KAMMARPALLY,RAJARAJESWARINAGAR,2,COMMERCIAL,7,7,253.0,12.24
NIZAMABAD,ARMOOR,MORTHAD,KAMMARPALLY,UPLOOR,2,COMMERCIAL,207,195,14632.0,291.439
NIZAMABAD,BODHAN,YEDPALLY,BODHAN RURAL,BHOOLAXMI CAMP,2,COMMERCIAL,23,18,681.0,21.149
NIZAMABAD,BODHAN,YEDPALLY,BODHAN RURAL,CHINNAMAVANDI KURD,2,COMMERCIAL,21,19,920.0,36.43
NIZAMABAD,BODHAN,YEDPALLY,BODHAN RURAL,ERAJPALLY,2,COMMERCIAL,64,53,7012.0,127.959
NIZAMABAD,BODHAN,YEDPALLY,BODHAN RURAL,HANGARGA Y,2,COMMERCIAL,11,9,290.0,12.26
NIZAMABAD,BODHAN,YEDPALLY,BODHAN RURAL,KALDURKI,2,COMMERCIAL,80,71,7792.0,103.617
NIZAMABAD,BODHAN,YEDPALLY,BODHAN RURAL,KHANDAGOAN,2,COMMERCIAL,10,9,817.0,14.598
NIZAMABAD,BODHAN,YEDPALLY,BODHAN RURAL,KOPPARGA,2,COMMERCIAL,31,28,2606.0,46.386
NIZAMABAD,BODHAN,YEDPALLY,BODHAN RURAL,LANGDAPOOR,2,COMMERCIAL,5,5,675.0,6.26
NIZAMABAD,BODHAN,YEDPALLY,BODHAN RURAL,MINARPALLY,2,COMMERCIAL,17,16,2693.0,60.04
NIZAMABAD,BODHAN,YEDPALLY,BODHAN RURAL,NARSAPOOR,2,COMMERCIAL,26,18,2406.0,75.58
NIZAMABAD,DICHPALLY,NIZAMABAD - RURAL,JAKRANPALLY,ARGUL,2,COMMERCIAL,189,168,39892.0,693.597
NIZAMABAD,DICHPALLY,NIZAMABAD - RURAL,JAKRANPALLY,BRAHMANPALLY,2,COMMERCIAL,56,52,6290.0,142.762
NIZAMABAD,DICHPALLY,NIZAMABAD - RURAL,JAKRANPALLY,JAKRANPALY,2,COMMERCIAL,319,302,31477.0,504.43
NIZAMABAD,DICHPALLY,NIZAMABAD - RURAL,JAKRANPALLY,LAXMAPUR,2,COMMERCIAL,45,40,2385.0,66.453
NIZAMABAD,DICHPALLY,NIZAMABAD - RURAL,JAKRANPALLY,MUNIPALLY,2,COMMERCIAL,143,124,13586.0,218.722
NIZAMABAD,DICHPALLY,NIZAMABAD - RURAL,JAKRANPALLY,NALLAGUTTA THANDA,2,COMMERCIAL,4,4,66.0,3.24
NIZAMABAD,DICHPALLY,NIZAMABAD - RURAL,JAKRANPALLY,NARAYANPET,2,COMMERCIAL,23,21,687.0,23.589
NIZAMABAD,DICHPALLY,NIZAMABAD - RURAL,JAKRANPALLY,THORLIKONDA,2,COMMERCIAL,106,98,10830.0,166.27
NIZAMABAD,NIZAMABAD,NAVIPET,NAVIPET,ABHANGAPATNAM,2,COMMERCIAL,33,26,3317.0,75.258
NIZAMABAD,NIZAMABAD,NAVIPET,NAVIPET,ALJAPOOR,2,COMMERCIAL,2,2,58.0,2.0
NIZAMABAD,NIZAMABAD,NAVIPET,NAVIPET,FATHE NAGAR,2,COMMERCIAL,15,11,608.0,16.04
NIZAMABAD,NIZAMABAD,NAVIPET,NAVIPET,HANMAN FORM,2,COMMERCIAL,12,10,1808.0,33.26
NIZAMABAD,NIZAMABAD,NAVIPET,NAVIPET,KOSLY,2,COMMERCIAL,119,105,9800.0,180.242
NIZAMABAD,NIZAMABAD,NAVIPET,NAVIPET,LAXMIKISSAN FORM,2,COMMERCIAL,15,12,687.0,18.06
NIZAMABAD,NIZAMABAD,NAVIPET,NAVIPET,MADDEPALLY,2,COMMERCIAL,4,3,98.0,3.26
NIZAMABAD,NIZAMABAD,NAVIPET,NAVIPET,MATTAYA FORM THANDA,2,COMMERCIAL,11,10,229.0,13.713
NIZAMABAD,NIZAMABAD,NAVIPET,NAVIPET,MITTAPOOR,2,COMMERCIAL,11,10,1480.0,23.258
NIZAMABAD,NIZAMABAD,NAVIPET,NAVIPET,NAGAPOOR,2,COMMERCIAL,44,38,5346.0,65.08
NIZAMABAD,NIZAMABAD,NAVIPET,NAVIPET,NANDIGOAN,2,COMMERCIAL,23,23,1236.0,24.279
PEDDAPALLY,MANTHANI,Manthani,MANTHANI TOWN,KOOCHIRAJPALLY,2,COMMERCIAL,9,8,1400.0,33.0
PEDDAPALLY,MANTHANI,Manthani,MANTHANI TOWN,MALLEPALLY,2,COMMERCIAL,7,7,416.0,12.1
PEDDAPALLY,MANTHANI,Manthani,MANTHANI TOWN,MANTHANI,2,COMMERCIAL,1287,1165,139744.0,2500.187
PEDDAPALLY,MANTHANI,Manthani,MANTHANI TOWN,NAGARAM,2,COMMERCIAL,14,12,4312.0,30.48
PEDDAPALLY,MANTHANI,Manthani,MANTHANI TOWN,PANDUGULAPALLY,2,COMMERCIAL,7,6,237.0,9.22
PEDDAPALLY,MANTHANI,Manthani,MANTHANI TOWN,POTHARAM,2,COMMERCIAL,4,4,93.0,4.0
PEDDAPALLY,MANTHANI,Manthani,MANTHANI TOWN,SRI RAMNAGAR,2,COMMERCIAL,7,7,424.0,9.24
PEDDAPALLY,MANTHANI,Manthani,MANTHANI TOWN,SRIPURAM,2,COMMERCIAL,12,11,303.0,19.5
PEDDAPALLY,MANTHANI,Manthani,MANTHANI TOWN,SURAIAHPALLY,2,COMMERCIAL,62,60,5978.0,143.4
PEDDAPALLY,MANTHANI,Manthani,MANTHANI TOWN,UPPATLA,2,COMMERCIAL,10,8,473.0,20.68
PEDDAPALLY,PEDDAPALLY,KALVA SRIRAMPUR,SRIRAMPUR,EDULAPOOR,2,COMMERCIAL,18,17,1001.0,31.54
PEDDAPALLY,PEDDAPALLY,KALVA SRIRAMPUR,SRIRAMPUR,GANGARAM      ,2,COMMERCIAL,48,44,5547.0,60.68
PEDDAPALLY,PEDDAPALLY,KALVA SRIRAMPUR,SRIRAMPUR,IPPALA PALLY ,2,COMMERCIAL,21,20,1592.0,43.26
PEDDAPALLY,PEDDAPALLY,KALVA SRIRAMPUR,SRIRAMPUR,JAFFARKHAN PET (REC)          ,2,COMMERCIAL,19,16,2264.0,58.64
PEDDAPALLY,PEDDAPALLY,KALVA SRIRAMPUR,SRIRAMPUR,JAGGAIAH PALLY  (REC),2,COMMERCIAL,3,3,243.0,5.0
PEDDAPALLY,PEDDAPALLY,KALVA SRIRAMPUR,SRIRAMPUR,KALVASREERAMPUR (SREERAMPUR)  ,2,COMMERCIAL,351,293,37768.0,586.888
PEDDAPALLY,PEDDAPALLY,KALVA SRIRAMPUR,SRIRAMPUR,KISHTAMPET    ,2,COMMERCIAL,18,17,4569.0,33.08
PEDDAPALLY,PEDDAPALLY,KALVA SRIRAMPUR,SRIRAMPUR,KOONARAM      ,2,COMMERCIAL,55,53,6318.0,96.86
KHAMMAM,SATHUPALLY,THALLADA,KURNAVALLY,RANGAM BANZARA,2,COMMERCIAL,28,19,4663.0,58.976
KHAMMAM,SATHUPALLY,THALLADA,KURNAVALLY,RANGAPURAM,2,COMMERCIAL,2,1,0.0,1.24
KHAMMAM,SATHUPALLY,THALLADA,KURNAVALLY,VENKATAPURAM-A,2,COMMERCIAL,8,6,114.0,8.134
KHAMMAM,SATHUPALLY,THALLADA,THALLADA,AMBEDKAR NAGAR,2,COMMERCIAL,12,9,5652.0,46.728
KHAMMAM,SATHUPALLY,THALLADA,THALLADA,ANJANAPURAM,2,COMMERCIAL,37,29,2270.0,79.117
KHAMMAM,SATHUPALLY,THALLADA,THALLADA,ANNARUGUDEM,2,COMMERCIAL,118,108,14048.0,239.224
MAHABUBABAD,THORRUR,THORRUR,PEDDA VANGARA,BAVOJI THANDA,2,COMMERCIAL,2,2,4.0,3.0
MAHABUBABAD,THORRUR,THORRUR,PEDDA VANGARA,BOMMAKALLU,2,COMMERCIAL,22,21,5165.0,41.42
MAHABUBABAD,THORRUR,THORRUR,PEDDA VANGARA,CHITYAL,2,COMMERCIAL,29,25,4945.0,53.82
MAHABUBABAD,THORRUR,THORRUR,PEDDA VANGARA,GANTLAKUNTA,2,COMMERCIAL,32,30,2024.0,64.46
MAHABUBABAD,THORRUR,THORRUR,PEDDA VANGARA,JAIRAM THANDA,2,COMMERCIAL,1,1,134.0,2.0
MAHABUBABAD,THORRUR,THORRUR,PEDDA VANGARA,KANNAVAI GUDEM,2,COMMERCIAL,8,8,315.0,14.48
MANCHERIAL,BELLAMPALLY,BELLAMPALLY RURAL,NENNEL,KONAMPET,2,COMMERCIAL,7,5,322.0,15.0
MANCHERIAL,BELLAMPALLY,BELLAMPALLY RURAL,NENNEL,KOTHUR (NENNEL),2,COMMERCIAL,15,14,982.0,26.98
MANCHERIAL,BELLAMPALLY,BELLAMPALLY RURAL,NENNEL,KUSHAN PALLY,2,COMMERCIAL,16,15,1798.0,40.44
MANCHERIAL,BELLAMPALLY,BELLAMPALLY RURAL,NENNEL,MAILARAM,2,COMMERCIAL,31,29,6006.0,63.377
MANCHERIAL,BELLAMPALLY,BELLAMPALLY RURAL,NENNEL,MANNEGUDEM,2,COMMERCIAL,4,4,52.0,6.0
MANCHERIAL,BELLAMPALLY,BELLAMPALLY RURAL,NENNEL,METPALLY,2,COMMERCIAL,10,8,1966.0,19.78
MANCHERIAL,BELLAMPALLY,BELLAMPALLY RURAL,NENNEL,NANDULAPALLI,2,COMMERCIAL,15,14,886.0,30.0
MANCHERIAL,BELLAMPALLY,BELLAMPALLY RURAL,NENNEL,NARVAIPET,2,COMMERCIAL,8,8,214.0,13.8
MANCHERIAL,BELLAMPALLY,BELLAMPALLY RURAL,NENNEL,NENNEL,2,COMMERCIAL,144,129,16402.0,283.791
MANCHERIAL,MANCHERIAL,LUXETTIPET,DANDEPALLY,MEDARIPET (MADHAPUR),2,COMMERCIAL,288,268,14045.0,351.889
MANCHERIAL,MANCHERIAL,LUXETTIPET,DANDEPALLY,MUTYAMPET,2,COMMERCIAL,95,89,4340.0,123.618
MANCHERIAL,MANCHERIAL,LUXETTIPET,DANDEPALLY,NAGASAMUDRAM,2,COMMERCIAL,25,24,4168.0,48.844
MANCHERIAL,MANCHERIAL,LUXETTIPET,DANDEPALLY,NALKI VENKATAPUR,2,COMMERCIAL,36,33,4104.0,57.604
MANCHERIAL,MANCHERIAL,LUXETTIPET,DANDEPALLY,NAMBALA,2,COMMERCIAL,22,22,3627.0,50.765
MANCHERIAL,MANCHERIAL,LUXETTIPET,DANDEPALLY,NARSAPUR,2,COMMERCIAL,5,4,93.0,6.48
MANCHERIAL,MANCHERIAL,LUXETTIPET,DANDEPALLY,PEDDAPET,2,COMMERCIAL,14,11,3361.0,36.126
MANCHERIAL,MANCHERIAL,LUXETTIPET,DANDEPALLY,REBBENAPALLI,2,COMMERCIAL,27,24,4033.0,48.976
MANCHERIAL,MANCHERIAL,LUXETTIPET,DANDEPALLY,TALLAPET,2,COMMERCIAL,115,108,8835.0,144.843
MANCHERIAL,MANCHERIAL,LUXETTIPET,DANDEPALLY,THANIMADUGU,2,COMMERCIAL,5,4,31.0,2.24
MANCHERIAL,MANCHERIAL,MANCHERIAL - RURAL,MANDAMARRY,ANGADI BAZAR,2,COMMERCIAL,24,23,4997.0,38.0
MANCHERIAL,MANCHERIAL,MANCHERIAL - RURAL,MANDAMARRY,BHAGYA NAGAR,2,COMMERCIAL,6,6,190.0,7.0
MANCHERIAL,MANCHERIAL,MANCHERIAL - RURAL,MANDAMARRY,BOKKALAGUTTA,2,COMMERCIAL,29,21,1027.0,48.495
MANCHERIAL,MANCHERIAL,MANCHERIAL - RURAL,MANDAMARRY,CSP ROAD,2,COMMERCIAL,6,6,120.0,5.5
MANCHERIAL,MANCHERIAL,MANCHERIAL - RURAL,MANDAMARRY,DEEPAK NAGAR,2,COMMERCIAL,15,15,494.0,14.73
MANCHERIAL,MANCHERIAL,MANCHERIAL - RURAL,MANDAMARRY,DORLA BANGLA,2,COMMERCIAL,15,14,1301.0,19.0
MANCHERIAL,MANCHERIAL,MANCHERIAL - RURAL,MANDAMARRY,GANDHI NAGAR,2,COMMERCIAL,21,21,845.0,22.5
MANCHERIAL,MANCHERIAL,MANCHERIAL - RURAL,MANDAMARRY,GM OFFICE,2,COMMERCIAL,9,9,369.0,9.0
MANCHERIAL,MANCHERIAL,MANCHERIAL - RURAL,MANDAMARRY,HOSPITAL ,2,COMMERCIAL,18,18,12439.0,81.0
MANCHERIAL,MANCHERIAL,MANCHERIAL - RURAL,MANDAMARRY,JAGADAMBA,2,COMMERCIAL,6,6,474.0,11.5
MANCHERIAL,MANCHERIAL,MANCHERIAL - RURAL,MANDAMARRY,KOTESHWAR RAO PALLY,2,COMMERCIAL,25,18,1579.0,55.765
MANCHERIAL,MANCHERIAL,MANCHERIAL - RURAL,MANDAMARRY,MANDAMARRY,2,COMMERCIAL,1301,1096,151598.0,2418.999
MANCHERIAL,MANCHERIAL,MANCHERIAL - RURAL,MANDAMARRY,MARKET,2,COMMERCIAL,51,51,3100.0,88.5
MANCHERIAL,MANCHERIAL,MANCHERIAL - RURAL,MANDAMARRY,MARUTHI NAGAR,2,COMMERCIAL,57,56,3583.0,77.97
MANCHERIAL,MANCHERIAL,MANCHERIAL - RURAL,MANDAMARRY,NARLAPUR,2,COMMERCIAL,60,50,5199.0,123.082
MANCHERIAL,MANCHERIAL,MANCHERIAL - RURAL,MANDAMARRY,PALACHETTU,2,COMMERCIAL,25,24,3234.0,103.5
NIRMAL,BHAINSA,BHAINSA,KUBEER,MALA,2,COMMERCIAL,4,2,26.0,4.24
NIRMAL,BHAINSA,BHAINSA,KUBEER,MALEGOAM,2,COMMERCIAL,41,36,6499.0,106.209
NIRMAL,BHAINSA,BHAINSA,KUBEER,MARIAGOND,2,COMMERCIAL,9,6,81.0,16.0
NIRMAL,BHAINSA,BHAINSA,KUBEER,NEW SANWALI,2,COMMERCIAL,1,1,1014.0,5.0
NIRMAL,BHAINSA,BHAINSA,KUBEER,NIGWA,2,COMMERCIAL,37,26,5077.0,43.62
NIRMAL,BHAINSA,BHAINSA,KUBEER,PALSI,2,COMMERCIAL,83,64,10829.0,120.319
NIRMAL,BHAINSA,BHAINSA,KUBEER,PANGRA,2,COMMERCIAL,3,2,57.0,1.201
NIRMAL,BHAINSA,BHAINSA,KUBEER,PARDI (B),2,COMMERCIAL,103,93,7755.0,150.114
NIRMAL,BHAINSA,BHAINSA,KUBEER,PARDI (K),2,COMMERCIAL,12,12,2426.0,30.0
NIRMAL,BHAINSA,BHAINSA,KUBEER,Palsi tanda-i,2,COMMERCIAL,3,2,527.0,3.0
NIRMAL,BHAINSA,BHAINSA,KUBEER,RANGERSHIVNI,2,COMMERCIAL,6,4,364.0,8.18
NIRMAL,BHAINSA,BHAINSA,KUBEER,RANJANI,2,COMMERCIAL,13,5,148.0,12.739
NIRMAL,BHAINSA,BHAINSA,KUBEER,Ramnayak tanda,2,COMMERCIAL,1,1,0.0,1.0
NIRMAL,BHAINSA,BHAINSA,KUBEER,SANGVI,2,COMMERCIAL,9,8,284.0,9.24
NIRMAL,NIRMAL,NIRMAL RURAL,BEERAVELLY,JOULA,2,COMMERCIAL,15,13,420.0,18.99
NIRMAL,NIRMAL,NIRMAL RURAL,BEERAVELLY,KANKATI,2,COMMERCIAL,9,8,431.0,25.0
NIRMAL,NIRMAL,NIRMAL RURAL,BEERAVELLY,PYARAMOOR,2,COMMERCIAL,10,7,227.0,10.18
NIRMAL,NIRMAL,NIRMAL RURAL,BEERAVELLY,THANDRA(G),2,COMMERCIAL,22,17,3592.0,39.16
NIRMAL,NIRMAL,NIRMAL RURAL,BEERAVELLY,VANJAR,2,COMMERCIAL,36,31,3698.0,66.54
NIRMAL,NIRMAL,NIRMAL RURAL,DILWARPUR,ANJANI,2,COMMERCIAL,7,4,161.0,12.0
NIRMAL,NIRMAL,NIRMAL RURAL,DILWARPUR,BANSAPALLY,2,COMMERCIAL,13,9,184.0,16.24
NIRMAL,NIRMAL,NIRMAL RURAL,DILWARPUR,CHARLAPALLY,2,COMMERCIAL,2,1,3043.0,21.9
NIRMAL,NIRMAL,NIRMAL RURAL,DILWARPUR,DARYPUR,2,COMMERCIAL,5,4,141.0,9.0
NIZAMABAD,NIZAMABAD,NAVIPET,JANNEPALLY,SALEEM FORM,2,COMMERCIAL,7,5,265.0,13.26
NIZAMABAD,NIZAMABAD,NAVIPET,JANNEPALLY,SHAKAPOOR,2,COMMERCIAL,2,2,120.0,1.24
NIZAMABAD,NIZAMABAD,NAVIPET,JANNEPALLY,SIRANPALLY,2,COMMERCIAL,22,22,835.0,21.539
NIZAMABAD,NIZAMABAD,NAVIPET,JANNEPALLY,TUNGINI,2,COMMERCIAL,14,13,617.0,19.944
NIZAMABAD,NIZAMABAD,NAVIPET,NAVIPET,ABBAPOOR (MAKTA),2,COMMERCIAL,12,11,398.0,13.374
NIZAMABAD,NIZAMABAD,NAVIPET,NAVIPET,ABBAPOOR (TANDA),2,COMMERCIAL,7,7,198.0,4.74
PEDDAPALLY,MANTHANI,Manthani,KAMANPUR,ROMPIKUNTA,2,COMMERCIAL,51,46,7576.0,80.69
PEDDAPALLY,MANTHANI,Manthani,KAMANPUR,SIDDIPALLI,2,COMMERCIAL,4,4,331.0,4.0
PEDDAPALLY,MANTHANI,Manthani,MANTHANI TOWN,BESTHAPALLY,2,COMMERCIAL,6,6,2930.0,15.0
PEDDAPALLY,MANTHANI,Manthani,MANTHANI TOWN,BOINAPETA,2,COMMERCIAL,5,4,753.0,13.24
PEDDAPALLY,MANTHANI,Manthani,MANTHANI TOWN,CHILLAPALLY,2,COMMERCIAL,21,19,1036.0,22.96
PEDDAPALLY,MANTHANI,Manthani,MANTHANI TOWN,DUBBAPALLY,2,COMMERCIAL,14,13,2440.0,35.32
PEDDAPALLY,MANTHANI,Manthani,MANTHANI TOWN,GANGAPURI,2,COMMERCIAL,24,20,1626.0,55.47
PEDDAPALLY,MANTHANI,Manthani,MANTHANI TOWN,GUNJAPADUGU,2,COMMERCIAL,123,108,19626.0,215.97
PEDDAPALLY,MANTHANI,Manthani,MANTHANI TOWN,KAKARLA PALLY,2,COMMERCIAL,14,13,631.0,18.2
PEDDAPALLY,MANTHANI,Manthani,MANTHANI TOWN,KANNALA,2,COMMERCIAL,9,8,1269.0,16.96
PEDDAPALLY,PEDDAPALLY,KALVA SRIRAMPUR,POTHKAPALLY,KOMERA (REC)  ,2,COMMERCIAL,18,17,5329.0,32.96
PEDDAPALLY,PEDDAPALLY,KALVA SRIRAMPUR,POTHKAPALLY,POTHAKAPALLY  ,2,COMMERCIAL,158,148,19147.0,235.444
PEDDAPALLY,PEDDAPALLY,KALVA SRIRAMPUR,POTHKAPALLY,ROOPNARAYANPET H/O SHANAGONDA ,2,COMMERCIAL,14,13,412.0,12.52
PEDDAPALLY,PEDDAPALLY,KALVA SRIRAMPUR,POTHKAPALLY,SHANAGONDA    ,2,COMMERCIAL,17,17,336.0,19.59
PEDDAPALLY,PEDDAPALLY,KALVA SRIRAMPUR,SRIRAMPUR,ANKAM  PALLY  ,2,COMMERCIAL,5,5,228.0,8.18
PEDDAPALLY,PEDDAPALLY,KALVA SRIRAMPUR,SRIRAMPUR,AREPALLY  H/O PANDILLA        ,2,COMMERCIAL,3,3,84.0,2.5
PEDDAPALLY,PEDDAPALLY,KALVA SRIRAMPUR,SRIRAMPUR,ASHANA PALLY  ,2,COMMERCIAL,8,8,408.0,9.26
PEDDAPALLY,PEDDAPALLY,KALVA SRIRAMPUR,SRIRAMPUR,BURUGU PALLY  ,2,COMMERCIAL,1,0,0.0,0.26
PEDDAPALLY,PEDDAPALLY,KALVA SRIRAMPUR,SRIRAMPUR,CHINNA RATHUPALLY,2,COMMERCIAL,5,3,114.0,7.0
KHAMMAM,SATHUPALLY,THALLADA,KURNAVALLY,KURNAVALLY,2,COMMERCIAL,126,109,9564.0,278.248
KHAMMAM,SATHUPALLY,THALLADA,KURNAVALLY,LAKSHMIPURAM-B,2,COMMERCIAL,15,15,327.0,21.143
KHAMMAM,SATHUPALLY,THALLADA,KURNAVALLY,MALSOOR THANDA,2,COMMERCIAL,46,41,1780.0,76.465
KHAMMAM,SATHUPALLY,THALLADA,KURNAVALLY,MITTAPALLY,2,COMMERCIAL,49,43,1965.0,64.179
KHAMMAM,SATHUPALLY,THALLADA,KURNAVALLY,MUDDUNURU,2,COMMERCIAL,36,32,1444.0,49.448
KHAMMAM,SATHUPALLY,THALLADA,KURNAVALLY,NARAYANA BANZAR,2,COMMERCIAL,2,2,14.0,2.0
KHAMMAM,SATHUPALLY,THALLADA,KURNAVALLY,NUTHANKAL,2,COMMERCIAL,44,38,2546.0,74.295
KHAMMAM,SATHUPALLY,THALLADA,KURNAVALLY,PINAPAKA-B,2,COMMERCIAL,71,68,5993.0,99.453
KHAMMAM,SATHUPALLY,THALLADA,KURNAVALLY,RAMANUJAVARAM,2,COMMERCIAL,28,22,3541.0,53.31
MAHABUBABAD,MAHABUBABAD,GUDUR,GUDUR,ERRAKUNTA THANDA,2,COMMERCIAL,5,5,301.0,7.72
MAHABUBABAD,MAHABUBABAD,GUDUR,GUDUR,GUDUR(H.Q),2,COMMERCIAL,549,488,49630.0,980.41
MAHABUBABAD,MAHABUBABAD,GUDUR,GUDUR,IPPALTHANDA,2,COMMERCIAL,1,1,67.0,1.0
MAHABUBABAD,MAHABUBABAD,GUDUR,GUDUR,KARAMPOODI THANDA,2,COMMERCIAL,2,2,28.0,2.5
MAHABUBABAD,MAHABUBABAD,GUDUR,GUDUR,KOBAL THANDA,2,COMMERCIAL,2,2,26.0,2.0
MAHABUBABAD,MAHABUBABAD,GUDUR,GUDUR,KOLLAPUR,2,COMMERCIAL,23,19,417.0,30.56
MAHABUBABAD,MAHABUBABAD,GUDUR,GUDUR,LINE THANDA,2,COMMERCIAL,3,3,39.0,4.0
MAHABUBABAD,MAHABUBABAD,GUDUR,GUDUR,MACHERLA,2,COMMERCIAL,25,24,5723.0,48.23
MAHABUBABAD,MAHABUBABAD,GUDUR,GUDUR,MARRIMITTA,2,COMMERCIAL,16,16,502.0,19.72
MAHABUBABAD,MAHABUBABAD,GUDUR,GUDUR,MATWADA,2,COMMERCIAL,22,20,2919.0,52.67
MAHABUBABAD,MAHABUBABAD,GUDUR,GUDUR,OOTLA,2,COMMERCIAL,1,1,0.0,5.0
MAHABUBABAD,MAHABUBABAD,KORIVI,GARLA,PULLURU-GAR,2,COMMERCIAL,22,20,4098.0,61.13
MAHABUBABAD,MAHABUBABAD,KORIVI,GARLA,RAMA PURAM-GAR,2,COMMERCIAL,14,12,2500.0,37.22
MAHABUBABAD,MAHABUBABAD,KORIVI,GARLA,S B THANDA-GAR,2,COMMERCIAL,7,6,63.0,10.26
MAHABUBABAD,MAHABUBABAD,KORIVI,GARLA,S N PURAM-GAR,2,COMMERCIAL,27,21,1242.0,53.37
MAHABUBABAD,MAHABUBABAD,KORIVI,GARLA,SEETHAM PETA-GAR,2,COMMERCIAL,34,30,936.0,42.06
MAHABUBABAD,MAHABUBABAD,KORIVI,GARLA,SIRI PURAM-GAR,2,COMMERCIAL,10,10,290.0,20.17
MAHABUBABAD,MAHABUBABAD,KORIVI,GARLA,THIRLA PURAM-GAR,2,COMMERCIAL,7,5,838.0,9.02
MAHABUBABAD,MAHABUBABAD,KORIVI,GARLA,V P THANDA-GAR,2,COMMERCIAL,2,2,23.0,3.0
MAHABUBABAD,MAHABUBABAD,KORIVI,GARLA,VEDANAYAKA PURAM-GAR,2,COMMERCIAL,1,1,0.0,1.0
MAHABUBABAD,MAHABUBABAD,MAHABUBABAD(T),MAHABUBABAD (RURAL),VEMANUR,2,COMMERCIAL,32,29,2890.0,49.96
MAHABUBABAD,MAHABUBABAD,MAHABUBABAD(T),MAHABUBABAD (TOWN),MAHABUBABAD-6   (HQ),2,COMMERCIAL,161,98,104730.0,1331.974
MAHABUBABAD,MAHABUBABAD,MAHABUBABAD(T),MAHABUBABAD (TOWN),NSPT ROAD,2,COMMERCIAL,404,383,57383.0,1065.102
MAHABUBABAD,MAHABUBABAD,MAHABUBABAD(T),MAHABUBABAD (TOWN),RTC BUS STAND ,2,COMMERCIAL,1093,1035,112317.0,2001.741
MAHABUBABAD,MAHABUBABAD,MAHABUBABAD(T),MAHABUBABAD (TOWN),YELLAND ROAD,2,COMMERCIAL,897,862,89709.0,1558.394
MAHABUBABAD,MAHABUBABAD,MAHABUBABAD(T),MAHABUBABAD TOWN2,COLLECTOR OFFICE ROAD,2,COMMERCIAL,950,826,119565.0,2650.59
MAHABUBABAD,MAHABUBABAD,MAHABUBABAD(T),MAHABUBABAD TOWN2,KANKARA BOARD,2,COMMERCIAL,862,779,114176.0,2012.03
MAHABUBABAD,THORRUR,THORRUR,CHINNAVANGARA,VELLIKATTA 2 HQ,2,COMMERCIAL,106,98,21407.0,355.39
MAHABUBABAD,THORRUR,THORRUR,CHINNAVANGARA,VENKATAPURAM,2,COMMERCIAL,10,7,2153.0,35.3
MAHABUBABAD,THORRUR,THORRUR,PEDDA VANGARA,AUTHAPUR,2,COMMERCIAL,42,39,2302.0,65.55
MANCHERIAL,MANCHERIAL,MANCHERIAL - RURAL,MANCHERIAL - RURAL,SRIRAMPUR COLONY,2,COMMERCIAL,316,284,38430.0,423.761
MANCHERIAL,MANCHERIAL,MANCHERIAL - RURAL,MANCHERIAL - RURAL,TALLAPALLI,2,COMMERCIAL,16,13,756.0,15.495
MANCHERIAL,MANCHERIAL,MANCHERIAL - RURAL,MANCHERIAL - RURAL,TEAGALPAHAD,2,COMMERCIAL,542,496,62098.0,1138.326
MANCHERIAL,MANCHERIAL,MANCHERIAL - RURAL,MANDAMARRY,ANDUGULPET,2,COMMERCIAL,77,60,12490.0,167.381
NIRMAL,BHAINSA,BHAINSA,KUBEER,DODERNA,2,COMMERCIAL,19,16,4004.0,52.766
NIRMAL,BHAINSA,BHAINSA,KUBEER,Davuji nayak tanda,2,COMMERCIAL,1,1,0.0,1.0
NIRMAL,BHAINSA,BHAINSA,KUBEER,Fakeer nayak tanda,2,COMMERCIAL,1,1,0.0,5.0
NIRMAL,BHAINSA,BHAINSA,KUBEER,GODAPUR,2,COMMERCIAL,12,9,510.0,9.23
NIRMAL,BHAINSA,BHAINSA,KUBEER,GODSARA,2,COMMERCIAL,8,8,282.0,9.24
NIRMAL,BHAINSA,BHAINSA,KUBEER,HALDA,2,COMMERCIAL,16,15,1193.0,23.86
NIRMAL,BHAINSA,BHAINSA,KUBEER,HAMPALI (B),2,COMMERCIAL,12,12,688.0,13.5
NIRMAL,BHAINSA,BHAINSA,KUBEER,JAMGOAM,2,COMMERCIAL,6,5,166.0,7.25
NIRMAL,BHAINSA,BHAINSA,KUBEER,JUMADA,2,COMMERCIAL,2,1,0.0,2.0
NIRMAL,BHAINSA,BHAINSA,KUBEER,KASRA,2,COMMERCIAL,9,6,478.0,11.239
NIRMAL,BHAINSA,BHAINSA,KUBEER,KUBEER,2,COMMERCIAL,404,355,29876.0,581.732
NIRMAL,BHAINSA,BHAINSA,KUBEER,KUPTI (B),2,COMMERCIAL,9,5,303.0,13.43
NIRMAL,BHAINSA,BHAINSA,KUBEER,Kishan nayak tanda,2,COMMERCIAL,1,1,0.0,1.0
NIRMAL,BHAINSA,BHAINSA,KUBEER,LINGI,2,COMMERCIAL,5,3,26.0,5.39
NIRMAL,NIRMAL,NIRMAL,SOAN,PAKPATLA,2,COMMERCIAL,78,69,7556.0,138.96
NIRMAL,NIRMAL,NIRMAL,SOAN,SAKERA,2,COMMERCIAL,6,6,207.0,8.0
NIRMAL,NIRMAL,NIRMAL,SOAN,SANGEMPET,2,COMMERCIAL,6,5,213.0,7.24
NIRMAL,NIRMAL,NIRMAL,SOAN,SIDDULAKUNTA,2,COMMERCIAL,26,25,3534.0,57.62
NIRMAL,NIRMAL,NIRMAL,SOAN,SOAN,2,COMMERCIAL,176,147,20543.0,412.674
NIRMAL,NIRMAL,NIRMAL,SOAN,VELMAL (LOCAL),2,COMMERCIAL,19,18,820.0,26.75
NIRMAL,NIRMAL,NIRMAL RURAL,BEERAVELLY,AALOOR,2,COMMERCIAL,43,37,5318.0,78.967
NIRMAL,NIRMAL,NIRMAL RURAL,BEERAVELLY,BEERVELLY,2,COMMERCIAL,118,101,10718.0,186.202
NIRMAL,NIRMAL,NIRMAL RURAL,BEERAVELLY,BOREGOAM(NEW),2,COMMERCIAL,34,29,2607.0,67.44
NIRMAL,NIRMAL,NIRMAL RURAL,BEERAVELLY,CHINCHOLI(M),2,COMMERCIAL,41,38,3820.0,62.85
NIRMAL,NIRMAL,NIRMAL RURAL,BEERAVELLY,DONEGOAN,2,COMMERCIAL,7,7,145.0,11.0
NIRMAL,NIRMAL,NIRMAL RURAL,BEERAVELLY,GODSERA,2,COMMERCIAL,2,2,31.0,4.0
NIZAMABAD,ARMOOR,MORTHAD,BASHEERABAD,ADDABORE THANDA,2,COMMERCIAL,2,2,92.0,2.5
NIZAMABAD,ARMOOR,MORTHAD,BASHEERABAD,AMEER NAGAR,2,COMMERCIAL,23,22,5340.0,48.56
NIZAMABAD,ARMOOR,MORTHAD,BASHEERABAD,BADITHANDA,2,COMMERCIAL,3,3,77.0,6.0
NIZAMABAD,ARMOOR,MORTHAD,BASHEERABAD,BASHEERABAD,2,COMMERCIAL,144,139,9205.0,252.412
NIZAMABAD,ARMOOR,MORTHAD,BASHEERABAD,CHINTAMANITHANDA,2,COMMERCIAL,3,3,684.0,3.0
NIZAMABAD,ARMOOR,MORTHAD,BASHEERABAD,CHOUTPALLY,2,COMMERCIAL,139,130,14101.0,205.695
NIZAMABAD,ARMOOR,MORTHAD,BASHEERABAD,DEGAVATHTHANDA,2,COMMERCIAL,5,3,157.0,10.76
NIZAMABAD,ARMOOR,MORTHAD,BASHEERABAD,GAIDIGUTTA THANDA,2,COMMERCIAL,2,2,327.0,2.0
NIZAMABAD,ARMOOR,MORTHAD,BASHEERABAD,INAYAT NAGAR,2,COMMERCIAL,6,6,2208.0,31.0
NIZAMABAD,ARMOOR,MORTHAD,BASHEERABAD,KONAPUR,2,COMMERCIAL,45,44,6476.0,62.716
NIZAMABAD,BODHAN,RUDRUR,VARNI,SRINAGAR,2,COMMERCIAL,30,22,2611.0,47.964
NIZAMABAD,BODHAN,RUDRUR,VARNI,TAGLEPALLI,2,COMMERCIAL,48,42,7086.0,75.804
NIZAMABAD,BODHAN,RUDRUR,VARNI,VADDAPALLY,2,COMMERCIAL,99,86,14465.0,224.084
NIZAMABAD,BODHAN,RUDRUR,VARNI,VAKEEL FARM,2,COMMERCIAL,2,2,24.0,2.0
NIZAMABAD,BODHAN,RUDRUR,VARNI,VARNI,2,COMMERCIAL,35,28,2602.0,39.24
NIZAMABAD,BODHAN,YEDPALLY,BODHAN RURAL,AMDAPOOR,2,COMMERCIAL,57,42,8829.0,88.9
NIZAMABAD,BODHAN,YEDPALLY,BODHAN RURAL,BANDARPALLY,2,COMMERCIAL,8,6,1053.0,25.24
NIZAMABAD,BODHAN,YEDPALLY,BODHAN RURAL,BARDIPOOR,2,COMMERCIAL,18,14,7381.0,38.296
NIZAMABAD,BODHAN,YEDPALLY,BODHAN RURAL,BELLALFORM,2,COMMERCIAL,34,24,4735.0,54.332
NIZAMABAD,BODHAN,YEDPALLY,BODHAN RURAL,BHAVANIPET,2,COMMERCIAL,25,22,7037.0,45.863
NIZAMABAD,BODHAN,YEDPALLY,BODHAN RURAL,BHIKNELLY,2,COMMERCIAL,1,1,35.0,0.24
NIZAMABAD,DICHPALLY,NIZAMABAD - RURAL,BARDHIPOOR,NAKA THANDA,2,COMMERCIAL,6,5,357.0,11.0
NIZAMABAD,DICHPALLY,NIZAMABAD - RURAL,BARDHIPOOR,SAMPALLY,2,COMMERCIAL,26,17,3160.0,69.76
NIZAMABAD,DICHPALLY,NIZAMABAD - RURAL,BARDHIPOOR,SAMPALLY T,2,COMMERCIAL,6,5,82.0,10.89
NIZAMABAD,DICHPALLY,NIZAMABAD - RURAL,BARDHIPOOR,SUDDAPALLY,2,COMMERCIAL,85,65,20831.0,483.152
NIZAMABAD,DICHPALLY,NIZAMABAD - RURAL,BARDHIPOOR,SUDDULAM,2,COMMERCIAL,65,57,4962.0,100.994
NIZAMABAD,DICHPALLY,NIZAMABAD - RURAL,BARDHIPOOR,WESLINAGAR T,2,COMMERCIAL,6,5,98.0,6.74
NIZAMABAD,DICHPALLY,NIZAMABAD - RURAL,BARDHIPOOR,YANAMPALLY,2,COMMERCIAL,55,50,9205.0,114.791
NIZAMABAD,DICHPALLY,NIZAMABAD - RURAL,BARDHIPOOR,YANAMPALLY T,2,COMMERCIAL,1,1,6.0,0.958
NIZAMABAD,DICHPALLY,NIZAMABAD - RURAL,JAKRANPALLY, VIVEKNAGAR THANDA,2,COMMERCIAL,8,6,76.0,11.0
NIZAMABAD,NIZAMABAD,NAVIPET,JANNEPALLY,MURARI FORM,2,COMMERCIAL,1,1,37.0,3.26
NIZAMABAD,NIZAMABAD,NAVIPET,JANNEPALLY,NALESWAR,2,COMMERCIAL,81,72,7916.0,151.244
NIZAMABAD,NIZAMABAD,NAVIPET,JANNEPALLY,NARAYANNAPOOR,2,COMMERCIAL,19,16,668.0,21.884
NIZAMABAD,NIZAMABAD,NAVIPET,JANNEPALLY,NIZAMPOOR,2,COMMERCIAL,30,27,1159.0,35.58
MAHABUBABAD,MAHABUBABAD,GUDUR,GUDUR,BHUPATHIPET,2,COMMERCIAL,41,35,7038.0,78.9
MAHABUBABAD,MAHABUBABAD,GUDUR,GUDUR,BRAHAMANAPALLY,2,COMMERCIAL,20,16,940.0,35.6
MAHABUBABAD,MAHABUBABAD,GUDUR,GUDUR,BUDDUGONDA,2,COMMERCIAL,35,27,7637.0,69.41
MAHABUBABAD,MAHABUBABAD,GUDUR,GUDUR,CHANDRUGUDEM,2,COMMERCIAL,47,43,1760.0,61.655
MAHABUBABAD,MAHABUBABAD,GUDUR,GUDUR,CHINA YELLAPUR,2,COMMERCIAL,8,6,237.0,10.79
MAHABUBABAD,MAHABUBABAD,GUDUR,GUDUR,EPUR,2,COMMERCIAL,7,7,191.0,17.24
MAHABUBABAD,MAHABUBABAD,KORIVI,GARLA,MADDHIVANCHA-GAR,2,COMMERCIAL,9,7,2530.0,19.098
MAHABUBABAD,MAHABUBABAD,KORIVI,GARLA,MARRI GUDEM-GAR,2,COMMERCIAL,33,31,3986.0,79.495
MAHABUBABAD,MAHABUBABAD,KORIVI,GARLA,MULKANOOR-GAR,2,COMMERCIAL,19,16,5759.0,57.07
MAHABUBABAD,MAHABUBABAD,KORIVI,GARLA,MUTHI THANDA - GAR,2,COMMERCIAL,1,1,43.0,3.0
MAHABUBABAD,MAHABUBABAD,KORIVI,GARLA,NAGARAM-GAR,2,COMMERCIAL,1,1,26.0,0.22
MAHABUBABAD,MAHABUBABAD,KORIVI,GARLA,NARASIMHULA GUDEM-GAR,2,COMMERCIAL,2,2,47.0,3.0
MAHABUBABAD,MAHABUBABAD,KORIVI,GARLA,PEEKLI THANDA -GAR,2,COMMERCIAL,12,11,492.0,24.742
MAHABUBABAD,MAHABUBABAD,KORIVI,GARLA,PINREDDY GUDEM-GAR,2,COMMERCIAL,12,9,579.0,16.62
MAHABUBABAD,MAHABUBABAD,KORIVI,GARLA,POCHARAM-GAR,2,COMMERCIAL,50,42,5660.0,95.376
MAHABUBABAD,MAHABUBABAD,KORIVI,GARLA,POOSAL THANDA - GA,2,COMMERCIAL,1,1,0.0,2.0
MAHABUBABAD,MAHABUBABAD,MAHABUBABAD(T),MAHABUBABAD (RURAL),ROTIBANDA THANDA,2,COMMERCIAL,1,1,140.0,1.0
MAHABUBABAD,MAHABUBABAD,MAHABUBABAD(T),MAHABUBABAD (RURAL),SADHU THANDA,2,COMMERCIAL,1,1,0.0,1.0
MAHABUBABAD,MAHABUBABAD,MAHABUBABAD(T),MAHABUBABAD (RURAL),SANDRALAGUDEM,2,COMMERCIAL,5,5,22.0,7.0
MAHABUBABAD,MAHABUBABAD,MAHABUBABAD(T),MAHABUBABAD (RURAL),SECUNDRABAD THANDA,2,COMMERCIAL,4,4,272.0,4.982
MAHABUBABAD,MAHABUBABAD,MAHABUBABAD(T),MAHABUBABAD (RURAL),SEETHLA THANDA,2,COMMERCIAL,3,3,0.0,2.24
MAHABUBABAD,MAHABUBABAD,MAHABUBABAD(T),MAHABUBABAD (RURAL),SINGARAM,2,COMMERCIAL,11,10,275.0,16.55
MAHABUBABAD,MAHABUBABAD,MAHABUBABAD(T),MAHABUBABAD (RURAL),SOMULA THANDA,2,COMMERCIAL,2,2,11.0,2.0
MAHABUBABAD,MAHABUBABAD,MAHABUBABAD(T),MAHABUBABAD (RURAL),TEKULAGUDEM,2,COMMERCIAL,5,4,218.0,6.36
MAHABUBABAD,MAHABUBABAD,MAHABUBABAD(T),MAHABUBABAD (RURAL),THURUPU THANDA,2,COMMERCIAL,1,1,27.0,1.0
MAHABUBABAD,MAHABUBABAD,MAHABUBABAD(T),MAHABUBABAD (RURAL),UTHARA THANDA,2,COMMERCIAL,1,1,146.0,2.0
MAHABUBABAD,MAHABUBABAD,MAHABUBABAD(T),MAHABUBABAD (RURAL),V S LAXMIPUR,2,COMMERCIAL,17,17,3925.0,40.295
MAHABUBABAD,MAHABUBABAD,MAHABUBABAD(T),MAHABUBABAD (RURAL),VEERARAM THANDA,2,COMMERCIAL,5,5,57.0,10.0
MAHABUBABAD,THORRUR,THORRUR,CHINNAVANGARA,MADIPELLY,2,COMMERCIAL,33,24,5145.0,110.34
MAHABUBABAD,THORRUR,THORRUR,CHINNAVANGARA,MANGYA THANDA,2,COMMERCIAL,1,1,36.0,1.0
MAHABUBABAD,THORRUR,THORRUR,CHINNAVANGARA,MANGYATHANDA,2,COMMERCIAL,3,3,18.0,4.0
MAHABUBABAD,THORRUR,THORRUR,CHINNAVANGARA,MATED,2,COMMERCIAL,41,29,9192.0,93.58
MAHABUBABAD,THORRUR,THORRUR,CHINNAVANGARA,NANCHARI MADUGU,2,COMMERCIAL,81,56,10611.0,168.48
MAHABUBABAD,THORRUR,THORRUR,CHINNAVANGARA,PATEL GUDEM,2,COMMERCIAL,1,1,64.0,2.0
MAHABUBABAD,THORRUR,THORRUR,CHINNAVANGARA,PEDDADUBBA THANDA,2,COMMERCIAL,2,2,0.0,2.0
MAHABUBABAD,THORRUR,THORRUR,CHINNAVANGARA,POLEPALLY,2,COMMERCIAL,8,8,436.0,16.18
MAHABUBABAD,THORRUR,THORRUR,CHINNAVANGARA,SAMARAPU KUNTA THANDA,2,COMMERCIAL,1,1,0.0,1.0
MAHABUBABAD,THORRUR,THORRUR,CHINNAVANGARA,TEKYA THANDA,2,COMMERCIAL,3,3,110.0,4.0
MAHABUBABAD,THORRUR,THORRUR,CHINNAVANGARA,VELIKATTA,2,COMMERCIAL,75,59,13698.0,190.32
MANCHERIAL,BELLAMPALLY,BELLAMPALLY RURAL,NENNEL,BOPPARAM,2,COMMERCIAL,1,1,201.0,4.0
MANCHERIAL,BELLAMPALLY,BELLAMPALLY RURAL,NENNEL,CHINA VENKATAPURAM,2,COMMERCIAL,5,5,110.0,5.48
MANCHERIAL,BELLAMPALLY,BELLAMPALLY RURAL,NENNEL,CHITTAPUR,2,COMMERCIAL,13,12,250.0,21.23
MANCHERIAL,BELLAMPALLY,BELLAMPALLY RURAL,NENNEL,GANGARAM (NENNEL),2,COMMERCIAL,15,14,722.0,23.24
MANCHERIAL,BELLAMPALLY,BELLAMPALLY RURAL,NENNEL,GANPUR,2,COMMERCIAL,17,17,888.0,25.594
MANCHERIAL,BELLAMPALLY,BELLAMPALLY RURAL,NENNEL,GOLLAPALLY,2,COMMERCIAL,29,27,2169.0,45.747
MANCHERIAL,BELLAMPALLY,BELLAMPALLY RURAL,NENNEL,GUDIPET,2,COMMERCIAL,3,3,44.0,5.516
MANCHERIAL,BELLAMPALLY,BELLAMPALLY RURAL,NENNEL,GUNDLA SOMARAM,2,COMMERCIAL,7,7,638.0,10.56
MANCHERIAL,BELLAMPALLY,BELLAMPALLY RURAL,NENNEL,JANDA VENKATAPUR,2,COMMERCIAL,9,8,3454.0,23.18
MANCHERIAL,BELLAMPALLY,BELLAMPALLY RURAL,NENNEL,JOGAPUR,2,COMMERCIAL,7,7,181.0,11.14
MANCHERIAL,BELLAMPALLY,BELLAMPALLY RURAL,NENNEL,KARJI JANGAL PET,2,COMMERCIAL,6,6,642.0,10.11
MANCHERIAL,MANCHERIAL,LUXETTIPET,DANDEPALLY,KANNEPALLI,2,COMMERCIAL,33,26,4818.0,102.214
MANCHERIAL,MANCHERIAL,LUXETTIPET,DANDEPALLY,KASIPET  B,2,COMMERCIAL,20,19,999.0,30.869
MANCHERIAL,MANCHERIAL,LUXETTIPET,DANDEPALLY,KASPALLI,2,COMMERCIAL,3,2,0.0,12.0
MANCHERIAL,MANCHERIAL,LUXETTIPET,DANDEPALLY,KONDALPAD,2,COMMERCIAL,1,0,0.0,0.6
MANCHERIAL,MANCHERIAL,LUXETTIPET,DANDEPALLY,KONDAPUR DK,2,COMMERCIAL,9,9,520.0,12.24
MANCHERIAL,MANCHERIAL,LUXETTIPET,DANDEPALLY,KORVICHELMA,2,COMMERCIAL,26,22,5078.0,54.012
MANCHERIAL,MANCHERIAL,LUXETTIPET,DANDEPALLY,LAXMIKANTHAPUR,2,COMMERCIAL,11,9,259.0,17.12
MANCHERIAL,MANCHERIAL,LUXETTIPET,DANDEPALLY,LINGAPUR,2,COMMERCIAL,23,17,2282.0,108.518
MANCHERIAL,MANCHERIAL,LUXETTIPET,DANDEPALLY,MAKULPET,2,COMMERCIAL,7,7,160.0,9.19
MANCHERIAL,MANCHERIAL,LUXETTIPET,DANDEPALLY,MAMIDIPALLI,2,COMMERCIAL,30,24,9693.0,77.8
MANCHERIAL,MANCHERIAL,MANCHERIAL - RURAL,MANCHERIAL - RURAL,RK6 HUTS,2,COMMERCIAL,279,249,38510.0,382.652
MANCHERIAL,MANCHERIAL,MANCHERIAL - RURAL,MANCHERIAL - RURAL,SANGA MALLAIAH PALLY,2,COMMERCIAL,24,21,3272.0,22.247
MANCHERIAL,MANCHERIAL,MANCHERIAL - RURAL,MANCHERIAL - RURAL,SINGAPOOR,2,COMMERCIAL,7,1,0.0,42.24
MANCHERIAL,MANCHERIAL,MANCHERIAL - RURAL,MANCHERIAL - RURAL,SITARAMPALLI,2,COMMERCIAL,118,103,8863.0,218.782
NIZAMABAD,BODHAN,RUDRUR,VARNI,MALLARAM,2,COMMERCIAL,8,5,53.0,7.42
NIZAMABAD,BODHAN,RUDRUR,VARNI,NEHURUNAGAR,2,COMMERCIAL,10,5,1365.0,17.06
NIZAMABAD,BODHAN,RUDRUR,VARNI,POTTIGUTTA THANDA,2,COMMERCIAL,1,1,0.0,20.0
NIZAMABAD,BODHAN,RUDRUR,VARNI,PYADMALR,2,COMMERCIAL,6,5,92.0,2.692
NIZAMABAD,BODHAN,RUDRUR,VARNI,RAJPET,2,COMMERCIAL,1,1,120.0,0.26
NIZAMABAD,BODHAN,RUDRUR,VARNI,SANKORA,2,COMMERCIAL,28,21,1239.0,53.416
NIZAMABAD,BODHAN,RUDRUR,VARNI,SAYEEDPUR,2,COMMERCIAL,2,2,87.0,5.0
NIZAMABAD,BODHAN,RUDRUR,VARNI,SIDDAPUR TANDA,2,COMMERCIAL,5,4,183.0,11.32
NIZAMABAD,BODHAN,RUDRUR,VARNI,SN PURAM,2,COMMERCIAL,690,637,68311.0,1281.242
NIZAMABAD,DICHPALLY,NIZAMABAD - RURAL,BARDHIPOOR,BARDIPUR,2,COMMERCIAL,85,69,45972.0,959.37
NIZAMABAD,DICHPALLY,NIZAMABAD - RURAL,BARDHIPOOR,DEVAPALLY CAMP,2,COMMERCIAL,21,21,2798.0,45.92
NIZAMABAD,DICHPALLY,NIZAMABAD - RURAL,BARDHIPOOR,DEVNAGAR CAMP,2,COMMERCIAL,5,5,139.0,3.76
NIZAMABAD,DICHPALLY,NIZAMABAD - RURAL,BARDHIPOOR,DHARMARAM - (B),2,COMMERCIAL,245,200,35773.0,496.086
NIZAMABAD,DICHPALLY,NIZAMABAD - RURAL,BARDHIPOOR,GOLLAPALLY,2,COMMERCIAL,14,12,444.0,24.44
NIZAMABAD,DICHPALLY,NIZAMABAD - RURAL,BARDHIPOOR,KORATPALLY,2,COMMERCIAL,44,38,7084.0,85.52
NIZAMABAD,DICHPALLY,NIZAMABAD - RURAL,BARDHIPOOR,KORATPALLY T,2,COMMERCIAL,3,3,68.0,2.996
NIZAMABAD,DICHPALLY,NIZAMABAD - RURAL,BARDHIPOOR,LINGASAMUNDHAR,2,COMMERCIAL,10,7,385.0,14.0
NIZAMABAD,DICHPALLY,NIZAMABAD - RURAL,BARDHIPOOR,MENTRAJPALLY,2,COMMERCIAL,102,79,18360.0,254.348
NIZAMABAD,NIZAMABAD,NAVIPET,JANNEPALLY,ANJUMAN FORM,2,COMMERCIAL,5,3,108.0,4.52
NIZAMABAD,NIZAMABAD,NAVIPET,JANNEPALLY,ASHA JYOTHI COLONY,2,COMMERCIAL,22,21,1203.0,22.56
NIZAMABAD,NIZAMABAD,NAVIPET,JANNEPALLY,BINOLA,2,COMMERCIAL,105,76,8511.0,141.71
NIZAMABAD,NIZAMABAD,NAVIPET,JANNEPALLY,DHARMARAM  A,2,COMMERCIAL,11,9,857.0,18.77
NIZAMABAD,NIZAMABAD,NAVIPET,JANNEPALLY,GANDHINAGAR,2,COMMERCIAL,7,4,106.0,9.28
NIZAMABAD,NIZAMABAD,NAVIPET,JANNEPALLY,JANNEPALLY,2,COMMERCIAL,241,220,25850.0,423.758
NIZAMABAD,NIZAMABAD,NAVIPET,JANNEPALLY,KAMALAPOOR,2,COMMERCIAL,30,23,1240.0,33.9
NIZAMABAD,NIZAMABAD,NAVIPET,JANNEPALLY,LINGAPOOR,2,COMMERCIAL,11,10,204.0,11.26
NIZAMABAD,NIZAMABAD,NAVIPET,JANNEPALLY,MAHANTHAM,2,COMMERCIAL,10,9,1787.0,30.354
NIZAMABAD,NIZAMABAD,NAVIPET,JANNEPALLY,MOKANPALLY,2,COMMERCIAL,29,25,944.0,34.761
PEDDAPALLY,MANTHANI,Manthani,KAMANPUR,GUNDARAM,2,COMMERCIAL,58,50,3066.0,68.76
PEDDAPALLY,MANTHANI,Manthani,KAMANPUR,JULAPALLY (A),2,COMMERCIAL,66,54,7211.0,106.993
PEDDAPALLY,MANTHANI,Manthani,KAMANPUR,KAMANPUR,2,COMMERCIAL,382,333,40050.0,688.735
PEDDAPALLY,MANTHANI,Manthani,KAMANPUR,LINGALA - (REC),2,COMMERCIAL,8,6,413.0,31.42
PEDDAPALLY,MANTHANI,Manthani,KAMANPUR,MULKALAPALLY - (REC),2,COMMERCIAL,6,4,655.0,15.0
PEDDAPALLY,MANTHANI,Manthani,KAMANPUR,NAGARAM,2,COMMERCIAL,26,26,1457.0,32.24
PEDDAPALLY,MANTHANI,Manthani,KAMANPUR,NARSIMHAPURAM,2,COMMERCIAL,6,6,204.0,8.24
PEDDAPALLY,MANTHANI,Manthani,KAMANPUR,PENCHKALPET,2,COMMERCIAL,54,50,6448.0,88.89
PEDDAPALLY,MANTHANI,Manthani,KAMANPUR,PERAPALLY,2,COMMERCIAL,18,15,773.0,20.95
PEDDAPALLY,MANTHANI,Manthani,KAMANPUR,RAJAPUR,2,COMMERCIAL,7,4,82.0,6.68
PEDDAPALLY,PEDDAPALLY,KALVA SRIRAMPUR,ODELA,PITTALA YELLAYAPALLY,2,COMMERCIAL,4,4,243.0,3.52
PEDDAPALLY,PEDDAPALLY,KALVA SRIRAMPUR,ODELA,UPPARAPALLY   ,2,COMMERCIAL,8,8,2902.0,23.15
PEDDAPALLY,PEDDAPALLY,KALVA SRIRAMPUR,POTHKAPALLY,BAYAMPALLY,2,COMMERCIAL,17,16,2569.0,51.79
PEDDAPALLY,PEDDAPALLY,KALVA SRIRAMPUR,POTHKAPALLY,BHEEMUNI PALLY,2,COMMERCIAL,7,7,358.0,7.76
PEDDAPALLY,PEDDAPALLY,KALVA SRIRAMPUR,POTHKAPALLY,GOLLAPALLE H/O PTK            ,2,COMMERCIAL,2,2,1391.0,16.335
PEDDAPALLY,PEDDAPALLY,KALVA SRIRAMPUR,POTHKAPALLY,GOLLAPALLE H/O SHANAGONDA     ,2,COMMERCIAL,1,1,0.0,1.0
PEDDAPALLY,PEDDAPALLY,KALVA SRIRAMPUR,POTHKAPALLY,GUDEM (REC)   ,2,COMMERCIAL,11,11,704.0,15.78
PEDDAPALLY,PEDDAPALLY,KALVA SRIRAMPUR,POTHKAPALLY,GUMPALA       ,2,COMMERCIAL,56,50,7087.0,107.4
PEDDAPALLY,PEDDAPALLY,KALVA SRIRAMPUR,POTHKAPALLY,INDURTHY      ,2,COMMERCIAL,13,12,1473.0,23.68
PEDDAPALLY,PEDDAPALLY,KALVA SRIRAMPUR,POTHKAPALLY,JEELAKUNTA H/O POTHAKAPALLY   ,2,COMMERCIAL,36,31,2498.0,49.93
KHAMMAM,SATHUPALLY,THALLADA,ENKOOR,RAYA MADHARAM-EK,2,COMMERCIAL,12,8,1681.0,25.02
KHAMMAM,SATHUPALLY,THALLADA,ENKOOR,REPALLE WADA-EK,2,COMMERCIAL,14,9,746.0,31.46
KHAMMAM,SATHUPALLY,THALLADA,ENKOOR,SR PURAM TANDA-EK,2,COMMERCIAL,3,2,14.0,3.84
KHAMMAM,SATHUPALLY,THALLADA,ENKOOR,SREERAMGIRI-EK,2,COMMERCIAL,11,9,360.0,8.94
KHAMMAM,SATHUPALLY,THALLADA,ENKOOR,SURYA TANDA-EK,2,COMMERCIAL,3,1,19.0,1.015
KHAMMAM,SATHUPALLY,THALLADA,ENKOOR,T LINGANNA PET-EK,2,COMMERCIAL,87,77,8048.0,152.27
KHAMMAM,SATHUPALLY,THALLADA,ENKOOR,TIMMARAO PET-EK,2,COMMERCIAL,119,103,10959.0,190.16
KHAMMAM,SATHUPALLY,THALLADA,KURNAVALLY,BASVAPURAM,2,COMMERCIAL,15,13,312.0,17.866
KHAMMAM,SATHUPALLY,THALLADA,KURNAVALLY,KALAKODIMA,2,COMMERCIAL,53,43,1700.0,67.19
KHAMMAM,SATHUPALLY,THALLADA,KURNAVALLY,KESHAVAPURAM,2,COMMERCIAL,16,15,962.0,20.468
KHAMMAM,SATHUPALLY,THALLADA,KURNAVALLY,KOTHAMITTAPALLY,2,COMMERCIAL,77,74,12264.0,166.02
MAHABUBABAD,MAHABUBABAD,GUDUR,AYODHYAPURAM,RAJANPALLY,2,COMMERCIAL,7,7,192.0,10.18
MAHABUBABAD,MAHABUBABAD,GUDUR,AYODHYAPURAM,RAMULA THANDA,2,COMMERCIAL,9,9,283.0,17.24
MAHABUBABAD,MAHABUBABAD,GUDUR,AYODHYAPURAM,THEEGALVENI,2,COMMERCIAL,18,16,7157.0,58.33
MAHABUBABAD,MAHABUBABAD,GUDUR,AYODHYAPURAM,THEJAVATHRAMSINGH THANDA,2,COMMERCIAL,2,2,12.0,2.0
MAHABUBABAD,MAHABUBABAD,GUDUR,GUDUR,BANDALAGADDA,2,COMMERCIAL,2,2,127.0,4.0
MANCHERIAL,MANCHERIAL,CHENNUR,KOTAPALLY,VELMAPALLY,2,COMMERCIAL,8,8,799.0,15.28
MANCHERIAL,MANCHERIAL,CHENNUR,KOTAPALLY,VENCHAPALLI,2,COMMERCIAL,10,7,1248.0,19.14
MANCHERIAL,MANCHERIAL,LUXETTIPET,DANDEPALLY,ALIPUR,2,COMMERCIAL,12,11,1951.0,46.958
MANCHERIAL,MANCHERIAL,LUXETTIPET,DANDEPALLY,BIKKANNAGUDEM,2,COMMERCIAL,2,2,20.0,2.18
MANCHERIAL,MANCHERIAL,LUXETTIPET,DANDEPALLY,CHINTAPALLY,2,COMMERCIAL,20,18,2570.0,44.974
MANCHERIAL,MANCHERIAL,LUXETTIPET,DANDEPALLY,DANDEPALLY,2,COMMERCIAL,166,155,18810.0,252.363
MANCHERIAL,MANCHERIAL,LUXETTIPET,DANDEPALLY,DHARMARAOPET,2,COMMERCIAL,4,4,205.0,5.25
MANCHERIAL,MANCHERIAL,LUXETTIPET,DANDEPALLY,DWARAKA,2,COMMERCIAL,18,15,646.0,29.728
MANCHERIAL,MANCHERIAL,LUXETTIPET,DANDEPALLY,GUDEM,2,COMMERCIAL,75,65,6376.0,93.015
MANCHERIAL,MANCHERIAL,LUXETTIPET,DANDEPALLY,GURREVA,2,COMMERCIAL,12,11,532.0,12.135
MANCHERIAL,MANCHERIAL,MANCHERIAL - RURAL,KYATHANPALLY,PAKISTAN CAMP (R.K.P,2,COMMERCIAL,1,1,25.0,0.255
MANCHERIAL,MANCHERIAL,MANCHERIAL - RURAL,KYATHANPALLY,PONNARAM,2,COMMERCIAL,15,14,4770.0,42.24
MANCHERIAL,MANCHERIAL,MANCHERIAL - RURAL,KYATHANPALLY,RAJEEV NAGAR,2,COMMERCIAL,1,1,56.0,1.0
MANCHERIAL,MANCHERIAL,MANCHERIAL - RURAL,KYATHANPALLY,RAMAKISTAPOOR,2,COMMERCIAL,659,573,71624.0,852.254
MANCHERIAL,MANCHERIAL,MANCHERIAL - RURAL,KYATHANPALLY,RR NAGAR,2,COMMERCIAL,2,1,7.0,4.0
MANCHERIAL,MANCHERIAL,MANCHERIAL - RURAL,KYATHANPALLY,SANDRANPALLY,2,COMMERCIAL,6,6,2936.0,22.255
MANCHERIAL,MANCHERIAL,MANCHERIAL - RURAL,KYATHANPALLY,SARANGAPALLI,2,COMMERCIAL,9,5,289.0,11.51
MANCHERIAL,MANCHERIAL,MANCHERIAL - RURAL,KYATHANPALLY,SHANKARPALLY,2,COMMERCIAL,4,4,1700.0,9.0
MANCHERIAL,MANCHERIAL,MANCHERIAL - RURAL,KYATHANPALLY,SHANTHI NAGAR,2,COMMERCIAL,1,1,14.0,1.0
MANCHERIAL,MANCHERIAL,MANCHERIAL - RURAL,KYATHANPALLY,SHIVAJI NAGAR,2,COMMERCIAL,1,1,45.0,1.0
MANCHERIAL,MANCHERIAL,MANCHERIAL - RURAL,KYATHANPALLY,THILAK NAGAR,2,COMMERCIAL,1,1,0.0,0.24
MANCHERIAL,MANCHERIAL,MANCHERIAL - RURAL,KYATHANPALLY,THIMMAPUR,2,COMMERCIAL,39,35,8336.0,109.495
MANCHERIAL,MANCHERIAL,MANCHERIAL - RURAL,MANCHERIAL - RURAL,NASPOOR,2,COMMERCIAL,1851,1698,241267.0,3693.657
NIRMAL,BHAINSA,BHAINSA,KALLUR,SEVADAS NAGAR TANDA,2,COMMERCIAL,2,2,55.0,5.0
NIRMAL,BHAINSA,BHAINSA,KALLUR,SURYAPUR,2,COMMERCIAL,11,7,86.0,17.35
NIRMAL,BHAINSA,BHAINSA,KALLUR,TIMMAPUR,2,COMMERCIAL,13,11,206.0,15.25
NIRMAL,BHAINSA,BHAINSA,KALLUR,TURATY,2,COMMERCIAL,14,12,400.0,16.24
NIRMAL,BHAINSA,BHAINSA,KALLUR,VANKUR,2,COMMERCIAL,5,5,63.0,4.5
NIRMAL,BHAINSA,BHAINSA,KALLUR,VITTAPUR,2,COMMERCIAL,10,10,373.0,16.25
NIRMAL,BHAINSA,BHAINSA,KUBEER,ANTHARNI,2,COMMERCIAL,9,4,35.0,12.24
NIRMAL,BHAINSA,BHAINSA,KUBEER,BELGOAM,2,COMMERCIAL,10,6,38.0,17.26
NIRMAL,BHAINSA,BHAINSA,KUBEER,BHAKOTEPANGRA,2,COMMERCIAL,3,2,9.0,7.0
NIRMAL,BHAINSA,BHAINSA,KUBEER,BRAHMESWAR,2,COMMERCIAL,4,3,1824.0,20.0
NIRMAL,BHAINSA,BHAINSA,KUBEER,Belgaon tanda-i,2,COMMERCIAL,1,1,0.0,1.0
NIRMAL,BHAINSA,BHAINSA,KUBEER,CHATA,2,COMMERCIAL,40,36,1822.0,54.202
NIRMAL,BHAINSA,BHAINSA,KUBEER,CHONDI,2,COMMERCIAL,16,13,796.0,22.19
NIRMAL,BHAINSA,BHAINSA,KUBEER,DHAR KUBEER,2,COMMERCIAL,6,5,381.0,10.0
NIRMAL,NIRMAL,NIRMAL,NIRMAL-TOWN3,SHASTRI NAGAR,2,COMMERCIAL,97,96,46016.0,526.43
NIRMAL,NIRMAL,NIRMAL,NIRMAL-TOWN3,SOMWARPET,2,COMMERCIAL,6,6,532.0,9.67
NIRMAL,NIRMAL,NIRMAL,NIRMAL-TOWN3,SRI NAGAR COLONY,2,COMMERCIAL,25,25,1149.0,51.0
NIRMAL,NIRMAL,NIRMAL,NIRMAL-TOWN3,TOWN-3,2,COMMERCIAL,551,478,128884.0,1867.629
NIRMAL,NIRMAL,NIRMAL,NIRMAL-TOWN3,TOWN3,2,COMMERCIAL,151,111,16269.0,267.55
NIRMAL,NIRMAL,NIRMAL,NIRMAL-TOWN3,VENKATAPUR,2,COMMERCIAL,83,73,6246.0,151.8
NIRMAL,NIRMAL,NIRMAL,NIRMAL-TOWN3,VINAYAK NAGAR,2,COMMERCIAL,8,8,1330.0,19.0
NIRMAL,NIRMAL,NIRMAL,SOAN,BOPPARAM,2,COMMERCIAL,56,48,10661.0,137.166
NIRMAL,NIRMAL,NIRMAL,SOAN,GAMJAL,2,COMMERCIAL,34,27,3515.0,74.012
NIRMAL,NIRMAL,NIRMAL,SOAN,JAFRAPUR,2,COMMERCIAL,30,26,6894.0,76.96
NIRMAL,NIRMAL,NIRMAL,SOAN,KADTHAL,2,COMMERCIAL,81,66,13582.0,249.712
NIRMAL,NIRMAL,NIRMAL,SOAN,KUCHANPALLI,2,COMMERCIAL,18,17,580.0,25.32
NIRMAL,NIRMAL,NIRMAL,SOAN,MADHAPUR,2,COMMERCIAL,65,58,5516.0,95.48
NIRMAL,NIRMAL,NIRMAL,SOAN,NEW VELMAL,2,COMMERCIAL,47,42,2155.0,80.79
NIZAMABAD,ARMOOR,BHEEMGAL,VELPUR,LAKKORA,2,COMMERCIAL,75,72,14972.0,157.984
NIZAMABAD,ARMOOR,BHEEMGAL,VELPUR,MOTHE,2,COMMERCIAL,164,158,14385.0,255.468
NIZAMABAD,ARMOOR,BHEEMGAL,VELPUR,NADUKUDA,2,COMMERCIAL,192,184,19552.0,263.38
NIZAMABAD,ARMOOR,BHEEMGAL,VELPUR,ODDERA COLONY,2,COMMERCIAL,5,4,85.0,4.24
NIZAMABAD,ARMOOR,BHEEMGAL,VELPUR,PADGAL,2,COMMERCIAL,156,136,18291.0,313.622
NIZAMABAD,ARMOOR,BHEEMGAL,VELPUR,POCHAMPALLY,2,COMMERCIAL,15,15,788.0,19.98
NIZAMABAD,ARMOOR,BHEEMGAL,VELPUR,SAHEBPET,2,COMMERCIAL,5,5,215.0,7.978
NIZAMABAD,ARMOOR,BHEEMGAL,VELPUR,VELPUR,2,COMMERCIAL,453,433,42324.0,748.18
NIZAMABAD,ARMOOR,BHEEMGAL,VELPUR,VENKATAPUR,2,COMMERCIAL,34,33,1057.0,36.256
NIZAMABAD,ARMOOR,BHEEMGAL,VELPUR,WADI,2,COMMERCIAL,29,29,1400.0,34.51
NIZAMABAD,BODHAN,RUDRUR,VARNI,JALALPUR,2,COMMERCIAL,105,90,11377.0,155.402
NIZAMABAD,BODHAN,RUDRUR,VARNI,KHUNIPUR,2,COMMERCIAL,15,10,647.0,21.026
NIZAMABAD,BODHAN,RUDRUR,VARNI,KOKKALDAS THANDA,2,COMMERCIAL,6,6,3240.0,20.02
PEDDAPALLY,PEDDAPALLY,KALVA SRIRAMPUR,ODELA,KOLANOOR      ,2,COMMERCIAL,122,109,18137.0,244.65
PEDDAPALLY,PEDDAPALLY,KALVA SRIRAMPUR,ODELA,LAMBADITHANDA,2,COMMERCIAL,1,1,213.0,1.0
PEDDAPALLY,PEDDAPALLY,KALVA SRIRAMPUR,ODELA,MADAKA        ,2,COMMERCIAL,27,25,3280.0,47.06
PEDDAPALLY,PEDDAPALLY,KALVA SRIRAMPUR,ODELA,NAMSANIPALLY (REC)            ,2,COMMERCIAL,21,18,671.0,33.47
PEDDAPALLY,PEDDAPALLY,KALVA SRIRAMPUR,ODELA,ODELA         ,2,COMMERCIAL,231,217,23323.0,343.52
WARANGAL,NARSAMPET,NARSAMPET(R),KHANAPUR,BUDHARAOPET,2,COMMERCIAL,166,139,15848.0,236.74
WARANGAL,NARSAMPET,NARSAMPET(R),KHANAPUR,Badruthanda,2,COMMERCIAL,2,2,28.0,4.0
WARANGAL,NARSAMPET,NARSAMPET(R),KHANAPUR,CHILAKAMMA NAGAR,2,COMMERCIAL,6,6,230.0,7.0
WARANGAL,NARSAMPET,NARSAMPET(R),KHANAPUR,CHILAKAMMATHANDA,2,COMMERCIAL,2,2,84.0,3.0
WARANGAL,NARSAMPET,NARSAMPET(R),KHANAPUR,DABEERPET,2,COMMERCIAL,7,7,72.0,6.21
WARANGAL,NARSAMPET,NARSAMPET(R),KHANAPUR,DHARMARAOPET,2,COMMERCIAL,53,45,4554.0,82.59
WARANGAL,NARSAMPET,NARSAMPET(R),KHANAPUR,KHANAPUR(H.Q),2,COMMERCIAL,273,205,22932.0,485.89
WARANGAL,NARSAMPET,NARSAMPET(R),KHANAPUR,KHEERYATHANDA,2,COMMERCIAL,1,1,0.0,1.0
WARANGAL,NARSAMPET,NARSAMPET(R),KHANAPUR,KODTHIMARTHANDA,2,COMMERCIAL,3,3,31.0,5.0
WARANGAL,NARSAMPET,NARSAMPET(R),KHANAPUR,KOMATIPALLY THANDA,2,COMMERCIAL,1,0,0.0,2.0
WARANGAL,NARSAMPET,NARSAMPET(R),KHANAPUR,KOTHUR,2,COMMERCIAL,39,27,7330.0,51.58
MAHABUBABAD,MAHABUBABAD,GUDUR,AYODHYAPURAM,GOVINDAPUR,2,COMMERCIAL,13,10,661.0,16.85
MAHABUBABAD,MAHABUBABAD,GUDUR,AYODHYAPURAM,GUNDENGA,2,COMMERCIAL,61,48,7846.0,125.725
MAHABUBABAD,MAHABUBABAD,GUDUR,AYODHYAPURAM,JAGANNAYAKULAGUDEM,2,COMMERCIAL,1,1,36.0,2.0
MAHABUBABAD,MAHABUBABAD,GUDUR,AYODHYAPURAM,JANGU THANDA,2,COMMERCIAL,1,1,0.0,1.0
MAHABUBABAD,MAHABUBABAD,GUDUR,AYODHYAPURAM,LAXMIPURRAM THANDA,2,COMMERCIAL,12,11,3575.0,52.965
MAHABUBABAD,MAHABUBABAD,GUDUR,AYODHYAPURAM,MADANAPUR,2,COMMERCIAL,23,18,781.0,30.86
MAHABUBABAD,MAHABUBABAD,GUDUR,AYODHYAPURAM,NAYAKPALLY,2,COMMERCIAL,13,10,408.0,21.42
MAHABUBABAD,MAHABUBABAD,GUDUR,AYODHYAPURAM,PADAMATI THANDA,2,COMMERCIAL,5,3,0.0,8.24
MAHABUBABAD,MAHABUBABAD,GUDUR,AYODHYAPURAM,PATIMIDI THANDA,2,COMMERCIAL,2,2,56.0,2.25
MAHABUBABAD,MAHABUBABAD,GUDUR,AYODHYAPURAM,PONUGODU,2,COMMERCIAL,37,27,2269.0,58.96
MAHABUBABAD,MAHABUBABAD,KORIVI,GARLA,GANDI-GAR,2,COMMERCIAL,1,1,30.0,1.0
MAHABUBABAD,MAHABUBABAD,KORIVI,GARLA,GANGARAM THANDA-GA,2,COMMERCIAL,7,5,23.0,7.16
MAHABUBABAD,MAHABUBABAD,KORIVI,GARLA,GARLA,2,COMMERCIAL,550,493,41338.0,914.929
MAHABUBABAD,MAHABUBABAD,KORIVI,GARLA,GOPLA PURAM-GAR,2,COMMERCIAL,29,21,500.0,34.98
MAHABUBABAD,MAHABUBABAD,KORIVI,GARLA,GUMPELLA GUDEM-GAR,2,COMMERCIAL,13,11,681.0,23.4
MAHABUBABAD,MAHABUBABAD,KORIVI,GARLA,KOTHA THANDA- GA,2,COMMERCIAL,2,2,0.0,2.0
MAHABUBABAD,MAHABUBABAD,KORIVI,GARLA,KOTYATHANDA-GAR,2,COMMERCIAL,9,9,185.0,12.74
MAHABUBABAD,MAHABUBABAD,KORIVI,GARLA,LINGAYA THANDA - GAR,2,COMMERCIAL,3,3,83.0,5.0
MAHABUBABAD,MAHABUBABAD,KORIVI,GARLA,M KISTA PURAM-GAR,2,COMMERCIAL,14,14,832.0,36.37
MAHABUBABAD,MAHABUBABAD,MAHABUBABAD(T),MAHABUBABAD (RURAL),MALYALA,2,COMMERCIAL,33,31,1322.0,61.39
MAHABUBABAD,MAHABUBABAD,MAHABUBABAD(T),MAHABUBABAD (RURAL),MUDUPGAL,2,COMMERCIAL,21,20,3270.0,57.28
MAHABUBABAD,MAHABUBABAD,MAHABUBABAD(T),MAHABUBABAD (RURAL),NADIWADA,2,COMMERCIAL,14,11,568.0,18.22
MAHABUBABAD,MAHABUBABAD,MAHABUBABAD(T),MAHABUBABAD (RURAL),PARVATHAGIRI,2,COMMERCIAL,34,24,3888.0,56.83
MAHABUBABAD,MAHABUBABAD,MAHABUBABAD(T),MAHABUBABAD (RURAL),PATHA THANDA,2,COMMERCIAL,1,1,55.0,3.0
MAHABUBABAD,MAHABUBABAD,MAHABUBABAD(T),MAHABUBABAD (RURAL),RAJOLIPET,2,COMMERCIAL,9,9,589.0,17.02
MAHABUBABAD,MAHABUBABAD,MAHABUBABAD(T),MAHABUBABAD (RURAL),REDYA THANDA,2,COMMERCIAL,1,1,0.0,2.0
MAHABUBABAD,MAHABUBABAD,MAHABUBABAD(T),MAHABUBABAD (RURAL),REDYALA,2,COMMERCIAL,37,33,6937.0,72.7
MAHABUBABAD,MAHABUBABAD,MAHABUBABAD(T),MAHABUBABAD (RURAL),REGADI THANDA,2,COMMERCIAL,5,5,668.0,18.0
MAHABUBABAD,THORRUR,THORRUR,CHINNAVANGARA,CHEEKATAYAPALEM,2,COMMERCIAL,14,14,3244.0,35.87
MAHABUBABAD,THORRUR,THORRUR,CHINNAVANGARA,CHERLAPALEM,2,COMMERCIAL,23,17,2473.0,39.94
MAHABUBABAD,THORRUR,THORRUR,CHINNAVANGARA,CHINA VANGARA,2,COMMERCIAL,25,19,1970.0,78.86
MAHABUBABAD,THORRUR,THORRUR,CHINNAVANGARA,EDULAKUNTA THANDA,2,COMMERCIAL,2,2,0.0,4.0
MAHABUBABAD,THORRUR,THORRUR,CHINNAVANGARA,FATHEPUR,2,COMMERCIAL,54,46,7236.0,89.43
MAHABUBABAD,THORRUR,THORRUR,CHINNAVANGARA,GOPALGIRI,2,COMMERCIAL,4,2,2.0,6.0
MAHABUBABAD,THORRUR,THORRUR,CHINNAVANGARA,GUDIBANDA THANDA,2,COMMERCIAL,3,3,17.0,2.5
MAHABUBABAD,THORRUR,THORRUR,CHINNAVANGARA,HARIPIRALA,2,COMMERCIAL,48,36,6171.0,88.72
MAHABUBABAD,THORRUR,THORRUR,CHINNAVANGARA,KANTAYAPALEM,2,COMMERCIAL,34,27,2879.0,62.09
MAHABUBABAD,THORRUR,THORRUR,CHINNAVANGARA,L.B THANDA,2,COMMERCIAL,5,4,93.0,6.0
MANCHERIAL,BELLAMPALLY,BELLAMPALLY RURAL,BHEEMINI,REBBANA (BHEEMINI),2,COMMERCIAL,10,10,1155.0,19.0
MANCHERIAL,BELLAMPALLY,BELLAMPALLY RURAL,BHEEMINI,SALIGAON,2,COMMERCIAL,14,12,1789.0,20.79
MANCHERIAL,BELLAMPALLY,BELLAMPALLY RURAL,BHEEMINI,TANGALAPALLY,2,COMMERCIAL,1,1,13.0,1.0
MANCHERIAL,BELLAMPALLY,BELLAMPALLY RURAL,BHEEMINI,TEKULAPALLY,2,COMMERCIAL,15,15,1958.0,61.468
MANCHERIAL,BELLAMPALLY,BELLAMPALLY RURAL,BHEEMINI,VEEGAOM,2,COMMERCIAL,30,28,2894.0,56.48
MANCHERIAL,BELLAMPALLY,BELLAMPALLY RURAL,BHEEMINI,VEERAPUR,2,COMMERCIAL,6,6,81.0,8.0
MANCHERIAL,BELLAMPALLY,BELLAMPALLY RURAL,BHEEMINI,VENKATAPUR,2,COMMERCIAL,21,20,5947.0,48.47
MANCHERIAL,BELLAMPALLY,BELLAMPALLY RURAL,BHEEMINI,WADALA,2,COMMERCIAL,5,5,259.0,10.06
MANCHERIAL,BELLAMPALLY,BELLAMPALLY RURAL,BHEEMINI,YELLARAM,2,COMMERCIAL,4,4,190.0,7.0
MANCHERIAL,BELLAMPALLY,BELLAMPALLY RURAL,NENNEL,AWADAM,2,COMMERCIAL,55,51,7309.0,84.19
NIRMAL,NIRMAL,NIRMAL,NIRMAL-TOWN3,DHATHATREYA NAGAR,2,COMMERCIAL,16,14,3588.0,46.0
NIRMAL,NIRMAL,NIRMAL,NIRMAL-TOWN3,DIVYA NAGAR,2,COMMERCIAL,68,67,14518.0,247.7
NIRMAL,NIRMAL,NIRMAL,NIRMAL-TOWN3,GULZAR MARKET,2,COMMERCIAL,14,14,266.0,27.0
NIRMAL,NIRMAL,NIRMAL,NIRMAL-TOWN3,INDIRAMMA COLONY,2,COMMERCIAL,11,11,1703.0,25.0
NIRMAL,NIRMAL,NIRMAL,NIRMAL-TOWN3,ISLAMPURA,2,COMMERCIAL,2,2,42.0,4.0
NIRMAL,NIRMAL,NIRMAL,NIRMAL-TOWN3,KURRANAPET,2,COMMERCIAL,38,38,6979.0,101.07
NIRMAL,NIRMAL,NIRMAL,NIRMAL-TOWN3,MAHALAXMIWADA,2,COMMERCIAL,158,141,7447.0,439.15
NIRMAL,NIRMAL,NIRMAL,NIRMAL-TOWN3,SHAIK SAHEB PET,2,COMMERCIAL,3,3,73.0,5.0
NIRMAL,NIRMAL,NIRMAL,NIRMAL-TOWN3,SHANTI NAGAR,2,COMMERCIAL,196,188,24344.0,398.715
NIZAMABAD,ARMOOR,BHEEMGAL,BHEEMGAL-RURAL,SECENDRAPOOR,2,COMMERCIAL,61,59,8246.0,114.888
NIZAMABAD,ARMOOR,BHEEMGAL,BHEEMGAL-RURAL,SIDDAPALLI,2,COMMERCIAL,2,2,115.0,2.0
NIZAMABAD,ARMOOR,BHEEMGAL,BHEEMGAL-RURAL,THALLAPALLY,2,COMMERCIAL,10,10,1104.0,31.48
NIZAMABAD,ARMOOR,BHEEMGAL,VELPUR,AKLOOR,2,COMMERCIAL,30,30,851.0,36.22
NIZAMABAD,ARMOOR,BHEEMGAL,VELPUR,AMEENAPUR,2,COMMERCIAL,32,28,1253.0,41.11
NIZAMABAD,ARMOOR,BHEEMGAL,VELPUR,ANKASAPUR,2,COMMERCIAL,132,128,17160.0,194.63
NIZAMABAD,ARMOOR,BHEEMGAL,VELPUR,JANKAMPET,2,COMMERCIAL,34,30,762.0,35.148
NIZAMABAD,ARMOOR,BHEEMGAL,VELPUR,KOMANPALLI,2,COMMERCIAL,21,21,958.0,22.832
NIZAMABAD,ARMOOR,BHEEMGAL,VELPUR,KOTHAPALLY,2,COMMERCIAL,20,17,1074.0,35.251
NIZAMABAD,ARMOOR,BHEEMGAL,VELPUR,KUKUNOOR,2,COMMERCIAL,63,59,5409.0,97.893
NIZAMABAD,BODHAN,RUDRUR,RUDRUR,RAIKUR,2,COMMERCIAL,36,29,2857.0,52.706
NIZAMABAD,BODHAN,RUDRUR,RUDRUR,RAIKUR CAMP,2,COMMERCIAL,3,3,1691.0,20.0
NIZAMABAD,BODHAN,RUDRUR,RUDRUR,RANAMPALLY,2,COMMERCIAL,16,11,120.0,13.52
NIZAMABAD,BODHAN,RUDRUR,RUDRUR,RUDRUR,2,COMMERCIAL,416,342,38647.0,773.028
NIZAMABAD,BODHAN,RUDRUR,RUDRUR,SIDDAPOOR,2,COMMERCIAL,4,4,150.0,3.26
NIZAMABAD,BODHAN,RUDRUR,RUDRUR,SULEMANNAGAR,2,COMMERCIAL,77,70,6032.0,117.307
NIZAMABAD,BODHAN,RUDRUR,VARNI,AFFANDI FARM,2,COMMERCIAL,1,1,50.0,1.0
NIZAMABAD,BODHAN,RUDRUR,VARNI,BADAPAHAD,2,COMMERCIAL,13,7,670.0,21.0
NIZAMABAD,BODHAN,RUDRUR,VARNI,CHELKA THANDA,2,COMMERCIAL,3,2,0.0,7.82
NIZAMABAD,BODHAN,RUDRUR,VARNI,CHINTALPET THANDA,2,COMMERCIAL,1,1,0.0,2.384
NIZAMABAD,BODHAN,RUDRUR,VARNI,HUMNAPOOR,2,COMMERCIAL,25,21,2221.0,29.489
NIZAMABAD,BODHAN,RUDRUR,VARNI,JAKORA,2,COMMERCIAL,75,52,11039.0,100.666
NIZAMABAD,DICHPALLY,DICHPALLY,YELLAREDDIPALLY,K K THANDA,2,COMMERCIAL,1,1,12.0,2.0
NIZAMABAD,DICHPALLY,DICHPALLY,YELLAREDDIPALLY,LINGAPUR,2,COMMERCIAL,6,5,193.0,6.94
NIZAMABAD,DICHPALLY,DICHPALLY,YELLAREDDIPALLY,LOLAM,2,COMMERCIAL,28,24,7222.0,82.592
NIZAMABAD,DICHPALLY,DICHPALLY,YELLAREDDIPALLY,NALLAVALLY,2,COMMERCIAL,79,73,12057.0,141.692
NIZAMABAD,DICHPALLY,DICHPALLY,YELLAREDDIPALLY,SIRNAPALLY,2,COMMERCIAL,67,60,10987.0,137.34
NIZAMABAD,DICHPALLY,DICHPALLY,YELLAREDDIPALLY,STATION THANDA,2,COMMERCIAL,3,3,150.0,2.208
NIZAMABAD,DICHPALLY,DICHPALLY,YELLAREDDIPALLY,VENGALPAD,2,COMMERCIAL,7,6,1170.0,11.0
NIZAMABAD,DICHPALLY,DICHPALLY,YELLAREDDIPALLY,YELLAREDDYPALLY,2,COMMERCIAL,57,54,2568.0,78.056
NIZAMABAD,DICHPALLY,NIZAMABAD - RURAL,BARDHIPOOR,AMRUTHAPUR,2,COMMERCIAL,33,31,1210.0,44.891
NIZAMABAD,DICHPALLY,NIZAMABAD - RURAL,BARDHIPOOR,AREPALLY,2,COMMERCIAL,7,5,101.0,6.12
NIZAMABAD,NIZAMABAD,NANDIPET,NOOTHPALLY,KAMATPALLI,2,COMMERCIAL,9,6,210.0,10.02
NIZAMABAD,NIZAMABAD,NANDIPET,NOOTHPALLY,MARAMPALLY,2,COMMERCIAL,48,42,5274.0,81.048
NIZAMABAD,NIZAMABAD,NANDIPET,NOOTHPALLY,NIKALPUR,2,COMMERCIAL,33,31,2368.0,41.636
NIZAMABAD,NIZAMABAD,NANDIPET,NOOTHPALLY,NOOTHPALLY,2,COMMERCIAL,72,68,9623.0,151.375
NIZAMABAD,NIZAMABAD,NANDIPET,NOOTHPALLY,SHAPOOR,2,COMMERCIAL,39,36,1171.0,39.055
NIZAMABAD,NIZAMABAD,NANDIPET,NOOTHPALLY,SIDDAPOOR,2,COMMERCIAL,25,22,3622.0,33.82
NIZAMABAD,NIZAMABAD,NANDIPET,NOOTHPALLY,SIRPOOR,2,COMMERCIAL,24,20,468.0,35.098
NIZAMABAD,NIZAMABAD,NANDIPET,NOOTHPALLY,TONDKOOR,2,COMMERCIAL,47,44,4127.0,87.485
NIZAMABAD,NIZAMABAD,NANDIPET,NOOTHPALLY,VANNEL (K),2,COMMERCIAL,82,77,9404.0,107.628
NIZAMABAD,NIZAMABAD,NAVIPET,JANNEPALLY,ANATH GIRI,2,COMMERCIAL,20,17,8210.0,108.54
PEDDAPALLY,MANTHANI,Manthani,EKLASHAPUR,PEDDA ODELLA,2,COMMERCIAL,1,1,163.0,3.0
PEDDAPALLY,MANTHANI,Manthani,EKLASHAPUR,PUTTAPAKA,2,COMMERCIAL,16,13,8729.0,41.74
PEDDAPALLY,MANTHANI,Manthani,EKLASHAPUR,RACHAPALLY,2,COMMERCIAL,4,0,0.0,3.2
PEDDAPALLY,MANTHANI,Manthani,EKLASHAPUR,RACHAPALLY RR COLONY,2,COMMERCIAL,18,18,587.0,33.0
PEDDAPALLY,MANTHANI,Manthani,EKLASHAPUR,RAJAPOOR-B,2,COMMERCIAL,32,31,1283.0,35.186
PEDDAPALLY,MANTHANI,Manthani,EKLASHAPUR,SWARANAPALLY,2,COMMERCIAL,3,2,51.0,6.0
PEDDAPALLY,MANTHANI,Manthani,EKLASHAPUR,VEMPADU,2,COMMERCIAL,1,1,0.0,1.0
PEDDAPALLY,MANTHANI,Manthani,EKLASHAPUR,VENKATAPOOR,2,COMMERCIAL,24,22,5410.0,56.0
PEDDAPALLY,MANTHANI,Manthani,KAMANPUR,GOLLAPALLY,2,COMMERCIAL,6,6,192.0,8.0
PEDDAPALLY,PEDDAPALLY,KALVA SRIRAMPUR,ODELA,GUNDLAPALLY (REC)             ,2,COMMERCIAL,10,8,707.0,18.78
PEDDAPALLY,PEDDAPALLY,KALVA SRIRAMPUR,ODELA,HARIPURAM H/O KOLANOOR        ,2,COMMERCIAL,10,10,1553.0,28.66
PEDDAPALLY,PEDDAPALLY,KALVA SRIRAMPUR,ODELA,KANAGARTHY (J),2,COMMERCIAL,64,59,8916.0,106.963
PEDDAPALLY,PEDDAPALLY,KALVA SRIRAMPUR,ODELA,KESHAWAPOOR (H/O KANAGARTHY   ,2,COMMERCIAL,1,1,22.0,1.0
MAHABUBABAD,MAHABUBABAD,MAHABUBABAD(T),MAHABUBABAD (RURAL),LAXMIPUR,2,COMMERCIAL,16,15,549.0,24.122
MAHABUBABAD,MAHABUBABAD,MAHABUBABAD(T),MAHABUBABAD (RURAL),LAXMIPURAM THANDA,2,COMMERCIAL,2,2,183.0,3.0
MAHABUBABAD,MAHABUBABAD,MAHABUBABAD(T),MAHABUBABAD (RURAL),MADHAPUR,2,COMMERCIAL,22,18,9761.0,80.1
MAHABUBABAD,THORRUR,NELLIKUDURU,NELLIKUDURU,PARVATHAMMAGUDEM,2,COMMERCIAL,6,6,375.0,28.8
MAHABUBABAD,THORRUR,NELLIKUDURU,NELLIKUDURU,PEDHA THANDA,2,COMMERCIAL,1,1,0.0,1.0
MAHABUBABAD,THORRUR,NELLIKUDURU,NELLIKUDURU,RAMANNAGUDEM,2,COMMERCIAL,21,20,320.0,25.99
MAHABUBABAD,THORRUR,NELLIKUDURU,NELLIKUDURU,RAMANUJAPUR,2,COMMERCIAL,2,0,0.0,1.2
MAHABUBABAD,THORRUR,NELLIKUDURU,NELLIKUDURU,RATHI RAM THANDA,2,COMMERCIAL,5,4,30.0,8.0
MAHABUBABAD,THORRUR,NELLIKUDURU,NELLIKUDURU,RAVIRALA,2,COMMERCIAL,26,21,352.0,26.04
MAHABUBABAD,THORRUR,NELLIKUDURU,NELLIKUDURU,SOWLA THANDA-EBGUDEM,2,COMMERCIAL,1,1,10.0,1.0
MAHABUBABAD,THORRUR,THORRUR,CHINNAVANGARA,AMARSING THANDA,2,COMMERCIAL,3,3,22.0,4.0
MAHABUBABAD,THORRUR,THORRUR,CHINNAVANGARA,BANGARU CHELMA THAND,2,COMMERCIAL,2,2,0.0,2.0
MAHABUBABAD,THORRUR,THORRUR,CHINNAVANGARA,BHOJYA THANDA,2,COMMERCIAL,2,2,0.0,2.0
MANCHERIAL,BELLAMPALLY,BELLAMPALLY RURAL,BHEEMINI,MADVELLY,2,COMMERCIAL,5,5,1159.0,22.0
MANCHERIAL,BELLAMPALLY,BELLAMPALLY RURAL,BHEEMINI,MALLIDI,2,COMMERCIAL,11,10,856.0,20.478
MANCHERIAL,BELLAMPALLY,BELLAMPALLY RURAL,BHEEMINI,MAMIDIPALLY,2,COMMERCIAL,1,1,11.0,3.0
MANCHERIAL,BELLAMPALLY,BELLAMPALLY RURAL,BHEEMINI,METPALLY,2,COMMERCIAL,23,20,1336.0,49.2
MANCHERIAL,BELLAMPALLY,BELLAMPALLY RURAL,BHEEMINI,MUTTAPUR,2,COMMERCIAL,6,5,221.0,7.94
MANCHERIAL,BELLAMPALLY,BELLAMPALLY RURAL,BHEEMINI,NAIKAMPET,2,COMMERCIAL,11,10,326.0,12.24
MANCHERIAL,BELLAMPALLY,BELLAMPALLY RURAL,BHEEMINI,PALAMPALLY,2,COMMERCIAL,4,3,117.0,4.0
MANCHERIAL,BELLAMPALLY,BELLAMPALLY RURAL,BHEEMINI,PEDDAPET,2,COMMERCIAL,5,3,155.0,4.24
MANCHERIAL,BELLAMPALLY,BELLAMPALLY RURAL,BHEEMINI,RAJARAM (B),2,COMMERCIAL,1,1,5.0,1.0
MANCHERIAL,BELLAMPALLY,BELLAMPALLY RURAL,BHEEMINI,RAMPUR (BHEEMINI),2,COMMERCIAL,8,8,1066.0,20.99
MANCHERIAL,MANCHERIAL,CHENNUR,KOTAPALLY,RAJARAM,2,COMMERCIAL,2,2,36.0,4.0
MANCHERIAL,MANCHERIAL,CHENNUR,KOTAPALLY,RAMPUR,2,COMMERCIAL,16,14,437.0,24.47
MANCHERIAL,MANCHERIAL,CHENNUR,KOTAPALLY,RAPANPALLY,2,COMMERCIAL,14,11,2187.0,51.0
MANCHERIAL,MANCHERIAL,CHENNUR,KOTAPALLY,RAVULAPALLY,2,COMMERCIAL,2,1,28.0,4.0
MANCHERIAL,MANCHERIAL,CHENNUR,KOTAPALLY,ROYYAPALLY,2,COMMERCIAL,7,6,104.0,12.0
MANCHERIAL,MANCHERIAL,CHENNUR,KOTAPALLY,SARVAIPET,2,COMMERCIAL,14,13,244.0,24.23
MANCHERIAL,MANCHERIAL,CHENNUR,KOTAPALLY,SHETPALLY(SHANKAPUR),2,COMMERCIAL,7,7,762.0,11.0
MANCHERIAL,MANCHERIAL,CHENNUR,KOTAPALLY,SHIVARAMPALLY,2,COMMERCIAL,1,1,0.0,2.0
MANCHERIAL,MANCHERIAL,CHENNUR,KOTAPALLY,SIRSA,2,COMMERCIAL,20,19,2603.0,33.58
MANCHERIAL,MANCHERIAL,CHENNUR,KOTAPALLY,SUPAKA K,2,COMMERCIAL,1,1,0.0,1.0
MANCHERIAL,MANCHERIAL,CHENNUR,KOTAPALLY,SUPAKA(D),2,COMMERCIAL,10,9,3207.0,25.24
MANCHERIAL,MANCHERIAL,MANCHERIAL - RURAL,KYATHANPALLY,BZONE-RAMANAGAR,2,COMMERCIAL,3,3,207.0,8.0
MANCHERIAL,MANCHERIAL,MANCHERIAL - RURAL,KYATHANPALLY,CHIRRAKUNTA,2,COMMERCIAL,14,12,2986.0,62.0
MANCHERIAL,MANCHERIAL,MANCHERIAL - RURAL,KYATHANPALLY,DUBBAPALLI,2,COMMERCIAL,1,1,17.0,1.0
MANCHERIAL,MANCHERIAL,MANCHERIAL - RURAL,KYATHANPALLY,EDULAPURAM,2,COMMERCIAL,32,32,1639.0,45.345
MANCHERIAL,MANCHERIAL,MANCHERIAL - RURAL,KYATHANPALLY,GADDARAGADI,2,COMMERCIAL,514,492,57636.0,1134.293
MANCHERIAL,MANCHERIAL,MANCHERIAL - RURAL,KYATHANPALLY,JYOTHI NAGAR,2,COMMERCIAL,1,1,0.0,1.0
MANCHERIAL,MANCHERIAL,MANCHERIAL - RURAL,KYATHANPALLY,KYATHANPALLI,2,COMMERCIAL,314,288,62696.0,802.718
MANCHERIAL,MANCHERIAL,MANCHERIAL - RURAL,KYATHANPALLY,LEMUR,2,COMMERCIAL,3,2,27.0,5.184
MANCHERIAL,MANCHERIAL,MANCHERIAL - RURAL,KYATHANPALLY,LEMUR (VENKATAPUR),2,COMMERCIAL,23,23,1925.0,37.58
MANCHERIAL,MANCHERIAL,MANCHERIAL - RURAL,KYATHANPALLY,MAMIDIGHAT,2,COMMERCIAL,6,6,301.0,7.255
NIRMAL,BHAINSA,BHAINSA,KALLUR,GULMADGU,2,COMMERCIAL,71,60,10007.0,120.83
NIRMAL,BHAINSA,BHAINSA,KALLUR,HANUMAN NAGAR TANDA,2,COMMERCIAL,1,1,0.0,2.0
NIRMAL,BHAINSA,BHAINSA,KALLUR,KALLUR,2,COMMERCIAL,230,199,17348.0,328.584
NIRMAL,BHAINSA,BHAINSA,KALLUR,KUNTALA,2,COMMERCIAL,293,258,27581.0,440.626
NIRMAL,BHAINSA,BHAINSA,KALLUR,LIMBA (B),2,COMMERCIAL,15,15,4337.0,25.5
NIRMAL,BHAINSA,BHAINSA,KALLUR,LIMBA (K),2,COMMERCIAL,51,47,5011.0,89.296
NIRMAL,BHAINSA,BHAINSA,KALLUR,MEDANPUR,2,COMMERCIAL,3,3,136.0,3.0
NIRMAL,BHAINSA,BHAINSA,KALLUR,NANDAN,2,COMMERCIAL,7,6,218.0,4.69
NIRMAL,BHAINSA,BHAINSA,KALLUR,OLA,2,COMMERCIAL,68,57,7526.0,117.01
NIRMAL,BHAINSA,BHAINSA,KALLUR,PANCHKALPAD,2,COMMERCIAL,10,8,312.0,11.246
NIRMAL,NIRMAL,NIRMAL,NIRMAL-TOWN2,NIRMAL (T),2,COMMERCIAL,1933,1617,244188.0,4036.863
NIRMAL,NIRMAL,NIRMAL,NIRMAL-TOWN2,PRIYADARSHINI NAGAR,2,COMMERCIAL,107,107,21385.0,285.0
NIRMAL,NIRMAL,NIRMAL,NIRMAL-TOWN2,RAM NAGAR,2,COMMERCIAL,42,41,2375.0,85.0
NIRMAL,NIRMAL,NIRMAL,NIRMAL-TOWN2,SHARATH MAHAL,2,COMMERCIAL,4,4,509.0,18.0
NIRMAL,NIRMAL,NIRMAL,NIRMAL-TOWN2,SOFI NAGAR,2,COMMERCIAL,105,97,12330.0,348.95
NIRMAL,NIRMAL,NIRMAL,NIRMAL-TOWN2,VIDYA NAGAR COLONY,2,COMMERCIAL,19,19,2922.0,77.0
NIRMAL,NIRMAL,NIRMAL,NIRMAL-TOWN2,VIJAYA NAGAR COLONY,2,COMMERCIAL,55,52,6897.0,178.0
NIRMAL,NIRMAL,NIRMAL,NIRMAL-TOWN3,AN REDDY COLONY,2,COMMERCIAL,68,68,8689.0,159.05
NIRMAL,NIRMAL,NIRMAL,NIRMAL-TOWN3,BESTAWARPET,2,COMMERCIAL,7,7,2341.0,19.0
NIRMAL,NIRMAL,NIRMAL,NIRMAL-TOWN3,BHRAMAPURI,2,COMMERCIAL,8,8,248.0,17.0
NIZAMABAD,NIZAMABAD,NANDIPET,NANDIPET,UMMEDA,2,COMMERCIAL,35,31,6688.0,53.044
NIZAMABAD,NIZAMABAD,NANDIPET,NANDIPET,VELMAL,2,COMMERCIAL,146,131,16669.0,219.743
NIZAMABAD,NIZAMABAD,NANDIPET,NANDIPET,ZOORPOOR,2,COMMERCIAL,3,3,569.0,4.0
NIZAMABAD,NIZAMABAD,NANDIPET,NOOTHPALLY,ANNARAM,2,COMMERCIAL,24,20,689.0,34.347
NIZAMABAD,NIZAMABAD,NANDIPET,NOOTHPALLY,DATTAPOOR,2,COMMERCIAL,27,26,1086.0,34.794
NIZAMABAD,NIZAMABAD,NANDIPET,NOOTHPALLY,DONKESHWAR,2,COMMERCIAL,140,125,17477.0,206.759
NIZAMABAD,NIZAMABAD,NANDIPET,NOOTHPALLY,G.G.NADUKUDA,2,COMMERCIAL,38,32,5548.0,60.62
NIZAMABAD,NIZAMABAD,NANDIPET,NOOTHPALLY,GADEPALLY,2,COMMERCIAL,18,13,319.0,17.084
NIZAMABAD,NIZAMABAD,NANDIPET,NOOTHPALLY,GANGA SAMUNDAR,2,COMMERCIAL,25,24,4928.0,33.254
PEDDAPALLY,MANTHANI,Manthani,EKLASHAPUR,GAJULAPALLY,2,COMMERCIAL,5,4,83.0,6.0
PEDDAPALLY,MANTHANI,Manthani,EKLASHAPUR,GOPALPOOR,2,COMMERCIAL,13,13,491.0,18.0
PEDDAPALLY,MANTHANI,Manthani,EKLASHAPUR,GUMNOOR,2,COMMERCIAL,7,7,321.0,7.0
PEDDAPALLY,MANTHANI,Manthani,EKLASHAPUR,KHANAPOOR,2,COMMERCIAL,7,5,281.0,6.24
PEDDAPALLY,MANTHANI,Manthani,EKLASHAPUR,KHANSAIPET,2,COMMERCIAL,5,5,3286.0,15.0
PEDDAPALLY,MANTHANI,Manthani,EKLASHAPUR,LAKKEPUR,2,COMMERCIAL,2,2,0.0,2.0
PEDDAPALLY,MANTHANI,Manthani,EKLASHAPUR,MAIDIPALLY,2,COMMERCIAL,4,4,131.0,4.24
PEDDAPALLY,MANTHANI,Manthani,EKLASHAPUR,MALLARAM C,2,COMMERCIAL,9,8,211.0,14.18
PEDDAPALLY,MANTHANI,Manthani,EKLASHAPUR,NAGARAM PALLI,2,COMMERCIAL,4,3,103.0,4.0
PEDDAPALLY,MANTHANI,Manthani,EKLASHAPUR,NAGEPALLY,2,COMMERCIAL,12,12,530.0,35.5
PEDDAPALLY,PEDDAPALLY,DHARMARAM,KHILAVANAPARTHY,MYADARAM      ,2,COMMERCIAL,94,81,16930.0,314.234
PEDDAPALLY,PEDDAPALLY,DHARMARAM,KHILAVANAPARTHY,NARSIMHULAPALLI,2,COMMERCIAL,20,19,897.0,29.972
PEDDAPALLY,PEDDAPALLY,DHARMARAM,KHILAVANAPARTHY,PAIDICHINTHALA PALLY  (REC)   ,2,COMMERCIAL,5,5,176.0,9.24
PEDDAPALLY,PEDDAPALLY,DHARMARAM,KHILAVANAPARTHY,RACHAPALLY (A) (REC)          ,2,COMMERCIAL,18,16,3890.0,38.8
PEDDAPALLY,PEDDAPALLY,DHARMARAM,KHILAVANAPARTHY,RAMAIAHPALLY,2,COMMERCIAL,16,15,379.0,24.12
PEDDAPALLY,PEDDAPALLY,DHARMARAM,KHILAVANAPARTHY,SAYAMPET   (REC)              ,2,COMMERCIAL,11,11,2251.0,36.26
PEDDAPALLY,PEDDAPALLY,KALVA SRIRAMPUR,ODELA,ABBIDPALLY    ,2,COMMERCIAL,3,3,199.0,6.0
PEDDAPALLY,PEDDAPALLY,KALVA SRIRAMPUR,ODELA,GOPAVARAMPALLY H/O KOLANOOR   ,2,COMMERCIAL,14,12,990.0,20.02
PEDDAPALLY,PEDDAPALLY,SULTHANABAD,SULTHANABAD,NARAYANPOOR   ,2,COMMERCIAL,38,37,3246.0,70.44
PEDDAPALLY,PEDDAPALLY,SULTHANABAD,SULTHANABAD,POOSALA       ,2,COMMERCIAL,98,85,15666.0,351.7
PEDDAPALLY,PEDDAPALLY,SULTHANABAD,SULTHANABAD,SREERAMULAPALLY               ,2,COMMERCIAL,1,1,81.0,1.0
PEDDAPALLY,PEDDAPALLY,SULTHANABAD,SULTHANABAD,SUGLAMPALLY   ,2,COMMERCIAL,31,27,8738.0,128.41
PEDDAPALLY,PEDDAPALLY,SULTHANABAD,SULTHANABAD,SULTANABAD    ,2,COMMERCIAL,1234,1100,141614.0,2604.406
WARANGAL,NARSAMPET,NARSAMPET(R),KHANAPUR,AINEPALLI,2,COMMERCIAL,10,5,2108.0,57.4
WARANGAL,NARSAMPET,NARSAMPET(R),KHANAPUR,AMRU THANDA,2,COMMERCIAL,3,2,22.0,4.43
WARANGAL,NARSAMPET,NARSAMPET(R),KHANAPUR,ASHOK NAGAR,2,COMMERCIAL,132,109,13600.0,186.95
WARANGAL,NARSAMPET,NARSAMPET(R),KHANAPUR,AYODHYANAGAR,2,COMMERCIAL,12,9,414.0,14.2
KHAMMAM,WYRA,WYRA,WYRA (RURAL),TATIPUDI,2,COMMERCIAL,57,51,3745.0,100.63
KHAMMAM,WYRA,WYRA,WYRA (RURAL),UPPALA MADAKA,2,COMMERCIAL,48,44,2989.0,82.63
KHAMMAM,WYRA,WYRA,WYRA (RURAL),VALLAPURAM,2,COMMERCIAL,25,24,1130.0,24.9
MAHABUBABAD,MAHABUBABAD,GUDUR,AYODHYAPURAM,APPARAJPALLI,2,COMMERCIAL,45,30,7149.0,73.47
MAHABUBABAD,MAHABUBABAD,GUDUR,AYODHYAPURAM,AYODHYAPUR,2,COMMERCIAL,36,27,6112.0,51.79
MAHABUBABAD,MAHABUBABAD,GUDUR,AYODHYAPURAM,BOLLEPALLY,2,COMMERCIAL,29,22,3871.0,65.74
MAHABUBABAD,MAHABUBABAD,GUDUR,AYODHYAPURAM,CHEKRU THANDA,2,COMMERCIAL,3,3,147.0,2.16
MAHABUBABAD,MAHABUBABAD,GUDUR,AYODHYAPURAM,CHIRRAKUNTA THANDA,2,COMMERCIAL,2,2,0.0,2.0
MAHABUBABAD,MAHABUBABAD,GUDUR,AYODHYAPURAM,DAMERVANCHA,2,COMMERCIAL,13,12,513.0,25.83
MAHABUBABAD,MAHABUBABAD,GUDUR,AYODHYAPURAM,DUBBAGUDEM,2,COMMERCIAL,2,2,81.0,3.0
MAHABUBABAD,MAHABUBABAD,GUDUR,AYODHYAPURAM,GAJULA GATTU,2,COMMERCIAL,27,25,2876.0,50.9
MAHABUBABAD,MAHABUBABAD,KORIVI,DORNAKAL,VENNARAM,2,COMMERCIAL,32,31,5919.0,70.615
MAHABUBABAD,MAHABUBABAD,KORIVI,GARLA,ANJANAPURAM,2,COMMERCIAL,10,7,402.0,10.66
MAHABUBABAD,MAHABUBABAD,KORIVI,GARLA,ANKANNAGUDEM,2,COMMERCIAL,3,3,111.0,1.72
MAHABUBABAD,MAHABUBABAD,KORIVI,GARLA,B.R.N.THANDA,2,COMMERCIAL,2,2,378.0,6.0
MAHABUBABAD,MAHABUBABAD,KORIVI,GARLA,BALAJI THANDA,2,COMMERCIAL,3,3,171.0,3.12
MAHABUBABAD,MAHABUBABAD,KORIVI,GARLA,BUDDARAM THANDA-GAR,2,COMMERCIAL,9,8,370.0,13.22
MAHABUBABAD,MAHABUBABAD,KORIVI,GARLA,BUDDARAM-GAR,2,COMMERCIAL,6,4,181.0,6.22
MAHABUBABAD,MAHABUBABAD,KORIVI,GARLA,CHINA BANZARA-GAR,2,COMMERCIAL,3,3,13.0,2.8
MAHABUBABAD,MAHABUBABAD,KORIVI,GARLA,CHINNA KISTA PURAM-GAR,2,COMMERCIAL,13,11,533.0,19.59
MAHABUBABAD,MAHABUBABAD,KORIVI,GARLA,DUBBA GUDEM-GAR,2,COMMERCIAL,6,5,1643.0,18.78
MAHABUBABAD,MAHABUBABAD,MAHABUBABAD(T),MAHABUBABAD (RURAL),JAMANDLAPALLI,2,COMMERCIAL,82,70,12438.0,178.78
MAHABUBABAD,MAHABUBABAD,MAHABUBABAD(T),MAHABUBABAD (RURAL),JARPULA THANDA,2,COMMERCIAL,2,2,6.0,3.0
MAHABUBABAD,MAHABUBABAD,MAHABUBABAD(T),MAHABUBABAD (RURAL),JUNGLIKONDA,2,COMMERCIAL,49,46,2046.0,81.114
MAHABUBABAD,MAHABUBABAD,MAHABUBABAD(T),MAHABUBABAD (RURAL),KAMBALAPALLI,2,COMMERCIAL,82,72,20867.0,182.92
MAHABUBABAD,MAHABUBABAD,MAHABUBABAD(T),MAHABUBABAD (RURAL),KEVLA THANDA,2,COMMERCIAL,4,3,130.0,3.11
MAHABUBABAD,MAHABUBABAD,MAHABUBABAD(T),MAHABUBABAD (RURAL),KOMMUGUDEM,2,COMMERCIAL,2,2,90.0,3.0
MAHABUBABAD,MAHABUBABAD,MAHABUBABAD(T),MAHABUBABAD (RURAL),LAXMA THANDA,2,COMMERCIAL,1,1,0.0,1.0
NIRMAL,BHAINSA,BHAINSA,BHINSA RURAL,WATOLI,2,COMMERCIAL,7,4,187.0,10.24
NIRMAL,BHAINSA,BHAINSA,KALLUR,AMBAKANTI TANDA,2,COMMERCIAL,1,1,0.0,1.0
NIRMAL,BHAINSA,BHAINSA,KALLUR,AMBAKANTY,2,COMMERCIAL,34,31,1678.0,50.49
NIRMAL,BHAINSA,BHAINSA,KALLUR,AMBUGOAM,2,COMMERCIAL,2,2,941.0,6.0
NIRMAL,BHAINSA,BHAINSA,KALLUR,ANDKUR,2,COMMERCIAL,17,16,2075.0,41.25
NIRMAL,BHAINSA,BHAINSA,KALLUR,ARLY (K),2,COMMERCIAL,14,12,1537.0,29.5
NIRMAL,BHAINSA,BHAINSA,KALLUR,BAMINI (B),2,COMMERCIAL,10,9,1783.0,24.68
NIRMAL,BHAINSA,BHAINSA,KALLUR,BURGUPALLY,2,COMMERCIAL,4,2,1044.0,32.0
NIRMAL,BHAINSA,BHAINSA,KALLUR,BURUGUPALLY,2,COMMERCIAL,29,21,1590.0,36.38
NIRMAL,BHAINSA,BHAINSA,KALLUR,CHAKPALLY (NEW),2,COMMERCIAL,31,28,3586.0,39.48
NIRMAL,BHAINSA,BHAINSA,KALLUR,DONGERGOAM,2,COMMERCIAL,3,3,179.0,3.0
NIRMAL,BHAINSA,BHAINSA,KALLUR,DOWNALLY,2,COMMERCIAL,15,14,412.0,16.0
NIRMAL,NIRMAL,NIRMAL,NIRMAL - TOWN,KALA NAGAR,2,COMMERCIAL,20,20,4521.0,70.0
NIRMAL,NIRMAL,NIRMAL,NIRMAL - TOWN,NAIDUWADA,2,COMMERCIAL,22,21,672.0,40.0
NIRMAL,NIRMAL,NIRMAL,NIRMAL - TOWN,NIRMALTOWN- I,2,COMMERCIAL,4290,3259,441517.0,7540.463
NIRMAL,NIRMAL,NIRMAL,NIRMAL - TOWN,OLD BUS STAND,2,COMMERCIAL,25,25,5582.0,58.0
NIRMAL,NIRMAL,NIRMAL,NIRMAL - TOWN,PANGALLY,2,COMMERCIAL,54,54,7366.0,108.0
NIRMAL,NIRMAL,NIRMAL,NIRMAL - TOWN,RAM RAO BAGH,2,COMMERCIAL,2,2,31.0,4.0
NIRMAL,NIRMAL,NIRMAL,NIRMAL - TOWN,SAIBABA MANDIR,2,COMMERCIAL,57,57,4857.0,119.0
NIRMAL,NIRMAL,NIRMAL,NIRMAL - TOWN,STUPAM AREA,2,COMMERCIAL,7,7,1029.0,15.0
NIRMAL,NIRMAL,NIRMAL,NIRMAL - TOWN,YSR COLONY,2,COMMERCIAL,72,62,1767.0,105.0
NIRMAL,NIRMAL,NIRMAL,NIRMAL-TOWN2,ADHARSH NAGAR,2,COMMERCIAL,103,100,9034.0,306.0
NIRMAL,NIRMAL,NIRMAL,NIRMAL-TOWN2,ASRA COLONY,2,COMMERCIAL,23,23,1472.0,42.0
NIRMAL,NIRMAL,NIRMAL,NIRMAL-TOWN2,BHAGYA NAGAR ,2,COMMERCIAL,19,19,909.0,43.0
NIRMAL,NIRMAL,NIRMAL,NIRMAL-TOWN2,BOYAWADA,2,COMMERCIAL,7,7,2239.0,53.0
NIRMAL,NIRMAL,NIRMAL,NIRMAL-TOWN2,CHAIN GATE,2,COMMERCIAL,24,24,13948.0,295.668
NIRMAL,NIRMAL,NIRMAL,NIRMAL-TOWN2,EIDGOAM,2,COMMERCIAL,77,76,12471.0,209.0
NIRMAL,NIRMAL,NIRMAL,NIRMAL-TOWN2,GAYATHRIPURAM,2,COMMERCIAL,34,34,849.0,60.05
NIRMAL,NIRMAL,NIRMAL,NIRMAL-TOWN2,GOLLAPET,2,COMMERCIAL,17,17,1180.0,41.0
NIRMAL,NIRMAL,NIRMAL,NIRMAL-TOWN2,INDRA NAGAR,2,COMMERCIAL,42,41,3235.0,65.5
NIRMAL,NIRMAL,NIRMAL,NIRMAL-TOWN2,MADINA COLONY,2,COMMERCIAL,7,7,50.0,13.0
NIRMAL,NIRMAL,NIRMAL,NIRMAL-TOWN2,MANJULAPUR,2,COMMERCIAL,387,324,32318.0,759.484
NIRMAL,NIRMAL,NIRMAL,NIRMAL-TOWN2,MNCLX ROAD,2,COMMERCIAL,30,30,4058.0,122.66
NIZAMABAD,ARMOOR,BHEEMGAL,BHEEMGAL-RURAL,GONGOPPULA,2,COMMERCIAL,62,56,6406.0,84.605
NIZAMABAD,ARMOOR,BHEEMGAL,BHEEMGAL-RURAL,KAREPALLI,2,COMMERCIAL,3,3,378.0,27.0
NIZAMABAD,ARMOOR,BHEEMGAL,BHEEMGAL-RURAL,LINGAPOOR,2,COMMERCIAL,15,15,1716.0,40.02
NIZAMABAD,ARMOOR,BHEEMGAL,BHEEMGAL-RURAL,MENDORA,2,COMMERCIAL,72,67,9466.0,119.396
NIZAMABAD,ARMOOR,BHEEMGAL,BHEEMGAL-RURAL,MUCHKOOR,2,COMMERCIAL,146,136,16828.0,218.69
NIZAMABAD,ARMOOR,BHEEMGAL,BHEEMGAL-RURAL,PALLIKONDA,2,COMMERCIAL,91,86,9070.0,148.75
NIZAMABAD,ARMOOR,BHEEMGAL,BHEEMGAL-RURAL,PEDDAMAKADI (T),2,COMMERCIAL,4,4,121.0,7.0
NIZAMABAD,ARMOOR,BHEEMGAL,BHEEMGAL-RURAL,PIPRI(JR),2,COMMERCIAL,41,40,6386.0,62.18
NIZAMABAD,ARMOOR,BHEEMGAL,BHEEMGAL-RURAL,RAHATHNAGER,2,COMMERCIAL,13,12,3917.0,34.571
NIZAMABAD,BODHAN,RUDRUR,POTHANGAL,LINGAPOOR,2,COMMERCIAL,9,8,358.0,11.484
NIZAMABAD,BODHAN,RUDRUR,POTHANGAL,POTHANGAL K,2,COMMERCIAL,367,325,30609.0,604.383
NIZAMABAD,BODHAN,RUDRUR,POTHANGAL,SOMPUR,2,COMMERCIAL,11,8,2605.0,24.484
NIZAMABAD,BODHAN,RUDRUR,POTHANGAL,SUNKINI,2,COMMERCIAL,22,20,2028.0,38.85
NIZAMABAD,BODHAN,RUDRUR,POTHANGAL,TAKLI,2,COMMERCIAL,6,5,1735.0,22.909
NIZAMABAD,BODHAN,RUDRUR,POTHANGAL,THIRUMALAPUR,2,COMMERCIAL,19,13,619.0,21.02
NIZAMABAD,BODHAN,RUDRUR,RUDRUR,AKBARNAGAR,2,COMMERCIAL,28,24,6582.0,46.235
NIZAMABAD,BODHAN,RUDRUR,RUDRUR,AMBAM,2,COMMERCIAL,31,20,781.0,54.366
NIZAMABAD,BODHAN,RUDRUR,RUDRUR,BOPPAPUR,2,COMMERCIAL,16,10,161.0,18.364
NIZAMABAD,BODHAN,RUDRUR,RUDRUR,CHIKATPALLY,2,COMMERCIAL,3,3,44.0,2.64
NIZAMABAD,BODHAN,RUDRUR,RUDRUR,KONDAPURM,2,COMMERCIAL,1,0,0.0,1.0
NIZAMABAD,DICHPALLY,DICHPALLY,SIRIKONDA,POTHNOOR,2,COMMERCIAL,17,16,404.0,15.463
NIZAMABAD,DICHPALLY,DICHPALLY,SIRIKONDA,RAVUTLA,2,COMMERCIAL,52,44,4299.0,76.279
NIZAMABAD,DICHPALLY,DICHPALLY,SIRIKONDA,REKULAPALLY,2,COMMERCIAL,32,26,2327.0,40.402
NIZAMABAD,DICHPALLY,DICHPALLY,SIRIKONDA,SARPALLY (T),2,COMMERCIAL,6,6,799.0,19.28
NIZAMABAD,DICHPALLY,DICHPALLY,SIRIKONDA,SIRIKONDA,2,COMMERCIAL,482,450,41951.0,674.265
NIZAMABAD,DICHPALLY,DICHPALLY,SIRIKONDA,TATIPALLI,2,COMMERCIAL,7,7,126.0,11.099
NIZAMABAD,DICHPALLY,DICHPALLY,YELLAREDDIPALLY,ANSANPALLY,2,COMMERCIAL,46,41,5938.0,92.992
NIZAMABAD,DICHPALLY,DICHPALLY,YELLAREDDIPALLY,DONKAL,2,COMMERCIAL,17,16,1146.0,40.26
NIZAMABAD,DICHPALLY,DICHPALLY,YELLAREDDIPALLY,GOURARAM,2,COMMERCIAL,24,22,861.0,47.624
NIZAMABAD,NIZAMABAD,NANDIPET,NANDIPET,RAITHUFARM,2,COMMERCIAL,11,10,399.0,16.99
NIZAMABAD,NIZAMABAD,NANDIPET,NANDIPET,TALVEDA,2,COMMERCIAL,96,81,11078.0,140.539
KHAMMAM,WYRA,WYRA,WYRA (RURAL),PALADUGU,2,COMMERCIAL,57,46,6374.0,86.017
KHAMMAM,WYRA,WYRA,WYRA (RURAL),PUNYAPURAM,2,COMMERCIAL,17,16,545.0,22.13
KHAMMAM,WYRA,WYRA,WYRA (RURAL),REBBAVARAM,2,COMMERCIAL,92,84,12163.0,169.425
MAHABUBABAD,MAHABUBABAD,KORIVI,DORNAKAL,MODUGADDA THANDA,2,COMMERCIAL,1,1,45.0,1.0
MAHABUBABAD,MAHABUBABAD,KORIVI,DORNAKAL,MULKALAPALLI,2,COMMERCIAL,101,82,13622.0,216.319
MAHABUBABAD,MAHABUBABAD,KORIVI,DORNAKAL,PATHADUBBA THANDA,2,COMMERCIAL,4,3,111.0,5.0
MAHABUBABAD,MAHABUBABAD,KORIVI,DORNAKAL,PERUMANDLA SANKEESA,2,COMMERCIAL,58,52,5184.0,111.947
MAHABUBABAD,MAHABUBABAD,KORIVI,DORNAKAL,RAJU THANDA,2,COMMERCIAL,2,2,182.0,2.0
MAHABUBABAD,MAHABUBABAD,KORIVI,DORNAKAL,RAMU THANDA,2,COMMERCIAL,4,3,83.0,5.0
MAHABUBABAD,MAHABUBABAD,KORIVI,DORNAKAL,RAVIGUDEM,2,COMMERCIAL,14,11,155.0,33.0
MAHABUBABAD,MAHABUBABAD,KORIVI,DORNAKAL,SIGNAL THANDA,2,COMMERCIAL,1,1,16.0,2.0
MAHABUBABAD,MAHABUBABAD,KORIVI,DORNAKAL,SITARAMPUR,2,COMMERCIAL,1,1,35.0,2.25
MAHABUBABAD,MAHABUBABAD,KORIVI,DORNAKAL,TELLABANDA THANDA,2,COMMERCIAL,3,3,31.0,8.0
MAHABUBABAD,MAHABUBABAD,KORIVI,DORNAKAL,THODELLAGUDEM,2,COMMERCIAL,62,52,11000.0,130.06
MAHABUBABAD,MAHABUBABAD,KORIVI,DORNAKAL,UYYALAWADA,2,COMMERCIAL,31,25,5893.0,68.25
MAHABUBABAD,MAHABUBABAD,MAHABUBABAD(T),MAHABUBABAD (RURAL),CHOUKLA THANDA,2,COMMERCIAL,4,4,39.0,6.0
MAHABUBABAD,MAHABUBABAD,MAHABUBABAD(T),MAHABUBABAD (RURAL),DARGA THANDA,2,COMMERCIAL,1,1,44.0,1.0
MAHABUBABAD,MAHABUBABAD,MAHABUBABAD(T),MAHABUBABAD (RURAL),DHAMYA THANDA,2,COMMERCIAL,1,1,0.0,1.0
MAHABUBABAD,MAHABUBABAD,MAHABUBABAD(T),MAHABUBABAD (RURAL),EDULAPUSAPALLI,2,COMMERCIAL,59,51,8071.0,134.12
MAHABUBABAD,MAHABUBABAD,MAHABUBABAD(T),MAHABUBABAD (RURAL),GADDIGUDEM THANDA,2,COMMERCIAL,8,8,198.0,8.99
MAHABUBABAD,MAHABUBABAD,MAHABUBABAD(T),MAHABUBABAD (RURAL),GANDHIPURAM,2,COMMERCIAL,22,16,532.0,70.9
MAHABUBABAD,MAHABUBABAD,MAHABUBABAD(T),MAHABUBABAD (RURAL),GUNDLA GADDA THANDA,2,COMMERCIAL,1,1,0.0,1.0
MAHABUBABAD,MAHABUBABAD,MAHABUBABAD(T),MAHABUBABAD (RURAL),INDRANEGARA THANDA,2,COMMERCIAL,1,1,19.0,1.0
MAHABUBABAD,MAHABUBABAD,MAHABUBABAD(T),MAHABUBABAD (RURAL),ISLAVATH THANDA (S),2,COMMERCIAL,1,1,0.0,1.0
MAHABUBABAD,THORRUR,NELLIKUDURU,NELLIKUDURU,CHINNANAGARAM,2,COMMERCIAL,45,38,8465.0,86.319
MAHABUBABAD,THORRUR,NELLIKUDURU,NELLIKUDURU,ERRABALLIGUDEM,2,COMMERCIAL,54,45,2921.0,74.16
MAHABUBABAD,THORRUR,NELLIKUDURU,NELLIKUDURU,HANUMANNAGAR THANDA,2,COMMERCIAL,6,6,344.0,7.0
MAHABUBABAD,THORRUR,NELLIKUDURU,NELLIKUDURU,JAMYATHANDA,2,COMMERCIAL,12,7,467.0,18.92
MAHABUBABAD,THORRUR,NELLIKUDURU,NELLIKUDURU,KACHIGAL,2,COMMERCIAL,26,23,1890.0,51.994
MAHABUBABAD,THORRUR,NELLIKUDURU,NELLIKUDURU,MECHARAJPALLI,2,COMMERCIAL,51,42,2546.0,73.09
MAHABUBABAD,THORRUR,NELLIKUDURU,NELLIKUDURU,MEETYA THANDA,2,COMMERCIAL,1,1,0.0,1.0
MAHABUBABAD,THORRUR,NELLIKUDURU,NELLIKUDURU,NAINALA,2,COMMERCIAL,29,25,6066.0,54.27
MAHABUBABAD,THORRUR,NELLIKUDURU,NELLIKUDURU,NALLAGUTTA THANDA,2,COMMERCIAL,2,2,18.0,2.0
MAHABUBABAD,THORRUR,NELLIKUDURU,NELLIKUDURU,NELLIKUDURU (H.Q),2,COMMERCIAL,408,372,35033.0,667.476
MANCHERIAL,BELLAMPALLY,BELLAMPALLY RURAL,BHEEMINI,GOLLAGHAT,2,COMMERCIAL,3,3,17.0,7.0
MANCHERIAL,BELLAMPALLY,BELLAMPALLY RURAL,BHEEMINI,ITHEPALLY,2,COMMERCIAL,2,1,73.0,4.0
MANCHERIAL,BELLAMPALLY,BELLAMPALLY RURAL,BHEEMINI,JAJJARAVELLY,2,COMMERCIAL,24,22,2644.0,49.95
MANCHERIAL,BELLAMPALLY,BELLAMPALLY RURAL,BHEEMINI,JANKAPUR,2,COMMERCIAL,33,33,8167.0,79.578
MANCHERIAL,BELLAMPALLY,BELLAMPALLY RURAL,BHEEMINI,KANNEPALLY,2,COMMERCIAL,96,91,10658.0,167.69
MANCHERIAL,BELLAMPALLY,BELLAMPALLY RURAL,BHEEMINI,KARAJI BHEEMPUR,2,COMMERCIAL,19,18,1865.0,33.0
MANCHERIAL,BELLAMPALLY,BELLAMPALLY RURAL,BHEEMINI,KESLAPOOR,2,COMMERCIAL,7,5,1314.0,16.0
MANCHERIAL,BELLAMPALLY,BELLAMPALLY RURAL,BHEEMINI,KOTHAPALLY,2,COMMERCIAL,1,1,55.0,1.0
MANCHERIAL,BELLAMPALLY,BELLAMPALLY RURAL,BHEEMINI,LAXIMIPUR (BHEEMINI),2,COMMERCIAL,2,2,53.0,2.0
MANCHERIAL,MANCHERIAL,CHENNUR,KOTAPALLY,LAXMIPUR,2,COMMERCIAL,8,8,193.0,12.0
MANCHERIAL,MANCHERIAL,CHENNUR,KOTAPALLY,LINGANNAPET,2,COMMERCIAL,5,4,64.0,7.0
MANCHERIAL,MANCHERIAL,CHENNUR,KOTAPALLY,MALLAMPET,2,COMMERCIAL,13,13,290.0,16.88
MANCHERIAL,MANCHERIAL,CHENNUR,KOTAPALLY,NAGAMPET,2,COMMERCIAL,7,7,48.0,9.0
MANCHERIAL,MANCHERIAL,CHENNUR,KOTAPALLY,NAKKALAPALLY,2,COMMERCIAL,12,10,2512.0,25.03
MANCHERIAL,MANCHERIAL,CHENNUR,KOTAPALLY,NANDARAMPALLY,2,COMMERCIAL,1,1,1.0,1.0
MANCHERIAL,MANCHERIAL,CHENNUR,KOTAPALLY,PANGIDI SOMARAM,2,COMMERCIAL,8,7,349.0,15.0
MANCHERIAL,MANCHERIAL,CHENNUR,KOTAPALLY,PARPALLI,2,COMMERCIAL,39,29,5319.0,79.96
MANCHERIAL,MANCHERIAL,CHENNUR,KOTAPALLY,PINNARAM,2,COMMERCIAL,6,6,78.0,7.26
MANCHERIAL,MANCHERIAL,CHENNUR,KOTAPALLY,PULLAGOM,2,COMMERCIAL,13,12,5073.0,32.25
MANCHERIAL,MANCHERIAL,MANCHERIAL - RURAL,HAZIPUR,NEMNUR,2,COMMERCIAL,25,21,663.0,33.2
MANCHERIAL,MANCHERIAL,MANCHERIAL - RURAL,HAZIPUR,PADTHANAPALLI,2,COMMERCIAL,15,13,1267.0,36.51
MANCHERIAL,MANCHERIAL,MANCHERIAL - RURAL,HAZIPUR,PEDDAMPET,2,COMMERCIAL,15,15,984.0,25.213
MANCHERIAL,MANCHERIAL,MANCHERIAL - RURAL,HAZIPUR,RAMPOOR,2,COMMERCIAL,12,10,3210.0,20.495
MANCHERIAL,MANCHERIAL,MANCHERIAL - RURAL,HAZIPUR,RAPALLI,2,COMMERCIAL,39,32,1635.0,58.675
MANCHERIAL,MANCHERIAL,MANCHERIAL - RURAL,HAZIPUR,RYALI,2,COMMERCIAL,6,6,455.0,9.218
MANCHERIAL,MANCHERIAL,MANCHERIAL - RURAL,HAZIPUR,TIKKANPALLI,2,COMMERCIAL,14,14,599.0,16.51
MANCHERIAL,MANCHERIAL,MANCHERIAL - RURAL,KYATHANPALLY,AMMA GARDEN,2,COMMERCIAL,5,5,254.0,7.0
MANCHERIAL,MANCHERIAL,MANCHERIAL - RURAL,KYATHANPALLY,AMRAWADI,2,COMMERCIAL,25,21,8766.0,50.59
MANCHERIAL,MANCHERIAL,MANCHERIAL - RURAL,KYATHANPALLY,B.SINGH NAGAR (RKP),2,COMMERCIAL,52,44,1382.0,48.347
NIRMAL,BHAINSA,BHAINSA,BHINSA RURAL,WANALPAD,2,COMMERCIAL,90,79,6607.0,154.486
NIZAMABAD,BODHAN,RUDRUR,POTHANGAL,HANGARGA FARM,2,COMMERCIAL,10,10,672.0,13.75
NIZAMABAD,BODHAN,RUDRUR,POTHANGAL,HEGDOLI,2,COMMERCIAL,30,24,7323.0,75.141
NIZAMABAD,BODHAN,RUDRUR,POTHANGAL,HUNGERGA M,2,COMMERCIAL,43,39,3208.0,55.302
NIZAMABAD,BODHAN,RUDRUR,POTHANGAL,JALLAPALLY FARM,2,COMMERCIAL,64,41,7827.0,92.725
NIZAMABAD,BODHAN,RUDRUR,POTHANGAL,KALLUR,2,COMMERCIAL,49,45,7106.0,105.779
NIZAMABAD,BODHAN,RUDRUR,POTHANGAL,KAREGAON,2,COMMERCIAL,21,17,360.0,23.272
NIZAMABAD,BODHAN,RUDRUR,POTHANGAL,KODCHERLA,2,COMMERCIAL,19,16,367.0,21.144
NIZAMABAD,BODHAN,RUDRUR,POTHANGAL,KOLLUR,2,COMMERCIAL,11,8,838.0,25.424
NIZAMABAD,DICHPALLY,DICHPALLY,SIRIKONDA,JANGILODI (T),2,COMMERCIAL,1,1,35.0,1.0
NIZAMABAD,DICHPALLY,DICHPALLY,SIRIKONDA,KONDUR,2,COMMERCIAL,47,43,2586.0,56.364
NIZAMABAD,DICHPALLY,DICHPALLY,SIRIKONDA,KURDULPET,2,COMMERCIAL,1,1,75.0,0.5
NIZAMABAD,DICHPALLY,DICHPALLY,SIRIKONDA,MYLARAM,2,COMMERCIAL,34,31,2433.0,50.715
NIZAMABAD,DICHPALLY,DICHPALLY,SIRIKONDA,NARSINGPALLY ,2,COMMERCIAL,10,10,604.0,14.936
NIZAMABAD,DICHPALLY,DICHPALLY,SIRIKONDA,NYVANANDI,2,COMMERCIAL,66,53,7559.0,99.688
NIZAMABAD,DICHPALLY,DICHPALLY,SIRIKONDA,PANDIMADUGU,2,COMMERCIAL,18,15,2642.0,30.801
NIZAMABAD,DICHPALLY,DICHPALLY,SIRIKONDA,PEDDAVALGOT,2,COMMERCIAL,84,70,6879.0,76.708
NIZAMABAD,NIZAMABAD,NANDIPET,NANDIPET,CH.KONDUR,2,COMMERCIAL,50,38,3771.0,60.432
NIZAMABAD,NIZAMABAD,NANDIPET,NANDIPET,CHIMRAJPALLY,2,COMMERCIAL,86,79,6309.0,151.82
NIZAMABAD,NIZAMABAD,NANDIPET,NANDIPET,DEVEPATNAM,2,COMMERCIAL,3,3,370.0,3.996
NIZAMABAD,NIZAMABAD,NANDIPET,NANDIPET,JOGIPET,2,COMMERCIAL,11,10,571.0,16.03
NIZAMABAD,NIZAMABAD,NANDIPET,NANDIPET,KAMTA,2,COMMERCIAL,24,22,1875.0,31.15
NIZAMABAD,NIZAMABAD,NANDIPET,NANDIPET,KHUDAVANPOOR,2,COMMERCIAL,87,77,9592.0,127.518
NIZAMABAD,NIZAMABAD,NANDIPET,NANDIPET,KOULPOOR,2,COMMERCIAL,25,18,1112.0,33.44
NIZAMABAD,NIZAMABAD,NANDIPET,NANDIPET,LEKKAMPALLI,2,COMMERCIAL,29,24,8023.0,118.6
NIZAMABAD,NIZAMABAD,NANDIPET,NANDIPET,MALLARM,2,COMMERCIAL,10,10,598.0,14.995
NIZAMABAD,NIZAMABAD,NANDIPET,NANDIPET,MAYAPOOR,2,COMMERCIAL,14,11,326.0,15.146
NIZAMABAD,NIZAMABAD,NANDIPET,NANDIPET,NANDIPET,2,COMMERCIAL,1334,1242,117822.0,2191.851
PEDDAPALLY,MANTHANI,Manthani,BEGAMPET,SUNDILLA,2,COMMERCIAL,43,34,7554.0,71.55
PEDDAPALLY,MANTHANI,Manthani,EKLASHAPUR,ADIVISOMENPALLY,2,COMMERCIAL,17,15,2143.0,41.24
PEDDAPALLY,MANTHANI,Manthani,EKLASHAPUR,AKKAPALLY,2,COMMERCIAL,3,1,3.0,3.0
PEDDAPALLY,MANTHANI,Manthani,EKLASHAPUR,AKKEPALLY RR COLONY,2,COMMERCIAL,18,16,977.0,20.0
PEDDAPALLY,MANTHANI,Manthani,EKLASHAPUR,ARENDA,2,COMMERCIAL,18,16,1991.0,43.48
PEDDAPALLY,MANTHANI,Manthani,EKLASHAPUR,BATPALLY,2,COMMERCIAL,10,10,1393.0,24.24
PEDDAPALLY,MANTHANI,Manthani,EKLASHAPUR,BITPALLY,2,COMMERCIAL,10,9,379.0,22.0
PEDDAPALLY,MANTHANI,Manthani,EKLASHAPUR,CHINNA ODELLA,2,COMMERCIAL,4,4,215.0,5.9
PEDDAPALLY,MANTHANI,Manthani,EKLASHAPUR,EKLASPOOR,2,COMMERCIAL,33,30,6104.0,75.24
PEDDAPALLY,MANTHANI,Manthani,EKLASHAPUR,GADDALAPALLY,2,COMMERCIAL,19,17,4228.0,30.96
PEDDAPALLY,PEDDAPALLY,DHARMARAM,KHILAVANAPARTHY,BUCHAIAHPALLI,2,COMMERCIAL,5,5,48.0,6.95
PEDDAPALLY,PEDDAPALLY,DHARMARAM,KHILAVANAPARTHY,CHAMANPALLY  (REC)            ,2,COMMERCIAL,22,20,2678.0,50.59
PEDDAPALLY,PEDDAPALLY,DHARMARAM,KHILAVANAPARTHY,CHINTHALAPALLY,2,COMMERCIAL,3,2,96.0,3.26
PEDDAPALLY,PEDDAPALLY,DHARMARAM,KHILAVANAPARTHY,DONGA THURTHY  (REC)          ,2,COMMERCIAL,78,74,11055.0,150.714
PEDDAPALLY,PEDDAPALLY,DHARMARAM,KHILAVANAPARTHY,GOPALRAOPET,2,COMMERCIAL,23,23,987.0,34.49
PEDDAPALLY,PEDDAPALLY,DHARMARAM,KHILAVANAPARTHY,GURUPALLY,2,COMMERCIAL,1,1,48.0,3.996
PEDDAPALLY,PEDDAPALLY,DHARMARAM,KHILAVANAPARTHY,KANAMPALLY  (REC)             ,2,COMMERCIAL,15,12,237.0,22.142
PEDDAPALLY,PEDDAPALLY,DHARMARAM,KHILAVANAPARTHY,KHILAVANAPARTHY  (REC)        ,2,COMMERCIAL,56,52,4352.0,112.91
PEDDAPALLY,PEDDAPALLY,DHARMARAM,KHILAVANAPARTHY,KOTHAPALLY(NEW),2,COMMERCIAL,6,6,174.0,6.962
PEDDAPALLY,PEDDAPALLY,SULTHANABAD,KATENPALLY,NARSAIAHPALLY,2,COMMERCIAL,6,6,3739.0,24.93
PEDDAPALLY,PEDDAPALLY,SULTHANABAD,KATENPALLY,NEERUKULLA    ,2,COMMERCIAL,23,16,2909.0,61.6
PEDDAPALLY,PEDDAPALLY,SULTHANABAD,KATENPALLY,SAMBAIAH PALLY (REC)          ,2,COMMERCIAL,14,13,1011.0,66.0
PEDDAPALLY,PEDDAPALLY,SULTHANABAD,SULTHANABAD,AREPALLY H/O POOSALA          ,2,COMMERCIAL,2,2,42.0,9.26
PEDDAPALLY,PEDDAPALLY,SULTHANABAD,SULTHANABAD,CHINNAKALVALA ,2,COMMERCIAL,35,29,3971.0,67.16
PEDDAPALLY,PEDDAPALLY,SULTHANABAD,SULTHANABAD,DEVUNIPALLY,2,COMMERCIAL,5,5,1379.0,11.0
PEDDAPALLY,PEDDAPALLY,SULTHANABAD,SULTHANABAD,HANUMANDLA PALLY              ,2,COMMERCIAL,2,2,215.0,5.0
PEDDAPALLY,PEDDAPALLY,SULTHANABAD,SULTHANABAD,KANDOONURI PALLY              ,2,COMMERCIAL,5,3,84.0,6.84
PEDDAPALLY,PEDDAPALLY,SULTHANABAD,SULTHANABAD,KODURPAKA     ,2,COMMERCIAL,18,15,3653.0,62.52
KHAMMAM,WYRA,WYRA,WYRA (RURAL),GOLLAPUDI,2,COMMERCIAL,102,85,6379.0,143.66
KHAMMAM,WYRA,WYRA,WYRA (RURAL),GOLLENPADU,2,COMMERCIAL,22,19,528.0,28.326
KHAMMAM,WYRA,WYRA,WYRA (RURAL),GOVINDHAPURAM,2,COMMERCIAL,5,4,1196.0,11.0
KHAMMAM,WYRA,WYRA,WYRA (RURAL),JINKALAGUDEM,2,COMMERCIAL,11,11,356.0,15.597
KHAMMAM,WYRA,WYRA,WYRA (RURAL),KHANAPURAM,2,COMMERCIAL,26,16,1713.0,55.046
KHAMMAM,WYRA,WYRA,WYRA (RURAL),KONDAKODIMA,2,COMMERCIAL,36,30,1374.0,40.48
KHAMMAM,WYRA,WYRA,WYRA (RURAL),KOSTLA,2,COMMERCIAL,1,1,0.0,2.0
KHAMMAM,WYRA,WYRA,WYRA (RURAL),LINGANNAPALEM,2,COMMERCIAL,15,12,316.0,22.96
KHAMMAM,WYRA,WYRA,WYRA (RURAL),NARAPANENIPALLY,2,COMMERCIAL,15,15,300.0,15.84
MAHABUBABAD,THORRUR,NELLIKUDURU,NELLIKUDURU,BADI THANDA-EBGUDEM,2,COMMERCIAL,1,1,54.0,1.0
MAHABUBABAD,THORRUR,NELLIKUDURU,NELLIKUDURU,BRAHMANA KOTHAPALLI,2,COMMERCIAL,33,33,5564.0,59.81
MANCHERIAL,BELLAMPALLY,BELLAMPALLY,TANDOOR,REPALLIWADA,2,COMMERCIAL,25,19,7405.0,105.708
MANCHERIAL,BELLAMPALLY,BELLAMPALLY,TANDOOR,TANDOOR,2,COMMERCIAL,621,507,73509.0,1094.801
MANCHERIAL,BELLAMPALLY,BELLAMPALLY RURAL,BHEEMINI,Akkalapalli,2,COMMERCIAL,1,1,19.0,1.0
MANCHERIAL,BELLAMPALLY,BELLAMPALLY RURAL,BHEEMINI,BHEEMINI,2,COMMERCIAL,100,89,13600.0,216.359
MANCHERIAL,BELLAMPALLY,BELLAMPALLY RURAL,BHEEMINI,BITTURIPALLY,2,COMMERCIAL,7,6,352.0,10.0
MANCHERIAL,BELLAMPALLY,BELLAMPALLY RURAL,BHEEMINI,BOTHAPALLI,2,COMMERCIAL,2,2,24.0,5.0
MANCHERIAL,BELLAMPALLY,BELLAMPALLY RURAL,BHEEMINI,CHINNA THIMMAPUR,2,COMMERCIAL,2,2,413.0,3.0
MANCHERIAL,BELLAMPALLY,BELLAMPALLY RURAL,BHEEMINI,CHINNAGUDIPETA,2,COMMERCIAL,15,14,1477.0,24.44
MANCHERIAL,BELLAMPALLY,BELLAMPALLY RURAL,BHEEMINI,CHINNAPUR,2,COMMERCIAL,1,1,22.0,3.0
MANCHERIAL,BELLAMPALLY,BELLAMPALLY RURAL,BHEEMINI,DAMPUR,2,COMMERCIAL,2,2,82.0,1.24
MANCHERIAL,MANCHERIAL,CHENNUR,KOTAPALLY,BABBERACHILKA,2,COMMERCIAL,5,5,50.0,5.52
MANCHERIAL,MANCHERIAL,CHENNUR,KOTAPALLY,BOPPARAM,2,COMMERCIAL,3,3,19.0,5.0
MANCHERIAL,MANCHERIAL,CHENNUR,KOTAPALLY,BORANPALLI,2,COMMERCIAL,6,4,2441.0,22.0
MANCHERIAL,MANCHERIAL,CHENNUR,KOTAPALLY,BRAHMANAPALLI,2,COMMERCIAL,1,0,0.0,2.0
MANCHERIAL,MANCHERIAL,CHENNUR,KOTAPALLY,DEVULWADA,2,COMMERCIAL,11,11,272.0,18.66
MANCHERIAL,MANCHERIAL,CHENNUR,KOTAPALLY,EDULA BANDAM,2,COMMERCIAL,1,1,0.0,1.0
MANCHERIAL,MANCHERIAL,CHENNUR,KOTAPALLY,ERRAGETTA,2,COMMERCIAL,4,4,1485.0,27.0
MANCHERIAL,MANCHERIAL,CHENNUR,KOTAPALLY,ESANVAI,2,COMMERCIAL,3,3,64.0,5.19
MANCHERIAL,MANCHERIAL,CHENNUR,KOTAPALLY,JANGOM,2,COMMERCIAL,14,13,166.0,21.47
MANCHERIAL,MANCHERIAL,CHENNUR,KOTAPALLY,KOLLUR,2,COMMERCIAL,22,16,699.0,32.38
MANCHERIAL,MANCHERIAL,CHENNUR,KOTAPALLY,KONDAMPET,2,COMMERCIAL,6,5,593.0,17.0
MANCHERIAL,MANCHERIAL,CHENNUR,KOTAPALLY,KOTAPALLY,2,COMMERCIAL,84,70,18912.0,203.06
MANCHERIAL,MANCHERIAL,MANCHERIAL - RURAL,HAZIPUR,DUBBA GUDAM,2,COMMERCIAL,2,1,6.0,1.255
MANCHERIAL,MANCHERIAL,MANCHERIAL - RURAL,HAZIPUR,GADPUR,2,COMMERCIAL,16,14,2193.0,31.005
MANCHERIAL,MANCHERIAL,MANCHERIAL - RURAL,HAZIPUR,GUDIPET,2,COMMERCIAL,170,150,22567.0,387.019
MANCHERIAL,MANCHERIAL,MANCHERIAL - RURAL,HAZIPUR,HAJIPUR,2,COMMERCIAL,235,209,19345.0,422.1
MANCHERIAL,MANCHERIAL,MANCHERIAL - RURAL,HAZIPUR,KARNAMAMIDI,2,COMMERCIAL,40,33,2257.0,65.54
MANCHERIAL,MANCHERIAL,MANCHERIAL - RURAL,HAZIPUR,KONDAPOOR (D.B),2,COMMERCIAL,3,2,98.0,3.805
MANCHERIAL,MANCHERIAL,MANCHERIAL - RURAL,HAZIPUR,NAGARAM,2,COMMERCIAL,3,3,245.0,4.0
MANCHERIAL,MANCHERIAL,MANCHERIAL - RURAL,HAZIPUR,NARSINGAPOOR,2,COMMERCIAL,34,28,4744.0,69.507
NIRMAL,BHAINSA,BHAINSA,BHINSA RURAL,MATEGOAM,2,COMMERCIAL,65,53,11076.0,228.893
NIRMAL,BHAINSA,BHAINSA,BHINSA RURAL,MIRZAPOOR,2,COMMERCIAL,21,17,961.0,53.758
NIRMAL,BHAINSA,BHAINSA,BHINSA RURAL,PANDPALLY,2,COMMERCIAL,18,15,3128.0,38.44
NIRMAL,BHAINSA,BHAINSA,BHINSA RURAL,PANGRI,2,COMMERCIAL,10,9,388.0,8.78
NIRMAL,BHAINSA,BHAINSA,BHINSA RURAL,SIDDUR,2,COMMERCIAL,10,7,717.0,14.0
NIRMAL,BHAINSA,BHAINSA,BHINSA RURAL,SIRLA,2,COMMERCIAL,3,3,12.0,3.0
NIRMAL,BHAINSA,BHAINSA,BHINSA RURAL,SUNKLY,2,COMMERCIAL,27,22,1048.0,33.499
NIRMAL,BHAINSA,BHAINSA,BHINSA RURAL,TAKLI,2,COMMERCIAL,4,2,12.0,2.51
NIRMAL,BHAINSA,BHAINSA,BHINSA RURAL,THIMMAPUR,2,COMMERCIAL,46,38,9442.0,90.99
NIRMAL,BHAINSA,BHAINSA,BHINSA RURAL,WADGOAM,2,COMMERCIAL,1,0,0.0,1.0
NIRMAL,BHAINSA,BHAINSA,BHINSA RURAL,WALEGOAM,2,COMMERCIAL,19,16,762.0,23.75
NIRMAL,NIRMAL,KHANAPUR,PEMBI,RAYADHARI,2,COMMERCIAL,2,2,43.0,3.0
NIRMAL,NIRMAL,KHANAPUR,PEMBI,SHETPALLI,2,COMMERCIAL,3,3,19.0,5.0
NIRMAL,NIRMAL,KHANAPUR,PEMBI,THATIGUDA,2,COMMERCIAL,2,2,45.0,1.24
NIRMAL,NIRMAL,KHANAPUR,PEMBI,VENUNAGAR,2,COMMERCIAL,1,1,0.0,2.0
NIRMAL,NIRMAL,NIRMAL,NIRMAL - TOWN,BANGALPET,2,COMMERCIAL,32,30,1839.0,61.0
NIRMAL,NIRMAL,NIRMAL,NIRMAL - TOWN,BARKATPURA,2,COMMERCIAL,28,28,1542.0,62.0
NIRMAL,NIRMAL,NIRMAL,NIRMAL - TOWN,BUDWARPET,2,COMMERCIAL,101,100,7965.0,184.0
NIRMAL,NIRMAL,NIRMAL,NIRMAL - TOWN,CHINTAKUNTAWADA,2,COMMERCIAL,19,19,956.0,30.0
NIRMAL,NIRMAL,NIRMAL,NIRMAL - TOWN,DOCTORS LINE,2,COMMERCIAL,44,43,12612.0,252.0
NIRMAL,NIRMAL,NIRMAL,NIRMAL - TOWN,GAJULPET,2,COMMERCIAL,165,164,10300.0,333.0
NIRMAL,NIRMAL,NIRMAL,NIRMAL - TOWN,GANDHI NAGAR,2,COMMERCIAL,9,9,137.0,12.0
NIRMAL,NIRMAL,NIRMAL,NIRMAL - TOWN,JUMMERATHPET,2,COMMERCIAL,9,9,784.0,19.0
NIRMAL,NIRMAL,NIRMAL,NIRMAL - TOWN,KABUTAR KAMAN,2,COMMERCIAL,26,26,749.0,45.0
NIZAMABAD,ARMOOR,BHEEMGAL,BHEEMGAL (T),PURANIPET,2,COMMERCIAL,73,69,3716.0,135.246
NIZAMABAD,ARMOOR,BHEEMGAL,BHEEMGAL (T),SANTHOSH NAGAR (T),2,COMMERCIAL,2,2,123.0,2.0
NIZAMABAD,ARMOOR,BHEEMGAL,BHEEMGAL-RURAL,BABANAGER,2,COMMERCIAL,25,24,2324.0,41.29
NIZAMABAD,ARMOOR,BHEEMGAL,BHEEMGAL-RURAL,BACHANPALLI,2,COMMERCIAL,28,26,2135.0,42.55
NIZAMABAD,ARMOOR,BHEEMGAL,BHEEMGAL-RURAL,BEJJORA,2,COMMERCIAL,45,40,3017.0,55.817
NIZAMABAD,ARMOOR,BHEEMGAL,BHEEMGAL-RURAL,DEVAKKAPET,2,COMMERCIAL,25,23,2373.0,45.646
NIZAMABAD,ARMOOR,BHEEMGAL,BHEEMGAL-RURAL,DEVANPALLI,2,COMMERCIAL,21,16,2224.0,43.64
NIZAMABAD,BODHAN,RUDRUR,POTHANGAL,DOMALEDGI,2,COMMERCIAL,14,11,394.0,12.81
KARIMNAGAR,HUZURABAD,JAMMIKUNTA,THANUGULA,VAVILALA,2,COMMERCIAL,162,146,14547.0,267.349
KARIMNAGAR,HUZURABAD,JAMMIKUNTA,THANUGULA,VILASAGAR,2,COMMERCIAL,33,31,1507.0,38.75
KARIMNAGAR,KARIMNAGAR RURAL,ALUGUNOOR,ALUGUNUR,MAHATHMA NAGAR,2,COMMERCIAL,338,314,42566.0,793.76
KARIMNAGAR,KARIMNAGAR RURAL,ALUGUNOOR,ALUGUNUR,MALLAPUR,2,COMMERCIAL,54,50,4444.0,120.7
KARIMNAGAR,KARIMNAGAR RURAL,ALUGUNOOR,ALUGUNUR,MANNEMPALLY,2,COMMERCIAL,42,32,2422.0,79.78
KARIMNAGAR,KARIMNAGAR RURAL,ALUGUNOOR,ALUGUNUR,PORANDLA,2,COMMERCIAL,68,62,9271.0,135.866
KARIMNAGAR,KARIMNAGAR RURAL,ALUGUNOOR,ALUGUNUR,THIMMAPUR,2,COMMERCIAL,260,214,58625.0,840.136
KARIMNAGAR,KARIMNAGAR RURAL,ALUGUNOOR,ALUGUNUR,VEDULAPALLY,2,COMMERCIAL,1,1,26.0,2.76
KARIMNAGAR,KARIMNAGAR RURAL,ALUGUNOOR,CHENJARLA,CHENJERLA,2,COMMERCIAL,203,140,17496.0,504.78
KARIMNAGAR,KARIMNAGAR RURAL,ALUGUNOOR,CHENJARLA,DEVAMPALLY,2,COMMERCIAL,36,30,2886.0,81.43
KARIMNAGAR,KARIMNAGAR RURAL,ALUGUNOOR,CHENJARLA,GANGIPALLY,2,COMMERCIAL,127,111,11818.0,233.506
KARIMNAGAR,KARIMNAGAR RURAL,NUSTHULAPUR,GANNERUVARAM,PARVELLA,2,COMMERCIAL,15,13,4441.0,32.18
KARIMNAGAR,KARIMNAGAR RURAL,NUSTHULAPUR,GANNERUVARAM,PEECHUPALLY,2,COMMERCIAL,3,2,168.0,3.0
KARIMNAGAR,KARIMNAGAR RURAL,NUSTHULAPUR,GANNERUVARAM,SAMBAIAH PALLY,2,COMMERCIAL,3,3,100.0,3.0
KARIMNAGAR,KARIMNAGAR RURAL,NUSTHULAPUR,GANNERUVARAM,THUMMAVANI PALLY,2,COMMERCIAL,1,1,276.0,3.0
KARIMNAGAR,KARIMNAGAR RURAL,NUSTHULAPUR,GANNERUVARAM,YASWADA,2,COMMERCIAL,4,3,71.0,5.02
KARIMNAGAR,KARIMNAGAR RURAL,NUSTHULAPUR,INDURTHI,BANJERUPALLI,2,COMMERCIAL,1,1,13.0,1.0
KARIMNAGAR,KARIMNAGAR RURAL,NUSTHULAPUR,INDURTHI,BOMMANAPALLY,2,COMMERCIAL,85,74,9972.0,143.406
KARIMNAGAR,KARIMNAGAR RURAL,NUSTHULAPUR,INDURTHI,GAGIREDDYPALLY,2,COMMERCIAL,24,21,673.0,32.59
KARIMNAGAR,KARIMNAGAR RURAL,NUSTHULAPUR,INDURTHI,GUNUKULAPALLI,2,COMMERCIAL,9,7,886.0,16.0
KARIMNAGAR,KARIMNAGAR RURAL,NUSTHULAPUR,INDURTHI,INDURTHY,2,COMMERCIAL,143,118,13588.0,230.475
KHAMMAM,KHAMMAM,KOTHALINGALA,KOTHALINGALA,KOTHA LINGALA-KAM,2,COMMERCIAL,81,67,12750.0,223.24
KHAMMAM,KHAMMAM,KOTHALINGALA,KOTHALINGALA,LALYA THANDA-KAM,2,COMMERCIAL,10,6,315.0,12.11
KHAMMAM,KHAMMAM,KOTHALINGALA,KOTHALINGALA,MADDULA PALLY-KAM,2,COMMERCIAL,77,59,8826.0,117.42
KHAMMAM,KHAMMAM,KOTHALINGALA,KOTHALINGALA,MARRI GUDEM-KAM,2,COMMERCIAL,1,1,108.0,2.0
KHAMMAM,KHAMMAM,KOTHALINGALA,KOTHALINGALA,MUCHARLA-KAM,2,COMMERCIAL,130,115,9972.0,219.639
KHAMMAM,KHAMMAM,KOTHALINGALA,KOTHALINGALA,NAMALI PURI-KAM,2,COMMERCIAL,2,2,98.0,2.0
KHAMMAM,KHAMMAM,KOTHALINGALA,KOTHALINGALA,NEMALIPURI THANDA-KAM,2,COMMERCIAL,4,3,65.0,3.74
KHAMMAM,KHAMMAM,KOTHALINGALA,KOTHALINGALA,OTUKOOR-KAM,2,COMMERCIAL,19,15,2874.0,26.55
KHAMMAM,KHAMMAM RURAL,KUSUMANCHI,KUSUMANCHI,CHEGOMMA,2,COMMERCIAL,49,43,5180.0,99.886
KHAMMAM,KHAMMAM RURAL,KUSUMANCHI,KUSUMANCHI,CHINTALTHANDA,2,COMMERCIAL,5,5,498.0,10.0
KHAMMAM,KHAMMAM RURAL,KUSUMANCHI,KUSUMANCHI,DHARMA THANDA,2,COMMERCIAL,7,5,18.0,10.0
KHAMMAM,KHAMMAM RURAL,KUSUMANCHI,KUSUMANCHI,G B THANDA,2,COMMERCIAL,10,9,11431.0,69.63
KHAMMAM,KHAMMAM RURAL,KUSUMANCHI,KUSUMANCHI,GATTUSINGARAM,2,COMMERCIAL,50,46,6404.0,101.47
KHAMMAM,KHAMMAM RURAL,KUSUMANCHI,KUSUMANCHI,GOPALARAOPETA,2,COMMERCIAL,3,1,4.0,5.0
KHAMMAM,KHAMMAM RURAL,KUSUMANCHI,KUSUMANCHI,GURAVAIGUDEM,2,COMMERCIAL,14,11,3715.0,40.89
KHAMMAM,KHAMMAM RURAL,YEDULAPURAM,TIRUMALAYAPALEM,GOLL THANDA,2,COMMERCIAL,36,27,1139.0,66.158
KHAMMAM,KHAMMAM RURAL,YEDULAPURAM,TIRUMALAYAPALEM,GOPALAPURAM,2,COMMERCIAL,6,5,117.0,12.55
KHAMMAM,KHAMMAM RURAL,YEDULAPURAM,TIRUMALAYAPALEM,HYDERSAIPET,2,COMMERCIAL,24,23,5090.0,52.78
KHAMMAM,KHAMMAM RURAL,YEDULAPURAM,TIRUMALAYAPALEM,JALLEPALLY,2,COMMERCIAL,22,17,1880.0,49.42
KHAMMAM,KHAMMAM RURAL,YEDULAPURAM,TIRUMALAYAPALEM,KESHAVAPURAM,2,COMMERCIAL,6,4,1529.0,19.0
KHAMMAM,KHAMMAM RURAL,YEDULAPURAM,TIRUMALAYAPALEM,KOKKERENI,2,COMMERCIAL,29,24,2088.0,75.76
KHAMMAM,KHAMMAM RURAL,YEDULAPURAM,TIRUMALAYAPALEM,PADAMATITHANDA,2,COMMERCIAL,4,1,73.0,6.55
KHAMMAM,KHAMMAM RURAL,YEDULAPURAM,TIRUMALAYAPALEM,PAPAIGUDEM,2,COMMERCIAL,7,7,584.0,12.0
KHAMMAM,SATHUPALLY,THALLADA,ENKOOR,ENKOOR,2,COMMERCIAL,485,454,44031.0,840.0
KHAMMAM,SATHUPALLY,THALLADA,ENKOOR,ERRA BODU THANDA-EK,2,COMMERCIAL,2,1,0.0,1.24
KHAMMAM,SATHUPALLY,THALLADA,ENKOOR,G NACHARAM-EK,2,COMMERCIAL,8,4,6242.0,36.9
KHAMMAM,SATHUPALLY,THALLADA,ENKOOR,GARLA VODDU-EK,2,COMMERCIAL,34,30,2945.0,71.39
KHAMMAM,SATHUPALLY,THALLADA,ENKOOR,HIMAM NAGAR-EK,2,COMMERCIAL,14,12,1574.0,37.45
KHAMMAM,SATHUPALLY,THALLADA,ENKOOR,JANNARAM-EK,2,COMMERCIAL,51,46,6398.0,95.0
KHAMMAM,SATHUPALLY,THALLADA,ENKOOR,KESUPALLY-EK,2,COMMERCIAL,23,21,3163.0,39.59
KHAMMAM,SATHUPALLY,THALLADA,ENKOOR,KODANDA RAMPURAM THANDA-E,2,COMMERCIAL,8,4,190.0,9.72
KHAMMAM,SATHUPALLY,THALLADA,ENKOOR,KONAI PALEM-EK,2,COMMERCIAL,1,1,1.0,3.0
KHAMMAM,SATHUPALLY,THALLADA,ENKOOR,LACHA GUDEM-EK,2,COMMERCIAL,18,16,474.0,26.69
KHAMMAM,SATHUPALLY,THALLADA,ENKOOR,MARSU KUNTA-EK,2,COMMERCIAL,8,8,156.0,7.25
MAHABUBABAD,THORRUR,NELLIKUDURU,MUNAGALAVEEDU,RAJULAKOTHAPALLI,2,COMMERCIAL,31,25,5052.0,38.74
MAHABUBABAD,THORRUR,NELLIKUDURU,MUNAGALAVEEDU,RAJYA THANDA,2,COMMERCIAL,1,1,55.0,1.0
MAHABUBABAD,THORRUR,NELLIKUDURU,MUNAGALAVEEDU,SANDYA THANDA,2,COMMERCIAL,1,1,38.0,1.0
MAHABUBABAD,THORRUR,NELLIKUDURU,MUNAGALAVEEDU,SITHARAMPUR,2,COMMERCIAL,9,8,151.0,11.19
MAHABUBABAD,THORRUR,NELLIKUDURU,MUNAGALAVEEDU,SREERAMGIRI,2,COMMERCIAL,29,23,4649.0,47.91
MAHABUBABAD,THORRUR,NELLIKUDURU,MUNAGALAVEEDU,TULSYA THANDA,2,COMMERCIAL,1,1,0.0,0.36
MAHABUBABAD,THORRUR,NELLIKUDURU,MUNAGALAVEEDU,VASURAM THANDA,2,COMMERCIAL,2,2,10.0,2.0
MAHABUBABAD,THORRUR,NELLIKUDURU,MUNAGALAVEEDU,VAVILALA,2,COMMERCIAL,36,32,2931.0,66.33
MAHABUBABAD,THORRUR,NELLIKUDURU,MUNAGALAVEEDU,VENKATAPUR,2,COMMERCIAL,2,2,27.0,3.01
JANGAON,GHANPUR,PALAKURTHY,KODAKANDLA,Cheruvumundati thanda,2,COMMERCIAL,5,5,217.0,10.0
JANGAON,GHANPUR,PALAKURTHY,KODAKANDLA,EDUNUTHALA,2,COMMERCIAL,51,42,7302.0,105.46
JANGAON,GHANPUR,PALAKURTHY,KODAKANDLA,GIRINI THANDA,2,COMMERCIAL,36,36,4225.0,57.47
JANGAON,GHANPUR,PALAKURTHY,KODAKANDLA,Gummulabanda thanda,2,COMMERCIAL,1,1,79.0,1.0
JANGAON,GHANPUR,PALAKURTHY,KODAKANDLA,Hakya thanda,2,COMMERCIAL,5,5,352.0,6.0
JANGAON,GHANPUR,PALAKURTHY,KODAKANDLA,KODAKANDLA HQ ,2,COMMERCIAL,351,275,40312.0,620.507
JANGAON,GHANPUR,PALAKURTHY,KODAKANDLA,Kadagutta thanda,2,COMMERCIAL,3,1,34.0,3.0
JANGAON,GHANPUR,PALAKURTHY,KODAKANDLA,LAXMAKKAPALLI,2,COMMERCIAL,45,36,9041.0,99.44
JANGAON,GHANPUR,PALAKURTHY,KODAKANDLA,MAIDAMCHERUVU THANDA,2,COMMERCIAL,5,5,87.0,5.0
JANGAON,GHANPUR,PALAKURTHY,KODAKANDLA,MONDRAI,2,COMMERCIAL,84,54,9033.0,160.172
JANGAON,JANGAON,JANGAON,PADAMATI KESHAVAPUR,GANGAPUR,2,COMMERCIAL,4,4,22.0,4.24
JANGAON,JANGAON,JANGAON,PADAMATI KESHAVAPUR,ITIKALAPALLI,2,COMMERCIAL,37,30,2761.0,64.73
JANGAON,JANGAON,JANGAON,PADAMATI KESHAVAPUR,KONNE,2,COMMERCIAL,54,39,7496.0,89.108
JANGAON,JANGAON,JANGAON,PADAMATI KESHAVAPUR,LINGAMPALLI,2,COMMERCIAL,52,45,6202.0,94.6
JANGAON,JANGAON,JANGAON,PADAMATI KESHAVAPUR,MANSANPALLI,2,COMMERCIAL,13,13,799.0,24.88
JANGAON,JANGAON,JANGAON,PADAMATI KESHAVAPUR,NAGIREDDIPALLI,2,COMMERCIAL,26,24,2081.0,41.23
JANGAON,JANGAON,JANGAON,PADAMATI KESHAVAPUR,NAKKONIGUDEM,2,COMMERCIAL,9,6,247.0,59.99
JANGAON,JANGAON,JANGAON,PADAMATI KESHAVAPUR,PADAMATI KESHAVAPUR,2,COMMERCIAL,59,50,5077.0,95.62
JANGAON,JANGAON,JANGAON,PADAMATI KESHAVAPUR,RAMCHANDRAPUR,2,COMMERCIAL,22,15,702.0,26.88
KAMAREDDY,BANSWADA,BICHKUNDA,BICHKUNDA,PEDDA DHADGI,2,COMMERCIAL,23,23,2240.0,40.267
KAMAREDDY,BANSWADA,BICHKUNDA,BICHKUNDA,PRAJAPOOR,2,COMMERCIAL,1,1,33.0,1.42
KAMAREDDY,BANSWADA,BICHKUNDA,BICHKUNDA,PULKAL,2,COMMERCIAL,58,49,5211.0,89.623
KAMAREDDY,BANSWADA,BICHKUNDA,BICHKUNDA,RAJULA,2,COMMERCIAL,31,25,2559.0,55.73
KAMAREDDY,BANSWADA,BICHKUNDA,BICHKUNDA,SEETHRAMPALLI,2,COMMERCIAL,17,12,511.0,20.74
KAMAREDDY,BANSWADA,BICHKUNDA,BICHKUNDA,SHANTHAPOOR,2,COMMERCIAL,42,34,8190.0,76.73
KAMAREDDY,BANSWADA,BICHKUNDA,BICHKUNDA,SHETLOOR,2,COMMERCIAL,24,19,839.0,29.04
KAMAREDDY,BANSWADA,BICHKUNDA,BICHKUNDA,SIRSAMUDER,2,COMMERCIAL,7,4,155.0,7.26
KAMAREDDY,BANSWADA,BICHKUNDA,BICHKUNDA,TAKKADPALLI BIG,2,COMMERCIAL,6,3,54.0,12.0
KAMAREDDY,BANSWADA,BICHKUNDA,BICHKUNDA,WAJEEDNAGAR,2,COMMERCIAL,38,33,4601.0,86.22
KAMAREDDY,KAMAREDDY,DOMAKONDA,BHIKNOOR(SOUTH),MALLUPALLY,2,COMMERCIAL,17,15,1895.0,48.404
KAMAREDDY,KAMAREDDY,DOMAKONDA,BHIKNOOR(SOUTH),PEDDAMALLAREDDY,2,COMMERCIAL,166,153,17018.0,311.391
KAMAREDDY,KAMAREDDY,DOMAKONDA,BHIKNOOR(SOUTH),SIDDARAMESHWARA NAGAR,2,COMMERCIAL,21,21,5296.0,57.076
KAMAREDDY,KAMAREDDY,DOMAKONDA,BHIKNOOR(SOUTH),Siddarameshwar nagar,2,COMMERCIAL,2,2,2003.0,17.0
KAMAREDDY,KAMAREDDY,DOMAKONDA,BIBIPET,BIBIPET,2,COMMERCIAL,450,393,37909.0,792.022
KAMAREDDY,KAMAREDDY,DOMAKONDA,BIBIPET,ISSANAGAR,2,COMMERCIAL,31,31,4336.0,74.144
KAMAREDDY,KAMAREDDY,DOMAKONDA,BIBIPET,JANGAON,2,COMMERCIAL,43,34,1796.0,81.613
KAMAREDDY,KAMAREDDY,DOMAKONDA,BIBIPET,KONAPOOR,2,COMMERCIAL,10,9,334.0,14.68
KAMAREDDY,KAMAREDDY,DOMAKONDA,BIBIPET,MALKAPOOR,2,COMMERCIAL,25,20,4650.0,50.68
KAMAREDDY,KAMAREDDY,DOMAKONDA,BIBIPET,MOHAMMADAPOOR,2,COMMERCIAL,55,49,4344.0,106.176
KAMAREDDY,KAMAREDDY,Kamareddy Town,TADWAI,CHANDAPOOR,2,COMMERCIAL,16,15,789.0,22.519
KAMAREDDY,KAMAREDDY,Kamareddy Town,TADWAI,CHITYAL,2,COMMERCIAL,32,29,7413.0,52.567
KAMAREDDY,KAMAREDDY,Kamareddy Town,TADWAI,DEMI,2,COMMERCIAL,51,34,2221.0,69.399
KAMAREDDY,KAMAREDDY,Kamareddy Town,TADWAI,DEVAIPALLY,2,COMMERCIAL,14,12,404.0,29.726
KAMAREDDY,KAMAREDDY,Kamareddy Town,TADWAI,ENDRIYAL,2,COMMERCIAL,23,19,2100.0,48.678
KAMAREDDY,KAMAREDDY,Kamareddy Town,TADWAI,KALOJIWADI,2,COMMERCIAL,14,12,306.0,18.122
KAMAREDDY,KAMAREDDY,Kamareddy Town,TADWAI,KANKAL,2,COMMERCIAL,34,28,5547.0,75.42
KAMAREDDY,KAMAREDDY,Kamareddy Town,TADWAI,KARADPALLY,2,COMMERCIAL,21,18,1961.0,33.795
KAMAREDDY,KAMAREDDY,Kamareddy Town,TADWAI,KRISHNAJIWADI,2,COMMERCIAL,57,52,6901.0,110.752
KAMAREDDY,KAMAREDDY,Kamareddy Town,TADWAI,NANDIWADA,2,COMMERCIAL,31,26,1531.0,45.663
KARIMNAGAR,HUZURABAD,HUZURABAD,AMUDALAPALLY,KALWALA,2,COMMERCIAL,3,2,67.0,5.0
KARIMNAGAR,HUZURABAD,HUZURABAD,AMUDALAPALLY,KOTHAGATTU,2,COMMERCIAL,82,72,14472.0,185.726
KARIMNAGAR,HUZURABAD,HUZURABAD,AMUDALAPALLY,METPALLY,2,COMMERCIAL,79,71,10791.0,156.324
KARIMNAGAR,HUZURABAD,HUZURABAD,AMUDALAPALLY,MOLANGUR,2,COMMERCIAL,142,119,12445.0,270.677
KARIMNAGAR,HUZURABAD,HUZURABAD,AMUDALAPALLY,NALLAVANKAYAPALLY,2,COMMERCIAL,1,1,29.0,1.0
KARIMNAGAR,HUZURABAD,HUZURABAD,AMUDALAPALLY,RAJAPOOR,2,COMMERCIAL,33,32,5824.0,67.042
KARIMNAGAR,HUZURABAD,HUZURABAD,AMUDALAPALLY,YERUKALAGUDEM,2,COMMERCIAL,44,39,4423.0,81.164
KARIMNAGAR,HUZURABAD,HUZURABAD,HUZURABAD RURAL,BORNAPALLY,2,COMMERCIAL,111,107,16874.0,270.148
KARIMNAGAR,HUZURABAD,HUZURABAD,HUZURABAD RURAL,CHELPUR,2,COMMERCIAL,156,149,16868.0,265.56
KARIMNAGAR,HUZURABAD,JAMMIKUNTA,THANUGULA,NAGARAM (VAVILALA),2,COMMERCIAL,13,12,495.0,22.225
KARIMNAGAR,HUZURABAD,JAMMIKUNTA,THANUGULA,PAPAIAHPALLY-BSHARIF,2,COMMERCIAL,7,6,306.0,7.74
KARIMNAGAR,HUZURABAD,JAMMIKUNTA,THANUGULA,PAPAKKAPALLY-VAVILAL,2,COMMERCIAL,12,9,265.0,16.224
KARIMNAGAR,HUZURABAD,JAMMIKUNTA,THANUGULA,SAYAMPET(B SHARIFF),2,COMMERCIAL,25,22,5269.0,62.61
KARIMNAGAR,HUZURABAD,JAMMIKUNTA,THANUGULA,SHAMBUNIPALLI,2,COMMERCIAL,5,5,100.0,4.996
KARIMNAGAR,HUZURABAD,JAMMIKUNTA,THANUGULA,THANGULA,2,COMMERCIAL,66,58,7304.0,165.146
KHAMMAM,KHAMMAM,KOTHALINGALA,KOTHALINGALA,JASTHI PALLY-KAM,2,COMMERCIAL,35,25,2664.0,54.42
KHAMMAM,KHAMMAM,KOTHALINGALA,KOTHALINGALA,JOGUGUDEM-KAM,2,COMMERCIAL,9,7,1323.0,25.24
KHAMMAM,KHAMMAM,KOTHALINGALA,KOTHALINGALA,K KISTAPURAM-KAM,2,COMMERCIAL,22,21,1374.0,38.16
KHAMMAM,KHAMMAM,KOTHALINGALA,KOTHALINGALA,KAME PALLI,2,COMMERCIAL,109,97,13535.0,192.2
KHAMMAM,KHAMMAM,KOTHALINGALA,KOTHALINGALA,KAPTAN BANJER-KAM,2,COMMERCIAL,9,6,200.0,13.24
KHAMMAM,KHAMMAM RURAL,KUSUMANCHI,BACHODU,MOHAMMADAPURAM,2,COMMERCIAL,45,36,5053.0,103.48
KHAMMAM,KHAMMAM RURAL,KUSUMANCHI,BACHODU,MOJAHIDPURAM,2,COMMERCIAL,1,1,5.0,0.55
KHAMMAM,KHAMMAM RURAL,KUSUMANCHI,BACHODU,Mangali banda thanda,2,COMMERCIAL,3,3,39.0,5.0
KHAMMAM,KHAMMAM RURAL,KUSUMANCHI,BACHODU,Mekala thanda,2,COMMERCIAL,4,4,375.0,9.0
KHAMMAM,KHAMMAM RURAL,KUSUMANCHI,BACHODU,PYNAMPALLY,2,COMMERCIAL,14,11,176.0,22.816
KHAMMAM,KHAMMAM RURAL,KUSUMANCHI,BACHODU,RAGHUNADHAPALEM,2,COMMERCIAL,18,12,288.0,27.65
KHAMMAM,KHAMMAM RURAL,KUSUMANCHI,BACHODU,RAJARAM,2,COMMERCIAL,18,17,665.0,36.2
KHAMMAM,KHAMMAM RURAL,KUSUMANCHI,BACHODU,SOLIPURAM,2,COMMERCIAL,12,12,427.0,17.1
KHAMMAM,KHAMMAM RURAL,KUSUMANCHI,BACHODU,SUBLAID,2,COMMERCIAL,65,58,8009.0,123.43
KHAMMAM,KHAMMAM RURAL,KUSUMANCHI,BACHODU,Yenakunta thanda,2,COMMERCIAL,1,1,0.0,2.0
KHAMMAM,KHAMMAM RURAL,KUSUMANCHI,KUSUMANCHI,AGRAHARAM,2,COMMERCIAL,16,16,5889.0,54.96
KHAMMAM,KHAMMAM RURAL,YEDULAPURAM,PALLEGUDEM,REDDYPALLI,2,COMMERCIAL,73,68,9577.0,220.005
KHAMMAM,KHAMMAM RURAL,YEDULAPURAM,PALLEGUDEM,REGULA THANDA,2,COMMERCIAL,1,1,2.0,3.0
KHAMMAM,KHAMMAM RURAL,YEDULAPURAM,PALLEGUDEM,SAI ADITYA TOWN SHIP,2,COMMERCIAL,19,14,941.0,49.0
KHAMMAM,KHAMMAM RURAL,YEDULAPURAM,PALLEGUDEM,SAI GANESH NAGAR,2,COMMERCIAL,73,65,4611.0,190.0
KHAMMAM,KHAMMAM RURAL,YEDULAPURAM,PALLEGUDEM,TANGAMPADU,2,COMMERCIAL,15,13,1943.0,32.65
KHAMMAM,KHAMMAM RURAL,YEDULAPURAM,PALLEGUDEM,THEERDALA,2,COMMERCIAL,28,24,1301.0,47.15
KHAMMAM,KHAMMAM RURAL,YEDULAPURAM,PALLEGUDEM,TNGOS COLONY,2,COMMERCIAL,38,36,4881.0,127.0
KHAMMAM,KHAMMAM RURAL,YEDULAPURAM,PALLEGUDEM,VALYATHANDA,2,COMMERCIAL,4,4,39.0,9.0
KHAMMAM,KHAMMAM RURAL,YEDULAPURAM,TIRUMALAYAPALEM,CHANDRU THANDA,2,COMMERCIAL,11,8,2819.0,24.65
KHAMMAM,KHAMMAM RURAL,YEDULAPURAM,TIRUMALAYAPALEM,DAMMAIGUDEM,2,COMMERCIAL,70,59,8679.0,138.806
KHAMMAM,SATHUPALLY,SATHUPALLY,VEMSOOR,MARLAPADU,2,COMMERCIAL,270,266,19420.0,431.473
KHAMMAM,SATHUPALLY,SATHUPALLY,VEMSOOR,PALLEWADA,2,COMMERCIAL,13,11,4824.0,38.444
KHAMMAM,SATHUPALLY,SATHUPALLY,VEMSOOR,VEMSOOR,2,COMMERCIAL,179,173,22251.0,425.363
KHAMMAM,SATHUPALLY,SATHUPALLY,VEMSOOR,VENKATAPURAM-B,2,COMMERCIAL,102,91,14864.0,172.262
KHAMMAM,SATHUPALLY,SATHUPALLY,VEMSOOR,YERRAGATTA,2,COMMERCIAL,12,12,924.0,21.441
KHAMMAM,SATHUPALLY,THALLADA,ENKOOR,AKKINA PURAM THANDA-EK,2,COMMERCIAL,2,1,43.0,21.0
KHAMMAM,SATHUPALLY,THALLADA,ENKOOR,ARIKAYALA PADU-EK,2,COMMERCIAL,10,7,133.0,6.92
KHAMMAM,SATHUPALLY,THALLADA,ENKOOR,B N THANDA-EK,2,COMMERCIAL,9,6,975.0,11.18
KHAMMAM,SATHUPALLY,THALLADA,ENKOOR,B R PURAM-EK,2,COMMERCIAL,57,51,7959.0,110.86
KHAMMAM,SATHUPALLY,THALLADA,ENKOOR,BHADRU THANDA-EK,2,COMMERCIAL,5,5,130.0,8.43
JAGITYAL,JAGITYAL,DHARMAPURI,RAJARAMPALLY,GODISHALPET (REC)             ,2,COMMERCIAL,40,38,7961.0,67.986
JAGITYAL,JAGITYAL,DHARMAPURI,RAJARAMPALLY,GULLAKOTA     ,2,COMMERCIAL,82,67,9918.0,132.578
JAGITYAL,JAGITYAL,DHARMAPURI,RAJARAMPALLY,KONDAPOOR     ,2,COMMERCIAL,29,27,919.0,38.048
JAGITYAL,JAGITYAL,DHARMAPURI,RAJARAMPALLY,KOTHAPET      ,2,COMMERCIAL,64,52,7304.0,109.114
JAGITYAL,JAGITYAL,DHARMAPURI,RAJARAMPALLY,PADKAL      (REC)             ,2,COMMERCIAL,2,2,2.0,2.0
JAGITYAL,JAGITYAL,DHARMAPURI,RAJARAMPALLY,PATHAGUDUR    ,2,COMMERCIAL,65,60,4966.0,99.687
JAGITYAL,JAGITYAL,DHARMAPURI,RAJARAMPALLY,RAJARAMPALLY,2,COMMERCIAL,196,181,24122.0,473.256
JAGITYAL,JAGITYAL,DHARMAPURI,RAJARAMPALLY,SHANABANDA  (REC)             ,2,COMMERCIAL,7,7,182.0,6.963
JAGITYAL,JAGITYAL,DHARMAPURI,RAJARAMPALLY,SURARAM     (REC)             ,2,COMMERCIAL,8,7,558.0,9.257
JAGITYAL,JAGITYAL,Jagitial Rural,VADDELINGAPUR,Kairigudemst (tribal),2,COMMERCIAL,1,1,30.0,1.0
JAGITYAL,JAGITYAL,Jagitial Rural,VADDELINGAPUR,MOOTAPALLY,2,COMMERCIAL,34,26,5669.0,49.414
JAGITYAL,JAGITYAL,Jagitial Rural,VADDELINGAPUR,Manthyanayak thanda,2,COMMERCIAL,9,8,164.0,10.052
JAGITYAL,JAGITYAL,Jagitial Rural,VADDELINGAPUR,ODDELINGAPOOR,2,COMMERCIAL,57,53,4716.0,89.23
JAGITYAL,JAGITYAL,Jagitial Rural,VADDELINGAPUR,ODDERA COLONY,2,COMMERCIAL,8,7,276.0,9.46
JAGITYAL,JAGITYAL,Jagitial Rural,VADDELINGAPUR,RAMARAOPALLY,2,COMMERCIAL,9,9,177.0,12.336
JAGITYAL,JAGITYAL,Jagitial Rural,VADDELINGAPUR,THATLAVAI,2,COMMERCIAL,39,35,5576.0,71.689
JAGITYAL,JAGITYAL,Jagitial Rural,VADDELINGAPUR,VASTAPUR,2,COMMERCIAL,8,8,538.0,25.436
JAGITYAL,JAGITYAL,Jagitial Town,CHELGAL,AMBARIPET,2,COMMERCIAL,30,26,1391.0,46.405
JAGITYAL,JAGITYAL,Jagitial Town,CHELGAL,ANTHERGAON,2,COMMERCIAL,86,82,11603.0,138.145
JAGITYAL,METPALLY,KORUTLA RURAL,MANNEGUDEM,VODDED,2,COMMERCIAL,18,17,375.0,30.48
JAGITYAL,METPALLY,KORUTLA RURAL,MEDIPALLY,DAMMANNAPET,2,COMMERCIAL,33,30,3818.0,61.825
JAGITYAL,METPALLY,KORUTLA RURAL,MEDIPALLY,Gundlapalli,2,COMMERCIAL,6,6,472.0,7.0
JAGITYAL,METPALLY,KORUTLA RURAL,MEDIPALLY,KACHARAM,2,COMMERCIAL,41,37,1396.0,68.69
JAGITYAL,METPALLY,KORUTLA RURAL,MEDIPALLY,KALWAKOTA,2,COMMERCIAL,37,31,6659.0,58.78
JAGITYAL,METPALLY,KORUTLA RURAL,MEDIPALLY,KATLAKUNTA,2,COMMERCIAL,123,119,9385.0,158.138
JAGITYAL,METPALLY,KORUTLA RURAL,MEDIPALLY,KONDAPUR,2,COMMERCIAL,122,112,11242.0,158.681
JAGITYAL,METPALLY,KORUTLA RURAL,MEDIPALLY,MACHAPUR,2,COMMERCIAL,10,9,812.0,10.2
JAGITYAL,METPALLY,KORUTLA RURAL,MEDIPALLY,MEDIPALLY,2,COMMERCIAL,334,314,37738.0,612.267
KAMAREDDY,KAMAREDDY,DOMAKONDA,BHIKNOOR(NORTH),MOTATPALLY,2,COMMERCIAL,3,2,29.0,3.83
KAMAREDDY,KAMAREDDY,DOMAKONDA,BHIKNOOR(NORTH),RAGATLAPALLY,2,COMMERCIAL,12,10,285.0,20.216
KAMAREDDY,KAMAREDDY,DOMAKONDA,BHIKNOOR(NORTH),RAMESHWARPALLY,2,COMMERCIAL,46,42,13155.0,146.817
KAMAREDDY,KAMAREDDY,DOMAKONDA,BHIKNOOR(NORTH),TIPPAPOOR,2,COMMERCIAL,43,39,6336.0,86.546
KAMAREDDY,KAMAREDDY,DOMAKONDA,BHIKNOOR(SOUTH),AYYAWARPALLY,2,COMMERCIAL,3,3,47.0,3.0
KAMAREDDY,KAMAREDDY,DOMAKONDA,BHIKNOOR(SOUTH),BHAGIRATHPALLY,2,COMMERCIAL,24,22,874.0,32.764
KAMAREDDY,KAMAREDDY,DOMAKONDA,BHIKNOOR(SOUTH),BHIKNOOR,2,COMMERCIAL,687,608,63294.0,1397.933
KAMAREDDY,KAMAREDDY,DOMAKONDA,BHIKNOOR(SOUTH),ISSANNAPALLY,2,COMMERCIAL,20,19,575.0,25.624
KAMAREDDY,KAMAREDDY,DOMAKONDA,BHIKNOOR(SOUTH),KACHAPOOR,2,COMMERCIAL,65,60,5273.0,102.247
KAMAREDDY,KAMAREDDY,DOMAKONDA,BHIKNOOR(SOUTH),KANCHERLA,2,COMMERCIAL,19,18,776.0,25.316
KAMAREDDY,KAMAREDDY,Kamareddy Town,KAMAREDDY(R),SARAMPALLY,2,COMMERCIAL,60,46,14909.0,211.587
KAMAREDDY,KAMAREDDY,Kamareddy Town,KAMAREDDY(R),SHABDIPOOR,2,COMMERCIAL,21,19,6931.0,56.486
KAMAREDDY,KAMAREDDY,Kamareddy Town,KAMAREDDY(R),TEKRIYAL,2,COMMERCIAL,71,56,8290.0,211.262
KAMAREDDY,KAMAREDDY,Kamareddy Town,KAMAREDDY(R),THIMMAKKAPALLY (A),2,COMMERCIAL,25,24,2490.0,63.429
KAMAREDDY,KAMAREDDY,Kamareddy Town,KAMAREDDY(R),THIMMAKKAPALLY (B),2,COMMERCIAL,3,3,18.0,4.26
KAMAREDDY,KAMAREDDY,Kamareddy Town,KAMAREDDY(R),UGGRAWAI,2,COMMERCIAL,46,35,8640.0,90.55
KAMAREDDY,KAMAREDDY,Kamareddy Town,TADWAI,BRAHMAJIWADI,2,COMMERCIAL,15,14,507.0,29.892
KAMAREDDY,KAMAREDDY,Kamareddy Town,TADWAI,BRAHMANPALLY,2,COMMERCIAL,59,56,7066.0,86.66
KAMAREDDY,YELLAREDDY,YELLAREDDY,YELLAREDDY,THIMMAPOOR,2,COMMERCIAL,2,1,0.0,1.26
KAMAREDDY,YELLAREDDY,YELLAREDDY,YELLAREDDY,TIMMAREDDIPET,2,COMMERCIAL,18,12,3760.0,30.259
KAMAREDDY,YELLAREDDY,YELLAREDDY,YELLAREDDY,Thimmareddy thanda,2,COMMERCIAL,2,1,78.0,1.88
KAMAREDDY,YELLAREDDY,YELLAREDDY,YELLAREDDY,VELLUTLA,2,COMMERCIAL,29,25,3295.0,60.137
KAMAREDDY,YELLAREDDY,YELLAREDDY,YELLAREDDY,YELLAREDDY,2,COMMERCIAL,1252,959,114174.0,2211.654
KARIMNAGAR,HUZURABAD,HUZURABAD,AMUDALAPALLY,AMUDALAPALLY,2,COMMERCIAL,36,36,2499.0,63.971
KARIMNAGAR,HUZURABAD,HUZURABAD,AMUDALAPALLY,CHINTALAPALLY,2,COMMERCIAL,41,40,2163.0,71.5
KARIMNAGAR,HUZURABAD,HUZURABAD,AMUDALAPALLY,GADDAPAKA,2,COMMERCIAL,53,52,5325.0,68.429
KARIMNAGAR,HUZURABAD,HUZURABAD,AMUDALAPALLY,KACHAPOOR,2,COMMERCIAL,40,35,2420.0,49.993
KARIMNAGAR,HUZURABAD,JAMMIKUNTA,JAMMIKUNTA TOWN,PANCHAMUKHA HANUMAN TEMPLE ,2,COMMERCIAL,43,40,5408.0,89.89
KARIMNAGAR,HUZURABAD,JAMMIKUNTA,JAMMIKUNTA TOWN,SHALAWADA ,2,COMMERCIAL,57,56,8484.0,127.23
KARIMNAGAR,HUZURABAD,JAMMIKUNTA,JAMMIKUNTA TOWN,TEACHERS COLONY,2,COMMERCIAL,28,26,7000.0,130.0
KARIMNAGAR,HUZURABAD,JAMMIKUNTA,JAMMIKUNTA TOWN,VEENAVANKA ROAD JAMMIKUNTA,2,COMMERCIAL,212,202,29323.0,603.872
KARIMNAGAR,HUZURABAD,JAMMIKUNTA,JAMMIKUNTA TOWN,VEGETABLE MARKET KORAPALY ROAD,2,COMMERCIAL,155,151,20319.0,387.51
KARIMNAGAR,HUZURABAD,JAMMIKUNTA,THANUGULA,BIZIGIRISHARIFF,2,COMMERCIAL,75,72,11005.0,168.05
KARIMNAGAR,HUZURABAD,JAMMIKUNTA,THANUGULA,GANDRAPALLY,2,COMMERCIAL,14,13,2392.0,33.5
KARIMNAGAR,HUZURABAD,JAMMIKUNTA,THANUGULA,GOPALPUR,2,COMMERCIAL,9,9,533.0,17.098
KARIMNAGAR,HUZURABAD,JAMMIKUNTA,THANUGULA,GOVINDAPUR,2,COMMERCIAL,3,3,73.0,2.1
KARIMNAGAR,HUZURABAD,JAMMIKUNTA,THANUGULA,MOLLAPALLI(B SHARIF),2,COMMERCIAL,1,1,31.0,1.0
KARIMNAGAR,HUZURABAD,JAMMIKUNTA,THANUGULA,NAAGAARAM,2,COMMERCIAL,6,6,200.0,9.974
KARIMNAGAR,HUZURABAD,JAMMIKUNTA,THANUGULA,NAGAMPET(B SHARIFF),2,COMMERCIAL,56,51,5005.0,95.7
KARIMNAGAR,KARIMNAGAR,Karimnagar Town,KRN TOWN 8,C CIRCLE,2,COMMERCIAL,15,14,7883.0,103.0
KARIMNAGAR,KARIMNAGAR,Karimnagar Town,KRN TOWN 8,HOUSING BOARD,2,COMMERCIAL,289,276,47550.0,871.06
KARIMNAGAR,KARIMNAGAR,Karimnagar Town,KRN TOWN 8,KAPUWADA,2,COMMERCIAL,530,484,44861.0,1251.29
KARIMNAGAR,KARIMNAGAR,Karimnagar Town,KRN TOWN 8,KOTHIRAMPOOR(T8),2,COMMERCIAL,602,541,81063.0,1885.855
KARIMNAGAR,KARIMNAGAR,Karimnagar Town,KRN TOWN 8,LAXMINAGAR,2,COMMERCIAL,223,206,32685.0,847.74
KARIMNAGAR,KARIMNAGAR,Karimnagar Town,KRN TOWN 8,M  CIRCLE,2,COMMERCIAL,15,11,1387.0,50.0
KARIMNAGAR,KARIMNAGAR,Karimnagar Town,KRN TOWN 8,MARUTHINAGAR,2,COMMERCIAL,245,232,45956.0,679.424
KARIMNAGAR,KARIMNAGAR,Karimnagar Town,KRN TOWN 8,NTR CHOWRASTA,2,COMMERCIAL,167,142,60648.0,1150.543
KARIMNAGAR,KARIMNAGAR RURAL,ALUGUNOOR,ALUGUNUR,ALGUNUR,2,COMMERCIAL,456,403,100466.0,1929.016
KARIMNAGAR,KARIMNAGAR RURAL,ALUGUNOOR,ALUGUNUR,LMD COLONY,2,COMMERCIAL,63,56,6699.0,136.9
KARIMNAGAR,KARIMNAGAR RURAL,NUSTHULAPUR,GANNERUVARAM,GUNDLAPALLY,2,COMMERCIAL,19,18,1467.0,24.958
KARIMNAGAR,KARIMNAGAR RURAL,NUSTHULAPUR,GANNERUVARAM,GUNUKULA KONDAPUR,2,COMMERCIAL,74,49,11743.0,434.235
KARIMNAGAR,KARIMNAGAR RURAL,NUSTHULAPUR,GANNERUVARAM,HANMASPALLY,2,COMMERCIAL,46,37,5273.0,70.77
KARIMNAGAR,KARIMNAGAR RURAL,NUSTHULAPUR,GANNERUVARAM,JANGAPALLY,2,COMMERCIAL,50,41,5637.0,60.206
KARIMNAGAR,KARIMNAGAR RURAL,NUSTHULAPUR,GANNERUVARAM,KHASIMPET,2,COMMERCIAL,32,25,3378.0,58.16
KARIMNAGAR,KARIMNAGAR RURAL,NUSTHULAPUR,GANNERUVARAM,MADHAPUR,2,COMMERCIAL,22,15,2246.0,37.65
KARIMNAGAR,KARIMNAGAR RURAL,NUSTHULAPUR,GANNERUVARAM,MATAM VILLAGE,2,COMMERCIAL,1,1,24.0,1.0
KARIMNAGAR,KARIMNAGAR RURAL,NUSTHULAPUR,GANNERUVARAM,MOTHUKULA PALLY,2,COMMERCIAL,2,2,84.0,4.0
KARIMNAGAR,KARIMNAGAR RURAL,NUSTHULAPUR,GANNERUVARAM,MYLARAM,2,COMMERCIAL,32,24,2946.0,111.92
KHAMMAM,KHAMMAM,KOTHALINGALA,KOTHALINGALA,BANJER GOVINDARALA-KAM,2,COMMERCIAL,6,5,308.0,7.24
KHAMMAM,KHAMMAM,KOTHALINGALA,KOTHALINGALA,BARLAGUDEM,2,COMMERCIAL,38,30,2456.0,63.726
KHAMMAM,KHAMMAM,KOTHALINGALA,KOTHALINGALA,BASIT NAGAR BANZARA,2,COMMERCIAL,22,19,2487.0,50.79
KHAMMAM,KHAMMAM,KOTHALINGALA,KOTHALINGALA,GAREDI PALLY-KAM,2,COMMERCIAL,16,15,471.0,19.39
KHAMMAM,KHAMMAM,KOTHALINGALA,KOTHALINGALA,GOVINDARALA-KAM,2,COMMERCIAL,47,38,7538.0,72.29
KHAMMAM,KHAMMAM,KOTHALINGALA,KOTHALINGALA,HARICHANDRA PURAM - KAM,2,COMMERCIAL,3,3,172.0,2.26
KHAMMAM,SATHUPALLY,SATHUPALLY,SATHUPALLY RURAL,YATHALAKUNTA,2,COMMERCIAL,23,21,1801.0,36.54
KHAMMAM,SATHUPALLY,SATHUPALLY,VEMSOOR,BHARANIPADU,2,COMMERCIAL,23,21,363.0,27.48
KHAMMAM,SATHUPALLY,SATHUPALLY,VEMSOOR,BHEEMAVARAM,2,COMMERCIAL,29,25,3099.0,51.97
KHAMMAM,SATHUPALLY,SATHUPALLY,VEMSOOR,CHOWDAVARAM(V),2,COMMERCIAL,40,39,1430.0,44.03
KHAMMAM,SATHUPALLY,SATHUPALLY,VEMSOOR,DUDDIPUDI,2,COMMERCIAL,39,38,2897.0,69.324
KHAMMAM,SATHUPALLY,SATHUPALLY,VEMSOOR,KANDUKURU,2,COMMERCIAL,153,144,16326.0,215.667
KHAMMAM,SATHUPALLY,SATHUPALLY,VEMSOOR,L.N.PURAM,2,COMMERCIAL,10,10,195.0,11.496
KHAMMAM,SATHUPALLY,SATHUPALLY,VEMSOOR,LATCHANNAGUDEM,2,COMMERCIAL,54,47,1043.0,66.07
KHAMMAM,SATHUPALLY,SATHUPALLY,VEMSOOR,LINGAPALEM,2,COMMERCIAL,18,18,407.0,19.779
JAGITYAL,JAGITYAL,DHARMAPURI,NERELLA,RAYAPATNAM,2,COMMERCIAL,92,79,11284.0,148.854
JAGITYAL,JAGITYAL,DHARMAPURI,NERELLA,SANDAIAHPALLY,2,COMMERCIAL,5,5,52.0,7.0
JAGITYAL,JAGITYAL,DHARMAPURI,NERELLA,SIRIKONDA,2,COMMERCIAL,38,34,1117.0,42.672
JAGITYAL,JAGITYAL,DHARMAPURI,NERELLA,THIMMAPOOR-I,2,COMMERCIAL,54,49,6190.0,83.642
JAGITYAL,JAGITYAL,DHARMAPURI,NERELLA,THUMMANALA,2,COMMERCIAL,21,18,4688.0,46.82
JAGITYAL,JAGITYAL,DHARMAPURI,NERELLA,VELGONDA,2,COMMERCIAL,62,60,5065.0,85.79
JAGITYAL,JAGITYAL,DHARMAPURI,RAJARAMPALLY,AMBARIPET     ,2,COMMERCIAL,47,37,8986.0,95.726
JAGITYAL,JAGITYAL,DHARMAPURI,RAJARAMPALLY,CHERLAPALLI,2,COMMERCIAL,21,19,749.0,31.939
JAGITYAL,JAGITYAL,DHARMAPURI,RAJARAMPALLY,ENDAPALLY     ,2,COMMERCIAL,110,85,13476.0,236.418
JAGITYAL,JAGITYAL,Jagitial Rural,VADDELINGAPUR,BORNAPALLY,2,COMMERCIAL,26,23,5319.0,117.788
JAGITYAL,JAGITYAL,Jagitial Rural,VADDELINGAPUR,CHERLAKONDAPUR,2,COMMERCIAL,11,10,729.0,20.204
JAGITYAL,JAGITYAL,Jagitial Rural,VADDELINGAPUR,CHINTALOOR,2,COMMERCIAL,14,13,930.0,23.376
JAGITYAL,JAGITYAL,Jagitial Rural,VADDELINGAPUR,DEVAMPALLY,2,COMMERCIAL,6,6,287.0,10.79
JAGITYAL,JAGITYAL,Jagitial Rural,VADDELINGAPUR,DHARMOJIPET,2,COMMERCIAL,22,19,647.0,29.572
JAGITYAL,JAGITYAL,Jagitial Rural,VADDELINGAPUR,ITIKIAL,2,COMMERCIAL,134,117,11664.0,156.21
JAGITYAL,JAGITYAL,Jagitial Rural,VADDELINGAPUR,JAGANNATHAPURAM,2,COMMERCIAL,6,6,311.0,5.394
JAGITYAL,JAGITYAL,Jagitial Rural,VADDELINGAPUR,KATKAPOOR,2,COMMERCIAL,30,28,3010.0,62.911
JAGITYAL,JAGITYAL,Jagitial Rural,VADDELINGAPUR,KOTHAPET,2,COMMERCIAL,41,35,1319.0,62.599
JAGITYAL,METPALLY,KORUTLA RURAL,MANNEGUDEM,EDULLINGAMPET,2,COMMERCIAL,34,31,2195.0,74.465
JAGITYAL,METPALLY,KORUTLA RURAL,MANNEGUDEM,GOVINDARM,2,COMMERCIAL,91,83,10983.0,145.184
JAGITYAL,METPALLY,KORUTLA RURAL,MANNEGUDEM,KAMMARIPET,2,COMMERCIAL,13,13,834.0,22.999
JAGITYAL,METPALLY,KORUTLA RURAL,MANNEGUDEM,MANNEGUDEM,2,COMMERCIAL,143,129,13692.0,244.825
JAGITYAL,METPALLY,KORUTLA RURAL,MANNEGUDEM,MOTHUKURAOPET,2,COMMERCIAL,10,10,636.0,12.995
JAGITYAL,METPALLY,KORUTLA RURAL,MANNEGUDEM,PASUNUR,2,COMMERCIAL,23,22,918.0,43.772
JAGITYAL,METPALLY,KORUTLA RURAL,MANNEGUDEM,RAGHOJIPET,2,COMMERCIAL,14,12,3997.0,35.68
JAGITYAL,METPALLY,KORUTLA RURAL,MANNEGUDEM,RAJALINGAMPET,2,COMMERCIAL,13,13,114.0,15.932
JAGITYAL,METPALLY,KORUTLA RURAL,MANNEGUDEM,VENKATRAOPET,2,COMMERCIAL,60,59,2612.0,77.356
JANGAON,GHANPUR,GHANPUR,ZAFARGADH,THAMMADAPALLY (G)-II,2,COMMERCIAL,42,33,5278.0,58.13
JANGAON,GHANPUR,GHANPUR,ZAFARGADH,THAMMADAPALLY(R)-I,2,COMMERCIAL,26,19,1474.0,34.32
JANGAON,GHANPUR,GHANPUR,ZAFARGADH,THEEGRAM,2,COMMERCIAL,32,32,4524.0,55.84
JANGAON,GHANPUR,GHANPUR,ZAFARGADH,THIDUGU,2,COMMERCIAL,36,33,4104.0,46.01
JANGAON,GHANPUR,GHANPUR,ZAFARGADH,THIMMAPET,2,COMMERCIAL,46,38,7647.0,100.37
JANGAON,GHANPUR,GHANPUR,ZAFARGADH,THIMMAPUR,2,COMMERCIAL,12,10,271.0,20.22
JANGAON,GHANPUR,GHANPUR,ZAFARGADH,UPPUGAL,2,COMMERCIAL,94,82,6703.0,156.29
JANGAON,GHANPUR,GHANPUR,ZAFARGADH,WADDEGUDEM H/O ZAFRG,2,COMMERCIAL,7,7,387.0,6.16
JANGAON,GHANPUR,GHANPUR,ZAFARGADH,ZAFFERGADH (H),2,COMMERCIAL,352,302,27433.0,631.441
JANGAON,GHANPUR,PALAKURTHY,KODAKANDLA,Bodonikunta thanda,2,COMMERCIAL,1,1,0.0,1.0
JANGAON,JANGAON,JANGAON,JANGAON (T),NEHRUPARK,2,COMMERCIAL,837,751,116386.0,2251.8
JANGAON,JANGAON,JANGAON,JANGAON (T),OLD BEAT BAZAR,2,COMMERCIAL,454,357,49336.0,1111.259
JANGAON,JANGAON,JANGAON,JANGAON (T),SAI NAGAR,2,COMMERCIAL,136,127,23032.0,493.01
JANGAON,JANGAON,JANGAON,JANGAON TOWN-II,AMBEDKAR NAGAR,2,COMMERCIAL,613,551,75085.0,2094.84
JANGAON,JANGAON,JANGAON,JANGAON TOWN-II,DHARMAKANCHA,2,COMMERCIAL,317,241,24186.0,532.05
JANGAON,JANGAON,JANGAON,JANGAON TOWN-II,GANESHWADA,2,COMMERCIAL,979,861,133613.0,2563.505
JANGAON,JANGAON,JANGAON,JANGAON TOWN-II,NEW COLLECTORATE,2,COMMERCIAL,929,826,138822.0,2976.546
JANGAON,JANGAON,JANGAON,PADAMATI KESHAVAPUR,DABBAKUNTAPALLI,2,COMMERCIAL,17,13,519.0,21.86
KAMAREDDY,BANSWADA,BICHKUNDA,BICHKUNDA,DOULTHAPOOR,2,COMMERCIAL,3,3,0.0,2.75
KAMAREDDY,BANSWADA,BICHKUNDA,BICHKUNDA,FATHLAPOOR,2,COMMERCIAL,47,31,15368.0,145.021
KAMAREDDY,BANSWADA,BICHKUNDA,BICHKUNDA,GOPANPALLI,2,COMMERCIAL,22,18,800.0,34.967
KAMAREDDY,BANSWADA,BICHKUNDA,BICHKUNDA,GUNDEKALLUR,2,COMMERCIAL,6,5,128.0,5.998
KAMAREDDY,BANSWADA,BICHKUNDA,BICHKUNDA,GUNDENAMLI,2,COMMERCIAL,25,17,4211.0,47.895
KAMAREDDY,BANSWADA,BICHKUNDA,BICHKUNDA,HASGUL,2,COMMERCIAL,40,36,5317.0,59.287
KAMAREDDY,BANSWADA,BICHKUNDA,BICHKUNDA,KANDARPALLI,2,COMMERCIAL,63,50,17701.0,193.76
KAMAREDDY,BANSWADA,BICHKUNDA,BICHKUNDA,KHOTAGAON,2,COMMERCIAL,37,36,8233.0,60.126
KAMAREDDY,BANSWADA,BICHKUNDA,BICHKUNDA,MANYAPOOR,2,COMMERCIAL,7,5,51.0,8.26
KAMAREDDY,BANSWADA,BICHKUNDA,BICHKUNDA,MISAANKALLALI,2,COMMERCIAL,9,8,236.0,12.02
KAMAREDDY,YELLAREDDY,YELLAREDDY,YELLAREDDY,SATHOLI,2,COMMERCIAL,1,1,41.0,1.0
KAMAREDDY,YELLAREDDY,YELLAREDDY,YELLAREDDY,SOMVARPET,2,COMMERCIAL,12,5,66.0,9.788
KARIMNAGAR,HUZURABAD,JAMMIKUNTA,JAMMIKUNTA TOWN,HOUSING BOARD ,2,COMMERCIAL,28,26,2044.0,50.75
KARIMNAGAR,HUZURABAD,JAMMIKUNTA,JAMMIKUNTA TOWN,HUZURABAD ROAD,2,COMMERCIAL,594,575,70794.0,1305.91
KARIMNAGAR,HUZURABAD,JAMMIKUNTA,JAMMIKUNTA TOWN,JAMMIKUNTA,2,COMMERCIAL,34,2,4282.0,147.35
KARIMNAGAR,HUZURABAD,JAMMIKUNTA,JAMMIKUNTA TOWN,KESHAVAPUR (JKY),2,COMMERCIAL,23,22,1360.0,24.55
KARIMNAGAR,HUZURABAD,JAMMIKUNTA,JAMMIKUNTA TOWN,KONDURU COMPLEX JAMMIKUNTA,2,COMMERCIAL,333,330,56741.0,1121.85
KARIMNAGAR,HUZURABAD,JAMMIKUNTA,JAMMIKUNTA TOWN,KRISHNA COLONY,2,COMMERCIAL,18,16,1086.0,27.09
KARIMNAGAR,HUZURABAD,JAMMIKUNTA,JAMMIKUNTA TOWN,MOTHUKALAGUDEM (JKT),2,COMMERCIAL,47,44,3021.0,100.89
KARIMNAGAR,HUZURABAD,JAMMIKUNTA,JAMMIKUNTA TOWN,OLD JAMMIKUNTA (JKT),2,COMMERCIAL,75,68,5804.0,174.776
KARIMNAGAR,HUZURABAD,JAMMIKUNTA,JAMMIKUNTA TOWN,OLD MARKET ROAD,2,COMMERCIAL,191,184,15287.0,356.556
KARIMNAGAR,KARIMNAGAR,Karimnagar Town,KRN TOWN 5,BHARATH TAKIES ROAD,2,COMMERCIAL,416,390,42476.0,996.214
KARIMNAGAR,KARIMNAGAR,Karimnagar Town,KRN TOWN 5,BOIWADA,2,COMMERCIAL,638,601,65486.0,1106.7
KARIMNAGAR,KARIMNAGAR,Karimnagar Town,KRN TOWN 5,C CIRCLE,2,COMMERCIAL,13,9,8655.0,114.45
KARIMNAGAR,KARIMNAGAR,Karimnagar Town,KRN TOWN 5,D CIRCLE,2,COMMERCIAL,18,3,999.0,74.39
KARIMNAGAR,KARIMNAGAR,Karimnagar Town,KRN TOWN 5,LAXMINAGAR,2,COMMERCIAL,96,89,21883.0,375.87
KARIMNAGAR,KARIMNAGAR,Karimnagar Town,KRN TOWN 5,M  CIRCLE,2,COMMERCIAL,32,16,3429.0,41.796
KARIMNAGAR,KARIMNAGAR,Karimnagar Town,KRN TOWN 5,PADMASHALI STREET,2,COMMERCIAL,243,220,37477.0,1132.33
KARIMNAGAR,KARIMNAGAR,Karimnagar Town,KRN TOWN 5,RAGHAVENDRA NAGAR,2,COMMERCIAL,230,210,26573.0,857.435
KARIMNAGAR,KARIMNAGAR,Karimnagar Town,KRN TOWN 5,RAJIV CHOWK,2,COMMERCIAL,545,510,69311.0,1272.948
KARIMNAGAR,KARIMNAGAR,Karimnagar Town,KRN TOWN 5,RURAL POLICE STATION,2,COMMERCIAL,801,778,75642.0,1716.375
KARIMNAGAR,KARIMNAGAR,Karimnagar Town,KRN TOWN 5,SIKHWADI,2,COMMERCIAL,682,628,73477.0,1347.839
KARIMNAGAR,KARIMNAGAR,Karimnagar Town,KRN TOWN 8,AUTO NAGAR,2,COMMERCIAL,522,466,94506.0,2217.312
KARIMNAGAR,KARIMNAGAR RURAL,NUSTHULAPUR,CHIGURUMAMIDI,RAMANCHA,2,COMMERCIAL,34,25,4700.0,79.2
KARIMNAGAR,KARIMNAGAR RURAL,NUSTHULAPUR,CHIGURUMAMIDI,RECONDA,2,COMMERCIAL,114,92,10351.0,204.106
KARIMNAGAR,KARIMNAGAR RURAL,NUSTHULAPUR,CHIGURUMAMIDI,SEETARAMPUR,2,COMMERCIAL,20,18,673.0,31.34
KARIMNAGAR,KARIMNAGAR RURAL,NUSTHULAPUR,GANNERUVARAM,CHAKALIVANIPALLY,2,COMMERCIAL,5,5,166.0,5.0
KARIMNAGAR,KARIMNAGAR RURAL,NUSTHULAPUR,GANNERUVARAM,CHEEMALAKUNTAPALLY,2,COMMERCIAL,12,11,493.0,19.86
KARIMNAGAR,KARIMNAGAR RURAL,NUSTHULAPUR,GANNERUVARAM,CHOKKALA PALLY,2,COMMERCIAL,3,2,100.0,4.76
KARIMNAGAR,KARIMNAGAR RURAL,NUSTHULAPUR,GANNERUVARAM,CHOKKARAO PALLY,2,COMMERCIAL,7,6,440.0,14.24
KARIMNAGAR,KARIMNAGAR RURAL,NUSTHULAPUR,GANNERUVARAM,DHODLAKADA VILLAGE,2,COMMERCIAL,1,0,0.0,1.0
KARIMNAGAR,KARIMNAGAR RURAL,NUSTHULAPUR,GANNERUVARAM,GANNERVARAM,2,COMMERCIAL,224,186,23099.0,408.892
KARIMNAGAR,KARIMNAGAR RURAL,NUSTHULAPUR,GANNERUVARAM,GLP STAGE,2,COMMERCIAL,221,206,15697.0,345.615
KARIMNAGAR,KARIMNAGAR RURAL,NUSTHULAPUR,GANNERUVARAM,GOPALPUR,2,COMMERCIAL,6,6,359.0,9.0
KHAMMAM,KHAMMAM,KOTHALINGALA,KAREPALLY,ROTTEMAKU REVU-KAR,2,COMMERCIAL,4,3,302.0,8.24
KHAMMAM,KHAMMAM,KOTHALINGALA,KAREPALLY,SAMYA THANDA-KAR,2,COMMERCIAL,20,14,2395.0,25.84
KHAMMAM,KHAMMAM,KOTHALINGALA,KAREPALLY,SURYA THANDA-KAR,2,COMMERCIAL,18,11,305.0,15.1
KHAMMAM,KHAMMAM,KOTHALINGALA,KAREPALLY,TULOSIYA THANDA-KAR,2,COMMERCIAL,3,0,0.0,2.66
KHAMMAM,KHAMMAM,KOTHALINGALA,KAREPALLY,USIRIKAYALA PALLY-KAR,2,COMMERCIAL,39,22,2571.0,52.44
KHAMMAM,KHAMMAM,KOTHALINGALA,KAREPALLY,VISWANATHA PALLY-KAR,2,COMMERCIAL,18,17,3248.0,44.306
KHAMMAM,KHAMMAM,KOTHALINGALA,KOTHALINGALA,ABBAS PURAM-KAM,2,COMMERCIAL,4,2,556.0,5.99
KHAMMAM,KHAMMAM,KOTHALINGALA,KOTHALINGALA,B.LACHA THANDA-KM,2,COMMERCIAL,1,1,27.0,0.99
KHAMMAM,KHAMMAM,KOTHALINGALA,KOTHALINGALA,BADDU THANDA,2,COMMERCIAL,4,4,148.0,7.0
KHAMMAM,KHAMMAM,KOTHALINGALA,KOTHALINGALA,BANDI PADU-KAM,2,COMMERCIAL,6,6,138.0,5.53
KHAMMAM,KHAMMAM RURAL,KUSUMANCHI,BACHODU,BACHODE,2,COMMERCIAL,83,73,8549.0,153.22
KHAMMAM,KHAMMAM RURAL,KUSUMANCHI,BACHODU,BEEROLU,2,COMMERCIAL,87,73,8030.0,188.139
KHAMMAM,KHAMMAM RURAL,KUSUMANCHI,BACHODU,Bachodu thanda,2,COMMERCIAL,7,5,413.0,13.55
KHAMMAM,KHAMMAM RURAL,KUSUMANCHI,BACHODU,ELUVARI GUDEM,2,COMMERCIAL,14,13,330.0,18.2
KHAMMAM,KHAMMAM RURAL,KUSUMANCHI,BACHODU,HASNABAD,2,COMMERCIAL,32,29,760.0,52.11
KHAMMAM,KHAMMAM RURAL,KUSUMANCHI,BACHODU,Islavath thanda,2,COMMERCIAL,9,9,660.0,18.95
KHAMMAM,KHAMMAM RURAL,KUSUMANCHI,BACHODU,JUPEDA,2,COMMERCIAL,19,14,4685.0,45.75
KHAMMAM,KHAMMAM RURAL,KUSUMANCHI,BACHODU,KAKARVAI,2,COMMERCIAL,118,105,10132.0,207.89
KHAMMAM,KHAMMAM RURAL,KUSUMANCHI,BACHODU,LAXMIDEVIPALLY,2,COMMERCIAL,1,0,0.0,0.1
KHAMMAM,KHAMMAM RURAL,KUSUMANCHI,BACHODU,MEDIDAPPALLY,2,COMMERCIAL,28,21,3495.0,42.22
KHAMMAM,KHAMMAM RURAL,YEDULAPURAM,PALLEGUDEM,KASNATHANDA,2,COMMERCIAL,9,9,495.0,13.33
KHAMMAM,KHAMMAM RURAL,YEDULAPURAM,PALLEGUDEM,KOTHURU,2,COMMERCIAL,5,5,101.0,5.0
KHAMMAM,KHAMMAM RURAL,YEDULAPURAM,PALLEGUDEM,M V PALEM,2,COMMERCIAL,113,86,10443.0,147.34
KHAMMAM,KHAMMAM RURAL,YEDULAPURAM,PALLEGUDEM,MADDIVARIGUDEM,2,COMMERCIAL,4,4,113.0,5.55
KHAMMAM,KHAMMAM RURAL,YEDULAPURAM,PALLEGUDEM,MANGALIGUDEM,2,COMMERCIAL,101,87,16273.0,192.19
KHAMMAM,KHAMMAM RURAL,YEDULAPURAM,PALLEGUDEM,PALLEGUDEM,2,COMMERCIAL,91,72,8818.0,254.89
KHAMMAM,KHAMMAM RURAL,YEDULAPURAM,PALLEGUDEM,PITTALAGUDEM,2,COMMERCIAL,1,1,57.0,1.0
KHAMMAM,KHAMMAM RURAL,YEDULAPURAM,PALLEGUDEM,POLEPALLI,2,COMMERCIAL,32,19,571.0,119.75
KHAMMAM,KHAMMAM RURAL,YEDULAPURAM,PALLEGUDEM,POLISETTIGUDEM,2,COMMERCIAL,15,13,415.0,18.1
KHAMMAM,KHAMMAM RURAL,YEDULAPURAM,PALLEGUDEM,RAJIV GRUHAKALPA,2,COMMERCIAL,129,108,10389.0,290.63
JAGITYAL,JAGITYAL,Jagitial Rural,SARANGAPUR,SARANGAPOOR,2,COMMERCIAL,61,53,10453.0,118.31
JAGITYAL,JAGITYAL,Jagitial Rural,VADDELINGAPUR,Aliyanayak thanda,2,COMMERCIAL,5,5,315.0,6.988
JAGITYAL,JAGITYAL,Jagitial Rural,VADDELINGAPUR,BHOOPATHIPOOR,2,COMMERCIAL,66,59,7689.0,99.343
JAGITYAL,METPALLY,KORUTLA RURAL,KATHALAPOOR,DULUR,2,COMMERCIAL,20,18,886.0,24.78
JAGITYAL,METPALLY,KORUTLA RURAL,KATHALAPOOR,KATHALAPOOR,2,COMMERCIAL,372,348,34280.0,663.558
JAGITYAL,METPALLY,KORUTLA RURAL,KATHALAPOOR,PEGGERLA,2,COMMERCIAL,38,36,3719.0,68.56
JAGITYAL,METPALLY,KORUTLA RURAL,KATHALAPOOR,SIRIKONDA,2,COMMERCIAL,143,120,11494.0,226.46
JAGITYAL,METPALLY,KORUTLA RURAL,KATHALAPOOR,THAKKALLAPALLI,2,COMMERCIAL,88,82,9080.0,120.235
JAGITYAL,METPALLY,KORUTLA RURAL,KATHALAPOOR,VOOTPALLY,2,COMMERCIAL,22,22,943.0,43.79
JAGITYAL,METPALLY,KORUTLA RURAL,MANNEGUDEM,BHEEMARAM,2,COMMERCIAL,99,91,12067.0,186.206
JAGITYAL,METPALLY,KORUTLA RURAL,MANNEGUDEM,DESAIPET,2,COMMERCIAL,26,24,2083.0,45.305
JANGAON,GHANPUR,GHANPUR,ZAFARGADH,KONAICHAIAM,2,COMMERCIAL,16,14,455.0,28.94
JANGAON,GHANPUR,GHANPUR,ZAFARGADH,KUNOOR,2,COMMERCIAL,96,87,9160.0,140.54
JANGAON,GHANPUR,GHANPUR,ZAFARGADH,Laxminaik thanda,2,COMMERCIAL,1,1,64.0,1.0
JANGAON,GHANPUR,GHANPUR,ZAFARGADH,MADDUMTHANDA H/O OBP,2,COMMERCIAL,4,4,194.0,5.0
JANGAON,GHANPUR,GHANPUR,ZAFARGADH,OBALPUR,2,COMMERCIAL,27,21,2719.0,45.87
JANGAON,GHANPUR,GHANPUR,ZAFARGADH,RAGHUNATHPALLY,2,COMMERCIAL,37,32,3129.0,54.01
JANGAON,GHANPUR,GHANPUR,ZAFARGADH,REGADI THANDA,2,COMMERCIAL,4,3,195.0,5.24
JANGAON,GHANPUR,GHANPUR,ZAFARGADH,SAGRAM,2,COMMERCIAL,24,19,1592.0,34.36
JANGAON,GHANPUR,GHANPUR,ZAFARGADH,SHAPAILLY,2,COMMERCIAL,9,8,337.0,13.65
JANGAON,GHANPUR,GHANPUR,ZAFARGADH,SURARAM,2,COMMERCIAL,30,26,5691.0,56.57
JANGAON,GHANPUR,GHANPUR,ZAFARGADH,TB THANDA,2,COMMERCIAL,2,2,1.0,5.0
JANGAON,JANGAON,JANGAON,JANGAON (R),MARIGIDI,2,COMMERCIAL,26,24,4855.0,58.29
JANGAON,JANGAON,JANGAON,JANGAON (R),Pedda thanda (m),2,COMMERCIAL,3,3,9.0,3.0
JANGAON,JANGAON,JANGAON,JANGAON (R),Pedda thanda (y),2,COMMERCIAL,3,3,125.0,6.0
JANGAON,JANGAON,JANGAON,JANGAON (R),VENKIRYAL,2,COMMERCIAL,41,38,2784.0,59.75
JANGAON,JANGAON,JANGAON,JANGAON (R),WADLAKONDA,2,COMMERCIAL,87,76,9245.0,245.32
JANGAON,JANGAON,JANGAON,JANGAON (R),YESWANTHAPUR,2,COMMERCIAL,83,64,26908.0,477.465
JANGAON,JANGAON,JANGAON,JANGAON (T),BANAPURAM,2,COMMERCIAL,82,69,5736.0,206.51
JANGAON,JANGAON,JANGAON,JANGAON (T),BEERAPPA TEMPLE,2,COMMERCIAL,666,566,40294.0,1108.28
JANGAON,JANGAON,JANGAON,JANGAON (T),GEETA NAGAR,2,COMMERCIAL,452,374,79706.0,1555.7
JANGAON,JANGAON,JANGAON,JANGAON (T),GRAIN MARKET,2,COMMERCIAL,417,341,38472.0,1018.14
KAMAREDDY,BANSWADA,BANSWADA,NASRULLABAD,NACHUPALLI,2,COMMERCIAL,20,19,2812.0,35.76
KAMAREDDY,BANSWADA,BANSWADA,NASRULLABAD,NAMLI,2,COMMERCIAL,51,46,2859.0,63.15
KAMAREDDY,BANSWADA,BANSWADA,NASRULLABAD,NASURULLABAD,2,COMMERCIAL,208,190,21532.0,364.7
KAMAREDDY,BANSWADA,BANSWADA,NASRULLABAD,RAMULUGUTTA TAN,2,COMMERCIAL,1,1,25.0,1.0
KAMAREDDY,BANSWADA,BANSWADA,NASRULLABAD,SANGAM,2,COMMERCIAL,27,25,2535.0,33.25
KAMAREDDY,BANSWADA,BICHKUNDA,BICHKUNDA,BANDA RANJAL,2,COMMERCIAL,37,35,3150.0,42.34
KAMAREDDY,BANSWADA,BICHKUNDA,BICHKUNDA,BICHKUNDA,2,COMMERCIAL,1167,1025,98072.0,2081.822
KAMAREDDY,BANSWADA,BICHKUNDA,BICHKUNDA,CHINNA DHADGI,2,COMMERCIAL,5,3,89.0,7.0
KAMAREDDY,BANSWADA,BICHKUNDA,BICHKUNDA,DEVADA BIG,2,COMMERCIAL,17,15,4224.0,36.76
KAMAREDDY,BANSWADA,BICHKUNDA,BICHKUNDA,DEVADA KHURD,2,COMMERCIAL,13,12,1605.0,29.24
KAMAREDDY,BANSWADA,PITLAM,PITLAM,POTHIREDDYPALLY,2,COMMERCIAL,9,6,395.0,16.5
KAMAREDDY,BANSWADA,PITLAM,PITLAM,SIDDAPAUR,2,COMMERCIAL,6,5,355.0,6.26
KAMAREDDY,BANSWADA,PITLAM,PITLAM,THIMMANAGAR,2,COMMERCIAL,43,35,4373.0,71.02
KAMAREDDY,KAMAREDDY,DOMAKONDA,BHIKNOOR(NORTH),ANTHAMPALLI,2,COMMERCIAL,26,22,13895.0,143.393
KAMAREDDY,KAMAREDDY,DOMAKONDA,BHIKNOOR(NORTH),BASWAPOOR,2,COMMERCIAL,112,85,21861.0,342.952
KAMAREDDY,KAMAREDDY,DOMAKONDA,BHIKNOOR(NORTH),GURJAKUNTA,2,COMMERCIAL,9,7,193.0,13.073
KAMAREDDY,KAMAREDDY,DOMAKONDA,BHIKNOOR(NORTH),JANGAMPALLY,2,COMMERCIAL,242,182,36564.0,621.619
KAMAREDDY,KAMAREDDY,DOMAKONDA,BHIKNOOR(NORTH),LAXMIDEVPALLY,2,COMMERCIAL,10,10,314.0,21.54
KAMAREDDY,KAMAREDDY,Kamareddy Town,KAMAREDDY(R),KOTALPALLY,2,COMMERCIAL,4,4,474.0,6.18
KAMAREDDY,KAMAREDDY,Kamareddy Town,KAMAREDDY(R),KYASAMPALLY,2,COMMERCIAL,34,29,1593.0,79.628
KAMAREDDY,KAMAREDDY,Kamareddy Town,KAMAREDDY(R),LINGAIPALLY,2,COMMERCIAL,13,12,3136.0,31.445
KAMAREDDY,KAMAREDDY,Kamareddy Town,KAMAREDDY(R),LINGAPOOR,2,COMMERCIAL,48,45,6024.0,145.024
KAMAREDDY,KAMAREDDY,Kamareddy Town,KAMAREDDY(R),NARSANNAPALLY,2,COMMERCIAL,58,49,14712.0,268.129
KAMAREDDY,KAMAREDDY,Kamareddy Town,KAMAREDDY(R),PATHARAJAMPET,2,COMMERCIAL,114,94,16038.0,372.361
KAMAREDDY,KAMAREDDY,Kamareddy Town,KAMAREDDY(R),RAGHAVAPOOR,2,COMMERCIAL,7,7,642.0,17.01
KAMAREDDY,KAMAREDDY,Kamareddy Town,KAMAREDDY(R),RAMESHWARPALLY,2,COMMERCIAL,27,21,936.0,63.647
KAMAREDDY,YELLAREDDY,YELLAREDDY,YELLAREDDY,Machapur,2,COMMERCIAL,10,9,1022.0,25.056
KAMAREDDY,YELLAREDDY,YELLAREDDY,YELLAREDDY,PEDDA REDDY,2,COMMERCIAL,33,24,417.0,40.847
KAMAREDDY,YELLAREDDY,YELLAREDDY,YELLAREDDY,POSANPALLY,2,COMMERCIAL,2,2,56.0,3.922
KAMAREDDY,YELLAREDDY,YELLAREDDY,YELLAREDDY,REPALLEWADA,2,COMMERCIAL,3,2,4.0,1.811
KAMAREDDY,YELLAREDDY,YELLAREDDY,YELLAREDDY,RUDRARUM,2,COMMERCIAL,17,14,2509.0,30.681
KAMAREDDY,YELLAREDDY,YELLAREDDY,YELLAREDDY,SABDALPOOR,2,COMMERCIAL,12,10,201.0,16.691
KARIMNAGAR,KARIMNAGAR,Karimnagar Town,KRN TOWN 3,VAVILALA PALLY,2,COMMERCIAL,195,166,56521.0,972.134
KARIMNAGAR,KARIMNAGAR,Karimnagar Town,KRN TOWN 5,ANNAPURNA COMPLEX,2,COMMERCIAL,1083,993,148871.0,2510.888
KARIMNAGAR,KARIMNAGAR RURAL,Gangadhara,GUNDI,VELCHALA,2,COMMERCIAL,92,82,13185.0,236.74
KARIMNAGAR,KARIMNAGAR RURAL,Gangadhara,GUNDI,VENKATAGIRI,2,COMMERCIAL,5,5,200.0,7.0
KARIMNAGAR,KARIMNAGAR RURAL,Gangadhara,GUNDI,VENKATRAOPALLY H/O.G,2,COMMERCIAL,18,17,3064.0,46.98
KARIMNAGAR,KARIMNAGAR RURAL,NUSTHULAPUR,CHIGURUMAMIDI,CHIGURUMAMIDI,2,COMMERCIAL,249,208,26767.0,525.782
KARIMNAGAR,KARIMNAGAR RURAL,NUSTHULAPUR,CHIGURUMAMIDI,LAMBADIPALLY,2,COMMERCIAL,15,14,734.0,25.31
KARIMNAGAR,KARIMNAGAR RURAL,NUSTHULAPUR,CHIGURUMAMIDI,MUDU MANIKYAM,2,COMMERCIAL,39,31,1154.0,71.053
KARIMNAGAR,KARIMNAGAR RURAL,NUSTHULAPUR,CHIGURUMAMIDI,MULKANOOR,2,COMMERCIAL,97,87,8782.0,175.909
KARIMNAGAR,KARIMNAGAR RURAL,NUSTHULAPUR,CHIGURUMAMIDI,PEECHUPALLY,2,COMMERCIAL,9,6,180.0,22.52
KHAMMAM,KHAMMAM,KOTHALINGALA,KAREPALLY,MANGALI TANDA - KAR,2,COMMERCIAL,6,3,0.0,6.22
KHAMMAM,KHAMMAM,KOTHALINGALA,KAREPALLY,MEKALA THANDA-KAR,2,COMMERCIAL,11,7,199.0,13.0
KHAMMAM,KHAMMAM,KOTHALINGALA,KAREPALLY,P KAMALA PURAM-KAR,2,COMMERCIAL,9,7,518.0,31.44
KHAMMAM,KHAMMAM,KOTHALINGALA,KAREPALLY,PEDA THANDA-KAR,2,COMMERCIAL,2,2,80.0,2.0
KHAMMAM,KHAMMAM,KOTHALINGALA,KAREPALLY,PERE PALLY-KAR,2,COMMERCIAL,59,43,6783.0,88.29
KHAMMAM,KHAMMAM,KOTHALINGALA,KAREPALLY,POLAMPALLY-KAR,2,COMMERCIAL,11,9,378.0,14.48
KHAMMAM,KHAMMAM,KOTHALINGALA,KAREPALLY,RAMA LINGAPURAM-KAR,2,COMMERCIAL,71,66,4175.0,103.94
KHAMMAM,KHAMMAM,KOTHALINGALA,KAREPALLY,RAVIJITHANDA-KAR,2,COMMERCIAL,4,4,105.0,5.48
KHAMMAM,KHAMMAM,KOTHALINGALA,KAREPALLY,REGULA GUDEM - KAR,2,COMMERCIAL,1,1,57.0,3.0
KHAMMAM,KHAMMAM,RAGUNADAPALEM,RAGUNADAPALEM,DARAVEEDU,2,COMMERCIAL,19,11,2628.0,52.39
KHAMMAM,KHAMMAM,RAGUNADAPALEM,RAGUNADAPALEM,GANESWARAM,2,COMMERCIAL,19,19,863.0,24.49
KHAMMAM,KHAMMAM,RAGUNADAPALEM,RAGUNADAPALEM,KAMANCHIKAL,2,COMMERCIAL,64,54,6761.0,203.735
KHAMMAM,KHAMMAM,RAGUNADAPALEM,RAGUNADAPALEM,KOYACHILAKA,2,COMMERCIAL,72,61,9369.0,111.32
KHAMMAM,KHAMMAM,RAGUNADAPALEM,RAGUNADAPALEM,MUTHYALAGUDEM,2,COMMERCIAL,2,0,0.0,3.1
KHAMMAM,KHAMMAM,RAGUNADAPALEM,RAGUNADAPALEM,PUVVADA UDAY NAGAR,2,COMMERCIAL,27,22,1244.0,36.24
KHAMMAM,KHAMMAM,RAGUNADAPALEM,RAGUNADAPALEM,Padamati thanda,2,COMMERCIAL,5,5,166.0,9.0
KHAMMAM,KHAMMAM,RAGUNADAPALEM,RAGUNADAPALEM,RAGHUNADHAPALEM,2,COMMERCIAL,224,181,33360.0,663.732
KHAMMAM,KHAMMAM,RAGUNADAPALEM,RAGUNADAPALEM,SIVAYAGUDEM,2,COMMERCIAL,9,3,478.0,55.1
KHAMMAM,KHAMMAM,RAGUNADAPALEM,RAGUNADAPALEM,VEPAKUNTLA,2,COMMERCIAL,15,9,572.0,21.36
KHAMMAM,KHAMMAM RURAL,YEDULAPURAM,AREMPULA,PONNEKAL,2,COMMERCIAL,44,33,6964.0,111.58
KHAMMAM,KHAMMAM RURAL,YEDULAPURAM,AREMPULA,SEETHARAMPURAM,2,COMMERCIAL,5,4,221.0,6.55
KHAMMAM,KHAMMAM RURAL,YEDULAPURAM,AREMPULA,SRI CITY,2,COMMERCIAL,24,22,1592.0,59.0
KHAMMAM,KHAMMAM RURAL,YEDULAPURAM,AREMPULA,SRINAGAR COLONY,2,COMMERCIAL,10,9,476.0,19.0
KHAMMAM,KHAMMAM RURAL,YEDULAPURAM,AREMPULA,TALLAMPADU  ,2,COMMERCIAL,132,110,20213.0,223.543
KHAMMAM,KHAMMAM RURAL,YEDULAPURAM,PALLEGUDEM,GOLLAPADU,2,COMMERCIAL,54,45,6145.0,90.17
KHAMMAM,KHAMMAM RURAL,YEDULAPURAM,PALLEGUDEM,GUDURIPAD,2,COMMERCIAL,33,28,647.0,43.84
KHAMMAM,KHAMMAM RURAL,YEDULAPURAM,PALLEGUDEM,KASIRAJUGUDEM,2,COMMERCIAL,54,46,5123.0,99.18
KHAMMAM,SATHUPALLY,SATHUPALLY,SATHUPALLY RURAL,NARAYANAPURAM-C,2,COMMERCIAL,38,36,3247.0,58.71
KHAMMAM,SATHUPALLY,SATHUPALLY,SATHUPALLY RURAL,PAKALAGUDAM,2,COMMERCIAL,28,23,3986.0,51.48
KHAMMAM,SATHUPALLY,SATHUPALLY,SATHUPALLY RURAL,RAMAGOVINDAPURA,2,COMMERCIAL,33,32,3162.0,72.0
KHAMMAM,SATHUPALLY,SATHUPALLY,SATHUPALLY RURAL,RAMNAGARAM,2,COMMERCIAL,47,41,1574.0,66.936
KHAMMAM,SATHUPALLY,SATHUPALLY,SATHUPALLY RURAL,RANGA PURAM,2,COMMERCIAL,2,2,51.0,2.0
KHAMMAM,SATHUPALLY,SATHUPALLY,SATHUPALLY RURAL,REGALLA PADU,2,COMMERCIAL,4,4,333.0,9.74
KHAMMAM,SATHUPALLY,SATHUPALLY,SATHUPALLY RURAL,RUDRAKSHAPALLY,2,COMMERCIAL,60,53,8899.0,126.782
KHAMMAM,SATHUPALLY,SATHUPALLY,SATHUPALLY RURAL,TALLAMADA,2,COMMERCIAL,37,29,3254.0,132.92
KHAMMAM,SATHUPALLY,SATHUPALLY,SATHUPALLY RURAL,TOKUGUDEM,2,COMMERCIAL,1,1,254.0,2.0
KHAMMAM,SATHUPALLY,SATHUPALLY,SATHUPALLY RURAL,TUMBURU,2,COMMERCIAL,93,78,6476.0,118.96
JAGITYAL,JAGITYAL,DHARMAPURI,NERELLA,BUGGARAM,2,COMMERCIAL,119,107,11751.0,180.105
JAGITYAL,JAGITYAL,DHARMAPURI,NERELLA,BURUGUPALLY,2,COMMERCIAL,12,12,356.0,11.5
JAGITYAL,JAGITYAL,DHARMAPURI,NERELLA,CHINNAPOOR,2,COMMERCIAL,34,29,3413.0,69.98
JAGITYAL,JAGITYAL,DHARMAPURI,NERELLA,GOPULAPUR,2,COMMERCIAL,59,51,8639.0,104.02
JAGITYAL,JAGITYAL,DHARMAPURI,NERELLA,GOVINDUPALLY,2,COMMERCIAL,2,2,138.0,5.0
JAGITYAL,JAGITYAL,DHARMAPURI,NERELLA,KAMALAPOOR,2,COMMERCIAL,27,25,4618.0,61.5
JAGITYAL,JAGITYAL,DHARMAPURI,NERELLA,MADDUNOOR,2,COMMERCIAL,44,39,4024.0,59.823
JAGITYAL,JAGITYAL,DHARMAPURI,NERELLA,NAGARAM,2,COMMERCIAL,15,14,482.0,21.25
JAGITYAL,JAGITYAL,DHARMAPURI,NERELLA,NARELLA,2,COMMERCIAL,83,78,10937.0,150.371
JAGITYAL,JAGITYAL,DHARMAPURI,NERELLA,RAMAYYAPALLY,2,COMMERCIAL,20,17,989.0,21.87
JAGITYAL,JAGITYAL,Jagitial Rural,SARANGAPUR,NAYAKAPU GUDEM,2,COMMERCIAL,2,2,67.0,2.0
JAGITYAL,JAGITYAL,Jagitial Rural,SARANGAPUR,ODDERA COLONY,2,COMMERCIAL,2,2,61.0,3.625
JAGITYAL,JAGITYAL,Jagitial Rural,SARANGAPUR,PEMBETLA,2,COMMERCIAL,64,59,10880.0,147.8
JAGITYAL,JAGITYAL,Jagitial Rural,SARANGAPUR,POCHAMPET,2,COMMERCIAL,4,4,152.0,4.315
JAGITYAL,JAGITYAL,Jagitial Rural,SARANGAPUR,POTHARAM II,2,COMMERCIAL,33,30,3861.0,44.075
JAGITYAL,JAGITYAL,Jagitial Rural,SARANGAPUR,RANGAPET,2,COMMERCIAL,30,27,3558.0,58.59
JAGITYAL,JAGITYAL,Jagitial Rural,SARANGAPUR,RECHAPALLY,2,COMMERCIAL,116,106,9865.0,163.133
JANGAON,JANGAON,JANGAON,BACHANNAPET,Vsr nagar,2,COMMERCIAL,16,16,937.0,22.4
JANGAON,JANGAON,JANGAON,JANGAON (R),ADVIKESHAVAPUR,2,COMMERCIAL,14,13,3105.0,17.77
JANGAON,JANGAON,JANGAON,JANGAON (R),CHEETAKODURU,2,COMMERCIAL,37,32,2702.0,99.12
JANGAON,JANGAON,JANGAON,JANGAON (R),CHODARAM,2,COMMERCIAL,25,20,2033.0,42.82
JANGAON,JANGAON,JANGAON,JANGAON (R),ERRAGOLLAPAHAD,2,COMMERCIAL,39,36,5237.0,73.665
JANGAON,JANGAON,JANGAON,JANGAON (R),GANUGAPAHAD,2,COMMERCIAL,66,63,6763.0,133.45
KAMAREDDY,BANSWADA,BANSWADA,NASRULLABAD,ANKULE VILLAGE,2,COMMERCIAL,11,11,3860.0,30.26
KAMAREDDY,BANSWADA,BANSWADA,NASRULLABAD,BASWAIPALLY,2,COMMERCIAL,2,2,110.0,3.0
KAMAREDDY,BANSWADA,BANSWADA,NASRULLABAD,BOPPASPALLY,2,COMMERCIAL,6,5,192.0,9.5
KAMAREDDY,BANSWADA,BANSWADA,NASRULLABAD,BUMMANDEVAPALLI,2,COMMERCIAL,32,30,3001.0,50.425
KAMAREDDY,BANSWADA,BANSWADA,NASRULLABAD,DURKI,2,COMMERCIAL,114,104,12170.0,185.71
KAMAREDDY,BANSWADA,BANSWADA,NASRULLABAD,HAJIPUR,2,COMMERCIAL,11,10,186.0,12.0
KAMAREDDY,BANSWADA,BANSWADA,NASRULLABAD,KAMASHETPALLY,2,COMMERCIAL,4,3,54.0,3.5
KAMAREDDY,BANSWADA,BANSWADA,NASRULLABAD,MAILARAM,2,COMMERCIAL,29,26,1838.0,59.32
KAMAREDDY,BANSWADA,BANSWADA,NASRULLABAD,MIRZAPUR,2,COMMERCIAL,37,28,2901.0,55.597
KAMAREDDY,BANSWADA,PITLAM,PITLAM,HASANAPUR,2,COMMERCIAL,5,4,283.0,7.0
KAMAREDDY,BANSWADA,PITLAM,PITLAM,KAMBAPUR,2,COMMERCIAL,11,10,1072.0,21.948
KAMAREDDY,BANSWADA,PITLAM,PITLAM,KAREGAON,2,COMMERCIAL,19,18,863.0,21.26
KAMAREDDY,BANSWADA,PITLAM,PITLAM,KISTAPUR M,2,COMMERCIAL,9,7,684.0,10.52
KAMAREDDY,BANSWADA,PITLAM,PITLAM,KORAPALLY,2,COMMERCIAL,1,0,0.0,2.0
KAMAREDDY,BANSWADA,PITLAM,PITLAM,KURTHI,2,COMMERCIAL,13,11,178.0,13.858
KAMAREDDY,BANSWADA,PITLAM,PITLAM,MADDAL CHERU,2,COMMERCIAL,38,25,4165.0,71.74
KAMAREDDY,BANSWADA,PITLAM,PITLAM,MARDANDA,2,COMMERCIAL,4,3,54.0,4.505
KAMAREDDY,BANSWADA,PITLAM,PITLAM,NAGAMPALLY,2,COMMERCIAL,1,1,11.0,1.0
KAMAREDDY,BANSWADA,PITLAM,PITLAM,PEDDA RAMPUR,2,COMMERCIAL,48,42,1590.0,53.138
KAMAREDDY,BANSWADA,PITLAM,PITLAM,PITLAM,2,COMMERCIAL,1103,1027,107230.0,2067.319
KAMAREDDY,KAMAREDDY,Kamareddy Town,KAMAREDDY TOWN-III,ISLAMPURA COLONY,2,COMMERCIAL,4,4,170.0,6.99
KAMAREDDY,KAMAREDDY,Kamareddy Town,KAMAREDDY TOWN-III,KAMAREDDY TOWN II,2,COMMERCIAL,1451,1003,186491.0,4380.039
KAMAREDDY,KAMAREDDY,Kamareddy Town,KAMAREDDY TOWN-III,NIZAM SAGAR COLONY,2,COMMERCIAL,7,6,2598.0,79.926
KAMAREDDY,KAMAREDDY,Kamareddy Town,KAMAREDDY TOWN-III,VIKAS NAGAR,2,COMMERCIAL,6,6,199.0,16.882
KAMAREDDY,KAMAREDDY,Kamareddy Town,KAMAREDDY(R),ADLOOR,2,COMMERCIAL,249,211,33946.0,913.313
KAMAREDDY,KAMAREDDY,Kamareddy Town,KAMAREDDY(R),CHINNAMALLAREDDY,2,COMMERCIAL,186,145,29365.0,441.839
KAMAREDDY,KAMAREDDY,Kamareddy Town,KAMAREDDY(R),ELCHIPOOR,2,COMMERCIAL,37,27,2560.0,102.768
KAMAREDDY,KAMAREDDY,Kamareddy Town,KAMAREDDY(R),GARGUL,2,COMMERCIAL,57,48,5731.0,97.45
KAMAREDDY,KAMAREDDY,Kamareddy Town,KAMAREDDY(R),GUDEM,2,COMMERCIAL,14,13,2607.0,27.33
KAMAREDDY,KAMAREDDY,Kamareddy Town,KAMAREDDY(R),ISSROJIWADI,2,COMMERCIAL,17,15,2222.0,31.802
KAMAREDDY,YELLAREDDY,YELLAREDDY,YELLAREDDY,KOTTAPALLY,2,COMMERCIAL,2,2,82.0,3.97
KAMAREDDY,YELLAREDDY,YELLAREDDY,YELLAREDDY,Kalyani,2,COMMERCIAL,6,5,1364.0,17.782
KAMAREDDY,YELLAREDDY,YELLAREDDY,YELLAREDDY,LAXMAPOOR,2,COMMERCIAL,16,14,6378.0,46.994
KAMAREDDY,YELLAREDDY,YELLAREDDY,YELLAREDDY,LINGAREDDIPET,2,COMMERCIAL,52,38,645.0,53.371
KAMAREDDY,YELLAREDDY,YELLAREDDY,YELLAREDDY,MALLAIPALLY,2,COMMERCIAL,6,4,275.0,28.96
KAMAREDDY,YELLAREDDY,YELLAREDDY,YELLAREDDY,MATHMAL,2,COMMERCIAL,17,15,1239.0,28.675
KAMAREDDY,YELLAREDDY,YELLAREDDY,YELLAREDDY,MEESANPALLI,2,COMMERCIAL,7,6,253.0,9.726
KAMAREDDY,YELLAREDDY,YELLAREDDY,YELLAREDDY,MOULANKHED,2,COMMERCIAL,1,0,0.0,0.982
KARIMNAGAR,HUZURABAD,JAMMIKUNTA,JAMMIKUNTA RURALWEST,VAGODDU RAMANNAPALLY,2,COMMERCIAL,9,8,721.0,11.83
KARIMNAGAR,HUZURABAD,JAMMIKUNTA,JAMMIKUNTA RURALWEST,VANTHADUPULA,2,COMMERCIAL,7,7,453.0,9.54
KARIMNAGAR,HUZURABAD,JAMMIKUNTA,JAMMIKUNTA TOWN,AMBEDKAR COLONY ,2,COMMERCIAL,9,8,152.0,13.0
KARIMNAGAR,HUZURABAD,JAMMIKUNTA,JAMMIKUNTA TOWN,AUTO NAGAR,2,COMMERCIAL,1,1,0.0,35.0
KARIMNAGAR,HUZURABAD,JAMMIKUNTA,JAMMIKUNTA TOWN,BUSSTAND & MEDARIWADA,2,COMMERCIAL,355,349,23412.0,503.24
KARIMNAGAR,HUZURABAD,JAMMIKUNTA,JAMMIKUNTA TOWN,DEGREE COLLEGE,2,COMMERCIAL,149,145,14216.0,326.154
KARIMNAGAR,HUZURABAD,JAMMIKUNTA,JAMMIKUNTA TOWN,DURGA COLONY,2,COMMERCIAL,33,33,8518.0,73.376
KARIMNAGAR,HUZURABAD,JAMMIKUNTA,JAMMIKUNTA TOWN,EMPLOYEES COLONY,2,COMMERCIAL,69,65,10758.0,160.92
KARIMNAGAR,HUZURABAD,JAMMIKUNTA,JAMMIKUNTA TOWN,FCI ROAD CHURCH ,2,COMMERCIAL,98,92,10879.0,279.75
KARIMNAGAR,HUZURABAD,JAMMIKUNTA,JAMMIKUNTA TOWN,FUSE OF CALL,2,COMMERCIAL,254,246,42464.0,770.111
KARIMNAGAR,HUZURABAD,JAMMIKUNTA,JAMMIKUNTA TOWN,GANESHNAGAR COLONY,2,COMMERCIAL,80,77,12449.0,245.47
KARIMNAGAR,KARIMNAGAR,Karimnagar Town,KRN TOWN 3,CHAITANYAPURI COLONY,2,COMMERCIAL,309,274,73573.0,1491.733
KARIMNAGAR,KARIMNAGAR,Karimnagar Town,KRN TOWN 3,CHRISTIAN COLONY,2,COMMERCIAL,493,457,205287.0,3418.524
KARIMNAGAR,KARIMNAGAR,Karimnagar Town,KRN TOWN 3,COURT,2,COMMERCIAL,121,93,23496.0,699.96
KARIMNAGAR,KARIMNAGAR,Karimnagar Town,KRN TOWN 3,GUNDU HANUMAN TEMPLE,2,COMMERCIAL,187,182,54450.0,761.63
KARIMNAGAR,KARIMNAGAR,Karimnagar Town,KRN TOWN 3,HINDUPURI COLONY,2,COMMERCIAL,66,58,17559.0,243.51
KARIMNAGAR,KARIMNAGAR,Karimnagar Town,KRN TOWN 3,JYOTHI NAGAR,2,COMMERCIAL,472,445,94390.0,1592.457
KARIMNAGAR,KARIMNAGAR,Karimnagar Town,KRN TOWN 3,MEHER NAGAR,2,COMMERCIAL,229,203,43638.0,936.146
KARIMNAGAR,KARIMNAGAR,Karimnagar Town,KRN TOWN 3,RAMALAYAM,2,COMMERCIAL,469,435,155421.0,2668.808
KARIMNAGAR,KARIMNAGAR,Karimnagar Town,KRN TOWN 3,REDDY FUCTION HALL,2,COMMERCIAL,180,162,39570.0,775.752
KHAMMAM,KHAMMAM,RAGUNADAPALEM,MANCHUKONDA,V.R.BANJARA,2,COMMERCIAL,6,3,373.0,3.73
KHAMMAM,KHAMMAM,RAGUNADAPALEM,MANCHUKONDA,ZINKALA THANDA,2,COMMERCIAL,7,6,42.0,10.0
KHAMMAM,KHAMMAM,RAGUNADAPALEM,RAGUNADAPALEM,CHERUVUKOMMU THANDA,2,COMMERCIAL,7,4,2900.0,24.0
KHAMMAM,KHAMMAM,RAGUNADAPALEM,RAGUNADAPALEM,CHINTAGURTHI,2,COMMERCIAL,39,35,7319.0,98.78
KHAMMAM,KHAMMAM RURAL,MUDIGONDA,PAMMY,VALLAPURAM,2,COMMERCIAL,25,21,3298.0,31.89
KHAMMAM,KHAMMAM RURAL,YEDULAPURAM,AREMPULA,AREKODU,2,COMMERCIAL,21,14,7662.0,39.092
KHAMMAM,KHAMMAM RURAL,YEDULAPURAM,AREMPULA,AREKODU THANDA,2,COMMERCIAL,8,8,686.0,14.4
KHAMMAM,KHAMMAM RURAL,YEDULAPURAM,AREMPULA,AREMPALA    ,2,COMMERCIAL,88,73,10204.0,271.566
KHAMMAM,KHAMMAM RURAL,YEDULAPURAM,AREMPULA,BARUGUDEM,2,COMMERCIAL,15,15,2284.0,40.1
KHAMMAM,KHAMMAM RURAL,YEDULAPURAM,AREMPULA,CHINTAPALLY,2,COMMERCIAL,18,15,992.0,26.45
KHAMMAM,KHAMMAM RURAL,YEDULAPURAM,AREMPULA,GOLLAGUDEM,2,COMMERCIAL,66,60,4028.0,135.78
KHAMMAM,KHAMMAM RURAL,YEDULAPURAM,AREMPULA,KONDAPURAM,2,COMMERCIAL,37,29,3971.0,77.1
KHAMMAM,KHAMMAM RURAL,YEDULAPURAM,AREMPULA,MUTHAGUDEM  ,2,COMMERCIAL,67,52,2357.0,120.94
KHAMMAM,SATHUPALLY,SATHUPALLY,SATHUPALLY,SADASIVANIPALEM,2,COMMERCIAL,32,29,2603.0,61.48
KHAMMAM,SATHUPALLY,SATHUPALLY,SATHUPALLY,SATHUPALLY,2,COMMERCIAL,2983,2705,469187.0,8501.358
KHAMMAM,SATHUPALLY,SATHUPALLY,SATHUPALLY,SIDDARAM,2,COMMERCIAL,34,29,1181.0,47.24
KHAMMAM,SATHUPALLY,SATHUPALLY,SATHUPALLY RURAL,BAITHUPALLY,2,COMMERCIAL,77,63,9205.0,139.72
KHAMMAM,SATHUPALLY,SATHUPALLY,SATHUPALLY RURAL,BUGGAPADU,2,COMMERCIAL,97,90,10783.0,185.08
KHAMMAM,SATHUPALLY,SATHUPALLY,SATHUPALLY RURAL,CHANDRAMPALEM,2,COMMERCIAL,1,1,0.0,3.0
KHAMMAM,SATHUPALLY,SATHUPALLY,SATHUPALLY RURAL,GANGARAM,2,COMMERCIAL,331,282,49594.0,771.234
KHAMMAM,SATHUPALLY,SATHUPALLY,SATHUPALLY RURAL,KAKARLAPALLY,2,COMMERCIAL,122,112,12332.0,200.888
KHAMMAM,SATHUPALLY,SATHUPALLY,SATHUPALLY RURAL,KISTAPURAM,2,COMMERCIAL,50,45,2856.0,90.073
JAGITYAL,JAGITYAL,DHARMAPURI,DHARMAPURI,EDAPALLY,2,COMMERCIAL,6,5,104.0,6.0
JAGITYAL,JAGITYAL,DHARMAPURI,DHARMAPURI,GADEPALLI,2,COMMERCIAL,13,11,272.0,10.69
JAGITYAL,JAGITYAL,DHARMAPURI,DHARMAPURI,JAINA,2,COMMERCIAL,73,71,8758.0,108.885
JAGITYAL,JAGITYAL,DHARMAPURI,DHARMAPURI,KORANDLAPALLY,2,COMMERCIAL,3,2,1.0,3.2
JAGITYAL,JAGITYAL,DHARMAPURI,DHARMAPURI,KOSUNOORPALLY,2,COMMERCIAL,3,3,119.0,7.0
JAGITYAL,JAGITYAL,DHARMAPURI,DHARMAPURI,MOGGIDI YEDAPALLY,2,COMMERCIAL,13,13,537.0,28.755
JAGITYAL,JAGITYAL,DHARMAPURI,DHARMAPURI,NARSAIAHPALLY,2,COMMERCIAL,12,11,488.0,19.7
JAGITYAL,JAGITYAL,DHARMAPURI,DHARMAPURI,PEDDA NUKKALAPET,2,COMMERCIAL,56,55,4605.0,94.635
JAGITYAL,JAGITYAL,DHARMAPURI,DHARMAPURI,RAJAVARAM,2,COMMERCIAL,54,50,7973.0,80.225
JAGITYAL,JAGITYAL,DHARMAPURI,DHARMAPURI,THIGALADHARMARAM,2,COMMERCIAL,19,19,6230.0,33.63
JAGITYAL,JAGITYAL,DHARMAPURI,NERELLA,BEERSANI,2,COMMERCIAL,10,9,428.0,10.594
JAGITYAL,JAGITYAL,Jagitial Rural,SARANGAPUR,BATTAPALLY,2,COMMERCIAL,9,9,149.0,9.0
JAGITYAL,JAGITYAL,Jagitial Rural,SARANGAPUR,BHEEMAREDDY GUDEM,2,COMMERCIAL,1,1,0.0,1.0
JAGITYAL,JAGITYAL,Jagitial Rural,SARANGAPUR,DHARMANAYAK THANDA,2,COMMERCIAL,12,12,595.0,21.0
JAGITYAL,JAGITYAL,Jagitial Rural,SARANGAPUR,KONAPOOR,2,COMMERCIAL,51,49,2615.0,71.45
JAGITYAL,JAGITYAL,Jagitial Rural,SARANGAPUR,LACHAKKAPET,2,COMMERCIAL,23,18,1010.0,27.155
JAGITYAL,JAGITYAL,Jagitial Rural,SARANGAPUR,LACHANAYAK THANDA,2,COMMERCIAL,5,4,76.0,5.0
JAGITYAL,JAGITYAL,Jagitial Rural,SARANGAPUR,LAXMIDEVIPALLY,2,COMMERCIAL,48,38,2766.0,66.819
JAGITYAL,JAGITYAL,Jagitial Rural,SARANGAPUR,MYADARAM THANDA,2,COMMERCIAL,2,2,29.0,3.76
JAGITYAL,JAGITYAL,Jagitial Rural,SARANGAPUR,NAGUNUR,2,COMMERCIAL,17,11,2403.0,34.78
JAGITYAL,METPALLY,KORUTLA RURAL,AMBARIPET,IPPAPALLY,2,COMMERCIAL,34,32,3077.0,95.84
JAGITYAL,METPALLY,KORUTLA RURAL,AMBARIPET,KALIKOTA,2,COMMERCIAL,32,30,1470.0,40.995
JAGITYAL,METPALLY,KORUTLA RURAL,AMBARIPET,POSANIPET,2,COMMERCIAL,40,37,2062.0,42.34
JAGITYAL,METPALLY,KORUTLA RURAL,AMBARIPET,POTHARAM,2,COMMERCIAL,32,29,4767.0,68.18
JAGITYAL,METPALLY,KORUTLA RURAL,AMBARIPET,THANDRIAL,2,COMMERCIAL,131,119,12328.0,262.455
JAGITYAL,METPALLY,KORUTLA RURAL,AMBARIPET,THURTHI,2,COMMERCIAL,13,12,1303.0,21.4
JAGITYAL,METPALLY,KORUTLA RURAL,KATHALAPOOR,BHUSHANRAOPET,2,COMMERCIAL,105,87,8158.0,136.275
JAGITYAL,METPALLY,KORUTLA RURAL,KATHALAPOOR,BOMMENA,2,COMMERCIAL,55,50,7829.0,76.35
JAGITYAL,METPALLY,KORUTLA RURAL,KATHALAPOOR,CHINTHAKUNTA,2,COMMERCIAL,75,69,5970.0,129.863
JANGAON,GHANPUR,GHANPUR,SIVUNIPALLY,RANGARAIGUDEM,2,COMMERCIAL,9,9,402.0,14.43
JANGAON,GHANPUR,GHANPUR,SIVUNIPALLY,ROINI GUDEM,2,COMMERCIAL,2,1,33.0,2.0
JANGAON,GHANPUR,GHANPUR,SIVUNIPALLY,SAMUDARALA,2,COMMERCIAL,50,42,5848.0,94.196
JANGAON,GHANPUR,GHANPUR,SIVUNIPALLY,SHIVUNIPALLY (H),2,COMMERCIAL,495,406,39369.0,1076.089
JANGAON,GHANPUR,GHANPUR,SIVUNIPALLY,THANDERPALLY,2,COMMERCIAL,37,36,1828.0,36.33
JANGAON,GHANPUR,GHANPUR,SIVUNIPALLY,VISHWANTHPUR,2,COMMERCIAL,24,21,1529.0,52.42
JANGAON,GHANPUR,GHANPUR,ZAFARGADH,AB THANDA,2,COMMERCIAL,4,3,34.0,14.0
JANGAON,GHANPUR,GHANPUR,ZAFARGADH,DURGYATHANDA,2,COMMERCIAL,1,1,0.0,1.0
JANGAON,GHANPUR,GHANPUR,ZAFARGADH,HIMMATHNAGAR H/O ZFG,2,COMMERCIAL,27,21,874.0,38.27
JANGAON,JANGAON,JANGAON,BACHANNAPET,LAXMAPUR,2,COMMERCIAL,5,4,552.0,5.5
JANGAON,JANGAON,JANGAON,BACHANNAPET,NARAYANPUR,2,COMMERCIAL,33,26,1192.0,41.53
JANGAON,JANGAON,JANGAON,BACHANNAPET,POCHANNAPET,2,COMMERCIAL,80,64,9254.0,168.29
JANGAON,JANGAON,JANGAON,BACHANNAPET,TAMADA PALLI,2,COMMERCIAL,30,25,728.0,37.25
KAMAREDDY,KAMAREDDY,Kamareddy Town,KAMAREDDY TOWN-I,KAMAREDDY TOWN I,2,COMMERCIAL,1,0,0.0,2.0
KAMAREDDY,KAMAREDDY,Kamareddy Town,KAMAREDDY TOWN-II,A2,2,COMMERCIAL,897,833,149387.0,2857.821
KAMAREDDY,KAMAREDDY,Kamareddy Town,KAMAREDDY TOWN-II,A3,2,COMMERCIAL,563,493,93743.0,1601.335
KAMAREDDY,KAMAREDDY,Kamareddy Town,KAMAREDDY TOWN-II,A4,2,COMMERCIAL,407,373,73095.0,1467.163
KAMAREDDY,KAMAREDDY,Kamareddy Town,KAMAREDDY TOWN-II,A9,2,COMMERCIAL,483,438,96400.0,1784.533
KAMAREDDY,KAMAREDDY,Kamareddy Town,KAMAREDDY TOWN-II,VERABADHRA COLONY,2,COMMERCIAL,1,1,0.0,2.0
KAMAREDDY,KAMAREDDY,Kamareddy Town,KAMAREDDY TOWN-III,A8,2,COMMERCIAL,342,304,36767.0,626.973
KAMAREDDY,KAMAREDDY,Kamareddy Town,KAMAREDDY TOWN-III,DEVANPALLY (A),2,COMMERCIAL,600,538,59216.0,1555.433
KAMAREDDY,KAMAREDDY,Kamareddy Town,KAMAREDDY TOWN-III,DEVI VIHAR,2,COMMERCIAL,3,3,1556.0,31.852
KAMAREDDY,KAMAREDDY,Kamareddy Town,KAMAREDDY TOWN-III,GAYATHRI NAGAR COLONY,2,COMMERCIAL,1,1,71.0,1.852
KAMAREDDY,KAMAREDDY,Kamareddy Town,KAMAREDDY TOWN-III,GOLLAWADA,2,COMMERCIAL,3,3,21.0,5.9
KAMAREDDY,KAMAREDDY,Kamareddy Town,KAMAREDDY TOWN-III,HOUSING BOARD COLONY,2,COMMERCIAL,14,14,3341.0,65.625
KAMAREDDY,YELLAREDDY,YELLAREDDY,YELLAREDDY,ALMAJIPOOR,2,COMMERCIAL,6,5,103.0,8.84
KAMAREDDY,YELLAREDDY,YELLAREDDY,YELLAREDDY,ANNASAGAR,2,COMMERCIAL,16,9,3004.0,48.084
KAMAREDDY,YELLAREDDY,YELLAREDDY,YELLAREDDY,AZMABAD,2,COMMERCIAL,10,8,143.0,9.389
KAMAREDDY,YELLAREDDY,YELLAREDDY,YELLAREDDY,BHIKNOOR,2,COMMERCIAL,14,11,4652.0,25.019
KAMAREDDY,YELLAREDDY,YELLAREDDY,YELLAREDDY,BRAHAMANPALLI,2,COMMERCIAL,2,2,1231.0,11.0
KAMAREDDY,YELLAREDDY,YELLAREDDY,YELLAREDDY,DALMALKAPALLY,2,COMMERCIAL,1,1,0.0,1.24
KAMAREDDY,YELLAREDDY,YELLAREDDY,YELLAREDDY,DEVANPALLI,2,COMMERCIAL,18,10,3507.0,56.864
KAMAREDDY,YELLAREDDY,YELLAREDDY,YELLAREDDY,GANDHIMASANIPET,2,COMMERCIAL,33,25,1971.0,78.081
KAMAREDDY,YELLAREDDY,YELLAREDDY,YELLAREDDY,HAJIPOOR,2,COMMERCIAL,4,3,119.0,2.912
KAMAREDDY,YELLAREDDY,YELLAREDDY,YELLAREDDY,JANGAMIPALLI,2,COMMERCIAL,6,3,4183.0,18.812
KARIMNAGAR,HUZURABAD,JAMMIKUNTA,JAMMIKUNTA RURALWEST,MALLANNA PALLY,2,COMMERCIAL,6,6,1719.0,10.0
KARIMNAGAR,HUZURABAD,JAMMIKUNTA,JAMMIKUNTA RURALWEST,MALLIAL,2,COMMERCIAL,67,63,7591.0,118.52
KARIMNAGAR,HUZURABAD,JAMMIKUNTA,JAMMIKUNTA RURALWEST,MARRIVANIPALLY(SIRSE,2,COMMERCIAL,9,8,273.0,10.667
KARIMNAGAR,HUZURABAD,JAMMIKUNTA,JAMMIKUNTA RURALWEST,PATHARLAPALLY,2,COMMERCIAL,6,6,816.0,11.0
KARIMNAGAR,HUZURABAD,JAMMIKUNTA,JAMMIKUNTA RURALWEST,RACHAPALLY,2,COMMERCIAL,57,51,3317.0,96.98
KARIMNAGAR,HUZURABAD,JAMMIKUNTA,JAMMIKUNTA RURALWEST,SEETAMPET (BUJUNOOR),2,COMMERCIAL,46,43,2252.0,69.456
KARIMNAGAR,HUZURABAD,JAMMIKUNTA,JAMMIKUNTA RURALWEST,SIRASEDU,2,COMMERCIAL,103,95,9803.0,157.541
KARIMNAGAR,HUZURABAD,JAMMIKUNTA,JAMMIKUNTA RURALWEST,SRIRAMULAPALLY(EKUNT,2,COMMERCIAL,18,18,820.0,26.94
KARIMNAGAR,HUZURABAD,JAMMIKUNTA,JAMMIKUNTA RURALWEST,THEKURTHY,2,COMMERCIAL,27,25,3819.0,51.51
KARIMNAGAR,KARIMNAGAR,Karimnagar Town,KRN TOWN 1,DOCTOR STREET,2,COMMERCIAL,1182,1020,314465.0,5431.375
KARIMNAGAR,KARIMNAGAR,Karimnagar Town,KRN TOWN 1,DURGAMMA GADDA,2,COMMERCIAL,293,283,25997.0,717.46
KARIMNAGAR,KARIMNAGAR,Karimnagar Town,KRN TOWN 1,GANDHI ROAD,2,COMMERCIAL,790,740,104728.0,2091.166
KARIMNAGAR,KARIMNAGAR,Karimnagar Town,KRN TOWN 1,HUSSAINI PURA,2,COMMERCIAL,374,371,33011.0,768.962
KARIMNAGAR,KARIMNAGAR,Karimnagar Town,KRN TOWN 1,KHANPURA,2,COMMERCIAL,274,262,54137.0,791.242
KARIMNAGAR,KARIMNAGAR,Karimnagar Town,KRN TOWN 1,SAINAGAR DFO,2,COMMERCIAL,466,447,67410.0,1198.302
KARIMNAGAR,KARIMNAGAR,Karimnagar Town,KRN TOWN 1,SHIVAJI NAGAR,2,COMMERCIAL,444,396,86899.0,1953.01
KARIMNAGAR,KARIMNAGAR,Karimnagar Town,KRN TOWN 1,SUBHASHNAGAR,2,COMMERCIAL,331,308,66399.0,1529.332
KARIMNAGAR,KARIMNAGAR,Karimnagar Town,KRN TOWN 3,A CIRCLE,2,COMMERCIAL,2,1,1484.0,79.0
KARIMNAGAR,KARIMNAGAR,Karimnagar Town,KRN TOWN 3,BANK COLONY,2,COMMERCIAL,191,176,58357.0,883.216
KARIMNAGAR,KARIMNAGAR RURAL,Gangadhara,GUNDI,PANDIKUNTAPALLY H/O.,2,COMMERCIAL,7,7,205.0,6.34
KARIMNAGAR,KARIMNAGAR RURAL,Gangadhara,GUNDI,RAMACHANDRAPUR H/o C,2,COMMERCIAL,20,16,680.0,35.0
KARIMNAGAR,KARIMNAGAR RURAL,Gangadhara,GUNDI,RAMADUGU,2,COMMERCIAL,256,233,23558.0,459.738
KARIMNAGAR,KARIMNAGAR RURAL,Gangadhara,GUNDI,RUDRAVARAM,2,COMMERCIAL,55,45,8277.0,78.64
KARIMNAGAR,KARIMNAGAR RURAL,Gangadhara,GUNDI,SHANAGAR,2,COMMERCIAL,53,46,4398.0,141.26
KARIMNAGAR,KARIMNAGAR RURAL,Gangadhara,GUNDI,SREERAMULAPALLY,2,COMMERCIAL,7,6,355.0,9.24
KARIMNAGAR,KARIMNAGAR RURAL,Gangadhara,GUNDI,TIRMALAPOOR,2,COMMERCIAL,28,21,4470.0,61.68
KARIMNAGAR,KARIMNAGAR RURAL,Gangadhara,GUNDI,VANNARAM,2,COMMERCIAL,49,47,3616.0,74.84
KARIMNAGAR,KARIMNAGAR RURAL,Gangadhara,GUNDI,VEDIRA,2,COMMERCIAL,136,124,24506.0,347.3
KHAMMAM,KHAMMAM,KOTHALINGALA,KAREPALLY,GIDDAVARI GUDEM-KAR,2,COMMERCIAL,17,14,428.0,18.7
KHAMMAM,KHAMMAM,KOTHALINGALA,KAREPALLY,GOVINDU THANDA - KA,2,COMMERCIAL,6,5,215.0,6.22
KHAMMAM,KHAMMAM,KOTHALINGALA,KAREPALLY,GUMPELLAGUDEM-KAR,2,COMMERCIAL,15,11,165.0,16.74
KHAMMAM,KHAMMAM,KOTHALINGALA,KAREPALLY,HOLIYA THANDA - KAR,2,COMMERCIAL,8,6,7767.0,32.0
KHAMMAM,KHAMMAM,KOTHALINGALA,KAREPALLY,K KAMALA PURAM-KAR,2,COMMERCIAL,12,10,697.0,15.56
KHAMMAM,KHAMMAM,KOTHALINGALA,KAREPALLY,KAREPALLI,2,COMMERCIAL,492,431,41996.0,817.8
KHAMMAM,KHAMMAM,KOTHALINGALA,KAREPALLY,KOTHA THANDA-KAR,2,COMMERCIAL,10,7,1202.0,16.79
KHAMMAM,KHAMMAM,KOTHALINGALA,KAREPALLY,MADHARAM-KAR,2,COMMERCIAL,53,42,6487.0,72.08
KHAMMAM,KHAMMAM,KOTHALINGALA,KAREPALLY,MALLANNA GUDEM - KAR,2,COMMERCIAL,1,1,3.0,1.0
KHAMMAM,KHAMMAM,RAGUNADAPALEM,MANCHUKONDA,PERIKALABODU THANDA,2,COMMERCIAL,3,2,127.0,5.1
KHAMMAM,KHAMMAM,RAGUNADAPALEM,MANCHUKONDA,PUTANI THANDA,2,COMMERCIAL,4,4,20.0,12.0
KHAMMAM,KHAMMAM,RAGUNADAPALEM,MANCHUKONDA,RAJABELLI NAGAR,2,COMMERCIAL,1,1,53.0,1.0
KHAMMAM,KHAMMAM,RAGUNADAPALEM,MANCHUKONDA,RAMKYA THANDA,2,COMMERCIAL,24,20,1339.0,41.49
KHAMMAM,KHAMMAM,RAGUNADAPALEM,MANCHUKONDA,RAMULU  THANDA,2,COMMERCIAL,4,3,109.0,9.55
JAGITYAL,JAGITYAL,DHARMAPURI,DHARMAPURI,DONOOR,2,COMMERCIAL,42,40,5148.0,85.79
JAGITYAL,JAGITYAL,DHARMAPURI,DHARMAPURI,DONTAPOOR,2,COMMERCIAL,82,78,9193.0,125.5
JAGITYAL,JAGITYAL,DHARMAPURI,DHARMAPURI,DUBBALA GUDEM,2,COMMERCIAL,1,1,89.0,1.0
JAGITYAL,JAGITYAL,Jagitial Rural,RAIKAL,MEHTHAPOOR,2,COMMERCIAL,44,37,3117.0,72.591
JAGITYAL,JAGITYAL,Jagitial Rural,RAIKAL,RAIKAL,2,COMMERCIAL,1482,1370,112164.0,2435.264
JAGITYAL,JAGITYAL,Jagitial Rural,RAIKAL,RAJNAGAR,2,COMMERCIAL,10,9,362.0,14.32
JAGITYAL,JAGITYAL,Jagitial Rural,RAIKAL,RAMOJIPET,2,COMMERCIAL,60,49,4698.0,84.845
JAGITYAL,JAGITYAL,Jagitial Rural,RAIKAL,SINGARAOPET,2,COMMERCIAL,20,19,873.0,38.44
JAGITYAL,JAGITYAL,Jagitial Rural,RAIKAL,Sriramnagar,2,COMMERCIAL,4,4,194.0,6.0
JAGITYAL,JAGITYAL,Jagitial Rural,RAIKAL,UPPUMADUGU,2,COMMERCIAL,14,11,896.0,26.56
JAGITYAL,JAGITYAL,Jagitial Rural,RAIKAL,VEERAPUR,2,COMMERCIAL,25,24,759.0,27.561
JAGITYAL,JAGITYAL,Jagitial Rural,SARANGAPUR,ARPAPALLY,2,COMMERCIAL,48,41,7044.0,95.125
JAGITYAL,METPALLY,KORUTLA,KORUTLA RURAL,VENKATAPUR,2,COMMERCIAL,48,40,5166.0,85.557
JAGITYAL,METPALLY,KORUTLA,KORUTLA RURAL,YAKEENPUR,2,COMMERCIAL,128,115,12701.0,317.099
JAGITYAL,METPALLY,KORUTLA,KORUTLA RURAL,YUSAFNAGAR,2,COMMERCIAL,57,54,4947.0,91.717
JAGITYAL,METPALLY,KORUTLA,KORUTLA TOWN,KORUTLA,2,COMMERCIAL,2841,2597,298065.0,6117.004
JAGITYAL,METPALLY,KORUTLA,KORUTLA TOWN 2,KORUTLA,2,COMMERCIAL,8,1,715.0,33.89
JAGITYAL,METPALLY,KORUTLA,KORUTLA TOWN 2,KORUTLA TOWN2,2,COMMERCIAL,2402,2119,237075.0,4912.03
JAGITYAL,METPALLY,KORUTLA RURAL,AMBARIPET,AMBARIPET,2,COMMERCIAL,81,77,7521.0,110.62
JAGITYAL,METPALLY,KORUTLA RURAL,AMBARIPET,DUMPET,2,COMMERCIAL,44,37,3803.0,76.055
JAGITYAL,METPALLY,KORUTLA RURAL,AMBARIPET,GAMBEERPUR,2,COMMERCIAL,94,88,9566.0,140.182
JANGAON,GHANPUR,GHANPUR,RAJAVARAM,SEETHATHANDA,2,COMMERCIAL,3,2,95.0,2.18
JANGAON,GHANPUR,GHANPUR,RAJAVARAM,SRIPATHIPALLY,2,COMMERCIAL,42,34,2162.0,61.81
JANGAON,GHANPUR,GHANPUR,RAJAVARAM,Theegala thanda,2,COMMERCIAL,11,11,894.0,10.2
JANGAON,GHANPUR,GHANPUR,RAJAVARAM,VENKATADARIPET,2,COMMERCIAL,47,40,5748.0,78.672
JANGAON,GHANPUR,GHANPUR,RAJAVARAM,Venkateshwarapally,2,COMMERCIAL,14,13,748.0,25.03
JANGAON,GHANPUR,GHANPUR,SIVUNIPALLY,AKKAPALLY GUDEM,2,COMMERCIAL,8,6,314.0,12.0
JANGAON,GHANPUR,GHANPUR,SIVUNIPALLY,Chandru thanda,2,COMMERCIAL,4,4,332.0,12.0
JANGAON,GHANPUR,GHANPUR,SIVUNIPALLY,IPPAGUDEM,2,COMMERCIAL,179,149,17113.0,333.55
JANGAON,GHANPUR,GHANPUR,SIVUNIPALLY,KOMATIGUDEM,2,COMMERCIAL,17,15,3147.0,36.67
JANGAON,GHANPUR,GHANPUR,SIVUNIPALLY,NAMILIKONDA,2,COMMERCIAL,53,44,4599.0,82.9
JANGAON,GHANPUR,GHANPUR,SIVUNIPALLY,PAMNOOR,2,COMMERCIAL,38,32,5007.0,72.309
JANGAON,JANGAON,DEVARUPPALA,SINGARAJPALLE,SINGARAJUPALLI,2,COMMERCIAL,100,93,10572.0,230.98
JANGAON,JANGAON,JANGAON,BACHANNAPET,ALIMPUR,2,COMMERCIAL,25,22,1961.0,55.08
JANGAON,JANGAON,JANGAON,BACHANNAPET,BACHANNAPET (HQ),2,COMMERCIAL,538,443,48978.0,1126.188
JANGAON,JANGAON,JANGAON,BACHANNAPET,BANDA NAGARAM,2,COMMERCIAL,27,25,1170.0,31.756
JANGAON,JANGAON,JANGAON,BACHANNAPET,BASI REDDI PALLI,2,COMMERCIAL,7,6,653.0,10.0
JANGAON,JANGAON,JANGAON,BACHANNAPET,BONAKALLUR,2,COMMERCIAL,4,4,534.0,5.95
JANGAON,JANGAON,JANGAON,BACHANNAPET,CHINA RAMA CHERLA,2,COMMERCIAL,33,28,3820.0,77.05
JANGAON,JANGAON,JANGAON,BACHANNAPET,GOPAL NAGAR,2,COMMERCIAL,36,32,2327.0,76.48
JANGAON,JANGAON,JANGAON,BACHANNAPET,KADAVATUR,2,COMMERCIAL,36,28,5785.0,75.78
JANGAON,JANGAON,JANGAON,BACHANNAPET,KATKUR,2,COMMERCIAL,48,39,5915.0,94.83
JANGAON,JANGAON,JANGAON,BACHANNAPET,KESI REDDI PALLY,2,COMMERCIAL,40,35,3671.0,77.95
KAMAREDDY,BANSWADA,BANSWADA,BIRKUR,CHINCHOLI,2,COMMERCIAL,14,13,519.0,16.74
KAMAREDDY,BANSWADA,BANSWADA,BIRKUR,DAMARANCHA KALA,2,COMMERCIAL,36,32,800.0,48.76
KAMAREDDY,BANSWADA,BANSWADA,BIRKUR,KISTAPOOR J,2,COMMERCIAL,47,35,2844.0,76.39
KAMAREDDY,BANSWADA,BANSWADA,BIRKUR,MALLAPUR,2,COMMERCIAL,4,3,93.0,8.08
KAMAREDDY,BANSWADA,BANSWADA,BIRKUR,PRAKASH RAO CAM,2,COMMERCIAL,1,0,0.0,1.0
KAMAREDDY,BANSWADA,BANSWADA,BIRKUR,RYTHUNAGAR,2,COMMERCIAL,26,25,4866.0,65.5
KAMAREDDY,BANSWADA,BANSWADA,BIRKUR,SAMBAPUR,2,COMMERCIAL,1,0,0.0,1.0
KAMAREDDY,BANSWADA,BANSWADA,BIRKUR,TIMMAPUR,2,COMMERCIAL,39,36,5964.0,83.66
KAMAREDDY,BANSWADA,BANSWADA,BIRKUR,Veerapur,2,COMMERCIAL,25,22,2272.0,27.69
KAMAREDDY,BANSWADA,BANSWADA,NASRULLABAD,ANKOLE CAMP,2,COMMERCIAL,8,7,373.0,13.0
KAMAREDDY,BANSWADA,BANSWADA,NASRULLABAD,ANKOLE TANDA,2,COMMERCIAL,9,9,232.0,14.0
KAMAREDDY,BANSWADA,PITLAM,PITLAM,ANNARAM KALAN,2,COMMERCIAL,16,14,153.0,19.95
KAMAREDDY,BANSWADA,PITLAM,PITLAM,BANDAPALLY,2,COMMERCIAL,12,9,588.0,22.26
KAMAREDDY,BANSWADA,PITLAM,PITLAM,BOLLOKPALLY,2,COMMERCIAL,14,12,555.0,17.638
KAMAREDDY,BANSWADA,PITLAM,PITLAM,BRAMANAPALLI CH,2,COMMERCIAL,4,3,198.0,3.26
KAMAREDDY,BANSWADA,PITLAM,PITLAM,BURMAPUR,2,COMMERCIAL,30,28,725.0,35.238
KAMAREDDY,BANSWADA,PITLAM,PITLAM,CHILLARGI,2,COMMERCIAL,58,50,7007.0,113.33
KAMAREDDY,BANSWADA,PITLAM,PITLAM,CHINNA GOURARAM,2,COMMERCIAL,19,19,4747.0,28.24
KAMAREDDY,BANSWADA,PITLAM,PITLAM,CHINNA KODPAGAL,2,COMMERCIAL,83,60,15413.0,164.034
KAMAREDDY,BANSWADA,PITLAM,PITLAM,DHARMARAM,2,COMMERCIAL,4,4,475.0,7.74
KAMAREDDY,BANSWADA,PITLAM,PITLAM,GODMEGAON,2,COMMERCIAL,21,18,984.0,28.805
KARIMNAGAR,KARIMNAGAR,Karimnagar Rural,MUQUDUMPUR,FAKKER PETA,2,COMMERCIAL,9,5,112.0,10.94
KARIMNAGAR,KARIMNAGAR,Karimnagar Rural,MUQUDUMPUR,IRKULLA,2,COMMERCIAL,51,46,5028.0,130.7
KARIMNAGAR,KARIMNAGAR,Karimnagar Rural,MUQUDUMPUR,JUBLI NAGAR,2,COMMERCIAL,32,28,1462.0,86.87
KARIMNAGAR,KARIMNAGAR,Karimnagar Rural,MUQUDUMPUR,MOQDUMPUR,2,COMMERCIAL,135,120,27975.0,372.17
KARIMNAGAR,KARIMNAGAR,Karimnagar Rural,MUQUDUMPUR,NALLAGUNTAPALLY,2,COMMERCIAL,5,5,395.0,8.26
KARIMNAGAR,KARIMNAGAR,Karimnagar Rural,MUQUDUMPUR,THAHARKONDAPUR,2,COMMERCIAL,11,7,175.0,12.06
KARIMNAGAR,KARIMNAGAR,Karimnagar Town,KRN TOWN 1,AMBEDKARNAGAR,2,COMMERCIAL,369,358,59536.0,1007.198
KARIMNAGAR,KARIMNAGAR,Karimnagar Town,KRN TOWN 1,B CIRCLE,2,COMMERCIAL,22,7,13723.0,277.04
KARIMNAGAR,KARIMNAGAR RURAL,Gangadhara,GUNDI,KARUPAKULA VANIPALLY,2,COMMERCIAL,1,1,410.0,2.0
KARIMNAGAR,KARIMNAGAR RURAL,Gangadhara,GUNDI,KISTAMPALLY H/O.GUND,2,COMMERCIAL,1,1,25.0,1.0
KARIMNAGAR,KARIMNAGAR RURAL,Gangadhara,GUNDI,KISTAPOOR,2,COMMERCIAL,4,4,225.0,6.0
KARIMNAGAR,KARIMNAGAR RURAL,Gangadhara,GUNDI,KOKKARAKUNTA,2,COMMERCIAL,44,43,9798.0,65.08
KARIMNAGAR,KARIMNAGAR RURAL,Gangadhara,GUNDI,KONARAOPET H/O.GUNDI,2,COMMERCIAL,1,0,0.0,1.0
KARIMNAGAR,KARIMNAGAR RURAL,Gangadhara,GUNDI,KORATPALLY,2,COMMERCIAL,16,13,620.0,21.97
KARIMNAGAR,KARIMNAGAR RURAL,Gangadhara,GUNDI,KURMAPALLY H/O.GUNDI,2,COMMERCIAL,3,3,38.0,3.74
KARIMNAGAR,KARIMNAGAR RURAL,Gangadhara,GUNDI,LAXMIPUR,2,COMMERCIAL,25,24,1334.0,33.59
KARIMNAGAR,KARIMNAGAR RURAL,Gangadhara,GUNDI,MOTHEY,2,COMMERCIAL,21,16,330.0,24.38
KHAMMAM,KHAMMAM,KOTHALINGALA,KAREPALLY,BAYYATANDA-KAR,2,COMMERCIAL,3,1,22.0,3.0
KHAMMAM,KHAMMAM,KOTHALINGALA,KAREPALLY,BHAGYANAGAR THANDA-KAR,2,COMMERCIAL,41,23,1598.0,47.29
KHAMMAM,KHAMMAM,KOTHALINGALA,KAREPALLY,BHALLUNAGAR THANDA-KAR,2,COMMERCIAL,4,4,434.0,5.0
KHAMMAM,KHAMMAM,KOTHALINGALA,KAREPALLY,BIKYA THANDA-KAR,2,COMMERCIAL,10,7,133.0,13.72
KHAMMAM,KHAMMAM,KOTHALINGALA,KAREPALLY,BOKKALA THANDA - KAR,2,COMMERCIAL,3,2,37.0,3.0
KHAMMAM,KHAMMAM,KOTHALINGALA,KAREPALLY,CHANDRLAGUDEM-KAR,2,COMMERCIAL,2,1,21.0,2.0
KHAMMAM,KHAMMAM,KOTHALINGALA,KAREPALLY,CHEEMALA TANDA-KAR,2,COMMERCIAL,1,1,9.0,3.0
KHAMMAM,KHAMMAM,KOTHALINGALA,KAREPALLY,CHEEMALAVARI GUDEM-KAR,2,COMMERCIAL,1,1,65.0,2.0
KHAMMAM,KHAMMAM,KOTHALINGALA,KAREPALLY,DUBBA THANDA-KA,2,COMMERCIAL,8,6,264.0,7.16
KHAMMAM,KHAMMAM,KOTHALINGALA,KAREPALLY,GATE POLAMPALLY- KAR,2,COMMERCIAL,11,9,392.0,12.6
KHAMMAM,KHAMMAM,KOTHALINGALA,KAREPALLY,GETU KARE PALLY-KAR,2,COMMERCIAL,30,22,5280.0,55.17
KHAMMAM,KHAMMAM,RAGUNADAPALEM,MANCHUKONDA,K V BANJARA,2,COMMERCIAL,2,2,0.0,1.55
KHAMMAM,KHAMMAM,RAGUNADAPALEM,MANCHUKONDA,KOTAPADU,2,COMMERCIAL,16,14,712.0,28.63
KHAMMAM,KHAMMAM,RAGUNADAPALEM,MANCHUKONDA,MALLEPALLY,2,COMMERCIAL,5,3,42.0,11.55
KHAMMAM,KHAMMAM,RAGUNADAPALEM,MANCHUKONDA,MANCHUKONDA,2,COMMERCIAL,127,103,14139.0,247.0
KHAMMAM,KHAMMAM,RAGUNADAPALEM,MANCHUKONDA,MANGYA THANDA,2,COMMERCIAL,1,1,22.0,1.0
KHAMMAM,KHAMMAM,RAGUNADAPALEM,MANCHUKONDA,MULAGUDEM,2,COMMERCIAL,3,2,38.0,6.55
KHAMMAM,KHAMMAM,RAGUNADAPALEM,MANCHUKONDA,N.V BANZER,2,COMMERCIAL,3,2,99.0,6.0
KHAMMAM,KHAMMAM,RAGUNADAPALEM,MANCHUKONDA,PANGIDI,2,COMMERCIAL,43,37,2026.0,79.14
KHAMMAM,KHAMMAM,RAGUNADAPALEM,MANCHUKONDA,PAPATPALLI,2,COMMERCIAL,90,82,9222.0,177.496
KHAMMAM,KHAMMAM RURAL,MUDIGONDA,PAMMY,CHIRUMARRY,2,COMMERCIAL,47,36,3638.0,79.09
KHAMMAM,KHAMMAM RURAL,MUDIGONDA,PAMMY,GANDHASIRI,2,COMMERCIAL,50,45,8184.0,86.979
KHAMMAM,KHAMMAM RURAL,MUDIGONDA,PAMMY,KAMALAPURAM,2,COMMERCIAL,70,68,7053.0,127.0
KHAMMAM,KHAMMAM RURAL,MUDIGONDA,PAMMY,MALLARAM,2,COMMERCIAL,8,6,152.0,8.2
KHAMMAM,KHAMMAM RURAL,MUDIGONDA,PAMMY,MALLENAPALEM,2,COMMERCIAL,15,9,3263.0,51.38
KHAMMAM,KHAMMAM RURAL,MUDIGONDA,PAMMY,MUTHARAM,2,COMMERCIAL,8,8,432.0,11.0
KHAMMAM,KHAMMAM RURAL,MUDIGONDA,PAMMY,PAMMY,2,COMMERCIAL,44,38,6501.0,87.03
KHAMMAM,KHAMMAM RURAL,MUDIGONDA,PAMMY,PEDAMANDAVA,2,COMMERCIAL,59,50,5454.0,87.96
KHAMMAM,KHAMMAM RURAL,MUDIGONDA,PAMMY,V KISTAPURAM,2,COMMERCIAL,70,62,8968.0,148.56
KHAMMAM,KHAMMAM RURAL,MUDIGONDA,PAMMY,VALLABHI,2,COMMERCIAL,199,173,15709.0,320.95
KHAMMAM,SATHUPALLY,SATHUPALLY,RAYUDUPALEM,RAMMANNAPALEM-A,2,COMMERCIAL,60,56,1662.0,71.53
KHAMMAM,SATHUPALLY,SATHUPALLY,RAYUDUPALEM,S.N.PURAM,2,COMMERCIAL,8,7,223.0,11.2
KHAMMAM,SATHUPALLY,SATHUPALLY,RAYUDUPALEM,Y.S.BANZARA,2,COMMERCIAL,7,7,1424.0,26.2
KHAMMAM,SATHUPALLY,SATHUPALLY,SATHUPALLY,CHERUKUPALLY,2,COMMERCIAL,17,15,750.0,26.72
KHAMMAM,SATHUPALLY,SATHUPALLY,SATHUPALLY,GOWRIGUDEM,2,COMMERCIAL,34,31,3919.0,66.68
KHAMMAM,SATHUPALLY,SATHUPALLY,SATHUPALLY,JAGANNADHAPURAM,2,COMMERCIAL,1,0,0.0,1.0
KHAMMAM,SATHUPALLY,SATHUPALLY,SATHUPALLY,K.REJERLA,2,COMMERCIAL,37,28,7036.0,96.56
KHAMMAM,SATHUPALLY,SATHUPALLY,SATHUPALLY,KISTARAM,2,COMMERCIAL,175,158,23884.0,391.183
KHAMMAM,SATHUPALLY,SATHUPALLY,SATHUPALLY,KOMMEPALLY,2,COMMERCIAL,1,1,0.0,56.0
KHAMMAM,SATHUPALLY,SATHUPALLY,SATHUPALLY,REJERLA,2,COMMERCIAL,94,84,9494.0,141.264
JAGITYAL,JAGITYAL,DHARMAPURI,DHARMAPURI,AREPALLY,2,COMMERCIAL,21,21,657.0,31.005
JAGITYAL,JAGITYAL,DHARMAPURI,DHARMAPURI,BODERA NAKKALA CHERUVU GUDEM,2,COMMERCIAL,1,1,79.0,1.0
JAGITYAL,JAGITYAL,DHARMAPURI,DHARMAPURI,BUDDOJIPALLY,2,COMMERCIAL,14,12,449.0,19.99
JAGITYAL,JAGITYAL,DHARMAPURI,DHARMAPURI,CHINNA NAKKALAPET,2,COMMERCIAL,3,3,120.0,5.0
JAGITYAL,JAGITYAL,DHARMAPURI,DHARMAPURI,DHAMMANAPETA,2,COMMERCIAL,63,61,6770.0,120.01
JAGITYAL,JAGITYAL,DHARMAPURI,DHARMAPURI,DHARMAPURI,2,COMMERCIAL,1147,1055,127899.0,2164.105
JAGITYAL,JAGITYAL,DHARMAPURI,DHARMAPURI,DONKESWARAM,2,COMMERCIAL,3,3,52.0,12.988
JANGAON,GHANPUR,GHANPUR,RAJAVARAM,MALKAPUR,2,COMMERCIAL,168,132,11216.0,241.13
JANGAON,GHANPUR,GHANPUR,RAJAVARAM,NASHKAL - I,2,COMMERCIAL,36,30,3452.0,71.42
JANGAON,GHANPUR,GHANPUR,RAJAVARAM,NASHKAL - II,2,COMMERCIAL,54,46,6647.0,102.23
JANGAON,GHANPUR,GHANPUR,RAJAVARAM,PALLAGUTTA,2,COMMERCIAL,61,54,7611.0,115.73
JANGAON,GHANPUR,GHANPUR,RAJAVARAM,RAJAVARAM,2,COMMERCIAL,63,49,10332.0,149.39
JANGAON,JANGAON,DEVARUPPALA,SINGARAJPALLE,CHOWDUR,2,COMMERCIAL,13,13,473.0,30.46
JANGAON,JANGAON,DEVARUPPALA,SINGARAJPALLE,DHARAVATHU,2,COMMERCIAL,10,10,637.0,18.24
JANGAON,JANGAON,DEVARUPPALA,SINGARAJPALLE,DHARMAGADDA THANDA,2,COMMERCIAL,9,8,601.0,10.63
JANGAON,JANGAON,DEVARUPPALA,SINGARAJPALLE,KOLKONDA,2,COMMERCIAL,86,73,9196.0,173.13
JANGAON,JANGAON,DEVARUPPALA,SINGARAJPALLE,NEERMALA,2,COMMERCIAL,36,34,2593.0,61.26
JANGAON,JANGAON,DEVARUPPALA,SINGARAJPALLE,Nallakunta thanda,2,COMMERCIAL,1,1,20.0,1.0
JANGAON,JANGAON,DEVARUPPALA,SINGARAJPALLE,PEDDAMADUR,2,COMMERCIAL,31,27,5041.0,54.97
JANGAON,JANGAON,DEVARUPPALA,SINGARAJPALLE,RAMACHANDRAPOOR,2,COMMERCIAL,5,5,340.0,8.9
JANGAON,JANGAON,DEVARUPPALA,SINGARAJPALLE,RAMBHOJIGUDEM,2,COMMERCIAL,8,7,159.0,7.02
JANGAON,JANGAON,DEVARUPPALA,SINGARAJPALLE,RAMRAJPALLY,2,COMMERCIAL,19,15,397.0,32.99
KAMAREDDY,BANSWADA,BANSWADA,BANSWADA RURAL,SOMESWAR,2,COMMERCIAL,74,68,26700.0,195.84
KAMAREDDY,BANSWADA,BANSWADA,BANSWADA RURAL,TADKOLE,2,COMMERCIAL,73,54,8756.0,168.676
KAMAREDDY,BANSWADA,BANSWADA,BANSWADA RURAL,THIRUMALAPUR CA,2,COMMERCIAL,62,46,1809.0,74.878
KAMAREDDY,BANSWADA,BANSWADA,BANSWADA RURAL,THIRUMALAPUR VI,2,COMMERCIAL,17,13,3721.0,29.984
KAMAREDDY,BANSWADA,BANSWADA,BIRKUR,ANNARAM KHURD,2,COMMERCIAL,6,6,116.0,8.26
KAMAREDDY,BANSWADA,BANSWADA,BIRKUR,BAIRAPUR,2,COMMERCIAL,33,24,1006.0,32.12
KAMAREDDY,BANSWADA,BANSWADA,BIRKUR,BARANGI EDGI,2,COMMERCIAL,52,42,2538.0,67.791
KAMAREDDY,BANSWADA,BANSWADA,BIRKUR,BIRKUR,2,COMMERCIAL,415,384,30824.0,665.958
KAMAREDDY,BANSWADA,BANSWADA,BIRKUR,Birkur thanda,2,COMMERCIAL,3,2,5.0,7.0
KAMAREDDY,BANSWADA,PITLAM,PEDDA KONDAPGAL,KASLABAD,2,COMMERCIAL,13,10,647.0,19.9
KAMAREDDY,BANSWADA,PITLAM,PEDDA KONDAPGAL,KATEPALLY,2,COMMERCIAL,19,17,1371.0,33.54
KAMAREDDY,BANSWADA,PITLAM,PEDDA KONDAPGAL,LINGAMPALLI,2,COMMERCIAL,7,5,1617.0,19.0
KAMAREDDY,BANSWADA,PITLAM,PEDDA KONDAPGAL,PAREDPALLY,2,COMMERCIAL,2,1,9.0,1.26
KAMAREDDY,BANSWADA,PITLAM,PEDDA KONDAPGAL,POCHARAM,2,COMMERCIAL,8,7,2886.0,17.0
KAMAREDDY,BANSWADA,PITLAM,PEDDA KONDAPGAL,SHIVAPOOR,2,COMMERCIAL,11,10,505.0,16.01
KAMAREDDY,BANSWADA,PITLAM,PEDDA KONDAPGAL,TAKKADPALLI KHU,2,COMMERCIAL,12,10,6161.0,35.24
KAMAREDDY,BANSWADA,PITLAM,PEDDA KONDAPGAL,TUPDAL,2,COMMERCIAL,1,1,10.0,2.0
KAMAREDDY,BANSWADA,PITLAM,PEDDA KONDAPGAL,VITTAL WADI,2,COMMERCIAL,10,7,202.0,21.24
KAMAREDDY,BANSWADA,PITLAM,PEDDA KONDAPGAL,WADLAM,2,COMMERCIAL,15,14,3550.0,30.343
KAMAREDDY,KAMAREDDY,Kamareddy Rural,VELPUGONDA,POTHARAM,2,COMMERCIAL,10,10,330.0,13.804
KAMAREDDY,KAMAREDDY,Kamareddy Rural,VELPUGONDA,RAMESHWARPALLY (B),2,COMMERCIAL,12,10,349.0,16.47
KAMAREDDY,KAMAREDDY,Kamareddy Rural,VELPUGONDA,VELPUGONDA,2,COMMERCIAL,32,23,3189.0,87.3
KAMAREDDY,KAMAREDDY,Kamareddy Rural,VELPUGONDA,WADI,2,COMMERCIAL,6,5,169.0,10.925
KAMAREDDY,KAMAREDDY,Kamareddy Town,KAMAREDDY TOWN-I,A5,2,COMMERCIAL,1016,926,151028.0,2863.059
KAMAREDDY,KAMAREDDY,Kamareddy Town,KAMAREDDY TOWN-I,A6,2,COMMERCIAL,930,854,124826.0,2636.881
KAMAREDDY,KAMAREDDY,Kamareddy Town,KAMAREDDY TOWN-I,A7,2,COMMERCIAL,1816,1729,150669.0,3045.672
KAMAREDDY,KAMAREDDY,Kamareddy Town,KAMAREDDY TOWN-I,GANDHI NAGAR,2,COMMERCIAL,1,1,21.0,1.912
KAMAREDDY,KAMAREDDY,Kamareddy Town,KAMAREDDY TOWN-I,GODHAM ROAD,2,COMMERCIAL,1,1,0.0,2.0
KAMAREDDY,KAMAREDDY,Kamareddy Town,KAMAREDDY TOWN-I,KAMAREDDY TOWN,2,COMMERCIAL,595,20,59744.0,1315.412
KAMAREDDY,YELLAREDDY,YELLAREDDY,NAGIREDDIPET,POCHARAM,2,COMMERCIAL,22,18,6688.0,43.874
KAMAREDDY,YELLAREDDY,YELLAREDDY,NAGIREDDIPET,Palleboguda thanda,2,COMMERCIAL,4,4,56.0,3.708
KAMAREDDY,YELLAREDDY,YELLAREDDY,NAGIREDDIPET,RAGAVAPALLI,2,COMMERCIAL,8,4,652.0,19.73
KAMAREDDY,YELLAREDDY,YELLAREDDY,NAGIREDDIPET,RAMAKKAPALLI,2,COMMERCIAL,4,4,2842.0,19.05
KAMAREDDY,YELLAREDDY,YELLAREDDY,NAGIREDDIPET,TANDOOR,2,COMMERCIAL,69,60,6415.0,130.368
KAMAREDDY,YELLAREDDY,YELLAREDDY,NAGIREDDIPET,VENKAMPALLI,2,COMMERCIAL,3,3,138.0,3.956
KAMAREDDY,YELLAREDDY,YELLAREDDY,NAGIREDDIPET,WADALPARTHI,2,COMMERCIAL,10,7,161.0,16.675
KAMAREDDY,YELLAREDDY,YELLAREDDY,NAGIREDDIPET,WODI,2,COMMERCIAL,6,3,82.0,5.008
KAMAREDDY,YELLAREDDY,YELLAREDDY,NAGIREDDIPET,YERRARAM,2,COMMERCIAL,4,4,1371.0,18.28
KAMAREDDY,YELLAREDDY,YELLAREDDY,YELLAREDDY,ADVILINGAL,2,COMMERCIAL,10,8,511.0,22.844
KARIMNAGAR,HUZURABAD,JAMMIKUNTA,JAMMIKUNTA RURALWEST,AVULARAMAIAHPALLY(T),2,COMMERCIAL,1,1,3.0,0.99
KARIMNAGAR,HUZURABAD,JAMMIKUNTA,JAMMIKUNTA RURALWEST,BOGAMPAD (SIRASED),2,COMMERCIAL,6,6,174.0,6.1
KARIMNAGAR,HUZURABAD,JAMMIKUNTA,JAMMIKUNTA RURALWEST,BUJUNOOR,2,COMMERCIAL,49,45,9015.0,88.75
KARIMNAGAR,HUZURABAD,JAMMIKUNTA,JAMMIKUNTA RURALWEST,CHINNAKOMATIPALLY,2,COMMERCIAL,19,18,951.0,20.65
KARIMNAGAR,HUZURABAD,JAMMIKUNTA,JAMMIKUNTA RURALWEST,ELLANTHAKUNTA,2,COMMERCIAL,116,113,16467.0,244.25
KARIMNAGAR,HUZURABAD,JAMMIKUNTA,JAMMIKUNTA RURALWEST,GADDIVAMIPALLY(TEKUR,2,COMMERCIAL,6,6,349.0,6.767
KARIMNAGAR,HUZURABAD,JAMMIKUNTA,JAMMIKUNTA RURALWEST,KANAGARTHY,2,COMMERCIAL,45,43,3364.0,82.55
KARIMNAGAR,HUZURABAD,JAMMIKUNTA,JAMMIKUNTA RURALWEST,LAKMAJIPALLY,2,COMMERCIAL,18,16,805.0,25.79
KARIMNAGAR,HUZURABAD,JAMMIKUNTA,JAMMIKUNTA RURALWEST,LAXMANAPALLY(EKUNTA),2,COMMERCIAL,44,42,3570.0,54.95
KARIMNAGAR,KARIMNAGAR,Karimnagar Rural,MUQUDUMPUR,ELLABOTHARAM,2,COMMERCIAL,42,36,3289.0,87.4
KHAMMAM,KHAMMAM,RAGUNADAPALEM,MANCHUKONDA,DONABANDA,2,COMMERCIAL,3,1,93.0,4.96
KHAMMAM,KHAMMAM,RAGUNADAPALEM,MANCHUKONDA,EARLAPUDI,2,COMMERCIAL,46,43,8806.0,110.6
KHAMMAM,KHAMMAM,RAGUNADAPALEM,MANCHUKONDA,G.K.BANJARA,2,COMMERCIAL,3,3,59.0,3.0
KHAMMAM,KHAMMAM,RAGUNADAPALEM,MANCHUKONDA,HARIYA THANDA,2,COMMERCIAL,9,7,2647.0,21.55
KHAMMAM,KHAMMAM,RAGUNADAPALEM,MANCHUKONDA,JETHUYA THANDA,2,COMMERCIAL,2,2,39.0,2.55
KHAMMAM,KHAMMAM RURAL,MUDIGONDA,MUDIGONDA,LAXMIPURAM M S,2,COMMERCIAL,47,41,4220.0,94.98
KHAMMAM,KHAMMAM RURAL,MUDIGONDA,MUDIGONDA,MADHAPURAM,2,COMMERCIAL,55,43,5887.0,79.06
KHAMMAM,KHAMMAM RURAL,MUDIGONDA,MUDIGONDA,MEDEPALLY,2,COMMERCIAL,29,24,6223.0,59.53
KHAMMAM,KHAMMAM RURAL,MUDIGONDA,MUDIGONDA,MUDIGONDA,2,COMMERCIAL,359,321,45027.0,731.879
KHAMMAM,KHAMMAM RURAL,MUDIGONDA,MUDIGONDA,PANDREGPALLY,2,COMMERCIAL,13,10,392.0,20.1
KHAMMAM,KHAMMAM RURAL,MUDIGONDA,MUDIGONDA,SITARAMPURAM,2,COMMERCIAL,2,1,12.0,1.55
KHAMMAM,KHAMMAM RURAL,MUDIGONDA,MUDIGONDA,SUVARNAPURAM,2,COMMERCIAL,17,14,3710.0,46.94
KHAMMAM,KHAMMAM RURAL,MUDIGONDA,PAMMY,AMMAPET,2,COMMERCIAL,15,13,522.0,25.2
KHAMMAM,KHAMMAM RURAL,MUDIGONDA,PAMMY,BANAPURAM,2,COMMERCIAL,107,96,11030.0,193.675
KHAMMAM,SATHUPALLY,SATHUPALLY,RAYUDUPALEM,JAYALAXIMIPURAM,2,COMMERCIAL,6,5,2711.0,25.8
KHAMMAM,SATHUPALLY,SATHUPALLY,RAYUDUPALEM,K.MALLALA,2,COMMERCIAL,21,20,387.0,25.48
KHAMMAM,SATHUPALLY,SATHUPALLY,RAYUDUPALEM,KALLURIGUDEM,2,COMMERCIAL,35,31,2516.0,78.968
KHAMMAM,SATHUPALLY,SATHUPALLY,RAYUDUPALEM,KONDIGATLA,2,COMMERCIAL,13,12,186.0,20.76
KHAMMAM,SATHUPALLY,SATHUPALLY,RAYUDUPALEM,KOTHURU-B,2,COMMERCIAL,12,10,406.0,14.99
KHAMMAM,SATHUPALLY,SATHUPALLY,RAYUDUPALEM,KUNCHAPARTHY,2,COMMERCIAL,30,27,7261.0,73.258
KHAMMAM,SATHUPALLY,SATHUPALLY,RAYUDUPALEM,MODDULAGUDEM,2,COMMERCIAL,26,23,3048.0,62.354
KHAMMAM,SATHUPALLY,SATHUPALLY,RAYUDUPALEM,NAYAKALAGUDEM,2,COMMERCIAL,2,2,40.0,2.0
KHAMMAM,SATHUPALLY,SATHUPALLY,RAYUDUPALEM,RAIDUPALEM,2,COMMERCIAL,10,7,1812.0,33.554
KHAMMAM,SATHUPALLY,SATHUPALLY,RAYUDUPALEM,RAJUGUDEM,2,COMMERCIAL,4,3,52.0,4.18
HANUMAKONDA,HANAMKONDA/TOWN,NAYEEMNAGAR,YADAVA NAGAR,KOTHAWADA-I,2,COMMERCIAL,2,1,2.0,2.0
HANUMAKONDA,HANAMKONDA/TOWN,NAYEEMNAGAR,YADAVA NAGAR,KOTHAWADA-II,2,COMMERCIAL,2,1,1975.0,17.0
HANUMAKONDA,HANAMKONDA/TOWN,NAYEEMNAGAR,YADAVA NAGAR,KOTHUR,2,COMMERCIAL,325,313,35896.0,588.06
HANUMAKONDA,HANAMKONDA/TOWN,NAYEEMNAGAR,YADAVA NAGAR,KUMARPALLY,2,COMMERCIAL,419,391,44040.0,691.285
HANUMAKONDA,HANAMKONDA/TOWN,NAYEEMNAGAR,YADAVA NAGAR,L B MAIN ROAD,2,COMMERCIAL,331,273,41904.0,638.47
HANUMAKONDA,HANAMKONDA/TOWN,NAYEEMNAGAR,YADAVA NAGAR,LASHKAR BAZAR,2,COMMERCIAL,136,118,4437.0,158.29
HANUMAKONDA,HANAMKONDA/TOWN,NAYEEMNAGAR,YADAVA NAGAR,LASHKAR SINGARAM,2,COMMERCIAL,161,149,15010.0,213.73
HANUMAKONDA,HANAMKONDA/TOWN,NAYEEMNAGAR,YADAVA NAGAR,MACHILI BAZAR,2,COMMERCIAL,1,0,0.0,1.0
HANUMAKONDA,HANAMKONDA/TOWN,NAYEEMNAGAR,YADAVA NAGAR,MARUTHINAGAR,2,COMMERCIAL,67,56,2361.0,64.02
HANUMAKONDA,HANAMKONDA/TOWN,NAYEEMNAGAR,YADAVA NAGAR,PEDDAMMAGADDA,2,COMMERCIAL,333,298,93421.0,1923.605
HANUMAKONDA,HANAMKONDA/TOWN,NAYEEMNAGAR,YADAVA NAGAR,RANGAMPET,2,COMMERCIAL,248,174,34936.0,825.633
HANUMAKONDA,HANAMKONDA/TOWN,NAYEEMNAGAR,YADAVA NAGAR,SIKHWADA,2,COMMERCIAL,11,3,206.0,10.08
HANUMAKONDA,HANAMKONDA/TOWN,NAYEEMNAGAR,YADAVA NAGAR,VIDYARANYAPURI,2,COMMERCIAL,60,56,5319.0,77.545
JAGITYAL,JAGITYAL,DHARMAPURI,DHARMAPURI,AKSAIPALLI,2,COMMERCIAL,1,1,34.0,1.0
JAGITYAL,JAGITYAL,Jagitial Rural,BEERPUR,RANGASAGAR,2,COMMERCIAL,9,9,403.0,9.078
JAGITYAL,JAGITYAL,Jagitial Rural,BEERPUR,REKULAPALLY,2,COMMERCIAL,17,16,1886.0,34.46
JAGITYAL,JAGITYAL,Jagitial Rural,BEERPUR,SIRIPURAM,2,COMMERCIAL,2,2,522.0,3.0
JAGITYAL,JAGITYAL,Jagitial Rural,BEERPUR,THALLADHARMARAM,2,COMMERCIAL,22,22,955.0,27.23
JAGITYAL,JAGITYAL,Jagitial Rural,BEERPUR,THUNGUR,2,COMMERCIAL,155,146,13626.0,229.306
JAGITYAL,JAGITYAL,Jagitial Rural,RAIKAL,ALLIPOOR,2,COMMERCIAL,174,151,18553.0,255.565
JAGITYAL,JAGITYAL,Jagitial Rural,RAIKAL,ALLUR,2,COMMERCIAL,31,27,7155.0,60.823
JAGITYAL,JAGITYAL,Jagitial Rural,RAIKAL,AYODHYA,2,COMMERCIAL,37,33,3890.0,63.689
JAGITYAL,JAGITYAL,Jagitial Rural,RAIKAL,KISTAMPET,2,COMMERCIAL,34,34,1543.0,41.462
JAGITYAL,JAGITYAL,Jagitial Rural,RAIKAL,KUMMARIPALLY,2,COMMERCIAL,31,23,4971.0,64.356
JAGITYAL,JAGITYAL,Jagitial Rural,RAIKAL,Kurmapalli,2,COMMERCIAL,1,1,120.0,1.0
JAGITYAL,METPALLY,KORUTLA,KORUTLA RURAL,JOGANPALLY,2,COMMERCIAL,60,51,4094.0,88.39
JAGITYAL,METPALLY,KORUTLA,KORUTLA RURAL,KALLUR,2,COMMERCIAL,29,28,3433.0,72.1
JAGITYAL,METPALLY,KORUTLA,KORUTLA RURAL,MADAPUR,2,COMMERCIAL,75,71,12106.0,135.618
JAGITYAL,METPALLY,KORUTLA,KORUTLA RURAL,MOHANRAOPET,2,COMMERCIAL,103,93,10048.0,182.666
JAGITYAL,METPALLY,KORUTLA,KORUTLA RURAL,NAGULAPET,2,COMMERCIAL,39,36,1707.0,48.311
JAGITYAL,METPALLY,KORUTLA,KORUTLA RURAL,PAIDIMADUGU,2,COMMERCIAL,141,121,13666.0,282.515
JAGITYAL,METPALLY,KORUTLA,KORUTLA RURAL,PEDDAPUR,2,COMMERCIAL,36,33,2695.0,64.92
JAGITYAL,METPALLY,KORUTLA,KORUTLA RURAL,Ramaraopally,2,COMMERCIAL,2,2,78.0,4.0
JAGITYAL,METPALLY,KORUTLA,KORUTLA RURAL,SANGEM,2,COMMERCIAL,32,29,1511.0,85.16
JAGITYAL,METPALLY,KORUTLA,KORUTLA RURAL,SARFARAJIPALLY,2,COMMERCIAL,10,9,263.0,7.225
JANGAON,GHANPUR,GHANPUR,RAJAVARAM,FATHEPUR,2,COMMERCIAL,32,29,5124.0,68.2
JANGAON,GHANPUR,GHANPUR,RAJAVARAM,Garlagadda thanda,2,COMMERCIAL,6,6,178.0,11.24
JANGAON,GHANPUR,GHANPUR,RAJAVARAM,KONDAPUR,2,COMMERCIAL,31,30,2121.0,44.95
JANGAON,GHANPUR,GHANPUR,RAJAVARAM,KRISHNAJIGUDEM,2,COMMERCIAL,41,38,2233.0,60.94
JANGAON,GHANPUR,GHANPUR,RAJAVARAM,LINGAMPALLY,2,COMMERCIAL,87,77,6371.0,141.96
KAMAREDDY,BANSWADA,PITLAM,PEDDA KONDAPGAL,KADAPGAIL,2,COMMERCIAL,228,209,25870.0,367.527
KAMAREDDY,KAMAREDDY,Kamareddy Rural,S S NAGAR,YACHARAM LPT,2,COMMERCIAL,12,12,1434.0,19.1
KAMAREDDY,KAMAREDDY,Kamareddy Rural,S S NAGAR,YELLAREDDY (A),2,COMMERCIAL,117,95,25441.0,290.875
KAMAREDDY,KAMAREDDY,Kamareddy Rural,VELPUGONDA,AREPALLY,2,COMMERCIAL,20,17,1356.0,31.796
KAMAREDDY,KAMAREDDY,Kamareddy Rural,VELPUGONDA,BHAVANIPET,2,COMMERCIAL,88,75,11581.0,241.064
KAMAREDDY,KAMAREDDY,Kamareddy Rural,VELPUGONDA,BHAVANIPET THANDA,2,COMMERCIAL,3,3,46.0,21.99
KAMAREDDY,KAMAREDDY,Kamareddy Rural,VELPUGONDA,DEVANPALLY (D),2,COMMERCIAL,19,17,505.0,22.322
KAMAREDDY,KAMAREDDY,Kamareddy Rural,VELPUGONDA,FAREEDPET,2,COMMERCIAL,83,77,7524.0,151.893
KAMAREDDY,KAMAREDDY,Kamareddy Rural,VELPUGONDA,ISSAIPET,2,COMMERCIAL,33,31,4951.0,63.096
KAMAREDDY,KAMAREDDY,Kamareddy Rural,VELPUGONDA,PALVANCHA,2,COMMERCIAL,193,173,15624.0,403.403
KAMAREDDY,YELLAREDDY,YELLAREDDY,NAGIREDDIPET,Gopalpet,2,COMMERCIAL,22,22,1106.0,45.684
KAMAREDDY,YELLAREDDY,YELLAREDDY,NAGIREDDIPET,JALALPUR,2,COMMERCIAL,13,9,301.0,12.66
KAMAREDDY,YELLAREDDY,YELLAREDDY,NAGIREDDIPET,JANKAMPALLY(J),2,COMMERCIAL,13,12,246.0,21.978
KAMAREDDY,YELLAREDDY,YELLAREDDY,NAGIREDDIPET,KANNAREDDI,2,COMMERCIAL,4,3,106.0,2.52
KAMAREDDY,YELLAREDDY,YELLAREDDY,NAGIREDDIPET,LINGAMPALLI (K),2,COMMERCIAL,7,7,73.0,5.104
KAMAREDDY,YELLAREDDY,YELLAREDDY,NAGIREDDIPET,MAL THUMMEDA,2,COMMERCIAL,42,27,2526.0,61.949
KAMAREDDY,YELLAREDDY,YELLAREDDY,NAGIREDDIPET,MASANPALLI (M),2,COMMERCIAL,14,7,900.0,15.955
KAMAREDDY,YELLAREDDY,YELLAREDDY,NAGIREDDIPET,MATOOR,2,COMMERCIAL,3,2,55.0,1.484
KAMAREDDY,YELLAREDDY,YELLAREDDY,NAGIREDDIPET,Mellekunta thanda,2,COMMERCIAL,1,1,112.0,1.948
KAMAREDDY,YELLAREDDY,YELLAREDDY,NAGIREDDIPET,NAGIREDDIPET,2,COMMERCIAL,422,365,24949.0,538.891
KARIMNAGAR,HUZURABAD,JAMMIKUNTA,JAMMIKUNTA RURAL,KOTHAPALLY (JKT),2,COMMERCIAL,401,353,35078.0,730.63
KARIMNAGAR,HUZURABAD,JAMMIKUNTA,JAMMIKUNTA RURAL,MACHAMPELLY (JKT),2,COMMERCIAL,31,29,5479.0,67.94
KARIMNAGAR,HUZURABAD,JAMMIKUNTA,JAMMIKUNTA RURAL,MADIPALLY,2,COMMERCIAL,99,90,11815.0,156.94
KARIMNAGAR,HUZURABAD,JAMMIKUNTA,JAMMIKUNTA RURAL,PEDDAMPALLY (JKT),2,COMMERCIAL,4,4,278.0,7.0
KARIMNAGAR,HUZURABAD,JAMMIKUNTA,JAMMIKUNTA RURAL,RAMANNAPALLY,2,COMMERCIAL,46,44,5162.0,123.591
KARIMNAGAR,HUZURABAD,JAMMIKUNTA,JAMMIKUNTA RURAL,RANGAMMAPALLY,2,COMMERCIAL,5,5,5524.0,17.0
KARIMNAGAR,HUZURABAD,JAMMIKUNTA,JAMMIKUNTA RURAL,SAIDABAD,2,COMMERCIAL,33,29,2804.0,54.02
KARIMNAGAR,HUZURABAD,JAMMIKUNTA,JAMMIKUNTA RURAL,VENKATESHWARLAPALLY,2,COMMERCIAL,15,15,4900.0,38.5
KARIMNAGAR,KARIMNAGAR,Karimnagar Rural,KOTHAPALLY,REKURTHY,2,COMMERCIAL,255,191,103928.0,1775.658
KARIMNAGAR,KARIMNAGAR,Karimnagar Rural,KOTHAPALLY,SALEHNAGAR,2,COMMERCIAL,157,157,14487.0,376.75
KARIMNAGAR,KARIMNAGAR,Karimnagar Rural,KOTHAPALLY,SAMMAKKA GADDELU,2,COMMERCIAL,286,283,28340.0,791.77
KARIMNAGAR,KARIMNAGAR,Karimnagar Rural,KOTHAPALLY,SEETHARAMPUR,2,COMMERCIAL,203,174,84110.0,1253.55
KARIMNAGAR,KARIMNAGAR,Karimnagar Rural,KOTHAPALLY,SURYANAGAR,2,COMMERCIAL,219,219,31285.0,676.778
KARIMNAGAR,KARIMNAGAR,Karimnagar Rural,KOTHAPALLY,THURPU WADA,2,COMMERCIAL,228,225,27724.0,511.279
KARIMNAGAR,KARIMNAGAR,Karimnagar Rural,KOTHAPALLY,VIJAYAPURI COLONY,2,COMMERCIAL,190,186,18461.0,477.8
KARIMNAGAR,KARIMNAGAR,Karimnagar Rural,MUQUDUMPUR,BAHADURKHANPET,2,COMMERCIAL,10,10,395.0,16.36
KARIMNAGAR,KARIMNAGAR,Karimnagar Rural,MUQUDUMPUR,CHAMANPALLY,2,COMMERCIAL,71,68,12388.0,190.18
KARIMNAGAR,KARIMNAGAR,Karimnagar Rural,MUQUDUMPUR,CHERLABOOTHKUR,2,COMMERCIAL,84,77,10139.0,164.096
KARIMNAGAR,KARIMNAGAR,Karimnagar Rural,MUQUDUMPUR,DUBBAPALLY,2,COMMERCIAL,10,9,398.0,11.54
KARIMNAGAR,KARIMNAGAR RURAL,Gangadhara,GANGADHARA,VENKATAYAPALLY,2,COMMERCIAL,24,18,4767.0,75.98
KARIMNAGAR,KARIMNAGAR RURAL,Gangadhara,GUNDI,CHIPPAKURTHY,2,COMMERCIAL,17,15,4588.0,52.0
KARIMNAGAR,KARIMNAGAR RURAL,Gangadhara,GUNDI,DATTOJIPET,2,COMMERCIAL,17,16,1469.0,37.44
KARIMNAGAR,KARIMNAGAR RURAL,Gangadhara,GUNDI,DESHARAJPALLY,2,COMMERCIAL,60,44,5428.0,143.1
KARIMNAGAR,KARIMNAGAR RURAL,Gangadhara,GUNDI,GOPALRAOPET,2,COMMERCIAL,1,0,0.0,1.0
KARIMNAGAR,KARIMNAGAR RURAL,Gangadhara,GUNDI,GUDELUGULA PALLY,2,COMMERCIAL,24,19,3424.0,71.27
KARIMNAGAR,KARIMNAGAR RURAL,Gangadhara,GUNDI,GUNDI,2,COMMERCIAL,40,33,7054.0,108.42
KARIMNAGAR,KARIMNAGAR RURAL,Gangadhara,GUNDI,GUNDIGOPALRAOPET,2,COMMERCIAL,369,350,40778.0,835.06
KARIMNAGAR,KARIMNAGAR RURAL,Gangadhara,GUNDI,IPPLAGADDA H/O.GUNDI,2,COMMERCIAL,1,0,0.0,1.0
KHAMMAM,KHAMMAM,KOTHALINGALA,CHEEMALAPADU,SETHARAM PURAM-KAR,2,COMMERCIAL,28,25,816.0,40.02
KHAMMAM,KHAMMAM,KOTHALINGALA,CHEEMALAPADU,SHANTHI NAGAR-KAR,2,COMMERCIAL,4,2,14.0,8.4
KHAMMAM,KHAMMAM,KOTHALINGALA,CHEEMALAPADU,STATION CHEEMALAPADU -KAR,2,COMMERCIAL,3,3,976.0,17.24
KHAMMAM,KHAMMAM,KOTHALINGALA,CHEEMALAPADU,TEKULAGUDEM-KAR,2,COMMERCIAL,19,9,158.0,18.8
KHAMMAM,KHAMMAM,KOTHALINGALA,CHEEMALAPADU,THAVISI BODU-KAR,2,COMMERCIAL,6,6,120.0,9.93
KHAMMAM,KHAMMAM,KOTHALINGALA,CHEEMALAPADU,TODITALAGUDEM-KAR,2,COMMERCIAL,15,10,282.0,23.537
KHAMMAM,KHAMMAM,KOTHALINGALA,CHEEMALAPADU,VENKAYA GUNPA-KAR,2,COMMERCIAL,6,5,130.0,9.0
KHAMMAM,KHAMMAM,KOTHALINGALA,CHEEMALAPADU,VODDUGUDEM-KAR,2,COMMERCIAL,1,1,0.0,1.0
KHAMMAM,KHAMMAM,KOTHALINGALA,KAREPALLY,ANANTHARAM - KAR,2,COMMERCIAL,1,1,64.0,1.0
KHAMMAM,KHAMMAM,KOTHALINGALA,KAREPALLY,APPAIGUDEM,2,COMMERCIAL,4,3,3124.0,22.0
KHAMMAM,KHAMMAM,RAGUNADAPALEM,BALLEPALLY,RAMANNA PETA,2,COMMERCIAL,21,18,1177.0,36.82
KHAMMAM,KHAMMAM,RAGUNADAPALEM,BALLEPALLY,RAMANNAPETA COLONY,2,COMMERCIAL,43,39,2350.0,64.55
KHAMMAM,KHAMMAM,RAGUNADAPALEM,MANCHUKONDA,BAVOJI TANDA,2,COMMERCIAL,14,12,946.0,21.0
KHAMMAM,KHAMMAM,RAGUNADAPALEM,MANCHUKONDA,BUDIA THANDA,2,COMMERCIAL,6,5,543.0,28.1
KHAMMAM,KHAMMAM,RAGUNADAPALEM,MANCHUKONDA,BUDIDAMPADU,2,COMMERCIAL,55,46,2181.0,138.704
KHAMMAM,KHAMMAM,RAGUNADAPALEM,MANCHUKONDA,CHIMMAPUDI,2,COMMERCIAL,82,71,7688.0,142.82
HANUMAKONDA,HANAMKONDA/TOWN,NAYEEMNAGAR,NAIMNAGAR,SIKHWADA,2,COMMERCIAL,274,238,51594.0,789.145
HANUMAKONDA,HANAMKONDA/TOWN,NAYEEMNAGAR,NAIMNAGAR,VIDYARANYAPURI,2,COMMERCIAL,1,0,0.0,0.51
HANUMAKONDA,HANAMKONDA/TOWN,NAYEEMNAGAR,YADAVA NAGAR,GANDHINAGAR,2,COMMERCIAL,171,155,19319.0,338.686
HANUMAKONDA,HANAMKONDA/TOWN,NAYEEMNAGAR,YADAVA NAGAR,GUNDLA SINGARAM,2,COMMERCIAL,258,237,84353.0,821.946
HANUMAKONDA,HANAMKONDA/TOWN,NAYEEMNAGAR,YADAVA NAGAR,HANUMANNAGAR,2,COMMERCIAL,5,5,155.0,6.51
HANUMAKONDA,HANAMKONDA/TOWN,NAYEEMNAGAR,YADAVA NAGAR,IDGAH,2,COMMERCIAL,216,206,29231.0,409.23
HANUMAKONDA,HANAMKONDA/TOWN,NAYEEMNAGAR,YADAVA NAGAR,K U C ROAD,2,COMMERCIAL,36,34,3891.0,70.66
HANUMAKONDA,HANAMKONDA/TOWN,NAYEEMNAGAR,YADAVA NAGAR,KANCHARKUNTA,2,COMMERCIAL,11,0,0.0,5.61
HANUMAKONDA,HANAMKONDA/TOWN,NAYEEMNAGAR,YADAVA NAGAR,KISHANPURA,2,COMMERCIAL,72,66,3530.0,72.04
JAGITYAL,JAGITYAL,Jagitial Rural,BEERPUR,CHERLAPALLY,2,COMMERCIAL,7,5,115.0,7.235
JAGITYAL,JAGITYAL,Jagitial Rural,BEERPUR,CHINNA KOLVAI,2,COMMERCIAL,2,2,13.0,2.0
JAGITYAL,JAGITYAL,Jagitial Rural,BEERPUR,CHITRAVENIGUDEM,2,COMMERCIAL,4,3,228.0,3.04
JAGITYAL,JAGITYAL,Jagitial Rural,BEERPUR,GANGA SAMUDRAM,2,COMMERCIAL,3,2,164.0,4.24
JAGITYAL,JAGITYAL,Jagitial Rural,BEERPUR,KANDENAKUNTA,2,COMMERCIAL,1,1,128.0,1.0
JAGITYAL,JAGITYAL,Jagitial Rural,BEERPUR,KANDLAPALLY,2,COMMERCIAL,20,20,2630.0,39.714
JAGITYAL,JAGITYAL,Jagitial Rural,BEERPUR,KOLVAI,2,COMMERCIAL,78,70,8455.0,127.536
JAGITYAL,JAGITYAL,Jagitial Rural,BEERPUR,KOMANPALLY,2,COMMERCIAL,2,1,97.0,2.0
JAGITYAL,JAGITYAL,Jagitial Rural,BEERPUR,KOMMUNOOR,2,COMMERCIAL,21,17,2848.0,39.138
JAGITYAL,JAGITYAL,Jagitial Rural,BEERPUR,MANGELLA,2,COMMERCIAL,33,29,5891.0,60.502
JAGITYAL,JAGITYAL,Jagitial Rural,BEERPUR,NARSIMHULAPALLY,2,COMMERCIAL,43,40,1496.0,44.599
JAGITYAL,JAGITYAL,MALLIAL,RAMANNAPET,OBLAPOOR,2,COMMERCIAL,49,47,2167.0,64.802
JAGITYAL,JAGITYAL,MALLIAL,RAMANNAPET,POTHARAM I,2,COMMERCIAL,75,65,8592.0,112.402
JAGITYAL,JAGITYAL,MALLIAL,RAMANNAPET,RAJARAM,2,COMMERCIAL,63,49,8198.0,101.844
JAGITYAL,JAGITYAL,MALLIAL,RAMANNAPET,RAMANNAPET,2,COMMERCIAL,155,139,16599.0,318.136
JAGITYAL,JAGITYAL,MALLIAL,RAMANNAPET,RAMPOOR,2,COMMERCIAL,53,47,4431.0,83.701
JAGITYAL,JAGITYAL,MALLIAL,RAMANNAPET,SARVAPOOR,2,COMMERCIAL,29,24,1280.0,35.977
JAGITYAL,METPALLY,KORUTLA,KORUTLA RURAL,AILAPOOR,2,COMMERCIAL,238,217,26611.0,524.13
JAGITYAL,METPALLY,KORUTLA,KORUTLA RURAL,CHINNAMETPALLY,2,COMMERCIAL,60,52,6443.0,77.83
JAGITYAL,METPALLY,KORUTLA,KORUTLA RURAL,GUMULAPUR,2,COMMERCIAL,35,35,1720.0,51.94
JANGAON,GHANPUR,GHANPUR,GHANPUR (TOWN),GHANPUR (T) (H),2,COMMERCIAL,1384,1191,152254.0,3106.628
JANGAON,GHANPUR,GHANPUR,GHANPUR (TOWN),KOTHAPALLY,2,COMMERCIAL,36,29,1589.0,66.895
JANGAON,GHANPUR,GHANPUR,GHANPUR (TOWN),MEEDIKONDA,2,COMMERCIAL,60,56,6865.0,111.27
JANGAON,GHANPUR,GHANPUR,GHANPUR (TOWN),RAGHAVAPUR,2,COMMERCIAL,71,55,7361.0,226.24
JANGAON,GHANPUR,GHANPUR,GHANPUR (TOWN),THATIKONDA,2,COMMERCIAL,102,84,12593.0,197.09
JANGAON,GHANPUR,GHANPUR,RAJAVARAM,CHILPUR,2,COMMERCIAL,93,81,11171.0,167.11
JANGAON,GHANPUR,GHANPUR,RAJAVARAM,CHINNAPENDIAL,2,COMMERCIAL,232,202,32131.0,509.32
JANGAON,GHANPUR,GHANPUR,RAJAVARAM,D THANDA H/O R.VARAM,2,COMMERCIAL,14,12,1345.0,31.7
JANGAON,JANGAON,DEVARUPPALA,LINGALA GHANPUR,NELLUTLA,2,COMMERCIAL,213,178,27451.0,541.14
JANGAON,JANGAON,DEVARUPPALA,LINGALA GHANPUR,PATELGUDEM,2,COMMERCIAL,28,26,2778.0,63.84
JANGAON,JANGAON,DEVARUPPALA,LINGALA GHANPUR,Ramchandra gudem,2,COMMERCIAL,1,1,152.0,1.0
JANGAON,JANGAON,DEVARUPPALA,LINGALA GHANPUR,SIRIPURAM,2,COMMERCIAL,39,34,2672.0,75.52
JANGAON,JANGAON,DEVARUPPALA,LINGALA GHANPUR,WADDICHERLA,2,COMMERCIAL,57,47,10791.0,179.1
JANGAON,JANGAON,DEVARUPPALA,LINGALA GHANPUR,WANAPARTHY,2,COMMERCIAL,70,61,8996.0,116.48
JANGAON,JANGAON,DEVARUPPALA,SINGARAJPALLE,APPIREDDYPALLI,2,COMMERCIAL,11,8,124.0,11.06
JANGAON,JANGAON,DEVARUPPALA,SINGARAJPALLE,BANJARA-I,2,COMMERCIAL,10,7,556.0,37.35
JANGAON,JANGAON,DEVARUPPALA,SINGARAJPALLE,CHINNAMADUR,2,COMMERCIAL,49,42,5417.0,87.41
KAMAREDDY,BANSWADA,BANSWADA,BANSWADA RURAL,HANMAJIPET,2,COMMERCIAL,84,79,6641.0,179.551
KAMAREDDY,BANSWADA,BANSWADA,BANSWADA RURAL,IBRAHIMPET,2,COMMERCIAL,53,40,1440.0,66.032
KAMAREDDY,BANSWADA,BANSWADA,BANSWADA RURAL,KODLAPOOR,2,COMMERCIAL,6,4,1212.0,16.478
KAMAREDDY,BANSWADA,BANSWADA,BANSWADA RURAL,KOLLUR,2,COMMERCIAL,14,13,680.0,26.26
KAMAREDDY,BANSWADA,BANSWADA,BANSWADA RURAL,KONAPUR,2,COMMERCIAL,55,51,3559.0,69.681
KAMAREDDY,BANSWADA,BANSWADA,BANSWADA RURAL,MOGLAMPALLY,2,COMMERCIAL,5,2,667.0,8.26
KAMAREDDY,BANSWADA,BANSWADA,BANSWADA RURAL,NAGARAM,2,COMMERCIAL,8,5,161.0,8.76
KAMAREDDY,BANSWADA,BANSWADA,BANSWADA RURAL,POCHARAM,2,COMMERCIAL,11,9,5672.0,37.65
KAMAREDDY,BANSWADA,BANSWADA,BANSWADA RURAL,SANGOJIPET,2,COMMERCIAL,11,8,3279.0,44.604
KAMAREDDY,BANSWADA,PITLAM,NIZAMSAGAR,TELGAPUR,2,COMMERCIAL,6,4,130.0,11.0
KAMAREDDY,BANSWADA,PITLAM,NIZAMSAGAR,TUNIKIPALLY,2,COMMERCIAL,11,9,621.0,11.954
KAMAREDDY,BANSWADA,PITLAM,NIZAMSAGAR,VELGANUR,2,COMMERCIAL,12,7,813.0,20.701
KAMAREDDY,BANSWADA,PITLAM,NIZAMSAGAR,WADDAPALLY,2,COMMERCIAL,20,18,4212.0,34.255
KAMAREDDY,BANSWADA,PITLAM,PEDDA KONDAPGAL,ALLAPUR,2,COMMERCIAL,6,6,288.0,9.26
KAMAREDDY,BANSWADA,PITLAM,PEDDA KONDAPGAL,ANAJANI,2,COMMERCIAL,10,9,221.0,19.5
KAMAREDDY,BANSWADA,PITLAM,PEDDA KONDAPGAL,BEGAMPOOR,2,COMMERCIAL,11,8,266.0,23.258
KAMAREDDY,BANSWADA,PITLAM,PEDDA KONDAPGAL,BURGUPALLI,2,COMMERCIAL,7,7,82.0,12.0
KAMAREDDY,BANSWADA,PITLAM,PEDDA KONDAPGAL,JAGANNATHAPALLI,2,COMMERCIAL,7,5,1146.0,15.26
KARIMNAGAR,HUZURABAD,JAMMIKUNTA,CHALLUR,NARSIMHULAPALLY,2,COMMERCIAL,10,8,488.0,12.55
KARIMNAGAR,HUZURABAD,JAMMIKUNTA,JAMMIKUNTA RURAL,ANKOOSAPUR-MADIPALLI,2,COMMERCIAL,8,8,516.0,10.79
KARIMNAGAR,HUZURABAD,JAMMIKUNTA,JAMMIKUNTA RURAL,DHARMARAM (A),2,COMMERCIAL,67,56,7377.0,115.6
KARIMNAGAR,HUZURABAD,JAMMIKUNTA,JAMMIKUNTA RURAL,JAGGAIAHPALLY (JKT),2,COMMERCIAL,16,15,1184.0,49.0
KARIMNAGAR,HUZURABAD,JAMMIKUNTA,JAMMIKUNTA RURAL,KORAPALLY,2,COMMERCIAL,102,89,9723.0,206.188
KARIMNAGAR,KARIMNAGAR,Karimnagar Rural,KNR WEST,KAMANPUR,2,COMMERCIAL,145,120,31543.0,454.14
KARIMNAGAR,KARIMNAGAR,Karimnagar Rural,KNR WEST,KAZIPUR,2,COMMERCIAL,32,23,10175.0,95.54
KARIMNAGAR,KARIMNAGAR,Karimnagar Rural,KNR WEST,NAGULAMALLIAL,2,COMMERCIAL,59,56,7883.0,107.08
KARIMNAGAR,KARIMNAGAR,Karimnagar Rural,KOTHAPALLY,GOUDS COLONY,2,COMMERCIAL,220,200,20060.0,561.03
KARIMNAGAR,KARIMNAGAR,Karimnagar Rural,KOTHAPALLY,KOTHAPALLY,2,COMMERCIAL,461,379,101461.0,1518.698
KARIMNAGAR,KARIMNAGAR,Karimnagar Rural,KOTHAPALLY,LAXMIPUR,2,COMMERCIAL,247,232,26212.0,817.29
KARIMNAGAR,KARIMNAGAR,Karimnagar Rural,KOTHAPALLY,MALKAPUR,2,COMMERCIAL,129,116,17225.0,319.97
KARIMNAGAR,KARIMNAGAR RURAL,Gangadhara,GANGADHARA,MARRIGADDAPALLY,2,COMMERCIAL,3,3,584.0,15.0
KARIMNAGAR,KARIMNAGAR RURAL,Gangadhara,GANGADHARA,MUPPIDINARSAIAHPALLY,2,COMMERCIAL,5,5,24.0,6.74
KARIMNAGAR,KARIMNAGAR RURAL,Gangadhara,GANGADHARA,NAGIREDDYPOOR,2,COMMERCIAL,24,23,2935.0,36.9
KARIMNAGAR,KARIMNAGAR RURAL,Gangadhara,GANGADHARA,NARAYANPUR,2,COMMERCIAL,14,12,546.0,20.17
KARIMNAGAR,KARIMNAGAR RURAL,Gangadhara,GANGADHARA,NARSIMHULAPALLY,2,COMMERCIAL,14,13,758.0,22.99
KARIMNAGAR,KARIMNAGAR RURAL,Gangadhara,GANGADHARA,NYALAKONDAPALLY,2,COMMERCIAL,14,11,605.0,24.408
KARIMNAGAR,KARIMNAGAR RURAL,Gangadhara,GANGADHARA,PENDALAVANI PALLY,2,COMMERCIAL,8,7,169.0,13.0
KARIMNAGAR,KARIMNAGAR RURAL,Gangadhara,GANGADHARA,RYALAPALLY,2,COMMERCIAL,31,26,950.0,39.716
KARIMNAGAR,KARIMNAGAR RURAL,Gangadhara,GANGADHARA,SARVAREDDYPALLY,2,COMMERCIAL,18,11,456.0,24.33
KHAMMAM,KHAMMAM,KOTHALINGALA,CHEEMALAPADU,MANIKKYARAM-KAR,2,COMMERCIAL,13,8,403.0,20.48
KHAMMAM,KHAMMAM,KOTHALINGALA,CHEEMALAPADU,MOTLA GUDEM-KAR,2,COMMERCIAL,12,8,2998.0,32.24
KHAMMAM,KHAMMAM,KOTHALINGALA,CHEEMALAPADU,MUTYALA GUDEM-KAR,2,COMMERCIAL,2,1,44.0,3.0
KHAMMAM,KHAMMAM,KOTHALINGALA,CHEEMALAPADU,P NAIK THANDA-KAR,2,COMMERCIAL,4,3,1203.0,18.55
KHAMMAM,KHAMMAM,KOTHALINGALA,CHEEMALAPADU,PATIMEEDI GUMPU-KAR,2,COMMERCIAL,16,11,491.0,21.946
KHAMMAM,KHAMMAM,KOTHALINGALA,CHEEMALAPADU,PEDA MADAN PALLY-KAR,2,COMMERCIAL,4,0,0.0,2.66
KHAMMAM,KHAMMAM,KOTHALINGALA,CHEEMALAPADU,PINJARA MADUGU TANDA-KAR,2,COMMERCIAL,11,9,261.0,16.0
KHAMMAM,KHAMMAM,KOTHALINGALA,CHEEMALAPADU,PYLU THANDA-KAR,2,COMMERCIAL,2,2,49.0,4.0
KHAMMAM,KHAMMAM,KOTHALINGALA,CHEEMALAPADU,RELA KAYALA PALLY-KAR,2,COMMERCIAL,12,11,4931.0,34.952
KHAMMAM,KHAMMAM,PEDDA GOPATHI,PEDDA GOPATHI,THANIKELLA,2,COMMERCIAL,245,222,29835.0,585.21
KHAMMAM,KHAMMAM,RAGUNADAPALEM,BALLEPALLY,BALAPETA,2,COMMERCIAL,370,308,39417.0,921.945
KHAMMAM,KHAMMAM,RAGUNADAPALEM,BALLEPALLY,BALLEPALLY T3 MIGRATED,2,COMMERCIAL,423,399,88271.0,1360.81
KHAMMAM,KHAMMAM,RAGUNADAPALEM,BALLEPALLY,DANAVAIGUDEM,2,COMMERCIAL,132,114,12274.0,289.98
KHAMMAM,KHAMMAM,RAGUNADAPALEM,BALLEPALLY,GANESH NAGAR,2,COMMERCIAL,8,2,51.0,16.0
KHAMMAM,KHAMMAM,RAGUNADAPALEM,BALLEPALLY,KAIKONDAIGUDEM,2,COMMERCIAL,258,198,43817.0,680.466
KHAMMAM,KHAMMAM,RAGUNADAPALEM,BALLEPALLY,MANCHIKANTI NAGAR,2,COMMERCIAL,42,42,2813.0,90.0
KHAMMAM,KHAMMAM,RAGUNADAPALEM,BALLEPALLY,PANDURANGAPURAM,2,COMMERCIAL,382,361,61034.0,1028.55
KHAMMAM,KHAMMAM,RAGUNADAPALEM,BALLEPALLY,PRASHANTH NAGAR,2,COMMERCIAL,48,48,14100.0,204.0
KHAMMAM,KHAMMAM RURAL,KUSUMANCHI,RAJESHWARAPURAM,SANKARGIRITANDA,2,COMMERCIAL,19,12,237.0,25.06
KHAMMAM,KHAMMAM RURAL,KUSUMANCHI,RAJESHWARAPURAM,SURDEPALLY,2,COMMERCIAL,28,25,1199.0,41.05
KHAMMAM,KHAMMAM RURAL,MUDIGONDA,MUDIGONDA,DANIYALA GUDEM,2,COMMERCIAL,2,0,0.0,1.55
KHAMMAM,KHAMMAM RURAL,MUDIGONDA,MUDIGONDA,EDAVALLY,2,COMMERCIAL,22,20,795.0,28.32
KHAMMAM,KHAMMAM RURAL,MUDIGONDA,MUDIGONDA,GOKINEPALLY,2,COMMERCIAL,62,54,12579.0,125.41
KHAMMAM,KHAMMAM RURAL,MUDIGONDA,MUDIGONDA,K VENKATAPURAM,2,COMMERCIAL,41,35,3750.0,103.8
KHAMMAM,KHAMMAM RURAL,MUDIGONDA,MUDIGONDA,KATTAKURU,2,COMMERCIAL,11,7,121.0,19.0
KHAMMAM,KHAMMAM RURAL,MUDIGONDA,MUDIGONDA,KHANAPURAM,2,COMMERCIAL,12,9,114.0,17.95
KHAMMAM,KHAMMAM RURAL,MUDIGONDA,MUDIGONDA,LAXMIPURAM EDV,2,COMMERCIAL,3,3,1352.0,17.0
KHAMMAM,SATHUPALLY,PENUBALLY,PENUBALLY,TALLAPENTA,2,COMMERCIAL,36,29,6365.0,76.712
KHAMMAM,SATHUPALLY,PENUBALLY,PENUBALLY,TEKULAPALLY,2,COMMERCIAL,53,44,9987.0,119.964
KHAMMAM,SATHUPALLY,PENUBALLY,PENUBALLY,THUMMALA PALLY,2,COMMERCIAL,28,24,3513.0,55.34
KHAMMAM,SATHUPALLY,PENUBALLY,PENUBALLY,V.M.BANZARA,2,COMMERCIAL,224,208,18102.0,458.258
KHAMMAM,SATHUPALLY,SATHUPALLY,RAYUDUPALEM,AMMAPALAEM,2,COMMERCIAL,14,12,4203.0,27.93
KHAMMAM,SATHUPALLY,SATHUPALLY,RAYUDUPALEM,ARSALAPADU,2,COMMERCIAL,85,77,8409.0,143.835
KHAMMAM,SATHUPALLY,SATHUPALLY,RAYUDUPALEM,BEERAPALLY,2,COMMERCIAL,61,58,4546.0,105.651
KHAMMAM,SATHUPALLY,SATHUPALLY,RAYUDUPALEM,CHEMBUNI GUDEM,2,COMMERCIAL,19,17,466.0,24.23
KHAMMAM,SATHUPALLY,SATHUPALLY,RAYUDUPALEM,GOLLAGUDEM,2,COMMERCIAL,3,3,68.0,7.0
KHAMMAM,SATHUPALLY,SATHUPALLY,RAYUDUPALEM,GUDURU,2,COMMERCIAL,12,11,413.0,13.0
HANUMAKONDA,HANAMKONDA/TOWN,NAYEEMNAGAR,NAIMNAGAR,MACHILIBAZAR,2,COMMERCIAL,1,0,0.0,1.0
HANUMAKONDA,HANAMKONDA/TOWN,NAYEEMNAGAR,NAIMNAGAR,MARUTHINAGAR,2,COMMERCIAL,19,19,1727.0,21.99
HANUMAKONDA,HANAMKONDA/TOWN,NAYEEMNAGAR,NAIMNAGAR,NAIMNAGAR,2,COMMERCIAL,602,539,237125.0,3433.385
HANUMAKONDA,HANAMKONDA/TOWN,NAYEEMNAGAR,NAIMNAGAR,PALIVELUPULA,2,COMMERCIAL,72,67,13231.0,215.12
HANUMAKONDA,HANAMKONDA/TOWN,NAYEEMNAGAR,NAIMNAGAR,PALLEVELPULA,2,COMMERCIAL,1,1,699.0,15.0
HANUMAKONDA,HANAMKONDA/TOWN,NAYEEMNAGAR,NAIMNAGAR,SARASWATHINAGAR,2,COMMERCIAL,21,19,5643.0,54.67
JAGITYAL,JAGITYAL,MALLIAL,RAMANNAPET,BALWANTHAPUR,2,COMMERCIAL,34,23,5107.0,108.901
JAGITYAL,JAGITYAL,MALLIAL,RAMANNAPET,GOLLAPALLE,2,COMMERCIAL,11,11,389.0,20.718
JAGITYAL,JAGITYAL,MALLIAL,RAMANNAPET,GURREGUDEM,2,COMMERCIAL,11,10,38.0,14.168
JAGITYAL,JAGITYAL,MALLIAL,RAMANNAPET,KONDAGATTU,2,COMMERCIAL,379,345,40157.0,715.613
JAGITYAL,JAGITYAL,MALLIAL,RAMANNAPET,MADDUTLA,2,COMMERCIAL,49,46,5284.0,84.564
JAGITYAL,JAGITYAL,MALLIAL,RAMANNAPET,NOOKAPALLY,2,COMMERCIAL,112,92,11340.0,386.159
JAGITYAL,METPALLY,METPALLY,METPALLY RURAL,VELLULLA,2,COMMERCIAL,161,143,18260.0,324.729
JAGITYAL,METPALLY,METPALLY,METPALLY RURAL,VEMPET,2,COMMERCIAL,129,126,15527.0,287.479
JAGITYAL,METPALLY,METPALLY,METPALLY RURAL,VITTAMPET,2,COMMERCIAL,18,17,1064.0,21.53
JAGITYAL,METPALLY,METPALLY,METPALLY TOWN,METPALLY TOWN 1,2,COMMERCIAL,2793,2552,264135.0,5579.534
JAGITYAL,METPALLY,METPALLY,METPALLY TOWN 2,DUBBAWADA,2,COMMERCIAL,1,0,0.0,0.24
JAGITYAL,METPALLY,METPALLY,METPALLY TOWN 2,METPALLY TOWN 2,2,COMMERCIAL,1577,1351,225595.0,3799.737
JAGITYAL,METPALLY,METPALLY,METPALLY TOWN 2,REGUNTA,2,COMMERCIAL,23,20,1096.0,29.86
JAGITYAL,METPALLY,METPALLY,METPALLY TOWN 2,VENKATRAOPET(W),2,COMMERCIAL,126,114,21524.0,398.53
JANGAON,GHANPUR,GHANPUR,GHANPUR (TOWN),CHAGAL,2,COMMERCIAL,131,100,29529.0,290.465
JANGAON,JANGAON,DEVARUPPALA,LINGALA GHANPUR,KISTAGUDEM,2,COMMERCIAL,8,6,3245.0,19.08
JANGAON,JANGAON,DEVARUPPALA,LINGALA GHANPUR,KOTHAPALLY,2,COMMERCIAL,31,25,2391.0,42.22
JANGAON,JANGAON,DEVARUPPALA,LINGALA GHANPUR,KUNDARAM,2,COMMERCIAL,96,78,8760.0,188.03
JANGAON,JANGAON,DEVARUPPALA,LINGALA GHANPUR,LINGALA GHANPUR (H),2,COMMERCIAL,165,141,17334.0,259.92
JANGAON,JANGAON,DEVARUPPALA,LINGALA GHANPUR,MANDONIGUDEM,2,COMMERCIAL,9,8,1473.0,14.0
JANGAON,JANGAON,DEVARUPPALA,LINGALA GHANPUR,MANIKYAPUR,2,COMMERCIAL,37,36,1010.0,38.86
JANGAON,JANGAON,DEVARUPPALA,LINGALA GHANPUR,NAGARAM,2,COMMERCIAL,33,28,3307.0,41.08
JANGAON,JANGAON,DEVARUPPALA,LINGALA GHANPUR,NAWABPET,2,COMMERCIAL,68,40,1503.0,79.24
JANGAON,JANGAON,DEVARUPPALA,LINGALA GHANPUR,NELAPOGULA,2,COMMERCIAL,44,34,3099.0,75.47
JANGAON,JANGAON,RAGHUNATHPALLY,THARIGOPPULA,POTHARAM,2,COMMERCIAL,15,15,529.0,21.57
JANGAON,JANGAON,RAGHUNATHPALLY,THARIGOPPULA,SOLIPURAM,2,COMMERCIAL,20,20,1170.0,27.0
JANGAON,JANGAON,RAGHUNATHPALLY,THARIGOPPULA,THARIGOPPULA,2,COMMERCIAL,300,283,30426.0,561.8
JANGAON,JANGAON,RAGHUNATHPALLY,THARIGOPPULA,VACHA THANADA,2,COMMERCIAL,4,4,33.0,5.0
KAMAREDDY,BANSWADA,BANSWADA,BANSWADA,BANSWADA,2,COMMERCIAL,3095,2747,324710.0,6339.879
KAMAREDDY,BANSWADA,BANSWADA,BANSWADA,KOYAGUTTA COLON,2,COMMERCIAL,36,33,4573.0,95.45
KAMAREDDY,BANSWADA,BANSWADA,BANSWADA RURAL,BORLAM,2,COMMERCIAL,76,61,13706.0,134.384
KAMAREDDY,BANSWADA,BANSWADA,BANSWADA RURAL,BUDMI,2,COMMERCIAL,21,20,1427.0,73.224
KAMAREDDY,BANSWADA,BANSWADA,BANSWADA RURAL,CHINNARAMPUR,2,COMMERCIAL,13,11,368.0,15.204
KAMAREDDY,BANSWADA,BANSWADA,BANSWADA RURAL,DESAIPET,2,COMMERCIAL,75,69,5417.0,118.526
KAMAREDDY,BANSWADA,PITLAM,NIZAMSAGAR,MARPALLY,2,COMMERCIAL,1,0,0.0,1.0
KAMAREDDY,BANSWADA,PITLAM,NIZAMSAGAR,MOHAMMADNAGAR,2,COMMERCIAL,130,114,10789.0,194.272
KAMAREDDY,BANSWADA,PITLAM,NIZAMSAGAR,MUGDUMPUR,2,COMMERCIAL,32,23,7970.0,70.34
KAMAREDDY,BANSWADA,PITLAM,NIZAMSAGAR,NARSINGA RAOPAL,2,COMMERCIAL,18,11,4282.0,29.0
KAMAREDDY,BANSWADA,PITLAM,NIZAMSAGAR,NARWA,2,COMMERCIAL,17,14,1492.0,25.484
KAMAREDDY,BANSWADA,PITLAM,NIZAMSAGAR,NIZAMSAGAR,2,COMMERCIAL,191,154,15671.0,320.88
KAMAREDDY,BANSWADA,PITLAM,NIZAMSAGAR,SINGEETHAM,2,COMMERCIAL,39,35,3964.0,63.72
KAMAREDDY,BANSWADA,PITLAM,NIZAMSAGAR,SULTANA NAGAR,2,COMMERCIAL,13,11,1070.0,20.24
KAMAREDDY,KAMAREDDY,Kamareddy Rural,S S NAGAR,MODEGAON,2,COMMERCIAL,22,18,495.0,28.093
KAMAREDDY,KAMAREDDY,Kamareddy Rural,S S NAGAR,PADMAJIWADI,2,COMMERCIAL,201,182,22393.0,542.347
KAMAREDDY,KAMAREDDY,Kamareddy Rural,S S NAGAR,PURYA NAYAK THANDA,2,COMMERCIAL,1,1,13.0,0.854
KAMAREDDY,KAMAREDDY,Kamareddy Rural,S S NAGAR,SADASIVANAGAR,2,COMMERCIAL,287,241,32662.0,581.966
KAMAREDDY,KAMAREDDY,Kamareddy Rural,S S NAGAR,SAJJA NAYAK T,2,COMMERCIAL,3,3,32.0,3.926
KAMAREDDY,KAMAREDDY,Kamareddy Rural,S S NAGAR,THIMMOJIWADI,2,COMMERCIAL,19,14,3563.0,37.672
KAMAREDDY,KAMAREDDY,Kamareddy Rural,S S NAGAR,THIRMANPALLY,2,COMMERCIAL,23,21,1826.0,56.65
KAMAREDDY,KAMAREDDY,Kamareddy Rural,S S NAGAR,THUKKOJIWADI,2,COMMERCIAL,9,8,151.0,10.92
KAMAREDDY,KAMAREDDY,Kamareddy Rural,S S NAGAR,UTNOOR LPT,2,COMMERCIAL,65,49,3450.0,89.287
KAMAREDDY,KAMAREDDY,Kamareddy Rural,S S NAGAR,WAJJEPALLI KHURD,2,COMMERCIAL,28,23,4725.0,44.145
KAMAREDDY,YELLAREDDY,LINGAMPET,SS REDDY,SAJJANPALLY,2,COMMERCIAL,9,8,1004.0,26.278
KAMAREDDY,YELLAREDDY,LINGAMPET,SS REDDY,SHETPALLY (K),2,COMMERCIAL,20,19,5174.0,31.938
KAMAREDDY,YELLAREDDY,YELLAREDDY,NAGIREDDIPET,ATMAKOOR,2,COMMERCIAL,29,25,763.0,44.097
KAMAREDDY,YELLAREDDY,YELLAREDDY,NAGIREDDIPET,BOLLARAM,2,COMMERCIAL,35,27,4466.0,52.552
KAMAREDDY,YELLAREDDY,YELLAREDDY,NAGIREDDIPET,Banjara thanda,2,COMMERCIAL,1,1,560.0,20.0
KAMAREDDY,YELLAREDDY,YELLAREDDY,NAGIREDDIPET,CHINOOR,2,COMMERCIAL,8,7,50.0,12.744
KAMAREDDY,YELLAREDDY,YELLAREDDY,NAGIREDDIPET,DHARMAREDDI,2,COMMERCIAL,22,20,6148.0,37.673
KAMAREDDY,YELLAREDDY,YELLAREDDY,NAGIREDDIPET,GOLI LINGAL,2,COMMERCIAL,7,7,795.0,14.344
KARIMNAGAR,HUZURABAD,JAMMIKUNTA,CHALLUR,KORKAL,2,COMMERCIAL,43,39,5977.0,81.56
KARIMNAGAR,HUZURABAD,JAMMIKUNTA,CHALLUR,MALLANNAPALLY,2,COMMERCIAL,7,7,307.0,14.0
KARIMNAGAR,HUZURABAD,JAMMIKUNTA,CHALLUR,MALLAREDY-PALLY,2,COMMERCIAL,13,12,409.0,25.0
KARIMNAGAR,HUZURABAD,JAMMIKUNTA,CHALLUR,MAMIDALAPALLY,2,COMMERCIAL,78,74,8585.0,157.27
KHAMMAM,KHAMMAM,KOTHALINGALA,CHEEMALAPADU,ERRABODU-KAR,2,COMMERCIAL,6,5,166.0,4.4
KHAMMAM,KHAMMAM,KOTHALINGALA,CHEEMALAPADU,GADHEPADU-KAR,2,COMMERCIAL,22,18,5953.0,50.74
KHAMMAM,KHAMMAM,KOTHALINGALA,CHEEMALAPADU,GANDHINAGAR-KAR,2,COMMERCIAL,41,31,7057.0,107.88
KHAMMAM,KHAMMAM,KOTHALINGALA,CHEEMALAPADU,GUDETHANDA-KAR,2,COMMERCIAL,20,19,731.0,29.08
KHAMMAM,KHAMMAM,KOTHALINGALA,CHEEMALAPADU,GUTTA KINDA GUMPA-KAR,2,COMMERCIAL,2,2,20.0,1.16
KHAMMAM,KHAMMAM,KOTHALINGALA,CHEEMALAPADU,KOMMU GUDEM-KAR,2,COMMERCIAL,9,6,776.0,10.26
KHAMMAM,KHAMMAM,KOTHALINGALA,CHEEMALAPADU,KOTHURU THANDA - KAR,2,COMMERCIAL,4,3,91.0,5.24
KHAMMAM,KHAMMAM,PEDDA GOPATHI,PEDDA GOPATHI,CHINNA GOPATHI,2,COMMERCIAL,33,30,5482.0,50.82
KHAMMAM,KHAMMAM,PEDDA GOPATHI,PEDDA GOPATHI,CHINNA MUNAGALA,2,COMMERCIAL,38,35,1852.0,48.14
KHAMMAM,KHAMMAM,PEDDA GOPATHI,PEDDA GOPATHI,KONDA VANAMALA,2,COMMERCIAL,20,18,907.0,41.0
KHAMMAM,KHAMMAM,PEDDA GOPATHI,PEDDA GOPATHI,KOTHA KACHARAM,2,COMMERCIAL,5,5,142.0,13.24
KHAMMAM,KHAMMAM,PEDDA GOPATHI,PEDDA GOPATHI,PATHA KACHARAM,2,COMMERCIAL,7,6,1593.0,13.55
KHAMMAM,KHAMMAM,PEDDA GOPATHI,PEDDA GOPATHI,PEDDA GOPATHI,2,COMMERCIAL,100,92,9129.0,193.46
KHAMMAM,KHAMMAM,PEDDA GOPATHI,PEDDA GOPATHI,PEDDA MUNAGALA,2,COMMERCIAL,56,48,6885.0,87.0
KHAMMAM,KHAMMAM,PEDDA GOPATHI,PEDDA GOPATHI,RAMANARSAINAGAR,2,COMMERCIAL,12,10,544.0,18.98
KHAMMAM,KHAMMAM,PEDDA GOPATHI,PEDDA GOPATHI,REDDY GUDEM,2,COMMERCIAL,11,7,342.0,11.1
KHAMMAM,KHAMMAM,PEDDA GOPATHI,PEDDA GOPATHI,Rajyathanda,2,COMMERCIAL,11,10,808.0,70.0
KHAMMAM,KHAMMAM,PEDDA GOPATHI,PEDDA GOPATHI,T.M.PALLY,2,COMMERCIAL,43,41,6686.0,81.515
KHAMMAM,KHAMMAM RURAL,KUSUMANCHI,RAJESHWARAPURAM,BODULABANDA,2,COMMERCIAL,74,65,8283.0,118.935
KHAMMAM,KHAMMAM RURAL,KUSUMANCHI,RAJESHWARAPURAM,CHENNARAM,2,COMMERCIAL,52,46,6528.0,72.08
KHAMMAM,KHAMMAM RURAL,KUSUMANCHI,RAJESHWARAPURAM,K KOMMU THAND,2,COMMERCIAL,1,1,0.0,0.914
KHAMMAM,KHAMMAM RURAL,KUSUMANCHI,RAJESHWARAPURAM,KONAIGUDEM,2,COMMERCIAL,17,15,769.0,27.0
KHAMMAM,KHAMMAM RURAL,KUSUMANCHI,RAJESHWARAPURAM,KORATLAGUDEM,2,COMMERCIAL,33,27,4271.0,61.44
KHAMMAM,KHAMMAM RURAL,KUSUMANCHI,RAJESHWARAPURAM,KOTHURU,2,COMMERCIAL,6,6,298.0,9.835
KHAMMAM,KHAMMAM RURAL,KUSUMANCHI,RAJESHWARAPURAM,MANDRAJPALLY,2,COMMERCIAL,21,20,1046.0,34.18
KHAMMAM,KHAMMAM RURAL,KUSUMANCHI,RAJESHWARAPURAM,MOTAPURAM,2,COMMERCIAL,28,21,4579.0,55.07
KHAMMAM,KHAMMAM RURAL,KUSUMANCHI,RAJESHWARAPURAM,RAJESHWERPURAM,2,COMMERCIAL,135,124,14753.0,223.395
KHAMMAM,KHAMMAM RURAL,KUSUMANCHI,RAJESHWARAPURAM,RAMCHANDRAPURAM,2,COMMERCIAL,16,13,449.0,17.27
KHAMMAM,SATHUPALLY,PENUBALLY,PENUBALLY,KARALAPADU,2,COMMERCIAL,11,10,539.0,17.44
KHAMMAM,SATHUPALLY,PENUBALLY,PENUBALLY,KUPPENA KUNTLA,2,COMMERCIAL,79,68,17969.0,160.003
KHAMMAM,SATHUPALLY,PENUBALLY,PENUBALLY,LINGAGUDEM,2,COMMERCIAL,47,39,5827.0,74.56
KHAMMAM,SATHUPALLY,PENUBALLY,PENUBALLY,MONDIKUNTA,2,COMMERCIAL,2,2,1755.0,15.0
KHAMMAM,SATHUPALLY,PENUBALLY,PENUBALLY,NAYAKULAGUDEM,2,COMMERCIAL,1,1,451.0,2.0
KHAMMAM,SATHUPALLY,PENUBALLY,PENUBALLY,PARDHASARADHIPU,2,COMMERCIAL,7,7,185.0,7.24
KHAMMAM,SATHUPALLY,PENUBALLY,PENUBALLY,PENUBALLY,2,COMMERCIAL,492,429,53485.0,783.197
KHAMMAM,SATHUPALLY,PENUBALLY,PENUBALLY,R.R.BANZARA,2,COMMERCIAL,44,40,2684.0,67.78
KHAMMAM,SATHUPALLY,PENUBALLY,PENUBALLY,RANGARAO BANZAR,2,COMMERCIAL,4,2,124.0,6.38
KHAMMAM,SATHUPALLY,PENUBALLY,PENUBALLY,SEENYA THANDA,2,COMMERCIAL,1,1,67.0,2.0
KHAMMAM,SATHUPALLY,PENUBALLY,PENUBALLY,SEETARAMPURAM,2,COMMERCIAL,3,1,223.0,8.98
HANUMAKONDA,HANAMKONDA/TOWN,NAYEEMNAGAR,GOPALPUR,TV TOWER,2,COMMERCIAL,109,100,12592.0,341.67
HANUMAKONDA,HANAMKONDA/TOWN,NAYEEMNAGAR,GOPALPUR,VIDYARANYAPURI,2,COMMERCIAL,377,350,99634.0,1449.6
HANUMAKONDA,HANAMKONDA/TOWN,NAYEEMNAGAR,NAIMNAGAR,GANDHINAGAR,2,COMMERCIAL,1,1,223.0,2.0
HANUMAKONDA,HANAMKONDA/TOWN,NAYEEMNAGAR,NAIMNAGAR,HANUMANNAGAR,2,COMMERCIAL,26,26,6880.0,67.5
HANUMAKONDA,HANAMKONDA/TOWN,NAYEEMNAGAR,NAIMNAGAR,IDGAH,2,COMMERCIAL,341,324,26977.0,612.71
HANUMAKONDA,HANAMKONDA/TOWN,NAYEEMNAGAR,NAIMNAGAR,K U C ROAD,2,COMMERCIAL,317,295,90956.0,1613.835
HANUMAKONDA,HANAMKONDA/TOWN,NAYEEMNAGAR,NAIMNAGAR,KISHANPURA,2,COMMERCIAL,481,434,118948.0,1756.64
HANUMAKONDA,HANAMKONDA/TOWN,NAYEEMNAGAR,NAIMNAGAR,KOTHUR,2,COMMERCIAL,36,34,44719.0,110.11
HANUMAKONDA,HANAMKONDA/TOWN,NAYEEMNAGAR,NAIMNAGAR,KUMARPALLY,2,COMMERCIAL,32,31,2657.0,105.846
HANUMAKONDA,HANAMKONDA/TOWN,NAYEEMNAGAR,NAIMNAGAR,L B MAIN ROAD,2,COMMERCIAL,486,370,48892.0,1088.21
HANUMAKONDA,HANAMKONDA/TOWN,NAYEEMNAGAR,NAIMNAGAR,LASHKAR BAZAR,2,COMMERCIAL,170,148,25442.0,329.94
HANUMAKONDA,HANAMKONDA/TOWN,NAYEEMNAGAR,NAIMNAGAR,LASHKAR SINGARAM,2,COMMERCIAL,609,578,137249.0,1646.032
JAGITYAL,JAGITYAL,GOLLAPALLY,PEGADAPALLY,MALA VENKAYA PALLY,2,COMMERCIAL,8,8,317.0,8.72
JAGITYAL,JAGITYAL,GOLLAPALLY,PEGADAPALLY,NAMAPOOR,2,COMMERCIAL,31,30,5205.0,53.66
JAGITYAL,JAGITYAL,GOLLAPALLY,PEGADAPALLY,NANDAGIRI,2,COMMERCIAL,31,24,1087.0,49.36
JAGITYAL,JAGITYAL,GOLLAPALLY,PEGADAPALLY,NARSIMHAMPETA,2,COMMERCIAL,5,5,277.0,5.0
JAGITYAL,JAGITYAL,GOLLAPALLY,PEGADAPALLY,PEGADAPALLY,2,COMMERCIAL,331,288,29922.0,542.815
JAGITYAL,JAGITYAL,GOLLAPALLY,PEGADAPALLY,RAJARAM PALLY,2,COMMERCIAL,26,25,3506.0,44.99
JAGITYAL,JAGITYAL,GOLLAPALLY,PEGADAPALLY,RAMABADRUNI PALLY,2,COMMERCIAL,7,5,164.0,5.66
JAGITYAL,JAGITYAL,GOLLAPALLY,PEGADAPALLY,YELLAPUR,2,COMMERCIAL,21,19,2727.0,46.27
JAGITYAL,JAGITYAL,Jagitial Rural,BEERPUR,BEERPUR,2,COMMERCIAL,99,93,10123.0,165.848
JAGITYAL,JAGITYAL,MALLIAL,PUDUR,NARSIMHULAPALLY,2,COMMERCIAL,8,8,491.0,14.93
JAGITYAL,JAGITYAL,MALLIAL,PUDUR,PUDUR,2,COMMERCIAL,223,203,20549.0,390.306
JAGITYAL,JAGITYAL,MALLIAL,PUDUR,SREE RAMULAPALLY,2,COMMERCIAL,10,10,519.0,11.185
JAGITYAL,JAGITYAL,MALLIAL,PUDUR,THURKASHINAGAR,2,COMMERCIAL,12,12,1085.0,17.303
JANGAON,JANGAON,RAGHUNATHPALLY,THARIGOPPULA,KOTHA THANDA,2,COMMERCIAL,2,2,222.0,2.0
JANGAON,JANGAON,RAGHUNATHPALLY,THARIGOPPULA,MANSINGH THANDA,2,COMMERCIAL,2,2,96.0,2.0
JANGAON,JANGAON,RAGHUNATHPALLY,THARIGOPPULA,MARIYAPURAM,2,COMMERCIAL,13,11,1852.0,24.61
JANGAON,JANGAON,RAGHUNATHPALLY,THARIGOPPULA,NARSAPUR,2,COMMERCIAL,13,12,466.0,18.0
KAMAREDDY,BANSWADA,PITLAM,NIZAMSAGAR,Dupsing thanda,2,COMMERCIAL,2,2,29.0,6.5
KAMAREDDY,BANSWADA,PITLAM,NIZAMSAGAR,GALIPUR,2,COMMERCIAL,18,11,357.0,28.5
KAMAREDDY,BANSWADA,PITLAM,NIZAMSAGAR,GORGEL,2,COMMERCIAL,11,7,379.0,28.92
KAMAREDDY,BANSWADA,PITLAM,NIZAMSAGAR,GUNKUL,2,COMMERCIAL,7,4,107.0,9.33
KAMAREDDY,BANSWADA,PITLAM,NIZAMSAGAR,Girni thanda,2,COMMERCIAL,5,5,71.0,5.5
KAMAREDDY,BANSWADA,PITLAM,NIZAMSAGAR,HASANPALLY,2,COMMERCIAL,30,29,1655.0,34.797
KAMAREDDY,BANSWADA,PITLAM,NIZAMSAGAR,JAKKAPUR,2,COMMERCIAL,2,0,0.0,1.26
KAMAREDDY,BANSWADA,PITLAM,NIZAMSAGAR,KOMALANCHA,2,COMMERCIAL,22,18,4180.0,38.73
KAMAREDDY,BANSWADA,PITLAM,NIZAMSAGAR,MAGHI,2,COMMERCIAL,30,18,2837.0,60.41
KAMAREDDY,BANSWADA,PITLAM,NIZAMSAGAR,MALLUR,2,COMMERCIAL,45,39,6778.0,66.113
KAMAREDDY,BANSWADA,PITLAM,NIZAMSAGAR,MANGLUR,2,COMMERCIAL,15,10,794.0,28.82
KAMAREDDY,KAMAREDDY,Kamareddy Rural,S S NAGAR,DAGGI,2,COMMERCIAL,5,4,3841.0,20.52
KAMAREDDY,KAMAREDDY,Kamareddy Rural,S S NAGAR,DHARMARAO PET,2,COMMERCIAL,44,39,4126.0,75.938
KAMAREDDY,KAMAREDDY,Kamareddy Rural,S S NAGAR,JANGAON,2,COMMERCIAL,6,6,160.0,5.12
KAMAREDDY,KAMAREDDY,Kamareddy Rural,S S NAGAR,KALWARAL,2,COMMERCIAL,43,29,17259.0,183.378
KAMAREDDY,KAMAREDDY,Kamareddy Rural,S S NAGAR,KUPRIYAL,2,COMMERCIAL,61,53,5382.0,97.184
KAMAREDDY,KAMAREDDY,Kamareddy Rural,S S NAGAR,LAXMI NAYAK THANDA,2,COMMERCIAL,4,4,1562.0,21.946
KAMAREDDY,KAMAREDDY,Kamareddy Rural,S S NAGAR,LINGAMPALLY,2,COMMERCIAL,13,12,1053.0,35.812
KAMAREDDY,KAMAREDDY,Kamareddy Rural,S S NAGAR,MALLUPET,2,COMMERCIAL,9,7,3727.0,56.602
KAMAREDDY,KAMAREDDY,Kamareddy Rural,S S NAGAR,MARKAL,2,COMMERCIAL,74,55,8852.0,187.896
KAMAREDDY,YELLAREDDY,LINGAMPET,SS REDDY,MAMBOJIPET,2,COMMERCIAL,6,6,1383.0,23.76
KAMAREDDY,YELLAREDDY,LINGAMPET,SS REDDY,MENGARAM,2,COMMERCIAL,8,6,1297.0,21.776
KAMAREDDY,YELLAREDDY,LINGAMPET,SS REDDY,Maloth sangya nayak thanda,2,COMMERCIAL,3,3,85.0,2.952
KAMAREDDY,YELLAREDDY,LINGAMPET,SS REDDY,Maloth thanda,2,COMMERCIAL,4,3,82.0,4.982
KAMAREDDY,YELLAREDDY,LINGAMPET,SS REDDY,Mumbajipet thanda,2,COMMERCIAL,4,4,248.0,5.882
KAMAREDDY,YELLAREDDY,LINGAMPET,SS REDDY,NAGARAM,2,COMMERCIAL,1,1,3411.0,15.0
KAMAREDDY,YELLAREDDY,LINGAMPET,SS REDDY,NALLAMADUGU,2,COMMERCIAL,7,7,822.0,11.416
KAMAREDDY,YELLAREDDY,LINGAMPET,SS REDDY,PERMALLA,2,COMMERCIAL,23,22,518.0,30.491
KAMAREDDY,YELLAREDDY,LINGAMPET,SS REDDY,RAMPUR,2,COMMERCIAL,2,0,0.0,1.906
KAMAREDDY,YELLAREDDY,LINGAMPET,SS REDDY,S S REDDY,2,COMMERCIAL,55,50,7099.0,95.699
KARIMNAGAR,HUZURABAD,JAMMIKUNTA,CHALLUR,BONTUPALLY,2,COMMERCIAL,28,27,1322.0,42.228
KARIMNAGAR,HUZURABAD,JAMMIKUNTA,CHALLUR,CHALLUR,2,COMMERCIAL,267,237,22240.0,431.73
KARIMNAGAR,HUZURABAD,JAMMIKUNTA,CHALLUR,DESAI PALLY,2,COMMERCIAL,21,21,3181.0,61.79
KARIMNAGAR,HUZURABAD,JAMMIKUNTA,CHALLUR,ELBAKA,2,COMMERCIAL,46,44,4151.0,88.2
KARIMNAGAR,HUZURABAD,JAMMIKUNTA,CHALLUR,GANGARAM,2,COMMERCIAL,38,36,3668.0,61.9
KARIMNAGAR,HUZURABAD,JAMMIKUNTA,CHALLUR,GANMUKLA,2,COMMERCIAL,76,71,5743.0,120.7
KARIMNAGAR,HUZURABAD,JAMMIKUNTA,CHALLUR,GOLLAPALLY,2,COMMERCIAL,3,3,36.0,3.0
KARIMNAGAR,HUZURABAD,JAMMIKUNTA,CHALLUR,ILABAD,2,COMMERCIAL,2,2,34.0,2.0
KARIMNAGAR,HUZURABAD,JAMMIKUNTA,CHALLUR,IPPALAPALLY,2,COMMERCIAL,6,4,67.0,6.0
KARIMNAGAR,HUZURABAD,JAMMIKUNTA,CHALLUR,KISTAMPET,2,COMMERCIAL,12,10,486.0,15.65
KARIMNAGAR,KARIMNAGAR,Karimnagar Rural,KNR EAST,SARASWATHINAGAR,2,COMMERCIAL,223,222,29617.0,693.348
KARIMNAGAR,KARIMNAGAR,Karimnagar Rural,KNR EAST,TEEGALGUTTAPALLY,2,COMMERCIAL,357,265,36808.0,1153.522
KARIMNAGAR,KARIMNAGAR,Karimnagar Rural,KNR EAST,VALLAMPAHAD,2,COMMERCIAL,64,63,6554.0,168.04
KARIMNAGAR,KARIMNAGAR,Karimnagar Rural,KNR EAST,VIDHYARANYAPURI,2,COMMERCIAL,192,191,48847.0,952.195
KARIMNAGAR,KARIMNAGAR,Karimnagar Rural,KNR WEST,ASIFF NAGAR,2,COMMERCIAL,733,679,91553.0,1648.031
KARIMNAGAR,KARIMNAGAR,Karimnagar Rural,KNR WEST,BADDIPALLY,2,COMMERCIAL,48,48,2905.0,123.06
KARIMNAGAR,KARIMNAGAR,Karimnagar Rural,KNR WEST,CHINTHAKUNTA,2,COMMERCIAL,701,617,93638.0,1977.243
KARIMNAGAR,KARIMNAGAR,Karimnagar Rural,KNR WEST,ELGANDAL,2,COMMERCIAL,143,114,21799.0,381.69
KARIMNAGAR,KARIMNAGAR RURAL,Gangadhara,GANGADHARA,ISTARPALLY H/O.NARAY,2,COMMERCIAL,2,2,3581.0,11.0
KARIMNAGAR,KARIMNAGAR RURAL,Gangadhara,GANGADHARA,KACHIREDDYPALLY,2,COMMERCIAL,13,13,584.0,22.9
KARIMNAGAR,KARIMNAGAR RURAL,Gangadhara,GANGADHARA,KONDAYAPALLY,2,COMMERCIAL,16,16,2966.0,30.0
KARIMNAGAR,KARIMNAGAR RURAL,Gangadhara,GANGADHARA,KORKONDLAPALLY H/O.B,2,COMMERCIAL,1,1,510.0,1.0
KARIMNAGAR,KARIMNAGAR RURAL,Gangadhara,GANGADHARA,KURIKYALA,2,COMMERCIAL,47,46,8868.0,163.24
KARIMNAGAR,KARIMNAGAR RURAL,Gangadhara,GANGADHARA,KURMAPALLY H/O.RYALA,2,COMMERCIAL,5,5,435.0,14.13
KARIMNAGAR,KARIMNAGAR RURAL,Gangadhara,GANGADHARA,LAXMIDEVIPALLY,2,COMMERCIAL,34,31,3610.0,64.88
KARIMNAGAR,KARIMNAGAR RURAL,Gangadhara,GANGADHARA,LINGAMPALLY H/o BURU,2,COMMERCIAL,4,4,360.0,9.87
KARIMNAGAR,KARIMNAGAR RURAL,Gangadhara,GANGADHARA,MADHURANAGAR,2,COMMERCIAL,717,696,72359.0,1468.63
KARIMNAGAR,KARIMNAGAR RURAL,Gangadhara,GANGADHARA,MANGAPETA,2,COMMERCIAL,6,5,1608.0,53.0
KHAMMAM,KHAMMAM,KOTHALINGALA,CHEEMALAPADU,CHINAMADAM PALLY-KAR,2,COMMERCIAL,3,2,20.0,2.16
KHAMMAM,KHAMMAM,KOTHALINGALA,CHEEMALAPADU,CHINTALABODU-KAR,2,COMMERCIAL,4,4,20.0,5.5
KHAMMAM,KHAMMAM RURAL,KUSUMANCHI,RAJESHWARAPURAM,AREGUDEM,2,COMMERCIAL,20,19,1468.0,37.46
KHAMMAM,SATHUPALLY,PENUBALLY,PEDDA KORUKONDI,VISWANADHAPURAM,2,COMMERCIAL,5,5,44.0,6.28
KHAMMAM,SATHUPALLY,PENUBALLY,PEDDA KORUKONDI,YAGNANARAYANAPURAM,2,COMMERCIAL,11,11,1606.0,30.39
KHAMMAM,SATHUPALLY,PENUBALLY,PENUBALLY,BAYYANNAGUDEM,2,COMMERCIAL,45,32,2435.0,80.798
KHAMMAM,SATHUPALLY,PENUBALLY,PENUBALLY,BHAVANAPALEM,2,COMMERCIAL,13,13,6016.0,55.504
KHAMMAM,SATHUPALLY,PENUBALLY,PENUBALLY,BRAHAMALAKUNTA,2,COMMERCIAL,11,9,702.0,13.83
KHAMMAM,SATHUPALLY,PENUBALLY,PENUBALLY,EDLA BANZARA,2,COMMERCIAL,28,27,4800.0,62.48
KHAMMAM,SATHUPALLY,PENUBALLY,PENUBALLY,GANGADEVIPAD,2,COMMERCIAL,41,36,1143.0,56.144
KHAMMAM,SATHUPALLY,PENUBALLY,PENUBALLY,GOURARAM,2,COMMERCIAL,42,37,6111.0,135.9
HANUMAKONDA,HANAMKONDA/TOWN,KAZIPET,WADDEPALLY,WADDEPALLY,2,COMMERCIAL,61,59,10239.0,156.47
HANUMAKONDA,HANAMKONDA/TOWN,KAZIPET,WADDEPALLY,WADDEPALLY 1,2,COMMERCIAL,183,167,32094.0,593.35
HANUMAKONDA,HANAMKONDA/TOWN,NAYEEMNAGAR,GOPALPUR,FCI COLONY,2,COMMERCIAL,357,344,40409.0,870.07
HANUMAKONDA,HANAMKONDA/TOWN,NAYEEMNAGAR,GOPALPUR,GOPALPUR,2,COMMERCIAL,394,370,65521.0,989.44
HANUMAKONDA,HANAMKONDA/TOWN,NAYEEMNAGAR,GOPALPUR,JAWAHAR COLONY,2,COMMERCIAL,313,297,50113.0,774.653
HANUMAKONDA,HANAMKONDA/TOWN,NAYEEMNAGAR,GOPALPUR,NGOs COLONY,2,COMMERCIAL,391,366,78774.0,1364.88
HANUMAKONDA,HANAMKONDA/TOWN,NAYEEMNAGAR,GOPALPUR,SAMMAIAH NAGAR,2,COMMERCIAL,193,173,30313.0,481.47
HANUMAKONDA,HANAMKONDA/TOWN,NAYEEMNAGAR,GOPALPUR,SARASWATHI NAGAR-II,2,COMMERCIAL,266,255,30268.0,555.64
JAGITYAL,JAGITYAL,GOLLAPALLY,GOLLAPALLY,RAPALLY,2,COMMERCIAL,38,36,1630.0,44.63
JAGITYAL,JAGITYAL,GOLLAPALLY,GOLLAPALLY,SHANKER RAO PET,2,COMMERCIAL,15,13,618.0,20.885
JAGITYAL,JAGITYAL,GOLLAPALLY,GOLLAPALLY,THIRUMALAPUR,2,COMMERCIAL,44,44,4246.0,76.605
JAGITYAL,JAGITYAL,GOLLAPALLY,GOLLAPALLY,VENGALAPUR,2,COMMERCIAL,19,17,1334.0,31.685
JAGITYAL,JAGITYAL,GOLLAPALLY,PEGADAPALLY,AITHAPALLY,2,COMMERCIAL,35,35,7324.0,60.54
JAGITYAL,JAGITYAL,GOLLAPALLY,PEGADAPALLY,EDUMOOTALAPALLY,2,COMMERCIAL,4,2,11.0,2.56
JAGITYAL,JAGITYAL,GOLLAPALLY,PEGADAPALLY,KEESULATAPALLY,2,COMMERCIAL,24,20,785.0,29.97
JAGITYAL,JAGITYAL,GOLLAPALLY,PEGADAPALLY,LAMBADITHANDA,2,COMMERCIAL,1,1,82.0,2.0
JAGITYAL,JAGITYAL,GOLLAPALLY,PEGADAPALLY,LEGALAMARRY,2,COMMERCIAL,13,10,1395.0,40.53
JAGITYAL,JAGITYAL,MALLIAL,MALLIAL,MUTHYAMPET,2,COMMERCIAL,84,74,4687.0,176.778
JAGITYAL,JAGITYAL,MALLIAL,MALLIAL,MYDAMPALLY,2,COMMERCIAL,33,30,1630.0,54.082
JAGITYAL,JAGITYAL,MALLIAL,MALLIAL,THAKKALLAPALLY II,2,COMMERCIAL,80,76,9382.0,114.763
JAGITYAL,JAGITYAL,MALLIAL,MALLIAL,THATIPALLY,2,COMMERCIAL,105,99,11152.0,180.889
JAGITYAL,JAGITYAL,MALLIAL,PUDUR,APPARAOPET,2,COMMERCIAL,24,23,2618.0,41.47
JAGITYAL,JAGITYAL,MALLIAL,PUDUR,AREPALLY,2,COMMERCIAL,11,10,308.0,9.815
JAGITYAL,JAGITYAL,MALLIAL,PUDUR,CHEPPIAL,2,COMMERCIAL,73,70,11533.0,142.111
JAGITYAL,JAGITYAL,MALLIAL,PUDUR,GOPALRAOPET,2,COMMERCIAL,5,4,154.0,7.0
JAGITYAL,JAGITYAL,MALLIAL,PUDUR,GOURAPOOR,2,COMMERCIAL,11,10,231.0,19.98
JAGITYAL,JAGITYAL,MALLIAL,PUDUR,NACHAPALLY,2,COMMERCIAL,151,138,20295.0,294.924
JAGITYAL,JAGITYAL,MALLIAL,PUDUR,NAMILIKONDA,2,COMMERCIAL,58,52,10389.0,118.228
JAGITYAL,METPALLY,METPALLY,METPALLY RURAL,CHINTHALPET H/O VEMP,2,COMMERCIAL,25,24,1309.0,44.411
JAGITYAL,METPALLY,METPALLY,METPALLY RURAL,JAGGASAGAR,2,COMMERCIAL,77,71,13139.0,226.53
JAGITYAL,METPALLY,METPALLY,METPALLY RURAL,KONDRAOPETH/O KONDRI,2,COMMERCIAL,31,28,3674.0,66.24
JAGITYAL,METPALLY,METPALLY,METPALLY RURAL,KONDRIKARLA,2,COMMERCIAL,36,32,2996.0,80.48
JAGITYAL,METPALLY,METPALLY,METPALLY RURAL,METLACHITTAPOOR,2,COMMERCIAL,35,34,7745.0,56.423
JAGITYAL,METPALLY,METPALLY,METPALLY RURAL,PATIMEEDI THANDA,2,COMMERCIAL,1,1,0.0,1.0
JAGITYAL,METPALLY,METPALLY,METPALLY RURAL,RAMCHANDRAMPET,2,COMMERCIAL,4,3,840.0,11.0
JAGITYAL,METPALLY,METPALLY,METPALLY RURAL,RAMLACHAKKAPET,2,COMMERCIAL,16,16,467.0,23.37
JAGITYAL,METPALLY,METPALLY,METPALLY RURAL,RANGARAOPET,2,COMMERCIAL,11,10,345.0,14.48
JANGAON,JANGAON,DEVARUPPALA,DEVARUPPALA,PADAMTI THANDA,2,COMMERCIAL,2,2,102.0,4.0
JANGAON,JANGAON,DEVARUPPALA,DEVARUPPALA,PEDDA THANDA,2,COMMERCIAL,7,4,408.0,14.0
JANGAON,JANGAON,DEVARUPPALA,DEVARUPPALA,POTTIGUTTA THANDA,2,COMMERCIAL,1,1,83.0,1.0
JANGAON,JANGAON,DEVARUPPALA,DEVARUPPALA,SEETHARAMPUR,2,COMMERCIAL,41,32,2998.0,80.73
JANGAON,JANGAON,DEVARUPPALA,DEVARUPPALA,SEETHYA THANDA,2,COMMERCIAL,1,1,55.0,1.0
JANGAON,JANGAON,DEVARUPPALA,DEVARUPPALA,UN-MATCH,2,COMMERCIAL,1,0,0.0,3.0
JANGAON,JANGAON,DEVARUPPALA,LINGALA GHANPUR,BANDLAGUDEM,2,COMMERCIAL,9,9,571.0,37.61
JANGAON,JANGAON,DEVARUPPALA,LINGALA GHANPUR,CHEETUR,2,COMMERCIAL,35,29,5572.0,62.41
JANGAON,JANGAON,DEVARUPPALA,LINGALA GHANPUR,Enabavi,2,COMMERCIAL,2,2,30.0,2.0
JANGAON,JANGAON,DEVARUPPALA,LINGALA GHANPUR,GUMMADAVELLI,2,COMMERCIAL,38,34,1788.0,66.69
JANGAON,JANGAON,DEVARUPPALA,LINGALA GHANPUR,JEEDIKAL,2,COMMERCIAL,68,56,6633.0,138.76
JANGAON,JANGAON,DEVARUPPALA,LINGALA GHANPUR,KALLEM,2,COMMERCIAL,67,50,8227.0,114.55
JANGAON,JANGAON,RAGHUNATHPALLY,THARIGOPPULA,AKKARAJPALLI,2,COMMERCIAL,8,8,1906.0,29.2
JANGAON,JANGAON,RAGHUNATHPALLY,THARIGOPPULA,ANKUSHAPUR,2,COMMERCIAL,38,33,2935.0,67.41
JANGAON,JANGAON,RAGHUNATHPALLY,THARIGOPPULA,BOJYA THANDA,2,COMMERCIAL,5,5,132.0,7.0
JANGAON,JANGAON,RAGHUNATHPALLY,THARIGOPPULA,BONTHAGATTUNAGARAM,2,COMMERCIAL,20,16,6110.0,51.72
JANGAON,JANGAON,RAGHUNATHPALLY,THARIGOPPULA,BOTHALAPARRI THANDA,2,COMMERCIAL,14,13,648.0,17.2
JANGAON,JANGAON,RAGHUNATHPALLY,THARIGOPPULA,JALBAI THANDA,2,COMMERCIAL,4,3,129.0,4.24
KAMAREDDY,YELLAREDDY,LINGAMPET,SS REDDY,BHAVANIPET,2,COMMERCIAL,26,22,4461.0,40.608
KAMAREDDY,YELLAREDDY,LINGAMPET,SS REDDY,BONAL,2,COMMERCIAL,6,5,1134.0,19.5
KAMAREDDY,YELLAREDDY,LINGAMPET,SS REDDY,BOYANPALLY,2,COMMERCIAL,3,3,0.0,5.254
KAMAREDDY,YELLAREDDY,LINGAMPET,SS REDDY,Banapoor thanda,2,COMMERCIAL,1,1,25.0,0.998
KAMAREDDY,YELLAREDDY,LINGAMPET,SS REDDY,EKKAPALLY,2,COMMERCIAL,4,3,64.0,2.422
KAMAREDDY,YELLAREDDY,LINGAMPET,SS REDDY,JALDIPALLY,2,COMMERCIAL,2,2,151.0,3.753
KAMAREDDY,YELLAREDDY,LINGAMPET,SS REDDY,KONDAPOOR,2,COMMERCIAL,4,4,405.0,4.946
KAMAREDDY,YELLAREDDY,LINGAMPET,SS REDDY,KOREPOLE,2,COMMERCIAL,13,11,309.0,11.862
KARIMNAGAR,HUZURABAD,HUZURABAD,TADIKAL,IPPALAPALLY,2,COMMERCIAL,12,12,2129.0,24.05
KARIMNAGAR,HUZURABAD,HUZURABAD,TADIKAL,KANNAPOOR,2,COMMERCIAL,54,51,4799.0,93.801
KARIMNAGAR,HUZURABAD,HUZURABAD,TADIKAL,KARIMPET,2,COMMERCIAL,37,37,1836.0,51.05
KARIMNAGAR,HUZURABAD,HUZURABAD,TADIKAL,KESHAVAPATNAM,2,COMMERCIAL,500,473,45224.0,901.66
KARIMNAGAR,HUZURABAD,HUZURABAD,TADIKAL,MAKTHA,2,COMMERCIAL,2,2,208.0,2.0
KARIMNAGAR,HUZURABAD,HUZURABAD,TADIKAL,MUTHARAM,2,COMMERCIAL,32,31,1526.0,62.12
KARIMNAGAR,HUZURABAD,HUZURABAD,TADIKAL,PAPAIAHPALLY,2,COMMERCIAL,4,3,819.0,6.0
KARIMNAGAR,HUZURABAD,HUZURABAD,TADIKAL,TADIKAL,2,COMMERCIAL,101,98,14532.0,180.45
KARIMNAGAR,HUZURABAD,HUZURABAD,TADIKAL,VANKAYAGUDEM,2,COMMERCIAL,42,41,2751.0,66.54
KARIMNAGAR,HUZURABAD,HUZURABAD,TADIKAL,YERADAPALLY,2,COMMERCIAL,43,40,5052.0,88.952
KARIMNAGAR,KARIMNAGAR,KARIMNAGAR TOWN 2,KRN TOWN 9,UJWALA PARK,2,COMMERCIAL,127,124,12467.0,479.0
KARIMNAGAR,KARIMNAGAR,KARIMNAGAR TOWN 2,KRN TOWN 9,VINAYAKA NAGAR,2,COMMERCIAL,44,43,5356.0,93.69
KARIMNAGAR,KARIMNAGAR,Karimnagar Rural,BOMMAKAL,BOMMAKAL,2,COMMERCIAL,1367,1249,177663.0,4535.88
KARIMNAGAR,KARIMNAGAR,Karimnagar Rural,BOMMAKAL,CHEGURTHI,2,COMMERCIAL,31,20,1256.0,96.33
KARIMNAGAR,KARIMNAGAR,Karimnagar Rural,BOMMAKAL,DURSHED,2,COMMERCIAL,255,237,27812.0,489.28
KARIMNAGAR,KARIMNAGAR,Karimnagar Rural,BOMMAKAL,GOPALPOOR,2,COMMERCIAL,123,111,12879.0,272.74
KARIMNAGAR,KARIMNAGAR,Karimnagar Rural,BOMMAKAL,MANDULAPALLI,2,COMMERCIAL,7,7,3460.0,23.76
KARIMNAGAR,KARIMNAGAR,Karimnagar Rural,KNR EAST,ARAPALLI,2,COMMERCIAL,221,197,19669.0,507.44
KARIMNAGAR,KARIMNAGAR,Karimnagar Rural,KNR EAST,MANIKYESHWARINAGAR,2,COMMERCIAL,289,286,47189.0,1044.04
KARIMNAGAR,KARIMNAGAR,Karimnagar Rural,KNR EAST,NAGUNOOR,2,COMMERCIAL,310,287,49906.0,989.108
KARIMNAGAR,KARIMNAGAR RURAL,Gangadhara,CHOPPADANDI,KOLIMIKUNTA,2,COMMERCIAL,27,22,1368.0,40.1
KARIMNAGAR,KARIMNAGAR RURAL,Gangadhara,CHOPPADANDI,RUKMAPOOR,2,COMMERCIAL,65,59,14742.0,167.639
KARIMNAGAR,KARIMNAGAR RURAL,Gangadhara,CHOPPADANDI,VEDURUGATTA,2,COMMERCIAL,67,58,9311.0,133.44
KARIMNAGAR,KARIMNAGAR RURAL,Gangadhara,GANGADHARA,BURUGUPALLY,2,COMMERCIAL,164,155,14882.0,300.359
KARIMNAGAR,KARIMNAGAR RURAL,Gangadhara,GANGADHARA,CHERLAPALLY H/O.NARA,2,COMMERCIAL,9,9,391.0,13.0
KARIMNAGAR,KARIMNAGAR RURAL,Gangadhara,GANGADHARA,CHERLAPALLY(H/o RAYA,2,COMMERCIAL,6,6,261.0,14.74
KARIMNAGAR,KARIMNAGAR RURAL,Gangadhara,GANGADHARA,GANGADHARA,2,COMMERCIAL,147,134,15461.0,348.322
KARIMNAGAR,KARIMNAGAR RURAL,Gangadhara,GANGADHARA,ISLAMPUR,2,COMMERCIAL,11,9,405.0,16.56
KHAMMAM,KHAMMAM,KHAMMAM(T),KHAMMAM TOWN-2,ZONE (12) KHAMMAM,2,COMMERCIAL,931,824,144218.0,2510.92
KHAMMAM,KHAMMAM,KHAMMAM(T),KHAMMAM TOWN-2,ZONE (7)  KHAMMAM,2,COMMERCIAL,853,631,399063.0,7211.25
KHAMMAM,KHAMMAM,KHAMMAM(T),KHAMMAM TOWN-2,ZONE (9)  KHAMMAM,2,COMMERCIAL,2,0,0.0,1.4
KHAMMAM,KHAMMAM,KHAMMAM(T),KHAMMAM TOWN-5,ZONE (16) KHAMMAM,2,COMMERCIAL,519,505,64760.0,1106.04
KHAMMAM,KHAMMAM,KHAMMAM(T),KHAMMAM TOWN-5,ZONE (8) KHAMMAM,2,COMMERCIAL,1533,1416,461105.0,7797.579
KHAMMAM,KHAMMAM,KHAMMAM(T),KHAMMAM TOWN-5,ZONE (9) KHAMMAM,2,COMMERCIAL,2275,2060,258853.0,4138.391
KHAMMAM,KHAMMAM,KOTHALINGALA,CHEEMALAPADU,BAJUMALLAIGUDEM,2,COMMERCIAL,36,29,937.0,45.984
KHAMMAM,KHAMMAM,KOTHALINGALA,CHEEMALAPADU,BASWAPURAM,2,COMMERCIAL,11,11,2658.0,27.55
KHAMMAM,KHAMMAM,KOTHALINGALA,CHEEMALAPADU,CHARLA PALLY-KAR,2,COMMERCIAL,4,3,79.0,8.0
KHAMMAM,KHAMMAM,KOTHALINGALA,CHEEMALAPADU,CHEMALA PADU-KAR,2,COMMERCIAL,25,23,3185.0,68.614
KHAMMAM,KHAMMAM,PEDDA GOPATHI,NAGULAVANCHA,PATHARLAPADU-B,2,COMMERCIAL,70,62,8777.0,93.13
KHAMMAM,KHAMMAM,PEDDA GOPATHI,NAGULAVANCHA,Railway colony,2,COMMERCIAL,6,6,472.0,7.0
KHAMMAM,KHAMMAM,PEDDA GOPATHI,NAGULAVANCHA,SEETHAMPETA,2,COMMERCIAL,24,23,1267.0,25.2
KHAMMAM,KHAMMAM,PEDDA GOPATHI,NAGULAVANCHA,THIMMINENIPALEM,2,COMMERCIAL,37,32,1129.0,46.849
KHAMMAM,KHAMMAM,PEDDA GOPATHI,NAGULAVANCHA,THIRUMALAPURAM,2,COMMERCIAL,7,6,571.0,7.0
KHAMMAM,KHAMMAM,PEDDA GOPATHI,PEDDA GOPATHI,AMMAPALEM,2,COMMERCIAL,77,61,11242.0,463.25
KHAMMAM,KHAMMAM,PEDDA GOPATHI,PEDDA GOPATHI,ANANTHARAM,2,COMMERCIAL,22,21,3089.0,31.55
KHAMMAM,KHAMMAM,PEDDA GOPATHI,PEDDA GOPATHI,ANNAVARAM,2,COMMERCIAL,6,4,71.0,5.2
KHAMMAM,KHAMMAM,PEDDA GOPATHI,PEDDA GOPATHI,BOTLAKUNTA,2,COMMERCIAL,4,3,94.0,5.0
KHAMMAM,KHAMMAM,PEDDA GOPATHI,PEDDA GOPATHI,Bodya thanda,2,COMMERCIAL,7,7,166.0,7.55
KHAMMAM,KHAMMAM RURAL,KUSUMANCHI,PALERU,RAJUPETA,2,COMMERCIAL,8,6,3621.0,19.0
KHAMMAM,KHAMMAM RURAL,KUSUMANCHI,PALERU,RAJUPETA BAZAR,2,COMMERCIAL,11,10,99.0,11.0
KHAMMAM,KHAMMAM RURAL,KUSUMANCHI,PALERU,RAJUTHANDA,2,COMMERCIAL,2,1,3.0,2.0
KHAMMAM,KHAMMAM RURAL,KUSUMANCHI,PALERU,SANDYA THANDA,2,COMMERCIAL,2,1,81.0,6.0
KHAMMAM,KHAMMAM RURAL,KUSUMANCHI,PALERU,VATYA THANDA,2,COMMERCIAL,1,1,14.0,2.0
KHAMMAM,KHAMMAM RURAL,KUSUMANCHI,RAJESHWARAPURAM,ACHARLAGUDEM,2,COMMERCIAL,9,6,135.0,12.8
KHAMMAM,KHAMMAM RURAL,KUSUMANCHI,RAJESHWARAPURAM,AMMUGUDEM,2,COMMERCIAL,20,20,1707.0,24.68
KHAMMAM,KHAMMAM RURAL,KUSUMANCHI,RAJESHWARAPURAM,ANANTHANAGAR,2,COMMERCIAL,6,5,70.0,3.44
JAGITYAL,JAGITYAL,GOLLAPALLY,GOLLAPALLY,GOLLAPALLY,2,COMMERCIAL,451,418,40122.0,765.74
JAGITYAL,JAGITYAL,GOLLAPALLY,GOLLAPALLY,GUNJAPADGU,2,COMMERCIAL,15,14,4049.0,35.2
JAGITYAL,JAGITYAL,GOLLAPALLY,GOLLAPALLY,IBRAHIMNAGAR,2,COMMERCIAL,69,64,11966.0,145.55
JAGITYAL,JAGITYAL,GOLLAPALLY,GOLLAPALLY,ISRAJPALLY,2,COMMERCIAL,31,30,8239.0,88.31
JAGITYAL,JAGITYAL,GOLLAPALLY,GOLLAPALLY,NANDIPALLY,2,COMMERCIAL,11,10,1020.0,28.98
JAGITYAL,JAGITYAL,GOLLAPALLY,GOLLAPALLY,RAGHAVAPATNAM,2,COMMERCIAL,62,58,7867.0,107.165
JAGITYAL,JAGITYAL,MALLIAL,KODIMIAL,KONDAPOOR (PK),2,COMMERCIAL,5,5,419.0,9.24
JAGITYAL,JAGITYAL,MALLIAL,KODIMIAL,RAMAKISTAPUR,2,COMMERCIAL,21,19,930.0,22.22
JAGITYAL,JAGITYAL,MALLIAL,KODIMIAL,RAMSAGAR,2,COMMERCIAL,28,20,3597.0,34.97
JAGITYAL,JAGITYAL,MALLIAL,KODIMIAL,SHANIVARAMPET,2,COMMERCIAL,7,6,456.0,7.79
JAGITYAL,JAGITYAL,MALLIAL,KODIMIAL,SURAMPET,2,COMMERCIAL,19,17,4244.0,49.7
JAGITYAL,JAGITYAL,MALLIAL,KODIMIAL,THIRUMALAPOOR,2,COMMERCIAL,46,42,3784.0,78.67
JAGITYAL,JAGITYAL,MALLIAL,MALLIAL,GUDIPET,2,COMMERCIAL,16,15,2628.0,24.68
JAGITYAL,JAGITYAL,MALLIAL,MALLIAL,LAMBADIPALLY,2,COMMERCIAL,36,34,1378.0,50.734
JAGITYAL,JAGITYAL,MALLIAL,MALLIAL,MALLIAL,2,COMMERCIAL,642,591,48152.0,878.705
JAGITYAL,JAGITYAL,MALLIAL,MALLIAL,MANALA,2,COMMERCIAL,34,32,2645.0,56.061
JAGITYAL,METPALLY,MALLAPOOR,RAGHAVAPET,REGUNTA (ADVI),2,COMMERCIAL,60,52,5367.0,92.343
JAGITYAL,METPALLY,MALLAPOOR,RAGHAVAPET,SATHARAM,2,COMMERCIAL,46,40,7906.0,82.0
JAGITYAL,METPALLY,MALLAPOOR,RAGHAVAPET,SIRPOOR,2,COMMERCIAL,69,56,9459.0,106.743
JAGITYAL,METPALLY,METPALLY,METPALLY RURAL,ALLURI SITARAMARAJU THANDA,2,COMMERCIAL,1,1,9.0,1.0
JAGITYAL,METPALLY,METPALLY,METPALLY RURAL,AREPET H/0 CHEVULAMA,2,COMMERCIAL,150,145,24382.0,417.902
JAGITYAL,METPALLY,METPALLY,METPALLY RURAL,ATHMANAGAR,2,COMMERCIAL,31,30,1331.0,41.49
JAGITYAL,METPALLY,METPALLY,METPALLY RURAL,ATMAKUR,2,COMMERCIAL,57,50,5568.0,80.365
JAGITYAL,METPALLY,METPALLY,METPALLY RURAL,CHEVULAMADDI,2,COMMERCIAL,55,53,8888.0,163.096
JANGAON,JANGAON,DEVARUPPALA,DEVARUPPALA,DUBBA THANDA,2,COMMERCIAL,1,1,3.0,1.0
JANGAON,JANGAON,DEVARUPPALA,DEVARUPPALA,GOLLAPALLI,2,COMMERCIAL,7,6,510.0,12.06
JANGAON,JANGAON,DEVARUPPALA,DEVARUPPALA,KADAVENDI,2,COMMERCIAL,68,64,6128.0,125.825
JANGAON,JANGAON,DEVARUPPALA,DEVARUPPALA,KAMAREDDYGUDEM,2,COMMERCIAL,125,119,12482.0,252.75
JANGAON,JANGAON,DEVARUPPALA,DEVARUPPALA,KUNTAKOMMU,2,COMMERCIAL,1,1,78.0,1.0
JANGAON,JANGAON,DEVARUPPALA,DEVARUPPALA,LAKAVATH THANDA,2,COMMERCIAL,4,3,270.0,6.0
JANGAON,JANGAON,DEVARUPPALA,DEVARUPPALA,LAKAVATH THANDA (THURPU),2,COMMERCIAL,2,2,279.0,2.0
JANGAON,JANGAON,DEVARUPPALA,DEVARUPPALA,LAXMAN THANDA,2,COMMERCIAL,1,1,384.0,1.0
JANGAON,JANGAON,DEVARUPPALA,DEVARUPPALA,MADHAPUR,2,COMMERCIAL,22,18,3710.0,38.58
JANGAON,JANGAON,DEVARUPPALA,DEVARUPPALA,MANPAHAD,2,COMMERCIAL,14,14,957.0,25.52
JANGAON,JANGAON,RAGHUNATHPALLY,RAGHUNATHPALLY,MALLAMPALLY,2,COMMERCIAL,1,1,36.0,1.0
JANGAON,JANGAON,RAGHUNATHPALLY,RAGHUNATHPALLY,NARAYANAPUR-II,2,COMMERCIAL,24,18,3139.0,46.48
JANGAON,JANGAON,RAGHUNATHPALLY,RAGHUNATHPALLY,NEDIGONDA,2,COMMERCIAL,136,94,38143.0,437.05
JANGAON,JANGAON,RAGHUNATHPALLY,RAGHUNATHPALLY,PADAMATIGUDEM,2,COMMERCIAL,5,5,272.0,7.24
JANGAON,JANGAON,RAGHUNATHPALLY,RAGHUNATHPALLY,RAGHUNATHAPALLY (H),2,COMMERCIAL,559,475,58391.0,1254.851
JANGAON,JANGAON,RAGHUNATHPALLY,RAGHUNATHPALLY,RAMANNAGUDEM,2,COMMERCIAL,9,7,255.0,10.72
JANGAON,JANGAON,RAGHUNATHPALLY,RAGHUNATHPALLY,SHIVAJI NAGAR,2,COMMERCIAL,10,10,646.0,18.494
JANGAON,JANGAON,RAGHUNATHPALLY,RAGHUNATHPALLY,VENKATAYAPALEM,2,COMMERCIAL,6,4,676.0,10.0
JANGAON,JANGAON,RAGHUNATHPALLY,RAGHUNATHPALLY,YELLAREDDY GUDEM,2,COMMERCIAL,10,9,558.0,10.0
JANGAON,JANGAON,RAGHUNATHPALLY,THARIGOPPULA,ABDUL NAGARAM,2,COMMERCIAL,22,20,1697.0,50.99
KAMAREDDY,BANSWADA,BICHKUNDA,MENOOR,ROSHEGAON,2,COMMERCIAL,10,9,2068.0,14.315
KAMAREDDY,BANSWADA,BICHKUNDA,MENOOR,SIRPOOR,2,COMMERCIAL,16,10,400.0,20.572
KAMAREDDY,BANSWADA,BICHKUNDA,MENOOR,SONALA,2,COMMERCIAL,5,3,405.0,8.0
KAMAREDDY,BANSWADA,BICHKUNDA,MENOOR,SULTANPET,2,COMMERCIAL,16,14,1467.0,24.5
KAMAREDDY,BANSWADA,BICHKUNDA,MENOOR,TADE HIPPERGA,2,COMMERCIAL,18,13,2494.0,39.68
KAMAREDDY,BANSWADA,BICHKUNDA,MENOOR,TAKLI BIG,2,COMMERCIAL,7,6,545.0,13.84
KAMAREDDY,BANSWADA,PITLAM,NIZAMSAGAR,ACHAMPET,2,COMMERCIAL,50,43,6523.0,126.596
KAMAREDDY,BANSWADA,PITLAM,NIZAMSAGAR,ARAPALLY,2,COMMERCIAL,8,6,1663.0,13.5
KAMAREDDY,BANSWADA,PITLAM,NIZAMSAGAR,BRAHMANPALLY AC,2,COMMERCIAL,10,8,1445.0,13.76
KAMAREDDY,BANSWADA,PITLAM,NIZAMSAGAR,BURGEL,2,COMMERCIAL,10,7,103.0,12.26
KAMAREDDY,KAMAREDDY,Kamareddy Rural,RAMAREDDY,RAMAREDDY,2,COMMERCIAL,304,263,22736.0,499.322
KAMAREDDY,KAMAREDDY,Kamareddy Rural,RAMAREDDY,RANGAMPET,2,COMMERCIAL,10,8,499.0,23.87
KAMAREDDY,KAMAREDDY,Kamareddy Rural,RAMAREDDY,REDDIPET,2,COMMERCIAL,140,125,9779.0,279.91
KAMAREDDY,KAMAREDDY,Kamareddy Rural,RAMAREDDY,SCHOOL THANDA,2,COMMERCIAL,1,1,7.0,2.0
KAMAREDDY,KAMAREDDY,Kamareddy Rural,RAMAREDDY,SINGRAIPALLY,2,COMMERCIAL,11,11,1457.0,24.24
KAMAREDDY,KAMAREDDY,Kamareddy Rural,RAMAREDDY,UPPALWAI,2,COMMERCIAL,34,27,10503.0,74.299
KAMAREDDY,KAMAREDDY,Kamareddy Rural,S S NAGAR,AMARLABANDA,2,COMMERCIAL,3,3,0.0,4.0
KAMAREDDY,KAMAREDDY,Kamareddy Rural,S S NAGAR,BHOOMPALLY,2,COMMERCIAL,31,29,6418.0,52.42
KAMAREDDY,YELLAREDDY,LINGAMPET,SS REDDY,AYYAPALLY,2,COMMERCIAL,5,5,73.0,6.442
KAMAREDDY,YELLAREDDY,LINGAMPET,SS REDDY,BANAPOOR,2,COMMERCIAL,21,18,3465.0,37.417
KARIMNAGAR,KARIMNAGAR,KARIMNAGAR TOWN 2,KRN TOWN 9,MAIN ROAD KOTHIRAMPUR,2,COMMERCIAL,210,205,25290.0,481.1
KARIMNAGAR,KARIMNAGAR,KARIMNAGAR TOWN 2,KRN TOWN 9,"MLC, HANUMAN NAGAR",2,COMMERCIAL,147,147,15061.0,345.4
KARIMNAGAR,KARIMNAGAR,KARIMNAGAR TOWN 2,KRN TOWN 9,PROFESSOR NAGAR,2,COMMERCIAL,5,5,333.0,11.0
KARIMNAGAR,KARIMNAGAR,KARIMNAGAR TOWN 2,KRN TOWN 9,T CIRCLE,2,COMMERCIAL,145,144,193900.0,2774.69
KARIMNAGAR,KARIMNAGAR,KARIMNAGAR TOWN 2,KRN TOWN 9,THIRUMALA NAGAR ,2,COMMERCIAL,113,113,6500.0,268.97
KARIMNAGAR,KARIMNAGAR RURAL,Gangadhara,ARNAKONDA,KONERUPALLY,2,COMMERCIAL,4,3,32.0,4.24
KARIMNAGAR,KARIMNAGAR RURAL,Gangadhara,ARNAKONDA,KURMAPALLY,2,COMMERCIAL,6,6,161.0,8.0
KARIMNAGAR,KARIMNAGAR RURAL,Gangadhara,ARNAKONDA,MANGALAPALLI,2,COMMERCIAL,15,14,802.0,24.93
KARIMNAGAR,KARIMNAGAR RURAL,Gangadhara,ARNAKONDA,RAGAMPET,2,COMMERCIAL,61,54,8852.0,102.86
KARIMNAGAR,KARIMNAGAR RURAL,Gangadhara,ARNAKONDA,REVELLI,2,COMMERCIAL,11,9,1038.0,11.16
KARIMNAGAR,KARIMNAGAR RURAL,Gangadhara,ARNAKONDA,SAMBAIAHPALLI,2,COMMERCIAL,5,5,151.0,8.0
KARIMNAGAR,KARIMNAGAR RURAL,Gangadhara,CHOPPADANDI,BHUPALAPATNAM,2,COMMERCIAL,55,52,9375.0,138.95
KARIMNAGAR,KARIMNAGAR RURAL,Gangadhara,CHOPPADANDI,CHAKUNTA,2,COMMERCIAL,20,19,2263.0,35.4
KARIMNAGAR,KARIMNAGAR RURAL,Gangadhara,CHOPPADANDI,CHOPPADANDI,2,COMMERCIAL,1079,996,113299.0,2281.738
KHAMMAM,KHAMMAM,KHAMMAM TOWN 2,MAMATHA ROAD,TEKULAPALLY-MR,2,COMMERCIAL,1014,984,412360.0,5757.95
KHAMMAM,KHAMMAM,KHAMMAM(T),KHAMMAM TOWN-1,ZONE (1)  KHAMMAM,2,COMMERCIAL,1489,1298,313007.0,5962.54
KHAMMAM,KHAMMAM,KHAMMAM(T),KHAMMAM TOWN-1,ZONE (2)  KHAMMAM,2,COMMERCIAL,871,795,58888.0,1272.07
KHAMMAM,KHAMMAM,KHAMMAM(T),KHAMMAM TOWN-1,ZONE (3)  KHAMMAM,2,COMMERCIAL,948,842,78005.0,1541.24
KHAMMAM,KHAMMAM,KHAMMAM(T),KHAMMAM TOWN-1,ZONE (4)  KHAMMAM,2,COMMERCIAL,522,420,36476.0,813.88
KHAMMAM,KHAMMAM,KHAMMAM(T),KHAMMAM TOWN-1,ZONE (5)  KHAMMAM,2,COMMERCIAL,372,330,23899.0,593.68
KHAMMAM,KHAMMAM,KHAMMAM(T),KHAMMAM TOWN-1,ZONE (6)  KHAMMAM,2,COMMERCIAL,216,178,13417.0,365.85
KHAMMAM,KHAMMAM,KHAMMAM(T),KHAMMAM TOWN-2,ZONE (10) KHAMMAM,2,COMMERCIAL,963,807,140189.0,3261.77
KHAMMAM,KHAMMAM,KHAMMAM(T),KHAMMAM TOWN-2,ZONE (11) KHAMMAM,2,COMMERCIAL,926,865,114465.0,2214.384
KHAMMAM,KHAMMAM,PEDDA GOPATHI,KONIJERLA,VIKRAM NAGAR,2,COMMERCIAL,3,2,55.0,2.55
KHAMMAM,KHAMMAM,PEDDA GOPATHI,KONIJERLA,YALLANA NAGAR,2,COMMERCIAL,1,1,0.0,1.0
KHAMMAM,KHAMMAM,PEDDA GOPATHI,NAGULAVANCHA,BOPPARAM,2,COMMERCIAL,17,16,521.0,18.55
KHAMMAM,KHAMMAM,PEDDA GOPATHI,NAGULAVANCHA,CHINA MANDAVA,2,COMMERCIAL,25,18,4618.0,57.38
KHAMMAM,KHAMMAM,PEDDA GOPATHI,NAGULAVANCHA,Gandi nagar colony,2,COMMERCIAL,43,39,1196.0,59.85
KHAMMAM,KHAMMAM,PEDDA GOPATHI,NAGULAVANCHA,JAGANNADHAPURAM,2,COMMERCIAL,23,19,740.0,33.146
KHAMMAM,KHAMMAM,PEDDA GOPATHI,NAGULAVANCHA,MATHKEPALLY,2,COMMERCIAL,40,32,4420.0,73.692
KHAMMAM,KHAMMAM,PEDDA GOPATHI,NAGULAVANCHA,NAGULAVANCHA,2,COMMERCIAL,219,199,23302.0,339.445
KHAMMAM,KHAMMAM,PEDDA GOPATHI,NAGULAVANCHA,PANDILLAPALLY,2,COMMERCIAL,63,53,11328.0,131.84
KHAMMAM,KHAMMAM RURAL,KUSUMANCHI,PALERU,LALSINGH THANDA,2,COMMERCIAL,2,2,21.0,2.0
KHAMMAM,KHAMMAM RURAL,KUSUMANCHI,PALERU,MALLAIGUDEM,2,COMMERCIAL,5,5,76.0,14.94
KHAMMAM,KHAMMAM RURAL,KUSUMANCHI,PALERU,MANDRAJGUDEM,2,COMMERCIAL,5,4,276.0,6.55
KHAMMAM,KHAMMAM RURAL,KUSUMANCHI,PALERU,MANGALTHANDA,2,COMMERCIAL,10,3,79.0,29.616
KHAMMAM,KHAMMAM RURAL,KUSUMANCHI,PALERU,NAIKANGUDEM,2,COMMERCIAL,223,178,29923.0,443.142
KHAMMAM,KHAMMAM RURAL,KUSUMANCHI,PALERU,NARSIMHULAGUDEM,2,COMMERCIAL,44,37,2305.0,89.25
KHAMMAM,KHAMMAM RURAL,KUSUMANCHI,PALERU,PALAIR,2,COMMERCIAL,214,167,18004.0,421.35
KHAMMAM,KHAMMAM RURAL,KUSUMANCHI,PALERU,PERIKASINGARAM,2,COMMERCIAL,48,43,6942.0,93.087
KHAMMAM,KHAMMAM RURAL,KUSUMANCHI,PALERU,PURIYA THANDA,2,COMMERCIAL,1,1,9.0,2.0
KHAMMAM,SATHUPALLY,PENUBALLY,PEDDA KORUKONDI,OBULRAO BANJARA,2,COMMERCIAL,6,5,118.0,10.0
KHAMMAM,SATHUPALLY,PENUBALLY,PEDDA KORUKONDI,P.Y.BOINAPALLY,2,COMMERCIAL,26,22,2267.0,35.87
KHAMMAM,SATHUPALLY,PENUBALLY,PEDDA KORUKONDI,PAIPUR,2,COMMERCIAL,4,3,3494.0,16.0
KHAMMAM,SATHUPALLY,PENUBALLY,PEDDA KORUKONDI,PEDA KORUKONDI,2,COMMERCIAL,100,90,6617.0,155.097
KHAMMAM,SATHUPALLY,PENUBALLY,PEDDA KORUKONDI,POCHARAM,2,COMMERCIAL,8,7,390.0,14.44
KHAMMAM,SATHUPALLY,PENUBALLY,PEDDA KORUKONDI,RAVIKAMPADU,2,COMMERCIAL,25,23,1515.0,50.922
KHAMMAM,SATHUPALLY,PENUBALLY,PEDDA KORUKONDI,T VENKATAPURAM,2,COMMERCIAL,17,14,2096.0,38.22
KHAMMAM,SATHUPALLY,PENUBALLY,PEDDA KORUKONDI,TALLURU,2,COMMERCIAL,5,5,326.0,7.688
KHAMMAM,SATHUPALLY,PENUBALLY,PEDDA KORUKONDI,TELEGARAM,2,COMMERCIAL,5,3,4.0,6.382
KHAMMAM,SATHUPALLY,PENUBALLY,PEDDA KORUKONDI,VENNAVELLAY,2,COMMERCIAL,21,18,401.0,22.849
HANUMAKONDA,HANAMKONDA/TOWN,KAZIPET,WADDEPALLY,ASHOKA COLONY,2,COMMERCIAL,4,1,34.0,13.0
HANUMAKONDA,HANAMKONDA/TOWN,KAZIPET,WADDEPALLY,GOPALPUR,2,COMMERCIAL,1,1,10.0,2.0
HANUMAKONDA,HANAMKONDA/TOWN,KAZIPET,WADDEPALLY,KANAKADURGA COLONY,2,COMMERCIAL,64,64,10938.0,161.92
HANUMAKONDA,HANAMKONDA/TOWN,KAZIPET,WADDEPALLY,KAZIPET MAIN ROAD,2,COMMERCIAL,51,8,1968.0,182.99
HANUMAKONDA,HANAMKONDA/TOWN,KAZIPET,WADDEPALLY,NGOs COLONY,2,COMMERCIAL,82,81,11921.0,179.6
HANUMAKONDA,HANAMKONDA/TOWN,KAZIPET,WADDEPALLY,Ngos Colony,2,COMMERCIAL,321,298,58730.0,980.48
HANUMAKONDA,HANAMKONDA/TOWN,KAZIPET,WADDEPALLY,PARIMALA COLONY,2,COMMERCIAL,280,268,40809.0,679.08
HANUMAKONDA,HANAMKONDA/TOWN,KAZIPET,WADDEPALLY,PRASANTHINAGAR,2,COMMERCIAL,205,198,60820.0,828.9
HANUMAKONDA,HANAMKONDA/TOWN,KAZIPET,WADDEPALLY,R T C COLONY,2,COMMERCIAL,71,65,6868.0,150.19
HANUMAKONDA,HANAMKONDA/TOWN,KAZIPET,WADDEPALLY,SIDDARTHANAGAR,2,COMMERCIAL,261,202,53881.0,861.1
JAGITYAL,JAGITYAL,GOLLAPALLY,GOLLAPALLY,BATTU BOTHAMRAJPALLY,2,COMMERCIAL,15,15,1345.0,31.48
JAGITYAL,JAGITYAL,GOLLAPALLY,GOLLAPALLY,GANGADEVIPALLY,2,COMMERCIAL,9,8,554.0,13.0
JAGITYAL,JAGITYAL,GOLLAPALLY,GOLLAPALLY,GANGAPUR,2,COMMERCIAL,17,16,2232.0,36.56
JANGAON,GHANPUR,PALAKURTHY,PALAKURTHY RURAL,VISNOOR,2,COMMERCIAL,48,42,4886.0,90.99
JANGAON,JANGAON,DEVARUPPALA,DEVARUPPALA,CHIPPARALLABANDA THANDA,2,COMMERCIAL,1,1,75.0,1.0
JANGAON,JANGAON,DEVARUPPALA,DEVARUPPALA,DEVARUPPULA (H),2,COMMERCIAL,261,239,28697.0,464.15
JANGAON,JANGAON,DEVARUPPALA,DEVARUPPALA,DHARAMAPUR,2,COMMERCIAL,31,26,3180.0,51.06
JANGAON,JANGAON,RAGHUNATHPALLY,RAGHUNATHPALLY,BHANJIPET,2,COMMERCIAL,36,31,2487.0,64.72
JANGAON,JANGAON,RAGHUNATHPALLY,RAGHUNATHPALLY,DONA BANDA,2,COMMERCIAL,2,2,193.0,3.998
JANGAON,JANGAON,RAGHUNATHPALLY,RAGHUNATHPALLY,GABBETA,2,COMMERCIAL,45,42,3077.0,77.94
JANGAON,JANGAON,RAGHUNATHPALLY,RAGHUNATHPALLY,GOVARDHANAGIRI,2,COMMERCIAL,55,43,11848.0,157.19
JANGAON,JANGAON,RAGHUNATHPALLY,RAGHUNATHPALLY,KALWALAPALLI,2,COMMERCIAL,1,0,0.0,0.18
JANGAON,JANGAON,RAGHUNATHPALLY,RAGHUNATHPALLY,KANCHANAPALLI,2,COMMERCIAL,170,140,14120.0,286.716
JANGAON,JANGAON,RAGHUNATHPALLY,RAGHUNATHPALLY,KANNAIPALLY,2,COMMERCIAL,12,9,313.0,16.66
JANGAON,JANGAON,RAGHUNATHPALLY,RAGHUNATHPALLY,KODUR,2,COMMERCIAL,18,13,2221.0,45.436
JANGAON,JANGAON,RAGHUNATHPALLY,RAGHUNATHPALLY,KOMALLA,2,COMMERCIAL,48,39,10784.0,147.94
JANGAON,JANGAON,RAGHUNATHPALLY,RAGHUNATHPALLY,KURUCHAPALLI,2,COMMERCIAL,40,35,4662.0,66.84
KAMAREDDY,BANSWADA,BICHKUNDA,MENOOR,GOJEGAON,2,COMMERCIAL,9,2,27.0,11.69
KAMAREDDY,BANSWADA,BICHKUNDA,MENOOR,HASAN TAKLI,2,COMMERCIAL,4,4,179.0,8.52
KAMAREDDY,BANSWADA,BICHKUNDA,MENOOR,KURLA,2,COMMERCIAL,22,19,928.0,37.279
KAMAREDDY,BANSWADA,BICHKUNDA,MENOOR,LACHAN,2,COMMERCIAL,23,20,2731.0,50.69
KAMAREDDY,BANSWADA,BICHKUNDA,MENOOR,LACHMAPOOR,2,COMMERCIAL,3,1,405.0,2.87
KAMAREDDY,BANSWADA,BICHKUNDA,MENOOR,LIMBOOR,2,COMMERCIAL,22,18,1701.0,49.0
KAMAREDDY,BANSWADA,BICHKUNDA,MENOOR,MADAN HIPPERGA,2,COMMERCIAL,13,11,4879.0,36.759
KAMAREDDY,BANSWADA,BICHKUNDA,MENOOR,MALLAPOOR,2,COMMERCIAL,11,8,3619.0,18.75
KAMAREDDY,BANSWADA,BICHKUNDA,MENOOR,MAREPALLI,2,COMMERCIAL,6,6,292.0,9.0
KAMAREDDY,BANSWADA,BICHKUNDA,MENOOR,MENOOR,2,COMMERCIAL,117,104,14174.0,220.034
KAMAREDDY,BANSWADA,BICHKUNDA,MENOOR,MOGHA,2,COMMERCIAL,26,22,620.0,32.35
KAMAREDDY,KAMAREDDY,Kamareddy Rural,RAMAREDDY,BATTU THANDA,2,COMMERCIAL,2,2,185.0,0.458
KAMAREDDY,KAMAREDDY,Kamareddy Rural,RAMAREDDY,GIDDA,2,COMMERCIAL,12,9,1085.0,25.61
KAMAREDDY,KAMAREDDY,Kamareddy Rural,RAMAREDDY,GOLLAPALLY,2,COMMERCIAL,4,4,53.0,5.48
KAMAREDDY,KAMAREDDY,Kamareddy Rural,RAMAREDDY,ISSANMAPALLY,2,COMMERCIAL,19,18,563.0,31.364
KAMAREDDY,KAMAREDDY,Kamareddy Rural,RAMAREDDY,KHANNAPOOR,2,COMMERCIAL,13,12,484.0,17.844
KAMAREDDY,KAMAREDDY,Kamareddy Rural,RAMAREDDY,KHANNAPOOR THANDA,2,COMMERCIAL,1,1,18.0,0.99
KAMAREDDY,KAMAREDDY,Kamareddy Rural,RAMAREDDY,MADDIKUNTA,2,COMMERCIAL,38,35,3319.0,92.332
KAMAREDDY,KAMAREDDY,Kamareddy Rural,RAMAREDDY,MOSHAMPOOR,2,COMMERCIAL,16,12,347.0,16.226
KAMAREDDY,KAMAREDDY,Kamareddy Rural,RAMAREDDY,POSANIPET,2,COMMERCIAL,58,51,3887.0,100.834
KAMAREDDY,YELLAREDDY,LINGAMPET,SARVAPOOR,MUDHULI,2,COMMERCIAL,36,31,1910.0,52.125
KAMAREDDY,YELLAREDDY,LINGAMPET,SARVAPOOR,NARSAPUR,2,COMMERCIAL,19,18,2743.0,49.909
KAMAREDDY,YELLAREDDY,LINGAMPET,SARVAPOOR,PEDDA GOORARAM,2,COMMERCIAL,43,39,1632.0,57.07
KAMAREDDY,YELLAREDDY,LINGAMPET,SARVAPOOR,PEDDAPOTHANGAL,2,COMMERCIAL,44,40,7758.0,78.867
KAMAREDDY,YELLAREDDY,LINGAMPET,SARVAPOOR,PETSANGAM,2,COMMERCIAL,33,32,4717.0,73.846
KAMAREDDY,YELLAREDDY,LINGAMPET,SARVAPOOR,RAMLAXMANPALLI,2,COMMERCIAL,10,9,446.0,15.156
KAMAREDDY,YELLAREDDY,LINGAMPET,SARVAPOOR,SARVAPOOR,2,COMMERCIAL,18,17,2800.0,51.723
KAMAREDDY,YELLAREDDY,LINGAMPET,SARVAPOOR,SETHAIPALLI,2,COMMERCIAL,15,12,7830.0,46.954
KAMAREDDY,YELLAREDDY,LINGAMPET,SARVAPOOR,VENKATAPOOR,2,COMMERCIAL,6,6,6233.0,27.192
KARIMNAGAR,HUZURABAD,HUZURABAD,SAIDAPUR,SHIVARAMPALLY,2,COMMERCIAL,10,10,343.0,15.0
KARIMNAGAR,HUZURABAD,HUZURABAD,SAIDAPUR,SOMARAM,2,COMMERCIAL,25,21,4924.0,51.015
KARIMNAGAR,HUZURABAD,HUZURABAD,SAIDAPUR,VENKAPALLY,2,COMMERCIAL,148,130,14685.0,234.56
KARIMNAGAR,HUZURABAD,HUZURABAD,SAIDAPUR,VENKATESHWARLAPALLY,2,COMMERCIAL,12,12,287.0,16.515
KARIMNAGAR,HUZURABAD,HUZURABAD,SAIDAPUR,VENNAMPALLY,2,COMMERCIAL,49,45,2538.0,75.68
KARIMNAGAR,HUZURABAD,HUZURABAD,SAIDAPUR,YELLAMPALLY,2,COMMERCIAL,14,13,574.0,20.25
KARIMNAGAR,HUZURABAD,HUZURABAD,TADIKAL,AMBALAPUR,2,COMMERCIAL,19,19,1071.0,26.06
KARIMNAGAR,HUZURABAD,HUZURABAD,TADIKAL,ARKANDLA,2,COMMERCIAL,9,9,1466.0,25.0
KARIMNAGAR,HUZURABAD,HUZURABAD,TADIKAL,CHINTAGUTTA,2,COMMERCIAL,7,7,373.0,14.15
KARIMNAGAR,HUZURABAD,HUZURABAD,TADIKAL,DHARMARAM,2,COMMERCIAL,5,5,492.0,8.0
KARIMNAGAR,KARIMNAGAR,KARIMNAGAR TOWN 2,KRN TOWN 9,ALKAPURI,2,COMMERCIAL,139,139,12119.0,405.11
KARIMNAGAR,KARIMNAGAR,KARIMNAGAR TOWN 2,KRN TOWN 9,BHAVANI NAGAR,2,COMMERCIAL,31,31,1935.0,71.0
KARIMNAGAR,KARIMNAGAR,KARIMNAGAR TOWN 2,KRN TOWN 9,DHOBIGHAT,2,COMMERCIAL,107,107,12802.0,204.79
KARIMNAGAR,KARIMNAGAR,KARIMNAGAR TOWN 2,KRN TOWN 9,GANESH NAGAR ,2,COMMERCIAL,156,156,10227.0,280.23
KARIMNAGAR,KARIMNAGAR,KARIMNAGAR TOWN 2,KRN TOWN 9,GANESHNAGAR BYPASS,2,COMMERCIAL,216,215,20829.0,564.87
KARIMNAGAR,KARIMNAGAR,KARIMNAGAR TOWN 2,KRN TOWN 9,GIDDEPERUMANDLU,2,COMMERCIAL,7,7,294.0,14.8
KARIMNAGAR,KARIMNAGAR,KARIMNAGAR TOWN 2,KRN TOWN 9,HANUMAN NAGAR,2,COMMERCIAL,45,44,3947.0,104.02
KARIMNAGAR,KARIMNAGAR,KARIMNAGAR TOWN 2,KRN TOWN 9,KAMAN MAIN ROAD,2,COMMERCIAL,183,182,18780.0,374.98
KARIMNAGAR,KARIMNAGAR,KARIMNAGAR TOWN 2,KRN TOWN 9,KATTARAMPUR,2,COMMERCIAL,91,90,7601.0,198.67
KARIMNAGAR,KARIMNAGAR,KARIMNAGAR TOWN 2,KRN TOWN 9,KOTHIRAMPUR,2,COMMERCIAL,125,124,9599.0,307.85
KARIMNAGAR,KARIMNAGAR,KARIMNAGAR TOWN 2,KRN TOWN 9,MAHALAXMI NAGAR,2,COMMERCIAL,34,34,1557.0,118.0
KHAMMAM,KHAMMAM,PEDDA GOPATHI,KONIJERLA,THEEGAL BANZARA,2,COMMERCIAL,50,48,1638.0,77.06
KHAMMAM,KHAMMAM,PEDDA GOPATHI,KONIJERLA,UPPALACHALAKA,2,COMMERCIAL,14,12,676.0,21.79
KHAMMAM,KHAMMAM RURAL,KUSUMANCHI,PALERU,CHOWTAPALLY,2,COMMERCIAL,16,13,614.0,22.6
KHAMMAM,KHAMMAM RURAL,KUSUMANCHI,PALERU,ERRAGADA THANDA,2,COMMERCIAL,4,2,96.0,4.65
KHAMMAM,KHAMMAM RURAL,KUSUMANCHI,PALERU,ESWARAMADHARAM,2,COMMERCIAL,30,27,2907.0,63.378
KHAMMAM,KHAMMAM RURAL,KUSUMANCHI,PALERU,GAIGOLLAPALLY,2,COMMERCIAL,32,28,6101.0,67.3
KHAMMAM,KHAMMAM RURAL,KUSUMANCHI,PALERU,GORRELAPADU,2,COMMERCIAL,15,12,349.0,19.2
KHAMMAM,KHAMMAM RURAL,KUSUMANCHI,PALERU,HATYA THANDA,2,COMMERCIAL,1,1,37.0,1.0
KHAMMAM,KHAMMAM RURAL,KUSUMANCHI,PALERU,JAKKEPALLY,2,COMMERCIAL,37,33,3439.0,63.526
KHAMMAM,KHAMMAM RURAL,KUSUMANCHI,PALERU,JUJJLARAOPETA,2,COMMERCIAL,42,37,8348.0,90.83
KHAMMAM,KHAMMAM RURAL,KUSUMANCHI,PALERU,KOTHURU,2,COMMERCIAL,6,6,72.0,11.0
KHAMMAM,SATHUPALLY,PENUBALLY,LANKAPALLY,RAMACHANDRAPURA,2,COMMERCIAL,3,2,200.0,5.0
KHAMMAM,SATHUPALLY,PENUBALLY,LANKAPALLY,SURAIAHBANZAR,2,COMMERCIAL,19,15,3776.0,55.66
KHAMMAM,SATHUPALLY,PENUBALLY,LANKAPALLY,YERRUGATLA,2,COMMERCIAL,13,13,3674.0,25.68
KHAMMAM,SATHUPALLY,PENUBALLY,PEDDA KORUKONDI,CHENNURU,2,COMMERCIAL,130,117,13025.0,199.941
KHAMMAM,SATHUPALLY,PENUBALLY,PEDDA KORUKONDI,CHINA KORUKONDI,2,COMMERCIAL,134,122,13002.0,228.156
KHAMMAM,SATHUPALLY,PENUBALLY,PEDDA KORUKONDI,K.Y.BOINAPALLY,2,COMMERCIAL,11,7,3533.0,24.542
KHAMMAM,SATHUPALLY,PENUBALLY,PEDDA KORUKONDI,LINGALA,2,COMMERCIAL,41,34,4480.0,71.64
KHAMMAM,SATHUPALLY,PENUBALLY,PEDDA KORUKONDI,MARLAPAD,2,COMMERCIAL,20,16,569.0,37.996
KHAMMAM,SATHUPALLY,PENUBALLY,PEDDA KORUKONDI,MUCHARAM,2,COMMERCIAL,10,7,177.0,13.0
HANUMAKONDA,HANAMKONDA/TOWN,KAZIPET,NIT,DARGA,2,COMMERCIAL,440,419,54592.0,968.69
HANUMAKONDA,HANAMKONDA/TOWN,KAZIPET,NIT,FATHIMANAGAR,2,COMMERCIAL,166,157,66831.0,976.88
HANUMAKONDA,HANAMKONDA/TOWN,KAZIPET,NIT,KAZIPET MAIN ROAD,2,COMMERCIAL,21,20,15019.0,219.99
HANUMAKONDA,HANAMKONDA/TOWN,KAZIPET,NIT,NAGENDRA NAGAR,2,COMMERCIAL,210,205,20659.0,465.79
HANUMAKONDA,HANAMKONDA/TOWN,KAZIPET,NIT,PRAGATHINAGAR,2,COMMERCIAL,324,304,112243.0,1481.972
HANUMAKONDA,HANAMKONDA/TOWN,KAZIPET,NIT,PRASHANTHA NAGAR,2,COMMERCIAL,165,150,64411.0,868.36
HANUMAKONDA,HANAMKONDA/TOWN,KAZIPET,NIT,REVENUE COLONY,2,COMMERCIAL,39,37,7604.0,93.02
HANUMAKONDA,HANAMKONDA/TOWN,KAZIPET,NIT,SHAYAMPET,2,COMMERCIAL,1,1,163.0,2.0
HANUMAKONDA,HANAMKONDA/TOWN,KAZIPET,NIT,SIDDARTHANAGAR,2,COMMERCIAL,83,80,17771.0,292.51
HANUMAKONDA,HANAMKONDA/TOWN,KAZIPET,NIT,SUBEDARI,2,COMMERCIAL,1,1,6017.0,13.0
HANUMAKONDA,HANAMKONDA/TOWN,KAZIPET,NIT,TEACHERS COLONY,2,COMMERCIAL,86,84,48572.0,699.374
JAGITYAL,JAGITYAL,GOLLAPALLY,CHILAVAKODOOR,CHILVAKODOOR,2,COMMERCIAL,80,63,6689.0,131.215
JAGITYAL,JAGITYAL,GOLLAPALLY,CHILAVAKODOOR,DATHNUR,2,COMMERCIAL,9,7,265.0,12.6
JAGITYAL,JAGITYAL,GOLLAPALLY,CHILAVAKODOOR,DHAMMANNAPETA,2,COMMERCIAL,24,23,4317.0,43.75
JAGITYAL,JAGITYAL,GOLLAPALLY,CHILAVAKODOOR,GOVINDPALLY,2,COMMERCIAL,25,21,693.0,27.7
JAGITYAL,JAGITYAL,GOLLAPALLY,CHILAVAKODOOR,LATHNURU,2,COMMERCIAL,31,28,1489.0,38.16
JAGITYAL,JAGITYAL,GOLLAPALLY,CHILAVAKODOOR,SHAKELLA,2,COMMERCIAL,35,32,1548.0,42.265
JAGITYAL,JAGITYAL,GOLLAPALLY,CHILAVAKODOOR,VENUGUMATLA,2,COMMERCIAL,47,40,4550.0,75.29
JAGITYAL,JAGITYAL,GOLLAPALLY,CHILAVAKODOOR,YESHWANTHRAOPET,2,COMMERCIAL,22,21,3693.0,54.84
JAGITYAL,JAGITYAL,GOLLAPALLY,GOLLAPALLY,AGGIMALLA,2,COMMERCIAL,19,15,2821.0,44.86
JAGITYAL,JAGITYAL,Jagitial Town,POLASA,THIMMAPOOR II,2,COMMERCIAL,31,30,2030.0,66.882
JAGITYAL,JAGITYAL,Jagitial Town,POLASA,THIPPANNAPET,2,COMMERCIAL,66,54,11812.0,201.04
JAGITYAL,JAGITYAL,Jagitial Town,POLASA,ZABITHAPOOR,2,COMMERCIAL,99,89,12188.0,211.475
JAGITYAL,JAGITYAL,MALLIAL,KODIMIAL,CHINTALAPALLY,2,COMMERCIAL,3,3,45.0,3.99
JAGITYAL,JAGITYAL,MALLIAL,KODIMIAL,DABBUTHIMMAIAHPALLY,2,COMMERCIAL,50,48,3445.0,71.359
JAGITYAL,JAGITYAL,MALLIAL,KODIMIAL,DAMMAIAHPET,2,COMMERCIAL,8,8,277.0,10.105
JAGITYAL,JAGITYAL,MALLIAL,KODIMIAL,GANGARAM THANDA,2,COMMERCIAL,5,4,57.0,5.0
JAGITYAL,JAGITYAL,MALLIAL,KODIMIAL,HIMMATHRAOPET,2,COMMERCIAL,43,42,4368.0,66.39
JAGITYAL,JAGITYAL,MALLIAL,KODIMIAL,KODIMYAL,2,COMMERCIAL,507,464,42217.0,795.404
JAGITYAL,JAGITYAL,MALLIAL,KODIMIAL,KONAPOOR (PK),2,COMMERCIAL,24,22,627.0,26.54
JAGITYAL,METPALLY,MALLAPOOR,MEDIPALLY-IBP,SATHAKKAPALLY,2,COMMERCIAL,22,20,2556.0,29.23
JAGITYAL,METPALLY,MALLAPOOR,MEDIPALLY-IBP,VARSHKONDA,2,COMMERCIAL,99,89,10714.0,128.74
JAGITYAL,METPALLY,MALLAPOOR,RAGHAVAPET,CHITTAPOOR,2,COMMERCIAL,73,60,7655.0,109.127
JAGITYAL,METPALLY,MALLAPOOR,RAGHAVAPET,DHARMARAM,2,COMMERCIAL,39,31,3696.0,107.996
JAGITYAL,METPALLY,MALLAPOOR,RAGHAVAPET,GUNDAMPALLY,2,COMMERCIAL,42,36,4425.0,79.77
JAGITYAL,METPALLY,MALLAPOOR,RAGHAVAPET,Hussain nagar,2,COMMERCIAL,2,2,374.0,1.9
JAGITYAL,METPALLY,MALLAPOOR,RAGHAVAPET,MUTHYAMPET,2,COMMERCIAL,60,52,7107.0,94.185
JAGITYAL,METPALLY,MALLAPOOR,RAGHAVAPET,NADIKUDE,2,COMMERCIAL,9,8,139.0,12.84
JAGITYAL,METPALLY,MALLAPOOR,RAGHAVAPET,RAGHAVAPET,2,COMMERCIAL,85,76,13235.0,155.99
JANGAON,GHANPUR,PALAKURTHY,PALAKURTHY RURAL,SHATAPUR,2,COMMERCIAL,9,8,119.0,11.0
JANGAON,GHANPUR,PALAKURTHY,PALAKURTHY RURAL,SHATHAPUR XROAD THANDA,2,COMMERCIAL,2,2,146.0,2.0
JANGAON,GHANPUR,PALAKURTHY,PALAKURTHY RURAL,THEEGARAM,2,COMMERCIAL,14,14,691.0,17.69
JANGAON,GHANPUR,PALAKURTHY,PALAKURTHY RURAL,THIRUMALAGIRI,2,COMMERCIAL,12,10,1051.0,26.66
JANGAON,GHANPUR,PALAKURTHY,PALAKURTHY RURAL,THORRUR,2,COMMERCIAL,44,35,5954.0,81.59
KAMAREDDY,KAMAREDDY,Kamareddy Rural,RAMAREDDY,ANNARAM (R),2,COMMERCIAL,53,47,7057.0,109.656
KAMAREDDY,YELLAREDDY,LINGAMPET,LINGAMPET,POLKAMPET,2,COMMERCIAL,28,25,6529.0,35.657
KAMAREDDY,YELLAREDDY,LINGAMPET,LINGAMPET,POTHAIPALLY,2,COMMERCIAL,10,8,4958.0,28.506
KAMAREDDY,YELLAREDDY,LINGAMPET,LINGAMPET,RAMPALLY,2,COMMERCIAL,3,3,50.0,2.99
KAMAREDDY,YELLAREDDY,LINGAMPET,LINGAMPET,SURAIPALLY,2,COMMERCIAL,6,4,77.0,6.252
KAMAREDDY,YELLAREDDY,LINGAMPET,LINGAMPET,YELLARAM,2,COMMERCIAL,1,1,0.0,3.0
KAMAREDDY,YELLAREDDY,LINGAMPET,SARVAPOOR,CHENNAPOOR,2,COMMERCIAL,2,2,26.0,1.93
KAMAREDDY,YELLAREDDY,LINGAMPET,SARVAPOOR,CHINNA POTHANGAL,2,COMMERCIAL,7,5,96.0,10.336
KAMAREDDY,YELLAREDDY,LINGAMPET,SARVAPOOR,GANDIVET,2,COMMERCIAL,37,30,2666.0,51.816
KAMAREDDY,YELLAREDDY,LINGAMPET,SARVAPOOR,MATHUSANGAM,2,COMMERCIAL,14,13,491.0,27.22
KAMAREDDY,YELLAREDDY,LINGAMPET,SARVAPOOR,MEDPALLI,2,COMMERCIAL,13,7,241.0,14.996
KARIMNAGAR,HUZURABAD,HUZURABAD,SAIDAPUR,GUNDLAPALLI,2,COMMERCIAL,4,4,255.0,9.0
KARIMNAGAR,HUZURABAD,HUZURABAD,SAIDAPUR,JAGIRIPALLY,2,COMMERCIAL,12,11,655.0,20.3
KARIMNAGAR,HUZURABAD,HUZURABAD,SAIDAPUR,KOMPALLY,2,COMMERCIAL,3,3,224.0,3.0
KARIMNAGAR,HUZURABAD,HUZURABAD,SAIDAPUR,LASMANNAPALLY,2,COMMERCIAL,11,11,140.0,11.02
KARIMNAGAR,HUZURABAD,HUZURABAD,SAIDAPUR,NALLARAMAIAHPALLY,2,COMMERCIAL,3,3,70.0,4.0
KARIMNAGAR,HUZURABAD,HUZURABAD,SAIDAPUR,PERKAPALLY,2,COMMERCIAL,16,16,1225.0,26.505
KARIMNAGAR,HUZURABAD,HUZURABAD,SAIDAPUR,RAIKAL,2,COMMERCIAL,46,44,2595.0,69.345
KARIMNAGAR,HUZURABAD,HUZURABAD,SAIDAPUR,RAIKAL THANDA,2,COMMERCIAL,4,4,384.0,9.0
KARIMNAGAR,HUZURABAD,HUZURABAD,SAIDAPUR,RAMACHNDRAPUR,2,COMMERCIAL,9,9,3913.0,26.0
KARIMNAGAR,HUZURABAD,HUZURABAD,SAIDAPUR,RAMULAPALLY,2,COMMERCIAL,5,5,517.0,7.73
KARIMNAGAR,HUZURABAD,HUZURABAD,SAIDAPUR,SAIDAPUR,2,COMMERCIAL,137,122,7907.0,229.955
KARIMNAGAR,HUZURABAD,HUZURABAD,SAIDAPUR,SARVAIPET,2,COMMERCIAL,6,6,201.0,9.0
KARIMNAGAR,KARIMNAGAR,KARIMNAGAR TOWN 2,KRN TOWN 6,SHIVA THEATRE,2,COMMERCIAL,227,222,26634.0,504.58
KARIMNAGAR,KARIMNAGAR,KARIMNAGAR TOWN 2,KRN TOWN 6,SRI RAM NAGAR ,2,COMMERCIAL,211,208,20960.0,538.98
KARIMNAGAR,KARIMNAGAR,KARIMNAGAR TOWN 2,KRN TOWN 6,VENKATESHWARA KAMAN,2,COMMERCIAL,145,141,11433.0,279.756
KARIMNAGAR,KARIMNAGAR,KARIMNAGAR TOWN 2,KRN TOWN 6,VIDHYA NAGAR ,2,COMMERCIAL,218,216,20346.0,525.0
KARIMNAGAR,KARIMNAGAR,KARIMNAGAR TOWN 2,KRN TOWN 7,AKULA SHAILAJA HOSPITAL AREA,2,COMMERCIAL,315,298,29025.0,625.85
KARIMNAGAR,KARIMNAGAR,KARIMNAGAR TOWN 2,KRN TOWN 7,AOS COLONY,2,COMMERCIAL,85,85,4808.0,259.85
KARIMNAGAR,KARIMNAGAR,KARIMNAGAR TOWN 2,KRN TOWN 7,GODAMGADDA ,2,COMMERCIAL,199,189,10528.0,413.44
KARIMNAGAR,KARIMNAGAR,KARIMNAGAR TOWN 2,KRN TOWN 7,GOPAL RAO BUILDING,2,COMMERCIAL,315,304,25090.0,612.63
KARIMNAGAR,KARIMNAGAR,KARIMNAGAR TOWN 2,KRN TOWN 7,II TOWN POLICE STATION,2,COMMERCIAL,572,549,72600.0,1204.88
KARIMNAGAR,KARIMNAGAR,KARIMNAGAR TOWN 2,KRN TOWN 7,KASHMIRGADDA,2,COMMERCIAL,386,374,32914.0,724.76
KARIMNAGAR,KARIMNAGAR,KARIMNAGAR TOWN 2,KRN TOWN 7,MANKAMMATHOTA ,2,COMMERCIAL,117,70,5470.0,391.96
KARIMNAGAR,KARIMNAGAR,KARIMNAGAR TOWN 2,KRN TOWN 7,NON SLAB,2,COMMERCIAL,126,117,177903.0,1943.88
KARIMNAGAR,KARIMNAGAR,KARIMNAGAR TOWN 2,KRN TOWN 7,P  CIRCLE,2,COMMERCIAL,6,0,0.0,27.8
KARIMNAGAR,KARIMNAGAR,KARIMNAGAR TOWN 2,KRN TOWN 7,R  CIRCLE,2,COMMERCIAL,12,0,0.0,81.78
KARIMNAGAR,KARIMNAGAR,KARIMNAGAR TOWN 2,KRN TOWN 7,RAMCHANDRAPUR COLONY ,2,COMMERCIAL,146,146,9256.0,406.25
KARIMNAGAR,KARIMNAGAR,KARIMNAGAR TOWN 2,KRN TOWN 7,SAPTHAGIRI COLONY,2,COMMERCIAL,183,179,9155.0,389.8
KARIMNAGAR,KARIMNAGAR RURAL,Gangadhara,ACHAMPALLY,UPPERMALLIAL,2,COMMERCIAL,59,53,6332.0,104.22
KARIMNAGAR,KARIMNAGAR RURAL,Gangadhara,ACHAMPALLY,VENKAMPALLY H/O.UPPE,2,COMMERCIAL,13,12,2482.0,22.18
KARIMNAGAR,KARIMNAGAR RURAL,Gangadhara,ACHAMPALLY,WADDIARAM,2,COMMERCIAL,52,42,17267.0,192.9
KARIMNAGAR,KARIMNAGAR RURAL,Gangadhara,ARNAKONDA,ARNAKONDA,2,COMMERCIAL,133,123,17381.0,284.632
KARIMNAGAR,KARIMNAGAR RURAL,Gangadhara,ARNAKONDA,CHITYALAPALLY,2,COMMERCIAL,15,9,471.0,20.18
KARIMNAGAR,KARIMNAGAR RURAL,Gangadhara,ARNAKONDA,DESHAIPET,2,COMMERCIAL,18,17,1218.0,28.4
KARIMNAGAR,KARIMNAGAR RURAL,Gangadhara,ARNAKONDA,GUMLAPUR,2,COMMERCIAL,67,61,9999.0,189.03
KARIMNAGAR,KARIMNAGAR RURAL,Gangadhara,ARNAKONDA,KATNEPALLY,2,COMMERCIAL,56,50,7095.0,112.5
KHAMMAM,KHAMMAM,KHAMMAM TOWN 2,KHAMMAM URBAN,KOTHURU,2,COMMERCIAL,1,0,0.0,40.0
KHAMMAM,KHAMMAM,KHAMMAM TOWN 2,KHAMMAM URBAN,TEKULAPALLI,2,COMMERCIAL,633,553,131993.0,2145.95
KHAMMAM,KHAMMAM,KHAMMAM TOWN 2,KHAMMAM URBAN,V. VENKATAYA PALEM,2,COMMERCIAL,220,170,34353.0,660.895
KHAMMAM,KHAMMAM,KHAMMAM TOWN 2,KHAMMAM URBAN,VELUGUMATLA,2,COMMERCIAL,226,201,47660.0,781.006
KHAMMAM,KHAMMAM,KHAMMAM TOWN 2,MAMATHA ROAD,ALLIPURAM,2,COMMERCIAL,48,43,9883.0,134.4
KHAMMAM,KHAMMAM,KHAMMAM TOWN 2,MAMATHA ROAD,GOLLAGUDEM,2,COMMERCIAL,88,78,9662.0,233.02
KHAMMAM,KHAMMAM,KHAMMAM TOWN 2,MAMATHA ROAD,GOPALAPURAM-MR,2,COMMERCIAL,73,73,25996.0,303.015
KHAMMAM,KHAMMAM,KHAMMAM TOWN 2,MAMATHA ROAD,KOTHAGUDEM,2,COMMERCIAL,89,78,9336.0,170.34
KHAMMAM,KHAMMAM,KHAMMAM TOWN 2,MAMATHA ROAD,PUTTAKOTA,2,COMMERCIAL,37,26,4780.0,166.41
KHAMMAM,KHAMMAM,PEDDA GOPATHI,KONIJERLA,MEKALAKUNTA,2,COMMERCIAL,5,5,326.0,7.55
KHAMMAM,KHAMMAM,PEDDA GOPATHI,KONIJERLA,PALLIPADU,2,COMMERCIAL,126,113,12086.0,243.1
KHAMMAM,KHAMMAM,PEDDA GOPATHI,KONIJERLA,PEDDA RAMAPURAM,2,COMMERCIAL,26,20,1070.0,53.696
KHAMMAM,KHAMMAM,PEDDA GOPATHI,KONIJERLA,RATHNAPURAM,2,COMMERCIAL,1,1,13.0,3.0
KHAMMAM,KHAMMAM,PEDDA GOPATHI,KONIJERLA,S.VENKATAPURAM,2,COMMERCIAL,11,11,687.0,10.04
KHAMMAM,KHAMMAM,PEDDA GOPATHI,KONIJERLA,SALEBANZARA,2,COMMERCIAL,9,7,178.0,16.65
KHAMMAM,KHAMMAM,PEDDA GOPATHI,KONIJERLA,SIDDINAGAR,2,COMMERCIAL,11,11,782.0,15.233
KHAMMAM,KHAMMAM,PEDDA GOPATHI,KONIJERLA,SINGARAYAPALEM,2,COMMERCIAL,42,37,7102.0,78.26
JAGITYAL,JAGITYAL,GOLLAPALLY,BATHIKEPALLY,RANGA DHAVANIPALLY,2,COMMERCIAL,34,32,1153.0,50.508
JAGITYAL,JAGITYAL,GOLLAPALLY,BATHIKEPALLY,SHALAPALLE,2,COMMERCIAL,14,14,684.0,18.0
JAGITYAL,JAGITYAL,GOLLAPALLY,BATHIKEPALLY,SUDDALAPALLY,2,COMMERCIAL,52,43,4727.0,86.065
JAGITYAL,JAGITYAL,GOLLAPALLY,BATHIKEPALLY,THIRUMALAPOOR,2,COMMERCIAL,39,36,6707.0,76.124
JAGITYAL,JAGITYAL,GOLLAPALLY,BATHIKEPALLY,VENGALAIPETA,2,COMMERCIAL,43,33,3073.0,77.427
JAGITYAL,JAGITYAL,GOLLAPALLY,CHILAVAKODOOR,ABBAPOOR,2,COMMERCIAL,12,11,1722.0,36.505
JAGITYAL,JAGITYAL,GOLLAPALLY,CHILAVAKODOOR,ATMAKUR,2,COMMERCIAL,16,15,1166.0,23.825
JAGITYAL,JAGITYAL,GOLLAPALLY,CHILAVAKODOOR,BHEEMRAJPALLY,2,COMMERCIAL,6,5,95.0,8.0
JAGITYAL,JAGITYAL,GOLLAPALLY,CHILAVAKODOOR,BONKOOR,2,COMMERCIAL,22,20,5752.0,45.44
JAGITYAL,JAGITYAL,GOLLAPALLY,CHILAVAKODOOR,CHENDOLI,2,COMMERCIAL,53,41,4449.0,94.999
JAGITYAL,JAGITYAL,Jagitial Town,POLASA,KALLEDA,2,COMMERCIAL,132,122,12396.0,247.63
JAGITYAL,JAGITYAL,Jagitial Town,POLASA,KANDLAPALLY,2,COMMERCIAL,5,5,116.0,7.0
JAGITYAL,JAGITYAL,Jagitial Town,POLASA,KANNAPOOR,2,COMMERCIAL,8,7,3197.0,29.36
JAGITYAL,JAGITYAL,Jagitial Town,POLASA,LAXMIPOOR,2,COMMERCIAL,102,97,14322.0,191.86
JAGITYAL,JAGITYAL,Jagitial Town,POLASA,PERKAPALLY,2,COMMERCIAL,34,31,2179.0,75.136
JAGITYAL,JAGITYAL,Jagitial Town,POLASA,POLASA,2,COMMERCIAL,115,99,30185.0,483.778
JAGITYAL,JAGITYAL,Jagitial Town,POLASA,PORANDLA,2,COMMERCIAL,64,61,10710.0,108.785
JAGITYAL,JAGITYAL,Jagitial Town,POLASA,SANGAMPALLY,2,COMMERCIAL,22,22,3908.0,56.88
JAGITYAL,JAGITYAL,Jagitial Town,POLASA,SOMANPALLY,2,COMMERCIAL,10,9,118.0,8.4
JAGITYAL,JAGITYAL,Jagitial Town,POLASA,THAKKALLAPALLY I,2,COMMERCIAL,37,35,6282.0,91.061
JAGITYAL,METPALLY,MALLAPOOR,MALLAPOOR,VEMPALLY VENKATRAOPE,2,COMMERCIAL,104,93,10770.0,176.758
JAGITYAL,METPALLY,MALLAPOOR,MEDIPALLY-IBP,AMMAKKAPET,2,COMMERCIAL,38,31,4804.0,63.42
JAGITYAL,METPALLY,MALLAPOOR,MEDIPALLY-IBP,BANDALINGAPOOR,2,COMMERCIAL,137,122,18509.0,215.409
JAGITYAL,METPALLY,MALLAPOOR,MEDIPALLY-IBP,CHERLA KONDAPUR,2,COMMERCIAL,11,11,396.0,13.48
JAGITYAL,METPALLY,MALLAPOOR,MEDIPALLY-IBP,DABBA,2,COMMERCIAL,58,49,5448.0,93.85
JAGITYAL,METPALLY,MALLAPOOR,MEDIPALLY-IBP,ERRAPOOR,2,COMMERCIAL,4,4,181.0,4.16
JAGITYAL,METPALLY,MALLAPOOR,MEDIPALLY-IBP,KOMATI KONDAPOOR,2,COMMERCIAL,39,33,2607.0,46.192
JAGITYAL,METPALLY,MALLAPOOR,MEDIPALLY-IBP,MAIDIPALLY (W),2,COMMERCIAL,99,74,5171.0,166.272
JAGITYAL,METPALLY,MALLAPOOR,MEDIPALLY-IBP,RAJESHWARAO PET,2,COMMERCIAL,17,15,587.0,20.5
JANGAON,GHANPUR,PALAKURTHY,PALAKURTHY RURAL,KISTAPUR THANDA,2,COMMERCIAL,2,2,41.0,3.0
JANGAON,GHANPUR,PALAKURTHY,PALAKURTHY RURAL,KOTHULABAD,2,COMMERCIAL,20,18,1302.0,38.56
JANGAON,GHANPUR,PALAKURTHY,PALAKURTHY RURAL,LAXMINARAYANAPUR,2,COMMERCIAL,21,16,867.0,33.74
JANGAON,GHANPUR,PALAKURTHY,PALAKURTHY RURAL,LOUDYA THANDA,2,COMMERCIAL,1,1,0.0,1.0
JANGAON,GHANPUR,PALAKURTHY,PALAKURTHY RURAL,MANCHUPPALA,2,COMMERCIAL,27,25,2786.0,55.69
JANGAON,GHANPUR,PALAKURTHY,PALAKURTHY RURAL,MILARAM,2,COMMERCIAL,4,4,682.0,9.0
JANGAON,GHANPUR,PALAKURTHY,PALAKURTHY RURAL,NARSINGAPURAM THANDA,2,COMMERCIAL,4,4,350.0,8.0
JANGAON,GHANPUR,PALAKURTHY,PALAKURTHY RURAL,PALGUBODU THANDA,2,COMMERCIAL,1,1,0.0,3.0
JANGAON,GHANPUR,PALAKURTHY,PALAKURTHY RURAL,PEDDA THANDA (B),2,COMMERCIAL,6,6,156.0,8.0
JANGAON,GHANPUR,PALAKURTHY,PALAKURTHY RURAL,RAGHAVAPUR,2,COMMERCIAL,3,3,64.0,1.95
JANGAON,JANGAON,RAGHUNATHPALLY,QUILASHAPUR,MEKALAGATTU,2,COMMERCIAL,15,10,5393.0,33.45
JANGAON,JANGAON,RAGHUNATHPALLY,QUILASHAPUR,NAKKABOKKALA THANDA,2,COMMERCIAL,2,2,59.0,3.0
JANGAON,JANGAON,RAGHUNATHPALLY,QUILASHAPUR,POTTIGUBBADI THANDA,2,COMMERCIAL,3,3,29.0,3.75
JANGAON,JANGAON,RAGHUNATHPALLY,QUILASHAPUR,QUILASHAPUR,2,COMMERCIAL,118,111,12800.0,272.93
JANGAON,JANGAON,RAGHUNATHPALLY,QUILASHAPUR,RAMRAJBUNGLAW,2,COMMERCIAL,8,5,150.0,15.44
JANGAON,JANGAON,RAGHUNATHPALLY,QUILASHAPUR,SOMAIAHKUNTA THANDA,2,COMMERCIAL,4,4,73.0,6.24
JANGAON,JANGAON,RAGHUNATHPALLY,QUILASHAPUR,VELDI,2,COMMERCIAL,39,32,6058.0,97.9
JANGAON,JANGAON,RAGHUNATHPALLY,QUILASHAPUR,VEPALAGADDA THANDA,2,COMMERCIAL,5,5,139.0,5.24
JANGAON,JANGAON,RAGHUNATHPALLY,RAGHUNATHPALLY,AYYAVARI GUDEM,2,COMMERCIAL,2,1,55.0,1.12
KAMAREDDY,BANSWADA,BICHKUNDA,MADNOOR,SALABATHPOOR,2,COMMERCIAL,35,16,3933.0,102.76
KAMAREDDY,BANSWADA,BICHKUNDA,MADNOOR,SHAKAPOOR,2,COMMERCIAL,11,9,1315.0,20.499
KAMAREDDY,BANSWADA,BICHKUNDA,MADNOOR,SHAKKERGA BIG,2,COMMERCIAL,25,25,1416.0,42.07
KAMAREDDY,BANSWADA,BICHKUNDA,MADNOOR,SHAKKERGA SMALL,2,COMMERCIAL,5,5,222.0,7.982
KAMAREDDY,BANSWADA,BICHKUNDA,MADNOOR,SOMOOR,2,COMMERCIAL,10,9,4964.0,30.24
KAMAREDDY,BANSWADA,BICHKUNDA,MADNOOR,TADGOOR BIG,2,COMMERCIAL,45,37,5795.0,87.639
KAMAREDDY,BANSWADA,BICHKUNDA,MADNOOR,TADGOOR SMALL,2,COMMERCIAL,5,5,98.0,4.52
KAMAREDDY,BANSWADA,BICHKUNDA,MENOOR,DONGLI,2,COMMERCIAL,73,62,9042.0,120.688
KAMAREDDY,BANSWADA,BICHKUNDA,MENOOR,DOTHI,2,COMMERCIAL,12,9,203.0,16.07
KAMAREDDY,BANSWADA,BICHKUNDA,MENOOR,EMBORA,2,COMMERCIAL,5,3,238.0,17.5
KAMAREDDY,KAMAREDDY,Kamareddy Rural,MACHAREDDY,LAXMIRAJPALLY,2,COMMERCIAL,23,21,3148.0,53.281
KAMAREDDY,KAMAREDDY,Kamareddy Rural,MACHAREDDY,MACHAREDDY,2,COMMERCIAL,166,130,18224.0,367.438
KAMAREDDY,KAMAREDDY,Kamareddy Rural,MACHAREDDY,NADIMI THANDA,2,COMMERCIAL,1,1,0.0,1.0
KAMAREDDY,KAMAREDDY,Kamareddy Rural,MACHAREDDY,RATHNAGIRIPALLY,2,COMMERCIAL,20,18,759.0,25.002
KAMAREDDY,KAMAREDDY,Kamareddy Rural,MACHAREDDY,SOMARPET,2,COMMERCIAL,30,27,5335.0,58.936
KAMAREDDY,KAMAREDDY,Kamareddy Rural,MACHAREDDY,YELLAMPET,2,COMMERCIAL,22,19,5396.0,29.826
KARIMNAGAR,KARIMNAGAR,KARIMNAGAR TOWN 2,KRN TOWN 4,VASUDEVA COLONY ,2,COMMERCIAL,69,66,6084.0,204.0
KARIMNAGAR,KARIMNAGAR,KARIMNAGAR TOWN 2,KRN TOWN 4,VENKATESHWARA COLONY ,2,COMMERCIAL,57,54,4910.0,204.5
KARIMNAGAR,KARIMNAGAR,KARIMNAGAR TOWN 2,KRN TOWN 4,VIGNESHWARA COLONY,2,COMMERCIAL,33,29,2037.0,78.0
KARIMNAGAR,KARIMNAGAR,KARIMNAGAR TOWN 2,KRN TOWN 6,BHAGYA NAGAR,2,COMMERCIAL,287,286,25506.0,488.649
KARIMNAGAR,KARIMNAGAR,KARIMNAGAR TOWN 2,KRN TOWN 6,I CIRCLE,2,COMMERCIAL,84,81,126060.0,1579.043
KARIMNAGAR,KARIMNAGAR,KARIMNAGAR TOWN 2,KRN TOWN 6,I.B CHOWRASTA ,2,COMMERCIAL,657,619,102768.0,1763.737
KARIMNAGAR,KARIMNAGAR,KARIMNAGAR TOWN 2,KRN TOWN 6,JYOTHI NAGAR,2,COMMERCIAL,212,205,21945.0,386.99
KARIMNAGAR,KARIMNAGAR,KARIMNAGAR TOWN 2,KRN TOWN 6,K  CIRCLE,2,COMMERCIAL,97,92,136180.0,1556.38
KARIMNAGAR,KARIMNAGAR,KARIMNAGAR TOWN 2,KRN TOWN 6,SANTHOSH NAGAR ,2,COMMERCIAL,171,171,12308.0,314.44
KARIMNAGAR,KARIMNAGAR,KARIMNAGAR TOWN 2,KRN TOWN 6,SHAKTHI TEMPLE,2,COMMERCIAL,77,76,9672.0,176.23
KARIMNAGAR,KARIMNAGAR RURAL,Gangadhara,ACHAMPALLY,GARSHAKURTHY,2,COMMERCIAL,158,152,15437.0,308.29
KARIMNAGAR,KARIMNAGAR RURAL,Gangadhara,ACHAMPALLY,GATTUBOOTHKUR,2,COMMERCIAL,55,51,11010.0,112.4
KARIMNAGAR,KARIMNAGAR RURAL,Gangadhara,ACHAMPALLY,GOPALRAOPET H/oMALLA,2,COMMERCIAL,11,10,390.0,16.64
KARIMNAGAR,KARIMNAGAR RURAL,Gangadhara,ACHAMPALLY,HIMMATHNAGAR,2,COMMERCIAL,18,17,886.0,30.5
KARIMNAGAR,KARIMNAGAR RURAL,Gangadhara,ACHAMPALLY,KASARAM,2,COMMERCIAL,7,7,220.0,8.5
KARIMNAGAR,KARIMNAGAR RURAL,Gangadhara,ACHAMPALLY,MALLAPOOR,2,COMMERCIAL,25,25,4971.0,60.64
KARIMNAGAR,KARIMNAGAR RURAL,Gangadhara,ACHAMPALLY,RANGARAOPALLY,2,COMMERCIAL,20,18,649.0,29.46
KARIMNAGAR,KARIMNAGAR RURAL,Gangadhara,ACHAMPALLY,THADIJERRY,2,COMMERCIAL,20,19,2352.0,43.72
KHAMMAM,KHAMMAM,KHAMMAM TOWN 2,KHAMMAM TOWN-4,DAMSALAPURAM,2,COMMERCIAL,82,65,9756.0,183.42
KHAMMAM,KHAMMAM,KHAMMAM TOWN 2,KHAMMAM TOWN-4,KOTHURU,2,COMMERCIAL,321,287,42378.0,1138.3
KHAMMAM,KHAMMAM,KHAMMAM TOWN 2,KHAMMAM TOWN-4,SEETARAMPURAM,2,COMMERCIAL,12,9,118.0,22.57
KHAMMAM,KHAMMAM,KHAMMAM TOWN 2,KHAMMAM TOWN-4,ZONE (17) KHAMMAM,2,COMMERCIAL,505,463,221288.0,2886.406
KHAMMAM,KHAMMAM,KHAMMAM TOWN 2,KHAMMAM TOWN-4,ZONE (18) KHAMMAM,2,COMMERCIAL,795,712,92223.0,1705.382
KHAMMAM,KHAMMAM,KHAMMAM TOWN 2,KHAMMAM TOWN-4,ZONE (19) KHAMMAM,2,COMMERCIAL,408,380,43096.0,906.84
KHAMMAM,KHAMMAM,KHAMMAM TOWN 2,KHAMMAM TOWN-4,ZONE (20),2,COMMERCIAL,353,339,28750.0,624.37
KHAMMAM,KHAMMAM,KHAMMAM TOWN 2,KHAMMAM URBAN,DHAMSALAPURAM,2,COMMERCIAL,1,0,0.0,0.1
KHAMMAM,KHAMMAM,KHAMMAM TOWN 2,KHAMMAM URBAN,GOPALAPURAM,2,COMMERCIAL,198,175,61120.0,789.9
KHAMMAM,KHAMMAM,KHAMMAM TOWN 2,KHAMMAM URBAN,KHANAPURAM,2,COMMERCIAL,173,159,10632.0,425.91
KHAMMAM,KHAMMAM,PEDDA GOPATHI,KONIJERLA,G.R.MADUGU,2,COMMERCIAL,33,28,5317.0,113.26
KHAMMAM,KHAMMAM,PEDDA GOPATHI,KONIJERLA,GADDALAGUDEM,2,COMMERCIAL,11,10,160.0,15.0
KHAMMAM,KHAMMAM,PEDDA GOPATHI,KONIJERLA,GOPAVARAM,2,COMMERCIAL,19,14,1687.0,30.2
KHAMMAM,KHAMMAM,PEDDA GOPATHI,KONIJERLA,GUBBAGURTHI,2,COMMERCIAL,52,46,10092.0,130.54
KHAMMAM,KHAMMAM,PEDDA GOPATHI,KONIJERLA,KONIJERLA,2,COMMERCIAL,390,355,52329.0,785.44
KHAMMAM,KHAMMAM,PEDDA GOPATHI,KONIJERLA,LAXMIPURAM-K,2,COMMERCIAL,7,3,90.0,7.5
KHAMMAM,KHAMMAM,PEDDA GOPATHI,KONIJERLA,LINGAGUDEM,2,COMMERCIAL,14,9,2643.0,39.55
KHAMMAM,KHAMMAM,PEDDA GOPATHI,KONIJERLA,MALLUPALLY,2,COMMERCIAL,18,14,474.0,22.85
KHAMMAM,KHAMMAM RURAL,KUSUMANCHI,NELAKONDAPALLY,PYNAMPALLY,2,COMMERCIAL,63,56,2383.0,116.72
KHAMMAM,KHAMMAM RURAL,KUSUMANCHI,NELAKONDAPALLY,RAJARAMPET,2,COMMERCIAL,1,0,0.0,1.0
KHAMMAM,KHAMMAM RURAL,KUSUMANCHI,NELAKONDAPALLY,RAVIGUDEM,2,COMMERCIAL,42,39,5481.0,94.08
KHAMMAM,KHAMMAM RURAL,KUSUMANCHI,NELAKONDAPALLY,REGULGUDEMTANDA,2,COMMERCIAL,2,1,0.0,3.1
KHAMMAM,KHAMMAM RURAL,KUSUMANCHI,NELAKONDAPALLY,SADASIVAPURAM,2,COMMERCIAL,6,3,59.0,9.74
KHAMMAM,KHAMMAM RURAL,KUSUMANCHI,NELAKONDAPALLY,TIRUMALAPURAM,2,COMMERCIAL,6,5,335.0,11.0
KHAMMAM,KHAMMAM RURAL,KUSUMANCHI,PALERU,BHAGATVEEDU,2,COMMERCIAL,3,2,3.0,5.55
KHAMMAM,KHAMMAM RURAL,KUSUMANCHI,PALERU,BIKARI THANDA,2,COMMERCIAL,7,5,163.0,10.08
KHAMMAM,KHAMMAM RURAL,KUSUMANCHI,PALERU,BODIYA THANDA,2,COMMERCIAL,9,5,118.0,11.0
KHAMMAM,SATHUPALLY,PENUBALLY,LANKAPALLY,GURUVAIGUDEM,2,COMMERCIAL,2,2,0.0,2.0
KHAMMAM,SATHUPALLY,PENUBALLY,LANKAPALLY,K.M.BANZAR,2,COMMERCIAL,13,10,1771.0,30.44
KHAMMAM,SATHUPALLY,PENUBALLY,LANKAPALLY,KARAIGUDEM,2,COMMERCIAL,96,88,12109.0,191.142
KHAMMAM,SATHUPALLY,PENUBALLY,LANKAPALLY,KONDRUPAD,2,COMMERCIAL,47,46,1629.0,61.55
KHAMMAM,SATHUPALLY,PENUBALLY,LANKAPALLY,LANKA SAGAR,2,COMMERCIAL,33,24,2023.0,54.98
KHAMMAM,SATHUPALLY,PENUBALLY,LANKAPALLY,LANKAPALLY,2,COMMERCIAL,110,97,9837.0,184.428
KHAMMAM,SATHUPALLY,PENUBALLY,LANKAPALLY,M.SITARAM PURAM,2,COMMERCIAL,4,4,110.0,4.0
KHAMMAM,SATHUPALLY,PENUBALLY,LANKAPALLY,MANDALAPAD,2,COMMERCIAL,124,116,10775.0,189.53
KHAMMAM,SATHUPALLY,PENUBALLY,LANKAPALLY,MARLAKUNTA,2,COMMERCIAL,25,25,1016.0,29.48
KHAMMAM,SATHUPALLY,PENUBALLY,LANKAPALLY,MUTHAGUDEM,2,COMMERCIAL,103,76,14521.0,168.972
HANUMAKONDA,HANAMKONDA/TOWN,KAZIPET,KAZIPET,KAZIPET MAIN ROAD,2,COMMERCIAL,566,501,102470.0,1470.37
HANUMAKONDA,HANAMKONDA/TOWN,KAZIPET,KAZIPET,RAHMATHNAGAR,2,COMMERCIAL,148,126,19809.0,367.63
HANUMAKONDA,HANAMKONDA/TOWN,KAZIPET,KAZIPET,SOMIDI,2,COMMERCIAL,172,151,11478.0,415.274
HANUMAKONDA,HANAMKONDA/TOWN,KAZIPET,KAZIPET,VISHNUPURI,2,COMMERCIAL,293,258,30150.0,470.04
HANUMAKONDA,HANAMKONDA/TOWN,KAZIPET,MADIKONDA,MADIKONDA,2,COMMERCIAL,941,809,179110.0,3294.937
HANUMAKONDA,HANAMKONDA/TOWN,KAZIPET,MADIKONDA,RAMPOOR,2,COMMERCIAL,281,217,71711.0,1125.269
HANUMAKONDA,HANAMKONDA/TOWN,KAZIPET,MADIKONDA,TEKULAGUDEM,2,COMMERCIAL,33,28,6347.0,122.9
HANUMAKONDA,HANAMKONDA/TOWN,KAZIPET,MADIKONDA,TEXTILE PARK,2,COMMERCIAL,6,5,53.0,35.0
HANUMAKONDA,HANAMKONDA/TOWN,KAZIPET,NIT,BANK COLONY,2,COMMERCIAL,295,268,89604.0,1266.72
JAGITYAL,METPALLY,MALLAPOOR,MALLAPOOR,MOGILIPET,2,COMMERCIAL,127,113,10669.0,177.336
JAGITYAL,METPALLY,MALLAPOOR,MALLAPOOR,OBLAPOOR,2,COMMERCIAL,47,44,4584.0,82.43
JAGITYAL,METPALLY,MALLAPOOR,MALLAPOOR,RATHANAPOOR H/o MALL,2,COMMERCIAL,22,20,2125.0,29.08
JAGITYAL,METPALLY,MALLAPOOR,MALLAPOOR,SANGAM SRIRAMPOOR,2,COMMERCIAL,6,3,93.0,4.61
JAGITYAL,METPALLY,MALLAPOOR,MALLAPOOR,VALGONDA,2,COMMERCIAL,29,27,1184.0,36.38
JANGAON,GHANPUR,PALAKURTHY,PALAKURTHY RURAL,CHEEMALABAI THANKDA,2,COMMERCIAL,3,3,6.0,3.98
JANGAON,GHANPUR,PALAKURTHY,PALAKURTHY RURAL,CHENNUR,2,COMMERCIAL,76,55,6452.0,150.528
JANGAON,GHANPUR,PALAKURTHY,PALAKURTHY RURAL,DHUBBATHANDA,2,COMMERCIAL,3,3,115.0,4.74
JANGAON,GHANPUR,PALAKURTHY,PALAKURTHY RURAL,DUBBATHANDA,2,COMMERCIAL,1,1,15.0,1.0
JANGAON,GHANPUR,PALAKURTHY,PALAKURTHY RURAL,ERRANTY,2,COMMERCIAL,58,52,5365.0,122.0
JANGAON,GHANPUR,PALAKURTHY,PALAKURTHY RURAL,GOPALPUR,2,COMMERCIAL,4,4,258.0,6.0
JANGAON,GHANPUR,PALAKURTHY,PALAKURTHY RURAL,GUDIKUNT THANDA,2,COMMERCIAL,2,2,69.0,2.0
JANGAON,GHANPUR,PALAKURTHY,PALAKURTHY RURAL,GUDUR,2,COMMERCIAL,118,101,12976.0,251.82
JANGAON,GHANPUR,PALAKURTHY,PALAKURTHY RURAL,HARIJANACOLONY,2,COMMERCIAL,5,5,173.0,7.26
JANGAON,JANGAON,RAGHUNATHPALLY,QUILASHAPUR,FATHESHAPUR,2,COMMERCIAL,27,23,1011.0,40.73
JANGAON,JANGAON,RAGHUNATHPALLY,QUILASHAPUR,GIDDEBANDA THANDA,2,COMMERCIAL,11,11,507.0,16.732
JANGAON,JANGAON,RAGHUNATHPALLY,QUILASHAPUR,IBRAHIMPUR,2,COMMERCIAL,22,17,1919.0,35.27
JANGAON,JANGAON,RAGHUNATHPALLY,QUILASHAPUR,JAFFERGUDEM,2,COMMERCIAL,19,17,775.0,27.16
JANGAON,JANGAON,RAGHUNATHPALLY,QUILASHAPUR,KUSUMBAI THANDA,2,COMMERCIAL,3,3,6.0,3.0
JANGAON,JANGAON,RAGHUNATHPALLY,QUILASHAPUR,LAXMI THANDA,2,COMMERCIAL,6,6,162.0,8.0
JANGAON,JANGAON,RAGHUNATHPALLY,QUILASHAPUR,MADHARAM,2,COMMERCIAL,12,9,72.0,15.42
JANGAON,JANGAON,RAGHUNATHPALLY,QUILASHAPUR,MANDALGUDEM,2,COMMERCIAL,31,29,1232.0,42.09
JANGAON,JANGAON,RAGHUNATHPALLY,QUILASHAPUR,MANGALIBANDA THANDA,2,COMMERCIAL,11,10,201.0,16.75
KAMAREDDY,BANSWADA,BICHKUNDA,MADNOOR,ANTAPOOR,2,COMMERCIAL,6,4,88.0,7.42
KAMAREDDY,BANSWADA,BICHKUNDA,MADNOOR,AWALGAON,2,COMMERCIAL,12,10,759.0,12.656
KAMAREDDY,BANSWADA,BICHKUNDA,MADNOOR,DANOOR,2,COMMERCIAL,7,6,327.0,11.68
KAMAREDDY,BANSWADA,BICHKUNDA,MADNOOR,EKLARA BIG,2,COMMERCIAL,33,32,11484.0,87.534
KAMAREDDY,BANSWADA,BICHKUNDA,MADNOOR,EKLARA SMALL,2,COMMERCIAL,8,7,151.0,11.0
KAMAREDDY,BANSWADA,BICHKUNDA,MADNOOR,KEROOR,2,COMMERCIAL,37,25,6033.0,78.96
KAMAREDDY,BANSWADA,BICHKUNDA,MADNOOR,KOTCHERA,2,COMMERCIAL,31,26,1804.0,47.099
KAMAREDDY,BANSWADA,BICHKUNDA,MADNOOR,MADNOOR,2,COMMERCIAL,609,461,51610.0,1088.724
KAMAREDDY,BANSWADA,BICHKUNDA,MADNOOR,PACHUR,2,COMMERCIAL,2,2,154.0,3.18
KAMAREDDY,KAMAREDDY,DOMAKONDA,RAJAMPET,YELLAPUR THANDA,2,COMMERCIAL,2,2,18.0,7.0
KAMAREDDY,KAMAREDDY,DOMAKONDA,RAJAMPET,YELLAREDDIPALLY,2,COMMERCIAL,10,10,1222.0,26.81
KAMAREDDY,KAMAREDDY,DOMAKONDA,RAJAMPET,Yellareddy pally thanda,2,COMMERCIAL,1,1,30.0,1.0
KAMAREDDY,KAMAREDDY,Kamareddy Rural,MACHAREDDY,AKKAPOOR,2,COMMERCIAL,23,18,5594.0,48.146
KAMAREDDY,KAMAREDDY,Kamareddy Rural,MACHAREDDY,ANKIREDDYPALLY THANDA,2,COMMERCIAL,1,1,1.0,1.0
KAMAREDDY,KAMAREDDY,Kamareddy Rural,MACHAREDDY,BANJAPALLY,2,COMMERCIAL,1,1,244.0,5.0
KAMAREDDY,KAMAREDDY,Kamareddy Rural,MACHAREDDY,CHUKKAPOOR,2,COMMERCIAL,47,39,1734.0,71.967
KAMAREDDY,KAMAREDDY,Kamareddy Rural,MACHAREDDY,GAJYANAYAK THANDA,2,COMMERCIAL,333,313,18719.0,565.613
KAMAREDDY,KAMAREDDY,Kamareddy Rural,MACHAREDDY,GHANPOOR (M),2,COMMERCIAL,20,11,565.0,39.086
KAMAREDDY,KAMAREDDY,Kamareddy Rural,MACHAREDDY,KOTHAPALLY,2,COMMERCIAL,1,0,0.0,1.94
KAMAREDDY,KAMAREDDY,Kamareddy Rural,MACHAREDDY,LACHAPET,2,COMMERCIAL,47,43,3243.0,101.553
KAMAREDDY,YELLAREDDY,LINGAMPET,LINGAMPET,BURIGIDDA,2,COMMERCIAL,1,0,0.0,0.24
KAMAREDDY,YELLAREDDY,LINGAMPET,LINGAMPET,ILAPOOR,2,COMMERCIAL,31,20,503.0,28.392
KAMAREDDY,YELLAREDDY,LINGAMPET,LINGAMPET,KANNAPOOR,2,COMMERCIAL,3,3,42.0,2.992
KAMAREDDY,YELLAREDDY,LINGAMPET,LINGAMPET,KOMATIPALLY,2,COMMERCIAL,10,6,124.0,12.799
KAMAREDDY,YELLAREDDY,LINGAMPET,LINGAMPET,LINGAMPALLY,2,COMMERCIAL,27,26,8499.0,129.3
KAMAREDDY,YELLAREDDY,LINGAMPET,LINGAMPET,LINGAMPET,2,COMMERCIAL,586,486,43869.0,909.457
KAMAREDDY,YELLAREDDY,LINGAMPET,LINGAMPET,MOTHE,2,COMMERCIAL,43,40,6287.0,77.371
KAMAREDDY,YELLAREDDY,LINGAMPET,LINGAMPET,MUSTAPOOR,2,COMMERCIAL,14,14,2578.0,35.524
KAMAREDDY,YELLAREDDY,LINGAMPET,LINGAMPET,ONTARIPALLI,2,COMMERCIAL,3,2,112.0,4.966
KARIMNAGAR,HUZURABAD,HUZURABAD,SAIDAPUR,AREPALLY,2,COMMERCIAL,4,4,62.0,7.0
KARIMNAGAR,HUZURABAD,HUZURABAD,SAIDAPUR,BOMMAKAL,2,COMMERCIAL,73,65,7074.0,111.429
KARIMNAGAR,HUZURABAD,HUZURABAD,SAIDAPUR,C R PALLY,2,COMMERCIAL,8,8,115.0,8.0
KARIMNAGAR,HUZURABAD,HUZURABAD,SAIDAPUR,DUDDENAPALLY,2,COMMERCIAL,41,39,4567.0,79.485
KARIMNAGAR,HUZURABAD,HUZURABAD,SAIDAPUR,EKLASPOOR,2,COMMERCIAL,40,33,2038.0,59.705
KARIMNAGAR,HUZURABAD,HUZURABAD,SAIDAPUR,ELLABOTHARAM,2,COMMERCIAL,29,28,2881.0,67.24
KARIMNAGAR,HUZURABAD,HUZURABAD,SAIDAPUR,GHANPUR,2,COMMERCIAL,36,33,2215.0,52.505
KARIMNAGAR,HUZURABAD,HUZURABAD,SAIDAPUR,GODISHALA,2,COMMERCIAL,50,49,7816.0,94.055
KARIMNAGAR,HUZURABAD,HUZURABAD,SAIDAPUR,GOLLAGUDEM,2,COMMERCIAL,5,5,120.0,5.505
KARIMNAGAR,HUZURABAD,HUZURABAD,SAIDAPUR,GUJJULAPALLY,2,COMMERCIAL,16,16,998.0,23.01
KARIMNAGAR,KARIMNAGAR,KARIMNAGAR TOWN 2,KRN TOWN 4,NEW SRI NAGAR COLONY P,2,COMMERCIAL,27,19,3752.0,73.6
KARIMNAGAR,KARIMNAGAR,KARIMNAGAR TOWN 2,KRN TOWN 4,S CIRCLE,2,COMMERCIAL,87,51,95482.0,1072.86
KHAMMAM,KHAMMAM,KHAMMAM TOWN 2,KHAMMAM TOWN-3,ZONE (14) KHAMMAM,2,COMMERCIAL,752,689,106469.0,2012.206
KHAMMAM,KHAMMAM,KHAMMAM TOWN 2,KHAMMAM TOWN-3,ZONE (15) KHAMMAM,2,COMMERCIAL,794,649,167785.0,2895.63
KHAMMAM,KHAMMAM,KHAMMAM TOWN 2,KHAMMAM TOWN-3,ZONE (16) KHAMMAM,2,COMMERCIAL,28,0,0.0,55.34
KHAMMAM,KHAMMAM,PEDDA GOPATHI,CHINTHAKANI,NAGILIGONDA,2,COMMERCIAL,43,37,5498.0,96.009
KHAMMAM,KHAMMAM,PEDDA GOPATHI,CHINTHAKANI,NERADA,2,COMMERCIAL,48,42,4820.0,79.59
KHAMMAM,KHAMMAM,PEDDA GOPATHI,CHINTHAKANI,PRODDUTURU,2,COMMERCIAL,101,91,5523.0,156.44
KHAMMAM,KHAMMAM,PEDDA GOPATHI,CHINTHAKANI,RAMAKRISHNAPURAM,2,COMMERCIAL,55,44,13538.0,118.55
KHAMMAM,KHAMMAM,PEDDA GOPATHI,CHINTHAKANI,REPALLEWADA,2,COMMERCIAL,6,6,106.0,6.92
KHAMMAM,KHAMMAM,PEDDA GOPATHI,CHINTHAKANI,VANDANAM,2,COMMERCIAL,36,26,5478.0,135.17
KHAMMAM,KHAMMAM,PEDDA GOPATHI,KONIJERLA,ANJANAPURAM,2,COMMERCIAL,7,6,2147.0,16.16
KHAMMAM,KHAMMAM,PEDDA GOPATHI,KONIJERLA,BASAVAPURAM,2,COMMERCIAL,17,12,329.0,20.3
KHAMMAM,KHAMMAM,PEDDA GOPATHI,KONIJERLA,DUDDIPUDI,2,COMMERCIAL,8,7,3642.0,42.79
KHAMMAM,KHAMMAM RURAL,KUSUMANCHI,NELAKONDAPALLY,GUVVLAGUDEM,2,COMMERCIAL,32,28,1682.0,66.1
KHAMMAM,KHAMMAM RURAL,KUSUMANCHI,NELAKONDAPALLY,KATTU KACHARAM,2,COMMERCIAL,18,12,1403.0,41.705
KHAMMAM,KHAMMAM RURAL,KUSUMANCHI,NELAKONDAPALLY,KONGARA,2,COMMERCIAL,7,6,193.0,14.8
KHAMMAM,KHAMMAM RURAL,KUSUMANCHI,NELAKONDAPALLY,KOTHAKOTHURU,2,COMMERCIAL,48,40,6859.0,104.82
KHAMMAM,KHAMMAM RURAL,KUSUMANCHI,NELAKONDAPALLY,MANGAPURAMTANDA,2,COMMERCIAL,37,28,3521.0,74.16
KHAMMAM,KHAMMAM RURAL,KUSUMANCHI,NELAKONDAPALLY,MUJJUGUDEM,2,COMMERCIAL,18,16,410.0,27.165
KHAMMAM,KHAMMAM RURAL,KUSUMANCHI,NELAKONDAPALLY,NACHEPALLY,2,COMMERCIAL,32,27,2403.0,68.8
KHAMMAM,KHAMMAM RURAL,KUSUMANCHI,NELAKONDAPALLY,NELAKONDAPALLY,2,COMMERCIAL,796,712,69046.0,1550.525
KHAMMAM,SATHUPALLY,PENUBALLY,KALLURU,GANIYA THANDA,2,COMMERCIAL,3,2,289.0,3.55
KHAMMAM,SATHUPALLY,PENUBALLY,KALLURU,HANUMA THANDA,2,COMMERCIAL,9,6,1308.0,10.9
KHAMMAM,SATHUPALLY,PENUBALLY,KALLURU,K NARYANAPURAM,2,COMMERCIAL,29,23,2614.0,56.354
KHAMMAM,SATHUPALLY,PENUBALLY,KALLURU,KALLURU,2,COMMERCIAL,1123,987,142704.0,2498.401
KHAMMAM,SATHUPALLY,PENUBALLY,KALLURU,KAPPALA BANDAM,2,COMMERCIAL,35,33,1603.0,52.07
KHAMMAM,SATHUPALLY,PENUBALLY,KALLURU,KISTAYA BANJARA,2,COMMERCIAL,4,4,199.0,3.26
KHAMMAM,SATHUPALLY,PENUBALLY,KALLURU,KORLAGUDEM,2,COMMERCIAL,32,25,1671.0,52.53
KHAMMAM,SATHUPALLY,PENUBALLY,KALLURU,LAXMA THANDA,2,COMMERCIAL,9,7,3503.0,43.24
KHAMMAM,SATHUPALLY,PENUBALLY,KALLURU,LAXMIPURAM,2,COMMERCIAL,7,5,22.0,6.24
KHAMMAM,SATHUPALLY,PENUBALLY,KALLURU,LOKARAM,2,COMMERCIAL,21,19,2094.0,40.2
KHAMMAM,SATHUPALLY,PENUBALLY,KALLURU,NARAYANAPURAM-A,2,COMMERCIAL,76,66,6708.0,153.119
KHAMMAM,SATHUPALLY,PENUBALLY,KALLURU,PERUVANCHA,2,COMMERCIAL,66,56,7225.0,142.105
KHAMMAM,SATHUPALLY,PENUBALLY,KALLURU,PULLAIAH BANZAR,2,COMMERCIAL,30,25,1279.0,33.05
KHAMMAM,SATHUPALLY,PENUBALLY,KALLURU,RAGHUNADHAGUDEM,2,COMMERCIAL,32,28,2932.0,55.01
KHAMMAM,SATHUPALLY,PENUBALLY,KALLURU,RAMAKRISHNAPURAM,2,COMMERCIAL,19,13,2980.0,39.2
KHAMMAM,SATHUPALLY,PENUBALLY,KALLURU,SAMBAIAHBANZARA,2,COMMERCIAL,17,14,573.0,19.165
KHAMMAM,SATHUPALLY,PENUBALLY,KALLURU,VENKATAPURAM(P),2,COMMERCIAL,15,13,228.0,14.96
KHAMMAM,SATHUPALLY,PENUBALLY,KALLURU,WACHANAYAKTHAND,2,COMMERCIAL,11,8,411.0,19.5
KHAMMAM,SATHUPALLY,PENUBALLY,LANKAPALLY,A.GANESHPADU,2,COMMERCIAL,35,32,3233.0,55.92
KHAMMAM,SATHUPALLY,PENUBALLY,LANKAPALLY,CHOUDARAM,2,COMMERCIAL,8,7,64.0,11.46
KHAMMAM,SATHUPALLY,PENUBALLY,LANKAPALLY,GOLLA GUDEM,2,COMMERCIAL,9,7,339.0,10.6
JAGITYAL,JAGITYAL,GOLLAPALLY,BATHIKEPALLY,ADUPAPALLY,2,COMMERCIAL,1,1,47.0,2.0
JAGITYAL,JAGITYAL,GOLLAPALLY,BATHIKEPALLY,ARAVELLY,2,COMMERCIAL,43,40,7101.0,92.465
JAGITYAL,JAGITYAL,GOLLAPALLY,BATHIKEPALLY,BATHIKAPALLY,2,COMMERCIAL,102,99,10690.0,183.685
JAGITYAL,JAGITYAL,GOLLAPALLY,BATHIKEPALLY,DEVIKONDA,2,COMMERCIAL,14,13,894.0,20.48
JAGITYAL,JAGITYAL,GOLLAPALLY,BATHIKEPALLY,DOMALAKUNTA,2,COMMERCIAL,27,26,1495.0,45.02
JAGITYAL,JAGITYAL,GOLLAPALLY,BATHIKEPALLY,LAXMIPOOR,2,COMMERCIAL,32,32,6422.0,54.915
JAGITYAL,JAGITYAL,GOLLAPALLY,BATHIKEPALLY,LINGAPOOR,2,COMMERCIAL,33,26,1025.0,41.065
JAGITYAL,JAGITYAL,GOLLAPALLY,BATHIKEPALLY,MADDULAPALLY,2,COMMERCIAL,49,45,3099.0,66.76
JAGITYAL,JAGITYAL,GOLLAPALLY,BATHIKEPALLY,NANCHERLA,2,COMMERCIAL,69,49,5452.0,82.161
JAGITYAL,JAGITYAL,GOLLAPALLY,BATHIKEPALLY,RAMULAPALLY,2,COMMERCIAL,29,28,1048.0,35.94
JAGITYAL,JAGITYAL,Jagitial Town,POLASA,ANANTHARAM,2,COMMERCIAL,56,48,3489.0,67.659
JAGITYAL,JAGITYAL,Jagitial Town,POLASA,BALAPALLY,2,COMMERCIAL,18,17,1373.0,33.0
JAGITYAL,JAGITYAL,Jagitial Town,POLASA,DHARMARAM,2,COMMERCIAL,24,24,1943.0,71.495
JAGITYAL,JAGITYAL,Jagitial Town,POLASA,GOPALARAOPET,2,COMMERCIAL,36,33,2245.0,71.76
JAGITYAL,JAGITYAL,Jagitial Town,POLASA,GULLAPETA,2,COMMERCIAL,35,32,2296.0,62.301
JAGITYAL,JAGITYAL,Jagitial Town,POLASA,GUTTARAJPALLY,2,COMMERCIAL,15,14,748.0,33.805
JAGITYAL,JAGITYAL,Jagitial Town,POLASA,HABSIPUR,2,COMMERCIAL,34,34,2000.0,50.77
JAGITYAL,JAGITYAL,Jagitial Town,POLASA,HANMOJIPET,2,COMMERCIAL,23,23,1929.0,54.22
JAGITYAL,JAGITYAL,Jagitial Town,POLASA,HYDERPALLY,2,COMMERCIAL,9,8,1318.0,12.455
JAGITYAL,METPALLY,MALLAPOOR,MALLAPOOR,DHAMRAJPALLY (OLD),2,COMMERCIAL,34,30,7178.0,72.393
JAGITYAL,METPALLY,MALLAPOOR,MALLAPOOR,GORREPALLY,2,COMMERCIAL,34,28,2653.0,62.56
JAGITYAL,METPALLY,MALLAPOOR,MALLAPOOR,KUSTAPOOR H/o MALLAP,2,COMMERCIAL,70,62,4821.0,105.883
JAGITYAL,METPALLY,MALLAPOOR,MALLAPOOR,MALLAPOOR,2,COMMERCIAL,350,291,28711.0,521.449
KAMAREDDY,BANSWADA,BICHKUNDA,JUKKAL,Mathura thanda,2,COMMERCIAL,2,0,0.0,5.0
KAMAREDDY,BANSWADA,BICHKUNDA,JUKKAL,NAGALGAON,2,COMMERCIAL,12,8,246.0,14.08
KAMAREDDY,BANSWADA,BICHKUNDA,JUKKAL,PADAM PALLI,2,COMMERCIAL,8,2,8.0,11.34
KAMAREDDY,BANSWADA,BICHKUNDA,JUKKAL,SAVARGAON,2,COMMERCIAL,5,2,135.0,10.292
KAMAREDDY,BANSWADA,BICHKUNDA,JUKKAL,SIDDAPOOR,2,COMMERCIAL,1,1,2650.0,10.0
KAMAREDDY,BANSWADA,BICHKUNDA,JUKKAL,SOPUR,2,COMMERCIAL,5,3,2.0,7.24
KAMAREDDY,BANSWADA,BICHKUNDA,JUKKAL,WAJRAKHANDI,2,COMMERCIAL,21,17,1098.0,73.805
KAMAREDDY,KAMAREDDY,DOMAKONDA,RAJAMPET,Gudi thanda,2,COMMERCIAL,1,1,32.0,1.0
KAMAREDDY,KAMAREDDY,DOMAKONDA,RAJAMPET,KONDAPOOR,2,COMMERCIAL,62,57,7873.0,85.047
KAMAREDDY,KAMAREDDY,DOMAKONDA,RAJAMPET,Nadimi thanda,2,COMMERCIAL,1,1,27.0,1.0
KAMAREDDY,KAMAREDDY,DOMAKONDA,RAJAMPET,PEDDAPALLY,2,COMMERCIAL,1,1,5.0,1.0
KAMAREDDY,KAMAREDDY,DOMAKONDA,RAJAMPET,PONDURTHI,2,COMMERCIAL,32,29,1303.0,58.593
KAMAREDDY,KAMAREDDY,DOMAKONDA,RAJAMPET,RAJAMPET,2,COMMERCIAL,181,150,17406.0,336.707
KAMAREDDY,KAMAREDDY,DOMAKONDA,RAJAMPET,SHIVAIPALLY,2,COMMERCIAL,15,15,889.0,24.922
KAMAREDDY,KAMAREDDY,DOMAKONDA,RAJAMPET,SIDDAPOOR,2,COMMERCIAL,2,2,100.0,1.93
KAMAREDDY,KAMAREDDY,DOMAKONDA,RAJAMPET,Shershankar thanda,2,COMMERCIAL,1,1,7.0,1.0
KAMAREDDY,KAMAREDDY,DOMAKONDA,RAJAMPET,TALAMADLA,2,COMMERCIAL,56,47,8885.0,112.258
KAMAREDDY,YELLAREDDY,LINGAMPET,GANDHARI,NERAL,2,COMMERCIAL,6,4,2984.0,9.76
KAMAREDDY,YELLAREDDY,LINGAMPET,GANDHARI,NERAL THANDA,2,COMMERCIAL,6,5,1645.0,16.884
KAMAREDDY,YELLAREDDY,LINGAMPET,GANDHARI,SUMARAM,2,COMMERCIAL,6,5,160.0,15.54
KAMAREDDY,YELLAREDDY,LINGAMPET,GANDHARI,Somla nayak thanda,2,COMMERCIAL,1,1,10.0,2.0
KAMAREDDY,YELLAREDDY,LINGAMPET,GANDHARI,TIMMAPOOR,2,COMMERCIAL,3,2,89.0,3.102
KAMAREDDY,YELLAREDDY,LINGAMPET,GANDHARI,TIPPARAM,2,COMMERCIAL,7,6,110.0,10.8
KAMAREDDY,YELLAREDDY,LINGAMPET,GANDHARI,TIPPARAM THANDA,2,COMMERCIAL,1,1,0.0,3.0
KAMAREDDY,YELLAREDDY,LINGAMPET,GANDHARI,VENDRIKAL,2,COMMERCIAL,3,2,27.0,3.04
KAMAREDDY,YELLAREDDY,LINGAMPET,GANDHARI,chadmal thanda,2,COMMERCIAL,1,1,11.0,1.852
KAMAREDDY,YELLAREDDY,LINGAMPET,GANDHARI,gurjalthanda,2,COMMERCIAL,3,3,12.0,6.17
KARIMNAGAR,HUZURABAD,HUZURABAD,PEDDAPAPAIAHPALLY,DHARMARAJPALLY,2,COMMERCIAL,27,27,2777.0,63.518
KARIMNAGAR,HUZURABAD,HUZURABAD,PEDDAPAPAIAHPALLY,IPPALNARSINGPUR(HZB),2,COMMERCIAL,94,91,17752.0,331.25
KARIMNAGAR,HUZURABAD,HUZURABAD,PEDDAPAPAIAHPALLY,JUPAKA,2,COMMERCIAL,26,26,5566.0,58.92
KARIMNAGAR,HUZURABAD,HUZURABAD,PEDDAPAPAIAHPALLY,KANDUGULA,2,COMMERCIAL,55,54,9841.0,127.29
KARIMNAGAR,HUZURABAD,HUZURABAD,PEDDAPAPAIAHPALLY,KANKULAGIDDA,2,COMMERCIAL,23,22,3275.0,49.26
KARIMNAGAR,HUZURABAD,HUZURABAD,PEDDAPAPAIAHPALLY,KATRAPALLY,2,COMMERCIAL,28,28,615.0,41.44
KARIMNAGAR,HUZURABAD,HUZURABAD,PEDDAPAPAIAHPALLY,PAPAIAHPALLY (HUZ),2,COMMERCIAL,151,139,20585.0,566.199
KARIMNAGAR,HUZURABAD,HUZURABAD,SAIDAPUR,AKNOOR,2,COMMERCIAL,47,46,8688.0,92.835
KARIMNAGAR,HUZURABAD,HUZURABAD,SAIDAPUR,AMMANAGURTHY,2,COMMERCIAL,29,24,2082.0,49.5
KARIMNAGAR,KARIMNAGAR,KARIMNAGAR TOWN 2,KRN TOWN 2,PRAGATHI NAGAR ,2,COMMERCIAL,78,78,4467.0,263.79
KARIMNAGAR,KARIMNAGAR,KARIMNAGAR TOWN 2,KRN TOWN 2,RAJEEV PARK,2,COMMERCIAL,84,84,4420.0,134.26
KARIMNAGAR,KARIMNAGAR,KARIMNAGAR TOWN 2,KRN TOWN 2,RAMNAGAR,2,COMMERCIAL,239,227,19774.0,438.31
KARIMNAGAR,KARIMNAGAR,KARIMNAGAR TOWN 2,KRN TOWN 2,SAPTAGIRI COLONY,2,COMMERCIAL,206,201,13709.0,547.05
KARIMNAGAR,KARIMNAGAR,KARIMNAGAR TOWN 2,KRN TOWN 2,SHIVA NAGAR ,2,COMMERCIAL,167,164,11383.0,320.45
KARIMNAGAR,KARIMNAGAR,KARIMNAGAR TOWN 2,KRN TOWN 2,SRI HARI NAGAR,2,COMMERCIAL,64,60,5106.0,141.41
KARIMNAGAR,KARIMNAGAR,KARIMNAGAR TOWN 2,KRN TOWN 4,BGN SS AREA,2,COMMERCIAL,264,247,53039.0,769.37
KARIMNAGAR,KARIMNAGAR,KARIMNAGAR TOWN 2,KRN TOWN 4,BHAGATH NAGAR,2,COMMERCIAL,283,264,50229.0,788.62
KARIMNAGAR,KARIMNAGAR,KARIMNAGAR TOWN 2,KRN TOWN 4,BUS STAND  ,2,COMMERCIAL,581,469,135197.0,2021.91
KARIMNAGAR,KARIMNAGAR,KARIMNAGAR TOWN 2,KRN TOWN 4,G CIRCLE,2,COMMERCIAL,4,3,992.0,9.5
KARIMNAGAR,KARIMNAGAR,KARIMNAGAR TOWN 2,KRN TOWN 4,GOUTHAMI NAGAR ,2,COMMERCIAL,104,53,13946.0,223.87
KARIMNAGAR,KARIMNAGAR,KARIMNAGAR TOWN 2,KRN TOWN 4,KATTARAMPURA,2,COMMERCIAL,147,110,7876.0,294.25
KARIMNAGAR,KARIMNAGAR,KARIMNAGAR TOWN 2,KRN TOWN 4,MUKARAMPURA ,2,COMMERCIAL,773,677,187292.0,2719.05
KARIMNAGAR,KARIMNAGAR RURAL,ALUGUNOOR,MANAKONDUR,OOTUR,2,COMMERCIAL,87,68,6428.0,150.44
KARIMNAGAR,KARIMNAGAR RURAL,ALUGUNOOR,MANAKONDUR,PACHUNOOR,2,COMMERCIAL,118,111,12042.0,262.07
KARIMNAGAR,KARIMNAGAR RURAL,ALUGUNOOR,MANAKONDUR,POCHAMPALLY,2,COMMERCIAL,3,2,64.0,5.0
KARIMNAGAR,KARIMNAGAR RURAL,ALUGUNOOR,MANAKONDUR,RANGAPETA,2,COMMERCIAL,23,21,1086.0,25.66
KARIMNAGAR,KARIMNAGAR RURAL,ALUGUNOOR,MANAKONDUR,SADASHIVAPALLY,2,COMMERCIAL,1,1,58.0,1.0
KARIMNAGAR,KARIMNAGAR RURAL,ALUGUNOOR,MANAKONDUR,VEGURUPALLY,2,COMMERCIAL,25,20,7119.0,62.78
KARIMNAGAR,KARIMNAGAR RURAL,ALUGUNOOR,MANAKONDUR,VELDHI,2,COMMERCIAL,62,52,10281.0,125.48
KARIMNAGAR,KARIMNAGAR RURAL,Gangadhara,ACHAMPALLY,ACHAMPALLY,2,COMMERCIAL,33,22,5088.0,82.84
KARIMNAGAR,KARIMNAGAR RURAL,Gangadhara,ACHAMPALLY,CHINNA ACHAMPALLY,2,COMMERCIAL,1,1,86.0,1.0
KARIMNAGAR,KARIMNAGAR RURAL,NUSTHULAPUR,NUTSULAPOOR,POLAMPALLY,2,COMMERCIAL,59,48,5497.0,86.44
KARIMNAGAR,KARIMNAGAR RURAL,NUSTHULAPUR,NUTSULAPOOR,R.K.COLONY,2,COMMERCIAL,193,182,37189.0,379.39
KARIMNAGAR,KARIMNAGAR RURAL,NUSTHULAPUR,NUTSULAPOOR,RAMAHANUMAN NAGAR,2,COMMERCIAL,2,2,227.0,2.0
KARIMNAGAR,KARIMNAGAR RURAL,NUSTHULAPUR,NUTSULAPOOR,RENIKUNTA,2,COMMERCIAL,111,94,35902.0,335.9
KARIMNAGAR,KARIMNAGAR RURAL,NUSTHULAPUR,NUTSULAPOOR,VACHUNUR,2,COMMERCIAL,17,13,211.0,12.16
KHAMMAM,KHAMMAM,KHAMMAM TOWN 2,KHAMMAM TOWN-3,ZONE (13) KHAMMAM,2,COMMERCIAL,1250,925,543634.0,7978.97
KHAMMAM,KHAMMAM RURAL,YEDULAPURAM,YEDULAPURAM,MADDULAPALLI,2,COMMERCIAL,155,124,17514.0,509.34
KHAMMAM,KHAMMAM RURAL,YEDULAPURAM,YEDULAPURAM,NAIDUPETA,2,COMMERCIAL,124,122,9840.0,232.68
KHAMMAM,KHAMMAM RURAL,YEDULAPURAM,YEDULAPURAM,PEDDA THANDA,2,COMMERCIAL,133,127,20924.0,406.34
KHAMMAM,KHAMMAM RURAL,YEDULAPURAM,YEDULAPURAM,SAI PRABATH NAGAR,2,COMMERCIAL,66,61,6691.0,147.38
KHAMMAM,KHAMMAM RURAL,YEDULAPURAM,YEDULAPURAM,SAPTAGIRI NAGAR,2,COMMERCIAL,102,98,9540.0,240.68
KHAMMAM,KHAMMAM RURAL,YEDULAPURAM,YEDULAPURAM,SATYANARAYANA PURAM,2,COMMERCIAL,46,43,5209.0,168.69
KHAMMAM,KHAMMAM RURAL,YEDULAPURAM,YEDULAPURAM,SRI RAM NAGAR,2,COMMERCIAL,69,65,5645.0,195.68
KHAMMAM,KHAMMAM RURAL,YEDULAPURAM,YEDULAPURAM,TELDARPALLI,2,COMMERCIAL,92,83,8761.0,152.64
KHAMMAM,KHAMMAM RURAL,YEDULAPURAM,YEDULAPURAM,WGL X ROAD,2,COMMERCIAL,229,212,25167.0,507.901
KHAMMAM,SATHUPALLY,PENUBALLY,KALLURU,BATHULAPALLY,2,COMMERCIAL,37,28,5186.0,71.95
KHAMMAM,SATHUPALLY,PENUBALLY,KALLURU,CHANDRUPATLA,2,COMMERCIAL,83,69,7554.0,115.868
KHAMMAM,SATHUPALLY,PENUBALLY,KALLURU,CHANDYA THANDA,2,COMMERCIAL,1,1,73.0,1.0
KHAMMAM,SATHUPALLY,PENUBALLY,KALLURU,G.D.BOINAPALLY,2,COMMERCIAL,27,24,1082.0,36.48
JAGITYAL,JAGITYAL,DHARMAPURI,VELGATOOR,POSHIGAMA,2,COMMERCIAL,4,4,315.0,4.0
JAGITYAL,JAGITYAL,DHARMAPURI,VELGATOOR,RAJAKKAPALLY  ,2,COMMERCIAL,19,17,1838.0,30.028
JAGITYAL,JAGITYAL,DHARMAPURI,VELGATOOR,RAMNOOR     (REC)             ,2,COMMERCIAL,9,9,376.0,10.416
JAGITYAL,JAGITYAL,DHARMAPURI,VELGATOOR,SANKANPALLY   (REC)           ,2,COMMERCIAL,14,11,77.0,17.892
JAGITYAL,JAGITYAL,DHARMAPURI,VELGATOOR,SHAKAPOOR     ,2,COMMERCIAL,40,38,1764.0,53.98
JAGITYAL,JAGITYAL,DHARMAPURI,VELGATOOR,STAMBAMPALLY,2,COMMERCIAL,28,25,5732.0,64.398
JAGITYAL,JAGITYAL,DHARMAPURI,VELGATOOR,THALLAKOTHAPETA,2,COMMERCIAL,13,12,310.0,18.968
JAGITYAL,JAGITYAL,DHARMAPURI,VELGATOOR,VELGATOOR     ,2,COMMERCIAL,347,317,30781.0,659.867
JAGITYAL,JAGITYAL,DHARMAPURI,VELGATOOR,VENKATAPUR,2,COMMERCIAL,8,7,219.0,11.24
JAGITYAL,JAGITYAL,Jagitial Town,CHELGAL,NARSINGAPOOR,2,COMMERCIAL,61,57,17071.0,206.92
JAGITYAL,JAGITYAL,Jagitial Town,CHELGAL,TARAKARAMA NAGAR,2,COMMERCIAL,62,57,2555.0,86.005
JAGITYAL,JAGITYAL,Jagitial Town,CHELGAL,THATIPALLY I,2,COMMERCIAL,106,89,17149.0,216.19
JAGITYAL,JAGITYAL,Jagitial Town,CHELGAL,VANJARIPALLY,2,COMMERCIAL,21,21,4844.0,53.22
JAGITYAL,JAGITYAL,Jagitial Town,CHELGAL,VODDERA COLONY,2,COMMERCIAL,7,7,634.0,12.94
JAGITYAL,JAGITYAL,Jagitial Town,JAGTIAL TOWN I,JAGITYAL-I,2,COMMERCIAL,3632,3419,464957.0,8407.445
JAGITYAL,JAGITYAL,Jagitial Town,JAGTIAL TOWN II,JAGTIAL TOWN II,2,COMMERCIAL,3669,3342,540697.0,8986.728
JAGITYAL,JAGITYAL,Jagitial Town,JAGTIAL TOWN-III,JAGITYAL-I,2,COMMERCIAL,4,0,0.0,9.32
JAGITYAL,JAGITYAL,Jagitial Town,JAGTIAL TOWN-III,JAGTIAL TOWN-III,2,COMMERCIAL,2096,1953,255451.0,5198.489
JAGITYAL,METPALLY,MALLAPOOR,IBRAHIMPATNAM,IBRAHIMPATNAM,2,COMMERCIAL,360,318,35814.0,523.499
JAGITYAL,METPALLY,MALLAPOOR,IBRAHIMPATNAM,KESHAVAPOOR,2,COMMERCIAL,24,22,1097.0,29.218
JAGITYAL,METPALLY,MALLAPOOR,IBRAHIMPATNAM,KOJANKOTHUR H/o V KU,2,COMMERCIAL,30,28,5850.0,40.64
JAGITYAL,METPALLY,MALLAPOOR,IBRAHIMPATNAM,MULARAMPOOR,2,COMMERCIAL,19,18,3198.0,53.22
JAGITYAL,METPALLY,MALLAPOOR,IBRAHIMPATNAM,THIMMAPOOR,2,COMMERCIAL,70,62,10364.0,117.196
JAGITYAL,METPALLY,MALLAPOOR,IBRAHIMPATNAM,Thimmapur thanda,2,COMMERCIAL,1,1,117.0,1.0
JAGITYAL,METPALLY,MALLAPOOR,IBRAHIMPATNAM,VEMULAKURTHY,2,COMMERCIAL,92,81,10155.0,142.542
JAGITYAL,METPALLY,MALLAPOOR,IBRAHIMPATNAM,YAMAPOOR,2,COMMERCIAL,40,33,3911.0,65.385
JAGITYAL,METPALLY,MALLAPOOR,MALLAPOOR,DHAMRAJPALLY (NEW),2,COMMERCIAL,43,38,1971.0,61.793
JANGAON,GHANPUR,PALAKURTHY,PALAKURTHY,NARABOINA GUDEM,2,COMMERCIAL,4,4,81.0,6.0
JANGAON,GHANPUR,PALAKURTHY,PALAKURTHY,PALAKURTHI (H),2,COMMERCIAL,1061,927,94119.0,1989.095
JANGAON,GHANPUR,PALAKURTHY,PALAKURTHY,PEDDA THANDA (K),2,COMMERCIAL,4,4,145.0,5.24
JANGAON,GHANPUR,PALAKURTHY,PALAKURTHY,SIRISANNA GUDEM,2,COMMERCIAL,3,3,0.0,5.0
JANGAON,GHANPUR,PALAKURTHY,PALAKURTHY,THUMMASAMUDRA ,2,COMMERCIAL,2,2,110.0,2.0
JANGAON,GHANPUR,PALAKURTHY,PALAKURTHY,VALMIDY,2,COMMERCIAL,38,28,1604.0,51.18
JANGAON,GHANPUR,PALAKURTHY,PALAKURTHY,VAVILALA,2,COMMERCIAL,63,56,4731.0,113.479
JANGAON,GHANPUR,PALAKURTHY,PALAKURTHY RURAL,AYYANGARI PALLI,2,COMMERCIAL,10,9,325.0,14.18
JANGAON,GHANPUR,PALAKURTHY,PALAKURTHY RURAL,BOMMERA,2,COMMERCIAL,69,60,5988.0,122.23
JANGAON,JANGAON,RAGHUNATHPALLY,NARMETTA,LOKYATHANDA,2,COMMERCIAL,1,1,81.0,1.0
JANGAON,JANGAON,RAGHUNATHPALLY,NARMETTA,MACHUPAHAD,2,COMMERCIAL,64,55,13595.0,92.94
JANGAON,JANGAON,RAGHUNATHPALLY,NARMETTA,MALAKPET,2,COMMERCIAL,6,6,194.0,5.38
JANGAON,JANGAON,RAGHUNATHPALLY,NARMETTA,MANSINGH THANDA,2,COMMERCIAL,2,2,260.0,3.0
JANGAON,JANGAON,RAGHUNATHPALLY,NARMETTA,NARMETTA (HQ),2,COMMERCIAL,321,297,31111.0,670.005
JANGAON,JANGAON,RAGHUNATHPALLY,NARMETTA,SURYABANDA THANDA,2,COMMERCIAL,2,2,228.0,2.0
JANGAON,JANGAON,RAGHUNATHPALLY,NARMETTA,VELDENDA,2,COMMERCIAL,75,64,6503.0,123.99
JANGAON,JANGAON,RAGHUNATHPALLY,QUILASHAPUR,ANDHRA THANDA,2,COMMERCIAL,3,2,163.0,14.0
JANGAON,JANGAON,RAGHUNATHPALLY,QUILASHAPUR,ASHWARAOPALLI,2,COMMERCIAL,39,34,1417.0,59.685
JANGAON,JANGAON,RAGHUNATHPALLY,QUILASHAPUR,DASANNAGUDEM,2,COMMERCIAL,14,13,527.0,18.6
KAMAREDDY,BANSWADA,BICHKUNDA,JUKKAL,LONGAON,2,COMMERCIAL,5,4,128.0,5.76
KAMAREDDY,BANSWADA,BICHKUNDA,JUKKAL,MADAPOOR,2,COMMERCIAL,2,0,0.0,2.712
KAMAREDDY,BANSWADA,BICHKUNDA,JUKKAL,MAILAR,2,COMMERCIAL,1,1,784.0,5.0
KAMAREDDY,BANSWADA,BICHKUNDA,JUKKAL,MAIPUR,2,COMMERCIAL,1,0,0.0,0.24
KAMAREDDY,BANSWADA,BICHKUNDA,JUKKAL,MOHMADABAD,2,COMMERCIAL,29,27,9507.0,54.173
KARIMNAGAR,HUZURABAD,HUZURABAD,HUZURABAD RURAL,VENKATRAOPALLY,2,COMMERCIAL,15,14,914.0,20.0
KARIMNAGAR,HUZURABAD,HUZURABAD,HUZURABAD TOWN,HUZURABAD,2,COMMERCIAL,872,827,92975.0,2173.188
KARIMNAGAR,HUZURABAD,HUZURABAD,HUZURABAD TOWN,NATRAJ THEATRE ,2,COMMERCIAL,918,904,100645.0,1979.944
KARIMNAGAR,HUZURABAD,HUZURABAD,HUZURABAD TOWN,RTC DEPO ,2,COMMERCIAL,846,819,105213.0,1806.27
KARIMNAGAR,HUZURABAD,HUZURABAD,PEDDAPAPAIAHPALLY,BOTHALAPALLY,2,COMMERCIAL,8,8,202.0,11.0
KARIMNAGAR,HUZURABAD,HUZURABAD,PEDDAPAPAIAHPALLY,CHINNAPAPAIAHPALLY,2,COMMERCIAL,15,15,696.0,20.0
KARIMNAGAR,HUZURABAD,HUZURABAD,PEDDAPAPAIAHPALLY,DAMMAKKAPET (HZB),2,COMMERCIAL,50,49,5214.0,140.1
KARIMNAGAR,HUZURABAD,JAMMIKUNTA,VEENAVANKA,SREERAMULUPET,2,COMMERCIAL,22,21,658.0,29.65
KARIMNAGAR,HUZURABAD,JAMMIKUNTA,VEENAVANKA,VALLABHAPOOR,2,COMMERCIAL,38,34,4585.0,68.08
KARIMNAGAR,HUZURABAD,JAMMIKUNTA,VEENAVANKA,VEENAVANKA,2,COMMERCIAL,247,224,28657.0,527.387
KARIMNAGAR,KARIMNAGAR,KARIMNAGAR TOWN 2,KRN TOWN 2,H CIRCLE,2,COMMERCIAL,54,44,52058.0,477.433
KARIMNAGAR,KARIMNAGAR,KARIMNAGAR TOWN 2,KRN TOWN 2,J CIRCLE,2,COMMERCIAL,124,110,132875.0,1497.09
KARIMNAGAR,KARIMNAGAR,KARIMNAGAR TOWN 2,KRN TOWN 2,KNR DAIRY,2,COMMERCIAL,92,81,5956.0,181.43
KARIMNAGAR,KARIMNAGAR,KARIMNAGAR TOWN 2,KRN TOWN 2,MANKAMMATHOTA,2,COMMERCIAL,228,219,21517.0,404.18
KARIMNAGAR,KARIMNAGAR,KARIMNAGAR TOWN 2,KRN TOWN 2,MARKFED,2,COMMERCIAL,171,170,16064.0,286.1
KARIMNAGAR,KARIMNAGAR,KARIMNAGAR TOWN 2,KRN TOWN 2,PADMANAGAR,2,COMMERCIAL,89,76,7074.0,193.33
KARIMNAGAR,KARIMNAGAR,KARIMNAGAR TOWN 2,KRN TOWN 2,PARAMITHA,2,COMMERCIAL,132,131,12254.0,302.29
KARIMNAGAR,KARIMNAGAR RURAL,ALUGUNOOR,MANAKONDUR,ANNARAM,2,COMMERCIAL,144,128,18764.0,324.82
KARIMNAGAR,KARIMNAGAR RURAL,ALUGUNOOR,MANAKONDUR,JAGGAIAHPALLY,2,COMMERCIAL,18,14,647.0,27.52
KARIMNAGAR,KARIMNAGAR RURAL,ALUGUNOOR,MANAKONDUR,KALLEDA,2,COMMERCIAL,41,36,6516.0,76.36
KARIMNAGAR,KARIMNAGAR RURAL,ALUGUNOOR,MANAKONDUR,LAXMIPUR,2,COMMERCIAL,47,42,1907.0,80.98
KARIMNAGAR,KARIMNAGAR RURAL,ALUGUNOOR,MANAKONDUR,LINGAPUR,2,COMMERCIAL,26,23,7403.0,46.58
KARIMNAGAR,KARIMNAGAR RURAL,ALUGUNOOR,MANAKONDUR,MADDIKUNTA,2,COMMERCIAL,23,18,512.0,34.06
KARIMNAGAR,KARIMNAGAR RURAL,ALUGUNOOR,MANAKONDUR,MANAKONDUR,2,COMMERCIAL,508,434,69271.0,1176.113
KARIMNAGAR,KARIMNAGAR RURAL,ALUGUNOOR,MANAKONDUR,MUNJAMPALLY,2,COMMERCIAL,45,38,4415.0,127.58
KARIMNAGAR,KARIMNAGAR RURAL,NUSTHULAPUR,NUTSULAPOOR,LAXMIDEVE PALLY,2,COMMERCIAL,4,3,247.0,6.0
KARIMNAGAR,KARIMNAGAR RURAL,NUSTHULAPUR,NUTSULAPOOR,MAKTHAPALLY,2,COMMERCIAL,26,23,1102.0,50.1
KARIMNAGAR,KARIMNAGAR RURAL,NUSTHULAPUR,NUTSULAPOOR,MOGILIPALEM,2,COMMERCIAL,61,54,5668.0,85.11
KARIMNAGAR,KARIMNAGAR RURAL,NUSTHULAPUR,NUTSULAPOOR,NALLAGONDA,2,COMMERCIAL,47,42,4816.0,160.49
KARIMNAGAR,KARIMNAGAR RURAL,NUSTHULAPUR,NUTSULAPOOR,NARSINGAPUR,2,COMMERCIAL,15,11,885.0,25.48
KARIMNAGAR,KARIMNAGAR RURAL,NUSTHULAPUR,NUTSULAPOOR,NEDUNUR,2,COMMERCIAL,14,12,2980.0,32.36
KARIMNAGAR,KARIMNAGAR RURAL,NUSTHULAPUR,NUTSULAPOOR,NUSTULAPOOR,2,COMMERCIAL,263,212,43343.0,713.581
KARIMNAGAR,KARIMNAGAR RURAL,NUSTHULAPUR,NUTSULAPOOR,PARLAPALLY,2,COMMERCIAL,86,60,9594.0,138.04
KHAMMAM,KHAMMAM,KOTHALINGALA,KOTHALINGALA,SUKKI THANDA-KAM,2,COMMERCIAL,1,1,9.0,2.0
KHAMMAM,KHAMMAM,KOTHALINGALA,KOTHALINGALA,TALLAGUDEM-KAM,2,COMMERCIAL,55,47,7692.0,116.8
KHAMMAM,KHAMMAM,KOTHALINGALA,KOTHALINGALA,TEKULA PALLY-KAM,2,COMMERCIAL,1,1,23.0,1.0
KHAMMAM,KHAMMAM,KOTHALINGALA,KOTHALINGALA,TEKULA THANDA-KAM,2,COMMERCIAL,9,5,263.0,6.21
KHAMMAM,KHAMMAM,PEDDA GOPATHI,CHINTHAKANI,ANANTHASAGAR,2,COMMERCIAL,18,12,168.0,28.231
KHAMMAM,KHAMMAM,PEDDA GOPATHI,CHINTHAKANI,BASAVAPURAM,2,COMMERCIAL,20,18,1114.0,44.65
KHAMMAM,KHAMMAM,PEDDA GOPATHI,CHINTHAKANI,CHINTHAKANI,2,COMMERCIAL,157,146,24832.0,291.107
KHAMMAM,KHAMMAM,PEDDA GOPATHI,CHINTHAKANI,KODUMURU,2,COMMERCIAL,75,69,9152.0,146.61
KHAMMAM,KHAMMAM,PEDDA GOPATHI,CHINTHAKANI,KOMATLAGUDEM,2,COMMERCIAL,26,23,709.0,27.75
KHAMMAM,KHAMMAM,PEDDA GOPATHI,CHINTHAKANI,LATCHAGUDEM,2,COMMERCIAL,59,50,2110.0,75.508
KHAMMAM,KHAMMAM RURAL,KUSUMANCHI,KUSUMANCHI,NELAPATLA,2,COMMERCIAL,31,29,6864.0,79.45
KHAMMAM,KHAMMAM RURAL,KUSUMANCHI,KUSUMANCHI,POCHARAM,2,COMMERCIAL,39,35,2555.0,86.2
KHAMMAM,KHAMMAM RURAL,KUSUMANCHI,KUSUMANCHI,RAVICHETTUTHANDA,2,COMMERCIAL,2,1,17.0,2.0
KHAMMAM,KHAMMAM RURAL,KUSUMANCHI,KUSUMANCHI,TURUKAGUDEM,2,COMMERCIAL,9,7,143.0,11.55
KHAMMAM,KHAMMAM RURAL,KUSUMANCHI,NELAKONDAPALLY,A NARSIMHAPURAM,2,COMMERCIAL,37,25,612.0,51.851
KHAMMAM,KHAMMAM RURAL,KUSUMANCHI,NELAKONDAPALLY,AJAI THANDA,2,COMMERCIAL,6,4,30.0,6.65
KHAMMAM,KHAMMAM RURAL,KUSUMANCHI,NELAKONDAPALLY,ANASAGARAM,2,COMMERCIAL,24,20,3317.0,40.56
KHAMMAM,KHAMMAM RURAL,KUSUMANCHI,NELAKONDAPALLY,BUDHARAM,2,COMMERCIAL,20,19,577.0,32.55
KHAMMAM,KHAMMAM RURAL,KUSUMANCHI,NELAKONDAPALLY,BYRANPALLY,2,COMMERCIAL,33,31,750.0,41.405
KHAMMAM,KHAMMAM RURAL,KUSUMANCHI,NELAKONDAPALLY,CH MADARAM,2,COMMERCIAL,140,123,14950.0,239.58
KHAMMAM,KHAMMAM RURAL,YEDULAPURAM,YEDULAPURAM,AUTO NAGAR,2,COMMERCIAL,179,173,12196.0,485.985
KHAMMAM,KHAMMAM RURAL,YEDULAPURAM,YEDULAPURAM,CH V IAGS-1,2,COMMERCIAL,7,7,339.0,14.99
KHAMMAM,KHAMMAM RURAL,YEDULAPURAM,YEDULAPURAM,CHINA VENKATAGIRI,2,COMMERCIAL,283,252,38110.0,925.76
KHAMMAM,KHAMMAM RURAL,YEDULAPURAM,YEDULAPURAM,CHINNA THANDA,2,COMMERCIAL,55,53,5435.0,155.55
KHAMMAM,KHAMMAM RURAL,YEDULAPURAM,YEDULAPURAM,CHVG IAGS,2,COMMERCIAL,17,16,684.0,35.0
KHAMMAM,KHAMMAM RURAL,YEDULAPURAM,YEDULAPURAM,EDULAPURAM,2,COMMERCIAL,303,168,125601.0,1571.295
KHAMMAM,KHAMMAM RURAL,YEDULAPURAM,YEDULAPURAM,EDULAPURAM X ROAD,2,COMMERCIAL,79,77,7282.0,261.16
KHAMMAM,KHAMMAM RURAL,YEDULAPURAM,YEDULAPURAM,GUDIMALLA,2,COMMERCIAL,65,50,10764.0,163.74
KHAMMAM,KHAMMAM RURAL,YEDULAPURAM,YEDULAPURAM,GURRALAPADU,2,COMMERCIAL,147,132,20115.0,516.83
KHAMMAM,KHAMMAM RURAL,YEDULAPURAM,YEDULAPURAM,INDIRACOLONY PEDATHANDA,2,COMMERCIAL,17,17,2608.0,49.0
KHAMMAM,KHAMMAM RURAL,YEDULAPURAM,YEDULAPURAM,JALAGAM NAGAR,2,COMMERCIAL,90,86,8229.0,172.88
JAGITYAL,JAGITYAL,Jagitial Town,CHELGAL,MORAPALLY,2,COMMERCIAL,87,80,8418.0,130.23
JAGITYAL,JAGITYAL,Jagitial Town,CHELGAL,MOTHEY,2,COMMERCIAL,84,80,3026.0,130.755
JAGITYAL,METPALLY,KORUTLA RURAL,MEDIPALLY,PORUMALLA,2,COMMERCIAL,111,103,11354.0,157.798
JAGITYAL,METPALLY,KORUTLA RURAL,MEDIPALLY,RANGAPUR,2,COMMERCIAL,16,12,299.0,30.385
JAGITYAL,METPALLY,KORUTLA RURAL,MEDIPALLY,THUMBARRAOPET,2,COMMERCIAL,33,31,1610.0,44.505
JAGITYAL,METPALLY,KORUTLA RURAL,MEDIPALLY,VALLAMPALLY,2,COMMERCIAL,44,44,8196.0,74.96
JAGITYAL,METPALLY,KORUTLA RURAL,MEDIPALLY,VILYATHBAD,2,COMMERCIAL,6,5,116.0,6.0
JAGITYAL,METPALLY,MALLAPOOR,IBRAHIMPATNAM,BARDIPOOR,2,COMMERCIAL,19,18,884.0,24.303
JAGITYAL,METPALLY,MALLAPOOR,IBRAHIMPATNAM,EARDANDI,2,COMMERCIAL,57,49,8903.0,102.05
JAGITYAL,METPALLY,MALLAPOOR,IBRAHIMPATNAM,FAKEER KONDAPOOR,2,COMMERCIAL,11,11,532.0,14.48
JAGITYAL,METPALLY,MALLAPOOR,IBRAHIMPATNAM,GODUR,2,COMMERCIAL,113,105,10958.0,149.612
JANGAON,GHANPUR,PALAKURTHY,PALAKURTHY,BADYA THANDA,2,COMMERCIAL,1,1,89.0,1.0
JANGAON,GHANPUR,PALAKURTHY,PALAKURTHY,BEEKYANAIK PEEDATHANDA,2,COMMERCIAL,2,2,89.0,3.0
JANGAON,GHANPUR,PALAKURTHY,PALAKURTHY,DANTHELAGADDA,2,COMMERCIAL,1,1,0.0,4.0
JANGAON,GHANPUR,PALAKURTHY,PALAKURTHY,DARDEPALLI,2,COMMERCIAL,36,30,4520.0,58.06
JANGAON,GHANPUR,PALAKURTHY,PALAKURTHY,GUDDOLLA GUDEM,2,COMMERCIAL,1,1,9.0,1.24
JANGAON,GHANPUR,PALAKURTHY,PALAKURTHY,HATYA THANDA,2,COMMERCIAL,1,1,73.0,1.0
JANGAON,GHANPUR,PALAKURTHY,PALAKURTHY,KONDAPUR,2,COMMERCIAL,18,9,2398.0,54.264
JANGAON,GHANPUR,PALAKURTHY,PALAKURTHY,MALLAMPALLI,2,COMMERCIAL,43,40,5679.0,89.45
JANGAON,GHANPUR,PALAKURTHY,PALAKURTHY,MEKALA THANDA,2,COMMERCIAL,2,2,73.0,3.0
JANGAON,GHANPUR,PALAKURTHY,PALAKURTHY,MUTHARAM,2,COMMERCIAL,57,48,6418.0,96.84
JANGAON,JANGAON,JANGAON,PEMBARTHY,YELLAMULA,2,COMMERCIAL,38,30,2770.0,62.99
JANGAON,JANGAON,RAGHUNATHPALLY,NARMETTA,AGAPET,2,COMMERCIAL,15,12,1279.0,26.46
JANGAON,JANGAON,RAGHUNATHPALLY,NARMETTA,AMMAPUR,2,COMMERCIAL,31,27,4629.0,50.21
JANGAON,JANGAON,RAGHUNATHPALLY,NARMETTA,BOMMAKUR,2,COMMERCIAL,13,11,322.0,16.5
JANGAON,JANGAON,RAGHUNATHPALLY,NARMETTA,DONGA CHELIMITHANDA,2,COMMERCIAL,1,1,40.0,1.0
JANGAON,JANGAON,RAGHUNATHPALLY,NARMETTA,GANDIRAMAVARAM,2,COMMERCIAL,13,12,576.0,19.0
JANGAON,JANGAON,RAGHUNATHPALLY,NARMETTA,GUNTURPALLI,2,COMMERCIAL,9,9,979.0,19.0
JANGAON,JANGAON,RAGHUNATHPALLY,NARMETTA,HANUMANTHA PUR,2,COMMERCIAL,52,42,7194.0,106.39
JANGAON,JANGAON,RAGHUNATHPALLY,NARMETTA,IPPALAGADDA,2,COMMERCIAL,4,4,135.0,4.24
JANGAON,JANGAON,RAGHUNATHPALLY,NARMETTA,KANNEBOINAGUDEM,2,COMMERCIAL,20,16,970.0,58.74
KAMAREDDY,BANSWADA,BICHKUNDA,JUKKAL,GULLA KURD,2,COMMERCIAL,1,0,0.0,1.0
KAMAREDDY,BANSWADA,BICHKUNDA,JUKKAL,GUNDOOR,2,COMMERCIAL,11,8,791.0,22.842
KAMAREDDY,BANSWADA,BICHKUNDA,JUKKAL,HANGERGA,2,COMMERCIAL,21,15,3782.0,45.735
KAMAREDDY,BANSWADA,BICHKUNDA,JUKKAL,JUKKAL,2,COMMERCIAL,445,385,33407.0,793.931
KAMAREDDY,BANSWADA,BICHKUNDA,JUKKAL,KANTALI,2,COMMERCIAL,6,6,257.0,10.0
KAMAREDDY,BANSWADA,BICHKUNDA,JUKKAL,KHAMRAJKALLAL,2,COMMERCIAL,22,19,3434.0,87.5
KAMAREDDY,BANSWADA,BICHKUNDA,JUKKAL,KHANDE BELLUR,2,COMMERCIAL,46,39,2052.0,67.08
KAMAREDDY,BANSWADA,BICHKUNDA,JUKKAL,KHATALWADI,2,COMMERCIAL,6,4,66.0,11.5
KAMAREDDY,BANSWADA,BICHKUNDA,JUKKAL,KOULASNALA PROJ,2,COMMERCIAL,3,0,0.0,3.0
KAMAREDDY,BANSWADA,BICHKUNDA,JUKKAL,KOWLAS,2,COMMERCIAL,43,37,7134.0,85.7
KAMAREDDY,BANSWADA,BICHKUNDA,JUKKAL,LADEGAON,2,COMMERCIAL,13,12,2092.0,69.5
KAMAREDDY,KAMAREDDY,DOMAKONDA,DOMAKONDA,GOTTIMUKKALA,2,COMMERCIAL,17,16,324.0,30.154
KAMAREDDY,KAMAREDDY,DOMAKONDA,DOMAKONDA,LINGUPALLY,2,COMMERCIAL,10,10,4537.0,30.97
KAMAREDDY,KAMAREDDY,DOMAKONDA,DOMAKONDA,MUTHYAMPET,2,COMMERCIAL,101,98,9598.0,198.398
KAMAREDDY,KAMAREDDY,DOMAKONDA,DOMAKONDA,SANGENATHPALLY,2,COMMERCIAL,53,45,7467.0,96.397
KAMAREDDY,KAMAREDDY,DOMAKONDA,DOMAKONDA,SITHARAMPALLY,2,COMMERCIAL,8,7,212.0,10.95
KAMAREDDY,KAMAREDDY,DOMAKONDA,RAJAMPET,ANNARAM (S),2,COMMERCIAL,3,3,69.0,4.5
KAMAREDDY,KAMAREDDY,DOMAKONDA,RAJAMPET,ARGONDA,2,COMMERCIAL,41,38,6229.0,77.152
KAMAREDDY,KAMAREDDY,DOMAKONDA,RAJAMPET,Arepally,2,COMMERCIAL,8,8,217.0,10.95
KAMAREDDY,KAMAREDDY,DOMAKONDA,RAJAMPET,BASWANNAPALLY,2,COMMERCIAL,22,22,3117.0,51.285
KAMAREDDY,KAMAREDDY,DOMAKONDA,RAJAMPET,GUNDARAM,2,COMMERCIAL,40,37,6471.0,64.88
KAMAREDDY,YELLAREDDY,LINGAMPET,GANDHARI,CHEDMAL,2,COMMERCIAL,7,7,4131.0,23.82
KAMAREDDY,YELLAREDDY,LINGAMPET,GANDHARI,DURGAM,2,COMMERCIAL,4,4,3356.0,14.0
KAMAREDDY,YELLAREDDY,LINGAMPET,GANDHARI,GANDHARI,2,COMMERCIAL,789,705,63118.0,1585.683
KAMAREDDY,YELLAREDDY,LINGAMPET,GANDHARI,GUDIMATE,2,COMMERCIAL,2,2,22.0,3.12
KAMAREDDY,YELLAREDDY,LINGAMPET,GANDHARI,GUJJUL,2,COMMERCIAL,3,1,0.0,11.852
KAMAREDDY,YELLAREDDY,LINGAMPET,GANDHARI,GURJAL,2,COMMERCIAL,12,11,4364.0,24.488
KAMAREDDY,YELLAREDDY,LINGAMPET,GANDHARI,Golladi thanda,2,COMMERCIAL,1,1,0.0,0.24
KAMAREDDY,YELLAREDDY,LINGAMPET,GANDHARI,JUVVADI,2,COMMERCIAL,13,10,2071.0,55.846
KAMAREDDY,YELLAREDDY,LINGAMPET,GANDHARI,KARAKWADI,2,COMMERCIAL,5,4,2460.0,19.328
KAMAREDDY,YELLAREDDY,LINGAMPET,GANDHARI,MADHAVAPALLY,2,COMMERCIAL,4,3,142.0,4.852
KAMAREDDY,YELLAREDDY,LINGAMPET,GANDHARI,NAGLOOR,2,COMMERCIAL,5,5,534.0,7.02
KARIMNAGAR,HUZURABAD,HUZURABAD,HUZURABAD RURAL,THUMMANAPALLY,2,COMMERCIAL,50,49,6131.0,103.42
KARIMNAGAR,KARIMNAGAR RURAL,ALUGUNOOR,CHENJARLA,SHAMSHABAD,2,COMMERCIAL,20,18,1927.0,32.35
KARIMNAGAR,KARIMNAGAR RURAL,ALUGUNOOR,CHENJARLA,VANNARAM,2,COMMERCIAL,17,14,1262.0,28.24
KARIMNAGAR,KARIMNAGAR RURAL,NUSTHULAPUR,INDURTHI,KONDAPUR,2,COMMERCIAL,49,44,3181.0,65.674
KARIMNAGAR,KARIMNAGAR RURAL,NUSTHULAPUR,INDURTHI,NAVABPET,2,COMMERCIAL,106,97,10170.0,137.34
KARIMNAGAR,KARIMNAGAR RURAL,NUSTHULAPUR,INDURTHI,OGULAPUR,2,COMMERCIAL,23,15,418.0,25.19
KARIMNAGAR,KARIMNAGAR RURAL,NUSTHULAPUR,INDURTHI,SUNDARAGIRI,2,COMMERCIAL,113,100,15375.0,257.084
KARIMNAGAR,KARIMNAGAR RURAL,NUSTHULAPUR,INDURTHI,ULLAMPALLY,2,COMMERCIAL,18,15,1068.0,59.58
KARIMNAGAR,KARIMNAGAR RURAL,NUSTHULAPUR,NUTSULAPOOR,BALAIAHPALLY,2,COMMERCIAL,2,2,5.0,3.0
KARIMNAGAR,KARIMNAGAR RURAL,NUSTHULAPUR,NUTSULAPOOR,GOLLAPLLY,2,COMMERCIAL,16,15,400.0,17.8
KARIMNAGAR,KARIMNAGAR RURAL,NUSTHULAPUR,NUTSULAPOOR,INDIRA NAGAR,2,COMMERCIAL,44,44,3263.0,71.01
KARIMNAGAR,KARIMNAGAR RURAL,NUSTHULAPUR,NUTSULAPOOR,JUGUNDLA,2,COMMERCIAL,7,6,112.0,10.52
KARIMNAGAR,KARIMNAGAR RURAL,NUSTHULAPUR,NUTSULAPOOR,KOTHAPALLY,2,COMMERCIAL,96,82,10899.0,245.49
KHAMMAM,KHAMMAM,KOTHALINGALA,KOTHALINGALA,PANDITHAPURAM-KAM,2,COMMERCIAL,167,137,13032.0,277.517
KHAMMAM,KHAMMAM,KOTHALINGALA,KOTHALINGALA,PATHA LINGALA-KAM,2,COMMERCIAL,16,13,1119.0,25.66
KHAMMAM,KHAMMAM,KOTHALINGALA,KOTHALINGALA,PINJARA MADUGU-KAM,2,COMMERCIAL,19,13,1405.0,24.26
KHAMMAM,KHAMMAM,KOTHALINGALA,KOTHALINGALA,PONNEKAL-KAM,2,COMMERCIAL,46,41,3751.0,84.47
KHAMMAM,KHAMMAM,KOTHALINGALA,KOTHALINGALA,RAI GUDEM-KAM,2,COMMERCIAL,1,1,25.0,1.0
KHAMMAM,KHAMMAM,KOTHALINGALA,KOTHALINGALA,REPALLEWADATHANDA-KM,2,COMMERCIAL,4,4,362.0,9.0
KHAMMAM,KHAMMAM,KOTHALINGALA,KOTHALINGALA,RUKKI THANDA-KAM,2,COMMERCIAL,6,6,124.0,9.0
KHAMMAM,KHAMMAM,KOTHALINGALA,KOTHALINGALA,SATHANI  GUDEM-KAM,2,COMMERCIAL,24,16,1376.0,43.74
KHAMMAM,KHAMMAM RURAL,KUSUMANCHI,KUSUMANCHI,JEELACHERVU,2,COMMERCIAL,79,65,9694.0,159.18
KHAMMAM,KHAMMAM RURAL,KUSUMANCHI,KUSUMANCHI,K KISTAPURAM,2,COMMERCIAL,20,14,1142.0,45.016
KHAMMAM,KHAMMAM RURAL,KUSUMANCHI,KUSUMANCHI,KESHAVAPURAM,2,COMMERCIAL,13,9,1217.0,19.79
KHAMMAM,KHAMMAM RURAL,KUSUMANCHI,KUSUMANCHI,KOKYA THANDA,2,COMMERCIAL,11,8,288.0,13.172
KHAMMAM,KHAMMAM RURAL,KUSUMANCHI,KUSUMANCHI,KUSUMANCHI,2,COMMERCIAL,668,608,68012.0,1300.19
KHAMMAM,KHAMMAM RURAL,KUSUMANCHI,KUSUMANCHI,LINGARAM THANDA,2,COMMERCIAL,2,2,31.0,5.0
KHAMMAM,KHAMMAM RURAL,KUSUMANCHI,KUSUMANCHI,LOKYA THANDA,2,COMMERCIAL,26,22,14043.0,77.286
KHAMMAM,KHAMMAM RURAL,KUSUMANCHI,KUSUMANCHI,MALLEPALLY,2,COMMERCIAL,34,26,781.0,68.4
KHAMMAM,KHAMMAM RURAL,KUSUMANCHI,KUSUMANCHI,MUNIGEPALLY,2,COMMERCIAL,8,8,995.0,14.55
KHAMMAM,KHAMMAM RURAL,KUSUMANCHI,KUSUMANCHI,MUTYALAGUDEM,2,COMMERCIAL,23,21,894.0,30.56
KHAMMAM,KHAMMAM RURAL,YEDULAPURAM,TIRUMALAYAPALEM,PATHARLAPADU A,2,COMMERCIAL,51,46,6689.0,98.2
KHAMMAM,KHAMMAM RURAL,YEDULAPURAM,TIRUMALAYAPALEM,PINDIPROLU,2,COMMERCIAL,154,142,19688.0,286.892
KHAMMAM,KHAMMAM RURAL,YEDULAPURAM,TIRUMALAYAPALEM,TALLACHERVU,2,COMMERCIAL,12,10,3915.0,44.74
KHAMMAM,KHAMMAM RURAL,YEDULAPURAM,TIRUMALAYAPALEM,TETTELAPADU,2,COMMERCIAL,37,34,2465.0,67.25
KHAMMAM,KHAMMAM RURAL,YEDULAPURAM,TIRUMALAYAPALEM,TIMMAKAPETA,2,COMMERCIAL,8,6,201.0,9.67
KHAMMAM,KHAMMAM RURAL,YEDULAPURAM,TIRUMALAYAPALEM,TIPPAREDDYGUDEM,2,COMMERCIAL,16,13,2206.0,30.6
KHAMMAM,KHAMMAM RURAL,YEDULAPURAM,TIRUMALAYAPALEM,TIRUMALAYAPALEM,2,COMMERCIAL,157,140,21459.0,346.762
KHAMMAM,KHAMMAM RURAL,YEDULAPURAM,TIRUMALAYAPALEM,YEDULACHERVU,2,COMMERCIAL,8,7,194.0,11.54
KHAMMAM,KHAMMAM RURAL,YEDULAPURAM,TIRUMALAYAPALEM,YERRAGADDA,2,COMMERCIAL,14,12,272.0,26.65
KHAMMAM,SATHUPALLY,THALLADA,ENKOOR,MEDE PALLI-EK,2,COMMERCIAL,4,3,5.0,4.0
KHAMMAM,SATHUPALLY,THALLADA,ENKOOR,MOOLA POCHARAM-EK,2,COMMERCIAL,2,2,616.0,1.24
KHAMMAM,SATHUPALLY,THALLADA,ENKOOR,NACHARAM-EK,2,COMMERCIAL,34,23,790.0,41.665
KHAMMAM,SATHUPALLY,THALLADA,ENKOOR,NOOKALAM PADU-EK,2,COMMERCIAL,29,29,3958.0,44.085
KHAMMAM,SATHUPALLY,THALLADA,ENKOOR,ONTI GUDISE-EK,2,COMMERCIAL,3,2,18.0,5.0
KHAMMAM,SATHUPALLY,THALLADA,ENKOOR,P.K.BANJARA-EK,2,COMMERCIAL,1,1,17.0,1.0
KHAMMAM,SATHUPALLY,THALLADA,ENKOOR,P.P.THANDA-EK,2,COMMERCIAL,2,2,31.0,2.0
KHAMMAM,SATHUPALLY,THALLADA,ENKOOR,RAJA LINGALA-EK,2,COMMERCIAL,11,8,772.0,12.43
KHAMMAM,SATHUPALLY,THALLADA,ENKOOR,RAJEEV NAGAR-EK,2,COMMERCIAL,8,5,312.0,19.16
JAGITYAL,JAGITYAL,DHARMAPURI,VELGATOOR,CHEGGAYAM   (REC)             ,2,COMMERCIAL,54,50,6671.0,85.102
JAGITYAL,JAGITYAL,DHARMAPURI,VELGATOOR,JAGDEVPET   INDUSTRIAL        ,2,COMMERCIAL,40,35,7287.0,70.798
JAGITYAL,JAGITYAL,DHARMAPURI,VELGATOOR,KAPPARAO PET  ,2,COMMERCIAL,20,12,493.0,21.016
JAGITYAL,JAGITYAL,DHARMAPURI,VELGATOOR,KISHANRAOPET  (REC)           ,2,COMMERCIAL,31,26,5350.0,74.549
JAGITYAL,JAGITYAL,DHARMAPURI,VELGATOOR,KOTILINGALA,2,COMMERCIAL,11,9,2398.0,33.988
JAGITYAL,JAGITYAL,DHARMAPURI,VELGATOOR,KUMMARIPALLI,2,COMMERCIAL,5,5,407.0,4.984
JAGITYAL,JAGITYAL,DHARMAPURI,VELGATOOR,MUKKARAOPET,2,COMMERCIAL,13,11,512.0,15.84
JAGITYAL,JAGITYAL,DHARMAPURI,VELGATOOR,MUTHNOOR      (REC)           ,2,COMMERCIAL,28,28,4889.0,46.392
JAGITYAL,JAGITYAL,DHARMAPURI,VELGATOOR,PAIDIPALLY    ,2,COMMERCIAL,32,31,2128.0,56.142
JAGITYAL,JAGITYAL,Jagitial Town,CHELGAL,CHELGAL,2,COMMERCIAL,316,243,28501.0,592.26
JAGITYAL,JAGITYAL,Jagitial Town,CHELGAL,CHERLAPALLY,2,COMMERCIAL,3,3,79.0,2.16
JAGITYAL,JAGITYAL,Jagitial Town,CHELGAL,DHAROOR,2,COMMERCIAL,261,239,38059.0,831.47
JAGITYAL,JAGITYAL,Jagitial Town,CHELGAL,ELDURTHY,2,COMMERCIAL,39,30,5336.0,68.945
JAGITYAL,JAGITYAL,Jagitial Town,CHELGAL,GOLLAPALLE,2,COMMERCIAL,4,4,165.0,5.2
JAGITYAL,JAGITYAL,Jagitial Town,CHELGAL,HASNABAD,2,COMMERCIAL,106,92,8041.0,278.96
JAGITYAL,JAGITYAL,Jagitial Town,CHELGAL,LIMGAMPET,2,COMMERCIAL,35,30,6557.0,91.77
JANGAON,GHANPUR,PALAKURTHY,PALAKURTHY,AZMEERATHANDA,2,COMMERCIAL,1,1,52.0,2.0
JANGAON,JANGAON,JANGAON,PADAMATI KESHAVAPUR,SALVA PUR,2,COMMERCIAL,32,31,10312.0,76.52
JANGAON,JANGAON,JANGAON,PEMBARTHY,Erra kunta thanda,2,COMMERCIAL,9,9,541.0,10.34
JANGAON,JANGAON,JANGAON,PEMBARTHY,GOPARAJUPALLI,2,COMMERCIAL,26,24,1195.0,32.21
JANGAON,JANGAON,JANGAON,PEMBARTHY,OBULKESHAVAPUR,2,COMMERCIAL,43,38,4907.0,115.73
JANGAON,JANGAON,JANGAON,PEMBARTHY,PASARMADLA,2,COMMERCIAL,68,60,28990.0,394.61
JANGAON,JANGAON,JANGAON,PEMBARTHY,PEDARAMANCHERLA,2,COMMERCIAL,37,34,2876.0,88.98
JANGAON,JANGAON,JANGAON,PEMBARTHY,PEDDAPAHAD,2,COMMERCIAL,50,46,8850.0,132.78
JANGAON,JANGAON,JANGAON,PEMBARTHY,PEMBARTHI,2,COMMERCIAL,263,229,51988.0,813.61
JANGAON,JANGAON,JANGAON,PEMBARTHY,SHAMIRPET,2,COMMERCIAL,90,74,9492.0,285.22
JANGAON,JANGAON,JANGAON,PEMBARTHY,SIDDANKI,2,COMMERCIAL,28,27,4065.0,65.52
KAMAREDDY,BANSWADA,BICHKUNDA,JUKKAL,BABALGAON,2,COMMERCIAL,7,7,252.0,11.0
KAMAREDDY,BANSWADA,BICHKUNDA,JUKKAL,BASWAPOOR,2,COMMERCIAL,16,15,277.0,15.33
KAMAREDDY,BANSWADA,BICHKUNDA,JUKKAL,BIJAL WADI,2,COMMERCIAL,8,7,238.0,11.68
KAMAREDDY,BANSWADA,BICHKUNDA,JUKKAL,CHANDEGAON,2,COMMERCIAL,5,5,682.0,10.98
KAMAREDDY,BANSWADA,BICHKUNDA,JUKKAL,DONGAON,2,COMMERCIAL,17,14,3902.0,45.24
KAMAREDDY,BANSWADA,BICHKUNDA,JUKKAL,DOSTPALLI,2,COMMERCIAL,10,7,666.0,10.388
KAMAREDDY,BANSWADA,BICHKUNDA,JUKKAL,EDGI BIG,2,COMMERCIAL,51,43,9408.0,71.536
KAMAREDDY,BANSWADA,BICHKUNDA,JUKKAL,EDGI KHURD,2,COMMERCIAL,3,2,55.0,2.26
KAMAREDDY,BANSWADA,BICHKUNDA,JUKKAL,GULLA BIG,2,COMMERCIAL,37,28,4724.0,59.636
KAMAREDDY,KAMAREDDY,DOMAKONDA,BIBIPET,SERI-BIBIPET,2,COMMERCIAL,3,3,1158.0,10.221
KAMAREDDY,KAMAREDDY,DOMAKONDA,BIBIPET,Shivar ramreddipalle,2,COMMERCIAL,5,5,135.0,5.93
KAMAREDDY,KAMAREDDY,DOMAKONDA,BIBIPET,TUJALPOOR,2,COMMERCIAL,52,44,2930.0,76.532
KAMAREDDY,KAMAREDDY,DOMAKONDA,BIBIPET,Upparpally,2,COMMERCIAL,21,21,1042.0,33.399
KAMAREDDY,KAMAREDDY,DOMAKONDA,BIBIPET,YADARAM,2,COMMERCIAL,47,43,2117.0,73.054
KAMAREDDY,KAMAREDDY,DOMAKONDA,DOMAKONDA,AMBARIPET,2,COMMERCIAL,77,70,9846.0,129.182
KAMAREDDY,KAMAREDDY,DOMAKONDA,DOMAKONDA,ANCHANOOR,2,COMMERCIAL,36,35,1405.0,58.623
KAMAREDDY,KAMAREDDY,DOMAKONDA,DOMAKONDA,CHINTAMANPALLY,2,COMMERCIAL,13,11,415.0,18.858
KAMAREDDY,KAMAREDDY,DOMAKONDA,DOMAKONDA,DOMAKONDA,2,COMMERCIAL,673,549,50277.0,1262.345
KAMAREDDY,KAMAREDDY,Kamareddy Town,TADWAI,SANGOJIWADI,2,COMMERCIAL,18,14,1767.0,32.626
KAMAREDDY,KAMAREDDY,Kamareddy Town,TADWAI,SANTHAIPET,2,COMMERCIAL,16,14,1588.0,37.36
KAMAREDDY,KAMAREDDY,Kamareddy Town,TADWAI,SOMARAM (S),2,COMMERCIAL,9,8,920.0,24.728
KAMAREDDY,KAMAREDDY,Kamareddy Town,TADWAI,TADWAI,2,COMMERCIAL,213,196,20814.0,437.823
KAMAREDDY,KAMAREDDY,Kamareddy Town,TADWAI,YERRAPAHAD,2,COMMERCIAL,86,80,12356.0,206.49
KAMAREDDY,YELLAREDDY,LINGAMPET,GANDHARI,BEERMAL (TANDA),2,COMMERCIAL,5,5,298.0,13.758
KAMAREDDY,YELLAREDDY,LINGAMPET,GANDHARI,BHRAHMANPALLI,2,COMMERCIAL,5,4,397.0,6.45
KAMAREDDY,YELLAREDDY,LINGAMPET,GANDHARI,BURGUL,2,COMMERCIAL,9,8,262.0,18.016
KARIMNAGAR,HUZURABAD,HUZURABAD,HUZURABAD RURAL,KOTHAPALLY B PALLY,2,COMMERCIAL,76,71,12258.0,224.21
KARIMNAGAR,HUZURABAD,HUZURABAD,HUZURABAD RURAL,MANDADIPIALLI,2,COMMERCIAL,8,8,474.0,9.076
KARIMNAGAR,HUZURABAD,HUZURABAD,HUZURABAD RURAL,POTHREDDYPET,2,COMMERCIAL,79,79,8805.0,115.98
KARIMNAGAR,HUZURABAD,HUZURABAD,HUZURABAD RURAL,RAJAPALLY (CHELPUR),2,COMMERCIAL,12,11,436.0,16.0
KARIMNAGAR,HUZURABAD,HUZURABAD,HUZURABAD RURAL,RAMPUR (HZB),2,COMMERCIAL,61,58,8375.0,120.62
KARIMNAGAR,HUZURABAD,HUZURABAD,HUZURABAD RURAL,RANGAPUR (HZB),2,COMMERCIAL,63,61,4314.0,94.2
KARIMNAGAR,HUZURABAD,HUZURABAD,HUZURABAD RURAL,SHALAPALLI INDIRANAGAR,2,COMMERCIAL,61,59,9264.0,172.65
KARIMNAGAR,HUZURABAD,HUZURABAD,HUZURABAD RURAL,SINGAPUR,2,COMMERCIAL,84,79,17091.0,231.796
KARIMNAGAR,HUZURABAD,HUZURABAD,HUZURABAD RURAL,SIRSAPALLY,2,COMMERCIAL,108,107,9385.0,158.35
KARIMNAGAR,HUZURABAD,JAMMIKUNTA,VEENAVANKA,BETHIGAL,2,COMMERCIAL,49,46,3633.0,77.61
KARIMNAGAR,HUZURABAD,JAMMIKUNTA,VEENAVANKA,BRAHMANAPALLY,2,COMMERCIAL,5,4,154.0,5.0
KARIMNAGAR,HUZURABAD,JAMMIKUNTA,VEENAVANKA,HIMMATHNAGARAM,2,COMMERCIAL,14,13,1256.0,15.1
KARIMNAGAR,HUZURABAD,JAMMIKUNTA,VEENAVANKA,KANAPARTHY,2,COMMERCIAL,25,21,3436.0,46.55
KARIMNAGAR,HUZURABAD,JAMMIKUNTA,VEENAVANKA,KONDAPAKA,2,COMMERCIAL,30,30,5058.0,60.26
KARIMNAGAR,HUZURABAD,JAMMIKUNTA,VEENAVANKA,KOTHAPALLY,2,COMMERCIAL,4,4,273.0,4.0
KARIMNAGAR,HUZURABAD,JAMMIKUNTA,VEENAVANKA,LAKSHMAKKAPALLY,2,COMMERCIAL,5,5,153.0,5.0
KARIMNAGAR,HUZURABAD,JAMMIKUNTA,VEENAVANKA,NARSINGAPOOR,2,COMMERCIAL,56,51,3888.0,89.83
KARIMNAGAR,HUZURABAD,JAMMIKUNTA,VEENAVANKA,POTHIREDDYPALLY,2,COMMERCIAL,31,27,5413.0,61.24
KARIMNAGAR,HUZURABAD,JAMMIKUNTA,VEENAVANKA,RAMAKRISHNAPOOR,2,COMMERCIAL,10,10,454.0,13.55
KARIMNAGAR,HUZURABAD,JAMMIKUNTA,VEENAVANKA,REDDYPALLY,2,COMMERCIAL,52,49,6577.0,116.1
KARIMNAGAR,KARIMNAGAR RURAL,ALUGUNOOR,CHENJARLA,GATTEPALLY,2,COMMERCIAL,30,23,6389.0,115.58
KARIMNAGAR,KARIMNAGAR RURAL,ALUGUNOOR,CHENJARLA,GATTUDUDDENAPALLY,2,COMMERCIAL,93,72,10565.0,249.735
KARIMNAGAR,KARIMNAGAR RURAL,ALUGUNOOR,CHENJARLA,KHADER GUDEM,2,COMMERCIAL,20,18,3154.0,77.53
KARIMNAGAR,KARIMNAGAR RURAL,ALUGUNOOR,CHENJARLA,KONDAPALAKALA,2,COMMERCIAL,107,92,11372.0,177.31
KARIMNAGAR,KARIMNAGAR RURAL,ALUGUNOOR,CHENJARLA,LALITHAPUR,2,COMMERCIAL,27,22,1194.0,56.83
KARIMNAGAR,KARIMNAGAR RURAL,ALUGUNOOR,CHENJARLA,NIJAYATHIGUDEM,2,COMMERCIAL,14,14,2571.0,45.28
KARIMNAGAR,KARIMNAGAR RURAL,ALUGUNOOR,CHENJARLA,PEDDURIPALLY,2,COMMERCIAL,11,8,950.0,18.0
HANUMAKONDA,HANAMKONDA/RURAL,KAMALAPUR,ELKATHURTHY,INDIRANAGAR,2,COMMERCIAL,9,8,3227.0,72.24
HANUMAKONDA,HANAMKONDA/RURAL,KAMALAPUR,ELKATHURTHY,JAGANNATHPOOR,2,COMMERCIAL,11,9,306.0,12.0
HANUMAKONDA,HANAMKONDA/RURAL,KAMALAPUR,ELKATHURTHY,JEELGULA,2,COMMERCIAL,43,42,5162.0,79.785
HANUMAKONDA,HANAMKONDA/RURAL,KAMALAPUR,ELKATHURTHY,KESHAVAPUR,2,COMMERCIAL,55,50,5732.0,101.995
HANUMAKONDA,HANAMKONDA/RURAL,KAMALAPUR,ELKATHURTHY,KOTHULNADUMA,2,COMMERCIAL,46,40,9500.0,92.0
HANUMAKONDA,HANAMKONDA/RURAL,KAMALAPUR,ELKATHURTHY,NEERAPALLY,2,COMMERCIAL,3,3,207.0,4.505
HANUMAKONDA,HANAMKONDA/RURAL,KAMALAPUR,ELKATHURTHY,PENCHIKALPET,2,COMMERCIAL,48,44,4830.0,97.785
HANUMAKONDA,HANAMKONDA/TOWN,HANAMKONDA(T),MACHILIBAZAR,GANDHINAGAR,2,COMMERCIAL,1,0,0.0,1.0
HANUMAKONDA,HANAMKONDA/TOWN,HANAMKONDA(T),MACHILIBAZAR,GUNDLA SINGARAM,2,COMMERCIAL,45,33,40838.0,594.002
HANUMAKONDA,HANAMKONDA/TOWN,HANAMKONDA(T),MACHILIBAZAR,KAKAJI COLONY,2,COMMERCIAL,7,2,17.0,23.15
HANUMAKONDA,HANAMKONDA/TOWN,HANAMKONDA(T),MACHILIBAZAR,KAKATIYA COLONY,2,COMMERCIAL,473,405,46887.0,959.06
HANUMAKONDA,HANAMKONDA/TOWN,HANAMKONDA(T),MACHILIBAZAR,KANCHARKUNTA,2,COMMERCIAL,1,1,0.0,2.0
HANUMAKONDA,HANAMKONDA/TOWN,HANAMKONDA(T),MACHILIBAZAR,KOTHAWADA-I,2,COMMERCIAL,5,4,160.0,4.03
HANUMAKONDA,HANAMKONDA/TOWN,HANAMKONDA(T),MACHILIBAZAR,KOTHAWADA-II,2,COMMERCIAL,1,1,0.0,5.0
HANUMAKONDA,HANAMKONDA/TOWN,HANAMKONDA(T),MACHILIBAZAR,L B MAIN ROAD,2,COMMERCIAL,1,1,10.0,1.0
HANUMAKONDA,HANAMKONDA/TOWN,HANAMKONDA(T),MACHILIBAZAR,M G M ROAD,2,COMMERCIAL,56,46,15595.0,137.47
HANUMAKONDA,HANAMKONDA/TOWN,HANAMKONDA(T),MACHILIBAZAR,MACHILIBAZAR,2,COMMERCIAL,48,43,8450.0,119.33
HANUMAKONDA,HANAMKONDA/TOWN,HANAMKONDA(T),MACHILIBAZAR,MATWADA,2,COMMERCIAL,32,26,15731.0,360.332
HANUMAKONDA,HANAMKONDA/TOWN,HANAMKONDA(T),MACHILIBAZAR,PEDDAMMAGADDA,2,COMMERCIAL,31,30,5390.0,69.31
HANUMAKONDA,HANAMKONDA/TOWN,HANAMKONDA(T),MACHILIBAZAR,PINJARLA,2,COMMERCIAL,100,73,5023.0,151.97
HANUMAKONDA,HANAMKONDA/TOWN,HANAMKONDA(T),MACHILIBAZAR,POCHAMMAMAIDAN,2,COMMERCIAL,1,0,0.0,75.0
HANUMAKONDA,HANAMKONDA/TOWN,HANAMKONDA(T),MACHILIBAZAR,RAGANNA DARWAZA,2,COMMERCIAL,106,95,7390.0,246.273
HANUMAKONDA,HANAMKONDA/TOWN,HANAMKONDA(T),MACHILIBAZAR,RANGAMPET,2,COMMERCIAL,611,477,122065.0,2716.165
ADILABAD,UTNOOR,UTNOOR,INDERVELLY,PATTAGUDA,2,COMMERCIAL,1,1,0.0,0.992
ADILABAD,UTNOOR,UTNOOR,INDERVELLY,PIPRI,2,COMMERCIAL,2,2,61.0,2.0
ADILABAD,UTNOOR,UTNOOR,INDERVELLY,PITTABONGARAM,2,COMMERCIAL,6,4,292.0,16.45
ADILABAD,UTNOOR,UTNOOR,INDERVELLY,ROOPSINGH (T),2,COMMERCIAL,3,3,195.0,5.994
ADILABAD,UTNOOR,UTNOOR,INDERVELLY,SAKARAM THANDA,2,COMMERCIAL,2,2,43.0,5.5
ADILABAD,UTNOOR,UTNOOR,INDERVELLY,SAMAKA,2,COMMERCIAL,2,2,310.0,6.0
ADILABAD,UTNOOR,UTNOOR,INDERVELLY,TEJAPUR (J),2,COMMERCIAL,2,2,3.0,3.0
ADILABAD,UTNOOR,UTNOOR,INDERVELLY,THUMMA GUDA,2,COMMERCIAL,1,1,9.0,1.0
ADILABAD,UTNOOR,UTNOOR,INDERVELLY,WADAGAONE,2,COMMERCIAL,5,5,3802.0,21.36
ASIFABAD,ASIFABAD,ASIFABAD,ASIFABAD (RURAL),KOTHAGUDA,2,COMMERCIAL,1,1,57.0,2.0
ASIFABAD,ASIFABAD,ASIFABAD,ASIFABAD (RURAL),KOWTAGUDA,2,COMMERCIAL,2,2,925.0,17.0
ASIFABAD,ASIFABAD,ASIFABAD,ASIFABAD (RURAL),KUMMUGUDA,2,COMMERCIAL,4,3,2772.0,19.0
ASIFABAD,ASIFABAD,ASIFABAD,ASIFABAD (RURAL),MALANAGUNDI,2,COMMERCIAL,1,1,15.0,1.0
ASIFABAD,ASIFABAD,ASIFABAD,ASIFABAD (RURAL),MANIKGUDA,2,COMMERCIAL,3,1,3.0,59.0
ASIFABAD,ASIFABAD,ASIFABAD,ASIFABAD (RURAL),MANKAPUR,2,COMMERCIAL,2,1,428.0,10.0
ASIFABAD,ASIFABAD,ASIFABAD,ASIFABAD (RURAL),MOTHUGUDA,2,COMMERCIAL,14,13,6209.0,62.94
ASIFABAD,ASIFABAD,ASIFABAD,ASIFABAD (RURAL),MOWADA,2,COMMERCIAL,3,3,1989.0,7.0
ASIFABAD,ASIFABAD,ASIFABAD,ASIFABAD (RURAL),NANDAPA,2,COMMERCIAL,3,3,892.0,20.0
ASIFABAD,ASIFABAD,ASIFABAD,ASIFABAD (RURAL),PAHADI BANDA,2,COMMERCIAL,1,1,10.0,1.0
ASIFABAD,ASIFABAD,ASIFABAD,ASIFABAD (RURAL),RAHAPALLI,2,COMMERCIAL,17,12,565.0,14.29
ASIFABAD,ASIFABAD,ASIFABAD,ASIFABAD (RURAL),RAJURA,2,COMMERCIAL,4,4,61.0,3.25
ASIFABAD,ASIFABAD,ASIFABAD RURAL,KERAMERI,RAMNAGAR,2,COMMERCIAL,2,2,117.0,3.0
ASIFABAD,ASIFABAD,ASIFABAD RURAL,KERAMERI,RINGANGHAT H O KOTARI,2,COMMERCIAL,6,6,151.0,10.0
ASIFABAD,ASIFABAD,ASIFABAD RURAL,KERAMERI,SAKADA,2,COMMERCIAL,4,3,76.0,12.99
ASIFABAD,ASIFABAD,ASIFABAD RURAL,KERAMERI,SANGVI,2,COMMERCIAL,10,8,4428.0,23.81
ASIFABAD,ASIFABAD,ASIFABAD RURAL,KERAMERI,SAVARKEDA,2,COMMERCIAL,9,7,406.0,10.09
ASIFABAD,ASIFABAD,ASIFABAD RURAL,KERAMERI,SURDAPOOR,2,COMMERCIAL,9,7,3566.0,21.942
ASIFABAD,ASIFABAD,ASIFABAD RURAL,KERAMERI,THUMMAGUDA,2,COMMERCIAL,1,1,5.0,1.0
ASIFABAD,ASIFABAD,ASIFABAD RURAL,KERAMERI,UMRI,2,COMMERCIAL,1,0,0.0,1.0
ASIFABAD,ASIFABAD,ASIFABAD RURAL,SIRPUR,ALIGUDA,2,COMMERCIAL,1,1,0.0,0.948
ASIFABAD,ASIFABAD,ASIFABAD RURAL,SIRPUR,BABJIPET,2,COMMERCIAL,1,1,0.0,1.0
JANGAON,GHANPUR,PALAKURTHY,KODAKANDLA,NARASINGAPORE,2,COMMERCIAL,18,15,1594.0,34.58
JANGAON,GHANPUR,PALAKURTHY,KODAKANDLA,Neelibanda thanda,2,COMMERCIAL,2,2,69.0,2.0
JANGAON,GHANPUR,PALAKURTHY,KODAKANDLA,PAKHAL,2,COMMERCIAL,13,9,1593.0,42.28
JANGAON,GHANPUR,PALAKURTHY,KODAKANDLA,Peddabai thanda,2,COMMERCIAL,5,4,162.0,6.0
JANGAON,GHANPUR,PALAKURTHY,KODAKANDLA,RAMANNA GUDEM,2,COMMERCIAL,23,16,587.0,36.4
JANGAON,GHANPUR,PALAKURTHY,KODAKANDLA,RAMAVARAM,2,COMMERCIAL,55,42,4562.0,96.07
JANGAON,GHANPUR,PALAKURTHY,KODAKANDLA,RANGAPUR,2,COMMERCIAL,21,17,407.0,14.712
JANGAON,GHANPUR,PALAKURTHY,KODAKANDLA,REGULA,2,COMMERCIAL,18,12,3620.0,30.2
JANGAON,GHANPUR,PALAKURTHY,KODAKANDLA,REGULA THANDA,2,COMMERCIAL,1,1,96.0,1.0
JANGAON,GHANPUR,PALAKURTHY,KODAKANDLA,Rameshwaram,2,COMMERCIAL,3,3,65.0,5.0
BHADRADRI KOTHAGUDEM,KOTHAGUDEM,LAXMIDEVIPALLY,LAXMIDEVIPALLY,BOJJAL GUDEM-KR,2,COMMERCIAL,1,1,0.0,1.0
BHADRADRI KOTHAGUDEM,KOTHAGUDEM,LAXMIDEVIPALLY,LAXMIDEVIPALLY,CHATA KONDA-KR,2,COMMERCIAL,28,22,6027.0,79.46
BHADRADRI KOTHAGUDEM,KOTHAGUDEM,LAXMIDEVIPALLY,LAXMIDEVIPALLY,CHATAVARI GUDEM-KR,2,COMMERCIAL,15,13,572.0,39.0
BHADRADRI KOTHAGUDEM,KOTHAGUDEM,YELLANDU,YLD RURAL,KOMMU GUDEM-YR,2,COMMERCIAL,1,1,39.0,1.0
BHADRADRI KOTHAGUDEM,KOTHAGUDEM,YELLANDU,YLD RURAL,KOTHURU-YR,2,COMMERCIAL,5,2,145.0,5.0
BHADRADRI KOTHAGUDEM,KOTHAGUDEM,YELLANDU,YLD RURAL,LACHA GUDEM-YR,2,COMMERCIAL,10,10,2677.0,29.5
BHADRADRI KOTHAGUDEM,KOTHAGUDEM,YELLANDU,YLD RURAL,LALITHA PURAM-YR,2,COMMERCIAL,7,5,397.0,15.0
BHADRADRI KOTHAGUDEM,KOTHAGUDEM,YELLANDU,YLD RURAL,MAMIDI GUDEM-YR,2,COMMERCIAL,6,5,151.0,8.42
BHADRADRI KOTHAGUDEM,KOTHAGUDEM,YELLANDU,YLD RURAL,MAMIDIGUNDALA-YR,2,COMMERCIAL,3,3,223.0,8.26
BHADRADRI KOTHAGUDEM,KOTHAGUDEM,YELLANDU,YLD RURAL,MARRI GUDEM-YR,2,COMMERCIAL,10,7,898.0,27.12
BHADRADRI KOTHAGUDEM,KOTHAGUDEM,YELLANDU,YLD RURAL,MASIVAGU TANDA-YR,2,COMMERCIAL,13,11,333.0,22.0
BHADRADRI KOTHAGUDEM,KOTHAGUDEM,YELLANDU,YLD RURAL,MEDIKUNTA-YR,2,COMMERCIAL,1,1,3886.0,15.0
BHADRADRI KOTHAGUDEM,KOTHAGUDEM,YELLANDU,YLD RURAL,MITTAPALLY-YR,2,COMMERCIAL,2,2,39.0,3.0
BHADRADRI KOTHAGUDEM,KOTHAGUDEM,YELLANDU,YLD RURAL,MONDI TOGUM-YR,2,COMMERCIAL,17,9,606.0,23.0
BHADRADRI KOTHAGUDEM,PALONCHA,PALVANCHA,MULKALAPALLY,KOMMUGUDEM-MP,2,COMMERCIAL,3,2,3.0,2.26
BHADRADRI KOTHAGUDEM,PALONCHA,PALVANCHA,MULKALAPALLY,KOTHA GANGARAM,2,COMMERCIAL,12,10,430.0,17.5
BHADRADRI KOTHAGUDEM,PALONCHA,PALVANCHA,MULKALAPALLY,KOTHAGUNDALAPADU,2,COMMERCIAL,1,1,0.0,2.0
BHADRADRI KOTHAGUDEM,PALONCHA,PALVANCHA,MULKALAPALLY,KOTHURU-MP,2,COMMERCIAL,5,4,482.0,6.24
BHADRADRI KOTHAGUDEM,PALONCHA,PALVANCHA,MULKALAPALLY,KUMMARIPADU,2,COMMERCIAL,1,1,129.0,1.0
BHADRADRI KOTHAGUDEM,PALONCHA,PALVANCHA,MULKALAPALLY,MADHARAM-MP,2,COMMERCIAL,44,39,2423.0,62.83
BHADRADRI KOTHAGUDEM,PALONCHA,PALVANCHA,MULKALAPALLY,MAMILLAGUDEM,2,COMMERCIAL,3,2,28.0,2.18
BHADRADRI KOTHAGUDEM,PALONCHA,PALVANCHA,MULKALAPALLY,MANGALI GUTTA,2,COMMERCIAL,2,2,350.0,2.24
BHADRADRI KOTHAGUDEM,PALONCHA,PALVANCHA,MULKALAPALLY,MANGAPET,2,COMMERCIAL,1,1,1.0,1.0
BHADRADRI KOTHAGUDEM,PALONCHA,PALVANCHA,MULKALAPALLY,MODIVAREE(MUL),2,COMMERCIAL,1,1,40.0,1.0
BHUPALAPALLY,BHUPALAPALLY,BHOOPALPALLY,GHANPUR (MULUG),RANGARAOPALLY,2,COMMERCIAL,6,6,3933.0,17.01
BHUPALAPALLY,BHUPALAPALLY,BHOOPALPALLY,GHANPUR (MULUG),SEETARAMPUR,2,COMMERCIAL,6,6,315.0,10.0
BHUPALAPALLY,BHUPALAPALLY,BHOOPALPALLY,GHANPUR (MULUG),THUPURAM,2,COMMERCIAL,7,5,79.0,6.5
BHUPALAPALLY,BHUPALAPALLY,BHOOPALPALLY,GHANPUR (MULUG),VENKATESHWARLAPALLY,2,COMMERCIAL,7,5,2309.0,31.0
BHUPALAPALLY,BHUPALAPALLY,BHOOPALPALLY,REGONDA,BHAGIRATHIPET,2,COMMERCIAL,60,52,9432.0,121.934
BHUPALAPALLY,BHUPALAPALLY,BHOOPALPALLY,REGONDA,CHENNAPUR,2,COMMERCIAL,51,43,6552.0,82.306
BHUPALAPALLY,BHUPALAPALLY,BHOOPALPALLY,REGONDA,CHINNAKODEPAKA,2,COMMERCIAL,41,36,5388.0,74.702
BHUPALAPALLY,BHUPALAPALLY,BHOOPALPALLY,REGONDA,Chenchupally,2,COMMERCIAL,1,1,50.0,1.0
BHUPALAPALLY,BHUPALAPALLY,BHOOPALPALLY,REGONDA,DAMARANCHAPALLI  CKP,2,COMMERCIAL,18,17,706.0,23.861
BHUPALAPALLY,BHUPALAPALLY,BHOOPALPALLY,REGONDA,DHAMMANNAPET II,2,COMMERCIAL,20,17,984.0,48.71
BHUPALAPALLY,BHUPALAPALLY,KATARAM,KOYYUR,EDLAPALLY,2,COMMERCIAL,16,9,495.0,16.7
BHUPALAPALLY,BHUPALAPALLY,KATARAM,KOYYUR,GADAMPALLY,2,COMMERCIAL,8,6,323.0,8.24
BHUPALAPALLY,BHUPALAPALLY,KATARAM,KOYYUR,IPPALAPALLY,2,COMMERCIAL,6,5,155.0,9.24
BHUPALAPALLY,BHUPALAPALLY,KATARAM,KOYYUR,KONDAMPET,2,COMMERCIAL,14,10,1443.0,23.85
BHUPALAPALLY,BHUPALAPALLY,KATARAM,KOYYUR,KOYYUR,2,COMMERCIAL,119,107,11922.0,190.66
BHUPALAPALLY,BHUPALAPALLY,KATARAM,KOYYUR,MALLAMPALLY,2,COMMERCIAL,6,5,104.0,18.0
BHUPALAPALLY,BHUPALAPALLY,KATARAM,KOYYUR,MALLARAM - B,2,COMMERCIAL,72,64,4880.0,94.455
BHUPALAPALLY,BHUPALAPALLY,KATARAM,KOYYUR,NACHARAM,2,COMMERCIAL,5,5,473.0,21.99
BHUPALAPALLY,MULUGU,MULUG,LAXMIDEVPET,MALLAIAH PALLY,2,COMMERCIAL,2,1,49.0,1.0
BHUPALAPALLY,MULUGU,MULUG,LAXMIDEVPET,NALLAGUNTA,2,COMMERCIAL,47,35,1751.0,77.174
BHUPALAPALLY,MULUGU,MULUG,LAXMIDEVPET,NARASAPUR,2,COMMERCIAL,29,25,13810.0,110.99
BHUPALAPALLY,MULUGU,MULUG,LAXMIDEVPET,NARAYANAGIRIPALLY,2,COMMERCIAL,18,14,285.0,31.018
BHUPALAPALLY,MULUGU,MULUG,LAXMIDEVPET,NARSINGAPUR (L.PET),2,COMMERCIAL,3,3,55.0,4.0
BHUPALAPALLY,MULUGU,MULUG,LAXMIDEVPET,PALAMPET,2,COMMERCIAL,79,66,10061.0,226.725
BHUPALAPALLY,MULUGU,MULUG,LAXMIDEVPET,PAPAIPALLY,2,COMMERCIAL,11,7,132.0,19.7
BHUPALAPALLY,MULUGU,MULUG,LAXMIDEVPET,PATWARIPALLY,2,COMMERCIAL,3,3,114.0,6.0
BHUPALAPALLY,MULUGU,MULUG,LAXMIDEVPET,RAJESWARARAOPALLY,2,COMMERCIAL,4,4,258.0,12.0
BHUPALAPALLY,MULUGU,MULUG,LAXMIDEVPET,RAMANUJAPOOR,2,COMMERCIAL,22,19,1660.0,40.48
BHUPALAPALLY,MULUGU,N. VENKATAPURAM,WAZEEDU,GHANAPURAM,2,COMMERCIAL,5,3,5.0,2.7
BHUPALAPALLY,MULUGU,N. VENKATAPURAM,WAZEEDU,GUMMADI DODDI,2,COMMERCIAL,9,8,3302.0,32.9
BHUPALAPALLY,MULUGU,N. VENKATAPURAM,WAZEEDU,JAGANNADHAPURAM,2,COMMERCIAL,22,19,543.0,21.44
BHUPALAPALLY,MULUGU,N. VENKATAPURAM,WAZEEDU,JANGALA PALLI,2,COMMERCIAL,11,7,751.0,13.91
BHUPALAPALLY,MULUGU,N. VENKATAPURAM,WAZEEDU,KONGALA,2,COMMERCIAL,7,4,206.0,2.54
BHUPALAPALLY,MULUGU,N. VENKATAPURAM,WAZEEDU,KRISHNA PURAM,2,COMMERCIAL,4,3,84.0,15.25
BHUPALAPALLY,MULUGU,N. VENKATAPURAM,WAZEEDU,KRISHNAPURAM,2,COMMERCIAL,2,2,26.0,2.24
BHUPALAPALLY,MULUGU,N. VENKATAPURAM,WAZEEDU,KUPSOOR,2,COMMERCIAL,12,7,102.0,11.2
BHUPALAPALLY,MULUGU,N. VENKATAPURAM,WAZEEDU,LAXMIPURAM,2,COMMERCIAL,1,1,3.0,1.0
BHUPALAPALLY,MULUGU,N. VENKATAPURAM,WAZEEDU,MANTAPAKA,2,COMMERCIAL,17,16,1020.0,29.24
BHUPALAPALLY,MULUGU,N. VENKATAPURAM,WAZEEDU,MOTHUGULA GUDEM,2,COMMERCIAL,1,1,34.0,0.2
HANUMAKONDA,HANAMKONDA/RURAL,KAMALAPUR,ELKATHURTHY,GUNTOORPALLY,2,COMMERCIAL,9,9,232.0,13.505
ADILABAD,UTNOOR,UTNOOR,INDERVELLY,MARKAGUDA,2,COMMERCIAL,2,2,20.0,6.0
ADILABAD,UTNOOR,UTNOOR,INDERVELLY,MENDAPALLI,2,COMMERCIAL,7,4,736.0,11.22
ADILABAD,UTNOOR,UTNOOR,INDERVELLY,MUTHUNOOR,2,COMMERCIAL,122,112,16412.0,220.071
ASIFABAD,ASIFABAD,ASIFABAD,ASIFABAD (RURAL),GUDHENGHAT,2,COMMERCIAL,2,0,0.0,0.99
ASIFABAD,ASIFABAD,ASIFABAD,ASIFABAD (RURAL),GUDIGUDI,2,COMMERCIAL,1,1,46.0,1.0
ASIFABAD,ASIFABAD,ASIFABAD,ASIFABAD (RURAL),GUNDI,2,COMMERCIAL,20,18,1181.0,22.49
ASIFABAD,ASIFABAD,ASIFABAD,ASIFABAD (RURAL),IPPALNAVAGAOM,2,COMMERCIAL,5,3,118.0,8.872
ASIFABAD,ASIFABAD,ASIFABAD,ASIFABAD (RURAL),ITKYAL,2,COMMERCIAL,8,7,75.0,9.75
ASIFABAD,ASIFABAD,ASIFABAD,ASIFABAD (RURAL),JANDA GUDA,2,COMMERCIAL,7,5,492.0,24.22
ASIFABAD,ASIFABAD,ASIFABAD,ASIFABAD (RURAL),KANCHARIGUDA H/O.YELLARAM,2,COMMERCIAL,1,1,0.0,1.0
ASIFABAD,ASIFABAD,ASIFABAD,ASIFABAD (RURAL),KAPRI,2,COMMERCIAL,1,1,22.0,1.0
ASIFABAD,ASIFABAD,ASIFABAD,ASIFABAD (RURAL),KESLAPUR (ASF),2,COMMERCIAL,12,11,517.0,12.99
ASIFABAD,ASIFABAD,ASIFABAD,ASIFABAD (RURAL),KOSARA (ASF),2,COMMERCIAL,4,3,190.0,3.15
ASIFABAD,ASIFABAD,ASIFABAD,ASIFABAD (RURAL),KOTHA RAHAPALLY,2,COMMERCIAL,1,1,88.0,3.0
ASIFABAD,ASIFABAD,ASIFABAD RURAL,KERAMERI,METAPIPRI,2,COMMERCIAL,5,5,116.0,1.96
ASIFABAD,ASIFABAD,ASIFABAD RURAL,KERAMERI,MODI,2,COMMERCIAL,10,8,629.0,7.35
ASIFABAD,ASIFABAD,ASIFABAD RURAL,KERAMERI,NAGAL GONDI,2,COMMERCIAL,1,1,24.0,0.24
ASIFABAD,ASIFABAD,ASIFABAD RURAL,KERAMERI,NISANI,2,COMMERCIAL,3,3,69.0,2.5
ASIFABAD,ASIFABAD,ASIFABAD RURAL,KERAMERI,PARDA,2,COMMERCIAL,1,1,33.0,1.0
ASIFABAD,ASIFABAD,ASIFABAD RURAL,KERAMERI,PIPPIRI,2,COMMERCIAL,1,1,88.0,0.68
ASIFABAD,SIRPUR KAGAZNAGAR,KAGAZNAGAR,KAGAZNAGAR RURAL,NAZURULNAGAR,2,COMMERCIAL,7,6,3862.0,22.77
ASIFABAD,SIRPUR KAGAZNAGAR,KAGAZNAGAR,KAGAZNAGAR RURAL,NGOS COLONY,2,COMMERCIAL,1,1,263.0,4.0
ASIFABAD,SIRPUR KAGAZNAGAR,KAGAZNAGAR,KAGAZNAGAR RURAL,OOTPALLY,2,COMMERCIAL,1,1,200.0,5.0
ASIFABAD,SIRPUR KAGAZNAGAR,KAGAZNAGAR,KAGAZNAGAR RURAL,PANCHSHELNAGAR,2,COMMERCIAL,10,9,621.0,41.02
ASIFABAD,SIRPUR KAGAZNAGAR,KAGAZNAGAR,KAGAZNAGAR RURAL,PEDDA MALINI,2,COMMERCIAL,3,3,22.0,9.0
ASIFABAD,SIRPUR KAGAZNAGAR,KAGAZNAGAR,KAGAZNAGAR RURAL,RASAPELLY,2,COMMERCIAL,36,33,3459.0,59.033
ASIFABAD,SIRPUR KAGAZNAGAR,KAGAZNAGAR,KAGAZNAGAR RURAL,REKULAGUDA,2,COMMERCIAL,2,2,29.0,2.0
ASIFABAD,SIRPUR KAGAZNAGAR,KAGAZNAGAR,KAGAZNAGAR RURAL,SEETANAGER,2,COMMERCIAL,17,16,1756.0,20.203
ASIFABAD,SIRPUR KAGAZNAGAR,KAGAZNAGAR,KAGAZNAGAR RURAL,SHIVALAYAM,2,COMMERCIAL,16,14,681.0,19.323
ASIFABAD,SIRPUR KAGAZNAGAR,KAGAZNAGAR,KAGAZNAGAR RURAL,SHIVAPOOR,2,COMMERCIAL,8,6,334.0,7.51
ASIFABAD,SIRPUR KAGAZNAGAR,KAGAZNAGAR,KAGAZNAGAR RURAL,THUNGA MADUGU,2,COMMERCIAL,2,1,0.0,3.64
ASIFABAD,SIRPUR KAGAZNAGAR,KAGAZNAGAR,KAGAZNAGAR RURAL,TRACTOR SHED,2,COMMERCIAL,4,3,162.0,5.0
ASIFABAD,SIRPUR KAGAZNAGAR,KAGAZNAGAR,KAGAZNAGAR RURAL,VALLEKONDA,2,COMMERCIAL,4,3,2527.0,21.8
ASIFABAD,SIRPUR KAGAZNAGAR,KAGAZNAGAR,KAGAZNAGAR RURAL,VANJARI,2,COMMERCIAL,23,20,2989.0,112.8
BHADRADRI KOTHAGUDEM,BHADRACHALAM,BHADRACHALAM,SARAPAKA,NAGINENIPROLU,2,COMMERCIAL,125,111,10486.0,143.2
BHADRADRI KOTHAGUDEM,BHADRACHALAM,BHADRACHALAM,SARAPAKA,SANDELLAPADU (BUR),2,COMMERCIAL,5,5,741.0,7.48
BHADRADRI KOTHAGUDEM,BHADRACHALAM,BHADRACHALAM,SARAPAKA,SARAPAKA,2,COMMERCIAL,790,714,83071.0,1374.434
BHADRADRI KOTHAGUDEM,BHADRACHALAM,BHADRACHALAM,SARAPAKA,SRIRAMPURAM,2,COMMERCIAL,5,5,241.0,7.24
BHADRADRI KOTHAGUDEM,BHADRACHALAM,BHADRACHALAM,SARAPAKA,T.V.PALLY,2,COMMERCIAL,15,13,454.0,13.43
BHADRADRI KOTHAGUDEM,BHADRACHALAM,BHADRACHALAM,SARAPAKA,TALLAGUMMURU,2,COMMERCIAL,46,42,9491.0,126.48
BHADRADRI KOTHAGUDEM,BHADRACHALAM,BHADRACHALAM,SARAPAKA,VIJAYA NAGARAM,2,COMMERCIAL,4,4,237.0,4.66
BHADRADRI KOTHAGUDEM,BHADRACHALAM,CHERLA,CHARLA,BHUMULA LANKA,2,COMMERCIAL,1,0,0.0,0.2
BHADRADRI KOTHAGUDEM,BHADRACHALAM,CHERLA,CHARLA,BODANALLY,2,COMMERCIAL,1,0,0.0,1.0
BHADRADRI KOTHAGUDEM,BHADRACHALAM,MANUGURU,ASWAPURAM,NELLIPAKA BANZARA,2,COMMERCIAL,41,38,7713.0,92.94
BHADRADRI KOTHAGUDEM,BHADRACHALAM,MANUGURU,ASWAPURAM,PAMULAPALI,2,COMMERCIAL,8,6,1690.0,86.24
BHADRADRI KOTHAGUDEM,BHADRACHALAM,MANUGURU,ASWAPURAM,RAMACHANDRAPURAM (A),2,COMMERCIAL,23,19,568.0,32.12
BHADRADRI KOTHAGUDEM,BHADRACHALAM,MANUGURU,ASWAPURAM,S.P.BANJARA,2,COMMERCIAL,17,16,1337.0,34.36
BHADRADRI KOTHAGUDEM,BHADRACHALAM,MANUGURU,ASWAPURAM,SARVAIGUDEM,2,COMMERCIAL,18,17,4174.0,37.24
BHADRADRI KOTHAGUDEM,BHADRACHALAM,MANUGURU,ASWAPURAM,SEETHARAMPURAM (A),2,COMMERCIAL,62,60,9641.0,135.09
BHADRADRI KOTHAGUDEM,BHADRACHALAM,MANUGURU,ASWAPURAM,TUMMALACHERVU,2,COMMERCIAL,20,17,3371.0,47.36
BHADRADRI KOTHAGUDEM,BHADRACHALAM,MANUGURU,ASWAPURAM,TURAMVARI GUDEM,2,COMMERCIAL,4,3,73.0,3.24
BHADRADRI KOTHAGUDEM,KOTHAGUDEM,KOTHAGUDEM RURAL,CHANDRUGONDA,AYYANNA PALEM-CG,2,COMMERCIAL,70,57,5036.0,122.36
BHADRADRI KOTHAGUDEM,KOTHAGUDEM,KOTHAGUDEM RURAL,CHANDRUGONDA,BALIKUNTA-CG,2,COMMERCIAL,3,2,2622.0,18.24
BHADRADRI KOTHAGUDEM,KOTHAGUDEM,KOTHAGUDEM RURAL,CHANDRUGONDA,BALYA THANDA-CG,2,COMMERCIAL,3,3,56.0,6.0
BHADRADRI KOTHAGUDEM,KOTHAGUDEM,KOTHAGUDEM RURAL,CHANDRUGONDA,BANDAL PAD-CG,2,COMMERCIAL,14,12,786.0,71.24
BHADRADRI KOTHAGUDEM,KOTHAGUDEM,KOTHAGUDEM RURAL,CHANDRUGONDA,CHANDRUGONDA,2,COMMERCIAL,386,369,36035.0,768.31
BHADRADRI KOTHAGUDEM,KOTHAGUDEM,KOTHAGUDEM RURAL,CHANDRUGONDA,DAMARA CHARLA-CG,2,COMMERCIAL,23,22,761.0,39.16
BHADRADRI KOTHAGUDEM,KOTHAGUDEM,KOTHAGUDEM RURAL,CHANDRUGONDA,DUBBA TANDA-CG,2,COMMERCIAL,2,2,0.0,2.0
BHADRADRI KOTHAGUDEM,KOTHAGUDEM,KOTHAGUDEM RURAL,CHANDRUGONDA,GANUGUPAD-CG,2,COMMERCIAL,29,27,3181.0,61.54
BHADRADRI KOTHAGUDEM,KOTHAGUDEM,KOTHAGUDEM RURAL,CHANDRUGONDA,GURRAM GUDEM-CG,2,COMMERCIAL,12,12,197.0,13.0
BHADRADRI KOTHAGUDEM,KOTHAGUDEM,LAXMIDEVIPALLY,BOMMANAPALLY,VODDU GUDEM-TP,2,COMMERCIAL,5,4,82.0,13.0
BHADRADRI KOTHAGUDEM,KOTHAGUDEM,LAXMIDEVIPALLY,LAXMIDEVIPALLY,ANISETTY PALLY-KR,2,COMMERCIAL,41,34,3348.0,52.65
BHADRADRI KOTHAGUDEM,KOTHAGUDEM,LAXMIDEVIPALLY,LAXMIDEVIPALLY,BANGARU CHILAKA-KR,2,COMMERCIAL,16,14,4132.0,41.45
BHADRADRI KOTHAGUDEM,KOTHAGUDEM,LAXMIDEVIPALLY,LAXMIDEVIPALLY,BAPUJI THANDA-KR,2,COMMERCIAL,2,2,68.0,3.0
BHUPALAPALLY,BHUPALAPALLY,BHOOPALPALLY,GHANPUR (MULUG),PANDULADUBBAPADU(CHL,2,COMMERCIAL,3,3,2667.0,18.0
BHUPALAPALLY,BHUPALAPALLY,BHOOPALPALLY,GHANPUR (MULUG),PARUSHURAMPALLY,2,COMMERCIAL,9,7,157.0,16.26
BHUPALAPALLY,BHUPALAPALLY,KATARAM,KATARAM,RAGHUPALLY,2,COMMERCIAL,1,0,0.0,0.24
BHUPALAPALLY,BHUPALAPALLY,KATARAM,KATARAM,REGULAGUDEM,2,COMMERCIAL,19,14,8357.0,51.62
BHUPALAPALLY,BHUPALAPALLY,KATARAM,KATARAM,SANKARAMPALLY,2,COMMERCIAL,19,16,618.0,22.5
BHUPALAPALLY,BHUPALAPALLY,KATARAM,KATARAM,SUNDERAJPET,2,COMMERCIAL,38,29,13548.0,61.281
BHUPALAPALLY,BHUPALAPALLY,KATARAM,KATARAM,VEERAPUR,2,COMMERCIAL,3,3,0.0,3.0
BHUPALAPALLY,BHUPALAPALLY,KATARAM,KATARAM,VILASAGAR,2,COMMERCIAL,19,14,5462.0,44.96
BHUPALAPALLY,BHUPALAPALLY,KATARAM,KOYYUR,ADVALAPALLY,2,COMMERCIAL,5,5,227.0,7.0
BHUPALAPALLY,BHUPALAPALLY,KATARAM,KOYYUR,ANSANPALLY,2,COMMERCIAL,11,10,472.0,9.22
BHUPALAPALLY,BHUPALAPALLY,KATARAM,KOYYUR,CHINNA THUNDLA,2,COMMERCIAL,6,5,178.0,8.06
BHUPALAPALLY,BHUPALAPALLY,KATARAM,KOYYUR,DUBBAGHAT,2,COMMERCIAL,4,4,814.0,13.0
BHUPALAPALLY,MULUGU,MULUG,LAXMIDEVPET,BURGAPET,2,COMMERCIAL,19,18,1132.0,25.851
BHUPALAPALLY,MULUGU,MULUG,LAXMIDEVPET,ELLAREDDYPALLY,2,COMMERCIAL,5,4,13.0,20.0
BHUPALAPALLY,MULUGU,MULUG,LAXMIDEVPET,ELUTHURLAPALLY,2,COMMERCIAL,10,8,4477.0,29.0
BHUPALAPALLY,MULUGU,MULUG,LAXMIDEVPET,GUNTURPALLY,2,COMMERCIAL,6,4,1436.0,24.5
BHUPALAPALLY,MULUGU,MULUG,LAXMIDEVPET,INCHANCHARUPALLY,2,COMMERCIAL,8,8,1504.0,23.27
BHUPALAPALLY,MULUGU,MULUG,LAXMIDEVPET,JAVAHARNAGAR,2,COMMERCIAL,26,19,6145.0,86.73
BHUPALAPALLY,MULUGU,MULUG,LAXMIDEVPET,KESHAVAPOOR,2,COMMERCIAL,31,31,1959.0,54.06
BHUPALAPALLY,MULUGU,MULUG,LAXMIDEVPET,LAXMIDEVIPET,2,COMMERCIAL,100,82,9057.0,172.16
BHUPALAPALLY,MULUGU,MULUG,LAXMIDEVPET,LAXMIPOOR,2,COMMERCIAL,2,1,0.0,1.25
BHUPALAPALLY,MULUGU,MULUG,LAXMIDEVPET,LINGAPOOR,2,COMMERCIAL,4,3,875.0,37.0
BHUPALAPALLY,MULUGU,N. VENKATAPURAM,WAZEEDU,ARLAGUDEM,2,COMMERCIAL,2,1,13.0,2.0
BHUPALAPALLY,MULUGU,N. VENKATAPURAM,WAZEEDU,ARUNACHALA PURAM,2,COMMERCIAL,1,1,13.0,0.18
BHUPALAPALLY,MULUGU,N. VENKATAPURAM,WAZEEDU,Ayyavaripet,2,COMMERCIAL,2,2,24.0,2.0
BHUPALAPALLY,MULUGU,N. VENKATAPURAM,WAZEEDU,BOMMANA PALLI,2,COMMERCIAL,1,1,0.0,1.0
BHUPALAPALLY,MULUGU,N. VENKATAPURAM,WAZEEDU,CHANDRUPATLA,2,COMMERCIAL,20,18,1525.0,35.66
BHUPALAPALLY,MULUGU,N. VENKATAPURAM,WAZEEDU,CHEEKU PALLI,2,COMMERCIAL,7,6,490.0,29.68
BHUPALAPALLY,MULUGU,N. VENKATAPURAM,WAZEEDU,CHERUKURU,2,COMMERCIAL,37,36,4350.0,48.28
BHUPALAPALLY,MULUGU,N. VENKATAPURAM,WAZEEDU,CHINA GANGARAM,2,COMMERCIAL,1,1,495.0,5.0
BHUPALAPALLY,MULUGU,N. VENKATAPURAM,WAZEEDU,CHINTOOR <W>,2,COMMERCIAL,4,4,54.0,3.18
BHUPALAPALLY,MULUGU,N. VENKATAPURAM,WAZEEDU,DHARMARAM,2,COMMERCIAL,61,56,5602.0,76.346
BHUPALAPALLY,MULUGU,N. VENKATAPURAM,WAZEEDU,DULAPURAM,2,COMMERCIAL,5,4,319.0,7.0
BHUPALAPALLY,MULUGU,N. VENKATAPURAM,WAZEEDU,EDUCHARLA PALLY,2,COMMERCIAL,15,14,1629.0,34.21
HANUMAKONDA,HANAMKONDA/RURAL,HASANPARTHY,HASANPARTHY,YELLAPUR,2,COMMERCIAL,112,78,38838.0,403.685
HANUMAKONDA,HANAMKONDA/RURAL,KAMALAPUR,ELKATHURTHY,Arepally,2,COMMERCIAL,1,1,0.0,1.0
HANUMAKONDA,HANAMKONDA/RURAL,KAMALAPUR,ELKATHURTHY,BAOPET,2,COMMERCIAL,47,43,7313.0,128.995
HANUMAKONDA,HANAMKONDA/RURAL,KAMALAPUR,ELKATHURTHY,CHINTALAPALLY,2,COMMERCIAL,21,17,1162.0,29.255
HANUMAKONDA,HANAMKONDA/RURAL,KAMALAPUR,ELKATHURTHY,DAMERA,2,COMMERCIAL,127,111,11995.0,193.205
HANUMAKONDA,HANAMKONDA/RURAL,KAMALAPUR,ELKATHURTHY,DANDEPALLY,2,COMMERCIAL,66,61,6490.0,137.546
HANUMAKONDA,HANAMKONDA/RURAL,KAMALAPUR,ELKATHURTHY,ELKATHURTHY,2,COMMERCIAL,415,376,47976.0,805.56
HANUMAKONDA,HANAMKONDA/RURAL,KAMALAPUR,ELKATHURTHY,GOPALPUR,2,COMMERCIAL,91,85,7708.0,132.1
HANUMAKONDA,HANAMKONDA/RURAL,KAMALAPUR,ELKATHURTHY,GUDIBANDAPALLY,2,COMMERCIAL,1,0,0.0,1.0
HANUMAKONDA,HANAMKONDA/TOWN,HANAMKONDA(T),"CHOWRASTHA, HNK",KAKAJI COLONY,2,COMMERCIAL,643,577,132138.0,2336.766
HANUMAKONDA,HANAMKONDA/TOWN,HANAMKONDA(T),"CHOWRASTHA, HNK",KANCHARKUNTA,2,COMMERCIAL,150,137,66902.0,863.876
HANUMAKONDA,HANAMKONDA/TOWN,HANAMKONDA(T),"CHOWRASTHA, HNK",KUMARPALLY,2,COMMERCIAL,1,1,22.0,5.0
HANUMAKONDA,HANAMKONDA/TOWN,HANAMKONDA(T),"CHOWRASTHA, HNK",MACHILI BAZAR,2,COMMERCIAL,523,460,94414.0,1801.383
HANUMAKONDA,HANAMKONDA/TOWN,HANAMKONDA(T),"CHOWRASTHA, HNK",PINJARLA,2,COMMERCIAL,403,342,50055.0,1040.64
HANUMAKONDA,HANAMKONDA/TOWN,HANAMKONDA(T),"CHOWRASTHA, HNK",RAGANNA DARWAZA,2,COMMERCIAL,17,13,1376.0,34.58
HANUMAKONDA,HANAMKONDA/TOWN,HANAMKONDA(T),"CHOWRASTHA, HNK",RAYAPURAWADA,2,COMMERCIAL,257,240,30257.0,476.71
HANUMAKONDA,HANAMKONDA/TOWN,HANAMKONDA(T),"CHOWRASTHA, HNK",T P TEMPLE,2,COMMERCIAL,2,2,376.0,4.0
HANUMAKONDA,HANAMKONDA/TOWN,HANAMKONDA(T),"CHOWRASTHA, HNK",TAILORS STREET,2,COMMERCIAL,612,569,52738.0,923.177
HANUMAKONDA,HANAMKONDA/TOWN,HANAMKONDA(T),"CHOWRASTHA, HNK",UJLIBASE,2,COMMERCIAL,1,0,0.0,0.51
HANUMAKONDA,HANAMKONDA/TOWN,HANAMKONDA(T),"CHOWRASTHA, HNK",YADAVA NAGAR,2,COMMERCIAL,1,0,0.0,0.51
HANUMAKONDA,HANAMKONDA/TOWN,HANAMKONDA(T),"CHOWRASTHA, HNK",YENUGULAGADDA,2,COMMERCIAL,283,255,20145.0,470.008
HANUMAKONDA,HANAMKONDA/TOWN,HANAMKONDA(T),MACHILIBAZAR,BONDIVAGU,2,COMMERCIAL,9,5,605.0,21.51
HANUMAKONDA,HANAMKONDA/TOWN,HANAMKONDA(T),MACHILIBAZAR,BRAHMANWADA,2,COMMERCIAL,77,58,7163.0,190.81
HANUMAKONDA,HANAMKONDA/TOWN,HANAMKONDA(T),MACHILIBAZAR,"CHOWRASTA,HNK",2,COMMERCIAL,43,19,2862.0,49.96
ADILABAD,UTNOOR,UTNOOR,INDERVELLY,JALAM THANDA,2,COMMERCIAL,3,3,12.0,6.962
ADILABAD,UTNOOR,UTNOOR,INDERVELLY,KESLAGUDA,2,COMMERCIAL,5,4,1044.0,10.996
ADILABAD,UTNOOR,UTNOOR,INDERVELLY,KESLAPOOR,2,COMMERCIAL,9,4,380.0,16.339
ADILABAD,UTNOOR,UTNOOR,INDERVELLY,LALTEKDI,2,COMMERCIAL,1,1,948.0,8.0
ADILABAD,UTNOOR,UTNOOR,INDERVELLY,LEEMGUDA,2,COMMERCIAL,1,1,1.0,4.96
ADILABAD,UTNOOR,UTNOOR,INDERVELLY,MALLAPOOR,2,COMMERCIAL,1,1,18.0,1.0
ASIFABAD,SIRPUR KAGAZNAGAR,KAGAZNAGAR,KAGAZNAGAR RURAL,LAINUGUDEM,2,COMMERCIAL,1,1,33.0,1.0
ASIFABAD,SIRPUR KAGAZNAGAR,KAGAZNAGAR,KAGAZNAGAR RURAL,MANDUVA,2,COMMERCIAL,1,1,0.0,1.0
ASIFABAD,SIRPUR KAGAZNAGAR,KAGAZNAGAR,KAGAZNAGAR RURAL,MAREPALLI,2,COMMERCIAL,1,1,2000.0,5.0
ASIFABAD,SIRPUR KAGAZNAGAR,KAGAZNAGAR,KAGAZNAGAR RURAL,MOSAM,2,COMMERCIAL,4,4,106.0,4.0
ASIFABAD,SIRPUR KAGAZNAGAR,KAGAZNAGAR,KAGAZNAGAR RURAL,NAGAMPET,2,COMMERCIAL,5,5,3162.0,19.0
ASIFABAD,SIRPUR KAGAZNAGAR,KAGAZNAGAR,KAGAZNAGAR RURAL,NAMANAGAR,2,COMMERCIAL,8,6,730.0,11.68
ASIFABAD,SIRPUR KAGAZNAGAR,KAGAZNAGAR,KAGAZNAGAR RURAL,NANDIGUDA,2,COMMERCIAL,4,4,26.0,6.24
BHADRADRI KOTHAGUDEM,BHADRACHALAM,BHADRACHALAM,BURGUMPADU,VEPALAGADA,2,COMMERCIAL,1,1,137.0,2.0
BHADRADRI KOTHAGUDEM,BHADRACHALAM,BHADRACHALAM,BURGUMPADU,ZINKALAGUDEM,2,COMMERCIAL,5,4,94.0,4.24
BHADRADRI KOTHAGUDEM,BHADRACHALAM,BHADRACHALAM,SARAPAKA,BATHULA NAGAR,2,COMMERCIAL,2,2,1501.0,10.24
BHADRADRI KOTHAGUDEM,BHADRACHALAM,BHADRACHALAM,SARAPAKA,BHASKAR NAGAR,2,COMMERCIAL,8,6,548.0,19.98
BHADRADRI KOTHAGUDEM,BHADRACHALAM,BHADRACHALAM,SARAPAKA,ERAVANDI,2,COMMERCIAL,27,27,2537.0,40.21
BHADRADRI KOTHAGUDEM,BHADRACHALAM,BHADRACHALAM,SARAPAKA,KRISHNASAGAR,2,COMMERCIAL,21,16,2161.0,43.04
BHADRADRI KOTHAGUDEM,BHADRACHALAM,BHADRACHALAM,SARAPAKA,MOTHE (B),2,COMMERCIAL,24,21,770.0,30.21
BHADRADRI KOTHAGUDEM,BHADRACHALAM,BHADRACHALAM,SARAPAKA,MUSALAMADUGU,2,COMMERCIAL,22,18,4683.0,42.47
BHADRADRI KOTHAGUDEM,BHADRACHALAM,MANUGURU,ASWAPURAM,Gondigudem kothuru,2,COMMERCIAL,1,1,19.0,1.0
BHADRADRI KOTHAGUDEM,BHADRACHALAM,MANUGURU,ASWAPURAM,JAGGARAM,2,COMMERCIAL,52,44,1747.0,67.32
BHADRADRI KOTHAGUDEM,BHADRACHALAM,MANUGURU,ASWAPURAM,KATTAMVARI GUDEM (ASP),2,COMMERCIAL,1,1,368.0,2.0
BHADRADRI KOTHAGUDEM,BHADRACHALAM,MANUGURU,ASWAPURAM,KOMMUGUDEM,2,COMMERCIAL,2,1,1234.0,18.0
BHADRADRI KOTHAGUDEM,BHADRACHALAM,MANUGURU,ASWAPURAM,KUMMARIGUDEM,2,COMMERCIAL,1,0,0.0,8.0
BHADRADRI KOTHAGUDEM,BHADRACHALAM,MANUGURU,ASWAPURAM,KURNAPALLI KOTHURU,2,COMMERCIAL,6,6,1463.0,22.72
BHADRADRI KOTHAGUDEM,BHADRACHALAM,MANUGURU,ASWAPURAM,KURSAVAIGUDEM,2,COMMERCIAL,3,3,89.0,2.24
BHADRADRI KOTHAGUDEM,BHADRACHALAM,MANUGURU,ASWAPURAM,MALLELAMADUGU,2,COMMERCIAL,43,35,1280.0,52.22
BHADRADRI KOTHAGUDEM,BHADRACHALAM,MANUGURU,ASWAPURAM,MANCHIKANTI NAGAR,2,COMMERCIAL,2,2,137.0,6.0
BHADRADRI KOTHAGUDEM,BHADRACHALAM,MANUGURU,ASWAPURAM,MANUBOTHULAGUDEM,2,COMMERCIAL,1,1,50.0,1.0
BHADRADRI KOTHAGUDEM,BHADRACHALAM,MANUGURU,ASWAPURAM,MITTAGUDEM,2,COMMERCIAL,96,75,13384.0,185.513
BHADRADRI KOTHAGUDEM,BHADRACHALAM,MANUGURU,ASWAPURAM,MONDIKUNTA,2,COMMERCIAL,163,156,14887.0,274.984
BHADRADRI KOTHAGUDEM,KOTHAGUDEM,KOTHAGUDEM RURAL,ANNAPUREDDYPALLY,NARASAPURAM,2,COMMERCIAL,81,73,6804.0,109.3
BHADRADRI KOTHAGUDEM,KOTHAGUDEM,KOTHAGUDEM RURAL,ANNAPUREDDYPALLY,P R GUDEM,2,COMMERCIAL,179,160,21422.0,321.414
BHADRADRI KOTHAGUDEM,KOTHAGUDEM,KOTHAGUDEM RURAL,ANNAPUREDDYPALLY,PENTALAM,2,COMMERCIAL,36,32,721.0,48.254
BHADRADRI KOTHAGUDEM,KOTHAGUDEM,KOTHAGUDEM RURAL,ANNAPUREDDYPALLY,TELAZERLA,2,COMMERCIAL,21,19,443.0,27.05
BHADRADRI KOTHAGUDEM,KOTHAGUDEM,KOTHAGUDEM RURAL,ANNAPUREDDYPALLY,VODDUGUDEM,2,COMMERCIAL,2,2,48.0,1.28
BHADRADRI KOTHAGUDEM,KOTHAGUDEM,KOTHAGUDEM RURAL,ANNAPUREDDYPALLY,VOOTUPALLY,2,COMMERCIAL,15,12,2614.0,60.24
BHADRADRI KOTHAGUDEM,KOTHAGUDEM,LAXMIDEVIPALLY,BOMMANAPALLY,SAMPATH NAGAR-TP,2,COMMERCIAL,23,17,580.0,33.12
BHADRADRI KOTHAGUDEM,KOTHAGUDEM,LAXMIDEVIPALLY,BOMMANAPALLY,SHANTI NAGAR-TP,2,COMMERCIAL,2,2,258.0,2.0
BHADRADRI KOTHAGUDEM,KOTHAGUDEM,LAXMIDEVIPALLY,BOMMANAPALLY,SHEMBUNI GUDEM-TP,2,COMMERCIAL,3,3,175.0,4.0
BHADRADRI KOTHAGUDEM,KOTHAGUDEM,LAXMIDEVIPALLY,BOMMANAPALLY,SIDDARAM-TP,2,COMMERCIAL,1,1,29.0,1.0
BHADRADRI KOTHAGUDEM,KOTHAGUDEM,LAXMIDEVIPALLY,BOMMANAPALLY,STATION TADIKALA PUDI-TP,2,COMMERCIAL,4,1,0.0,27.2
BHADRADRI KOTHAGUDEM,KOTHAGUDEM,LAXMIDEVIPALLY,BOMMANAPALLY,SULA NAGAR-TP,2,COMMERCIAL,56,47,5859.0,130.59
BHADRADRI KOTHAGUDEM,KOTHAGUDEM,LAXMIDEVIPALLY,BOMMANAPALLY,THAVORIYA THANDA - TP,2,COMMERCIAL,7,5,92.0,10.0
BHADRADRI KOTHAGUDEM,KOTHAGUDEM,YELLANDU,YLD RURAL,DANIYALAPADU-YR,2,COMMERCIAL,5,4,121.0,6.14
BHADRADRI KOTHAGUDEM,KOTHAGUDEM,YELLANDU,YLD RURAL,DHARMAPURAM-YR,2,COMMERCIAL,3,1,189.0,1.36
BHADRADRI KOTHAGUDEM,KOTHAGUDEM,YELLANDU,YLD RURAL,DHARMARAM THANDA-YR,2,COMMERCIAL,3,3,41.0,4.5
BHADRADRI KOTHAGUDEM,KOTHAGUDEM,YELLANDU,YLD RURAL,DONABANDA - YR,2,COMMERCIAL,4,4,284.0,6.26
BHADRADRI KOTHAGUDEM,KOTHAGUDEM,YELLANDU,YLD RURAL,EDUPULA GUDEM-YR,2,COMMERCIAL,1,1,92.0,3.0
BHADRADRI KOTHAGUDEM,KOTHAGUDEM,YELLANDU,YLD RURAL,K MANIKYARAM-YR,2,COMMERCIAL,51,40,2860.0,73.674
BHADRADRI KOTHAGUDEM,KOTHAGUDEM,YELLANDU,YLD RURAL,KATTU GUDEM-YR,2,COMMERCIAL,7,5,218.0,7.8
BHADRADRI KOTHAGUDEM,KOTHAGUDEM,YELLANDU,YLD RURAL,KOLLA PURAM-YR,2,COMMERCIAL,5,2,1.0,3.62
BHADRADRI KOTHAGUDEM,KOTHAGUDEM,YELLANDU,YLD RURAL,KOMARARAM-YR,2,COMMERCIAL,77,65,10064.0,155.025
BHADRADRI KOTHAGUDEM,PALONCHA,PALVANCHA,MULKALAPALLY,CHINTAPETA,2,COMMERCIAL,1,1,24.0,2.0
BHADRADRI KOTHAGUDEM,PALONCHA,PALVANCHA,MULKALAPALLY,CHOUTIGUDEM,2,COMMERCIAL,5,4,84.0,6.24
BHADRADRI KOTHAGUDEM,PALONCHA,PALVANCHA,MULKALAPALLY,GOLLAGUDEM-MP,2,COMMERCIAL,2,1,40.0,4.0
BHADRADRI KOTHAGUDEM,PALONCHA,PALVANCHA,MULKALAPALLY,GURRALAKUNTA,2,COMMERCIAL,1,1,5.0,2.26
BHADRADRI KOTHAGUDEM,PALONCHA,PALVANCHA,MULKALAPALLY,GUTTA GUDEM,2,COMMERCIAL,4,4,192.0,7.18
BHADRADRI KOTHAGUDEM,PALONCHA,PALVANCHA,MULKALAPALLY,J.N.PURAM,2,COMMERCIAL,174,147,20247.0,298.411
BHADRADRI KOTHAGUDEM,PALONCHA,PALVANCHA,MULKALAPALLY,KAMALAPURAM,2,COMMERCIAL,31,28,6130.0,79.12
BHADRADRI KOTHAGUDEM,PALONCHA,PALVANCHA,MULKALAPALLY,KAMPAGUDEM,2,COMMERCIAL,3,2,61.0,3.0
BHADRADRI KOTHAGUDEM,PALONCHA,PALVANCHA,MULKALAPALLY,KOBBARI PADU,2,COMMERCIAL,1,1,42.0,0.24
BHUPALAPALLY,BHUPALAPALLY,BHOOPALPALLY,GHANPUR (MULUG),KONDAPUR,2,COMMERCIAL,23,19,747.0,25.5
BHUPALAPALLY,BHUPALAPALLY,BHOOPALPALLY,GHANPUR (MULUG),KUNDURPALLY,2,COMMERCIAL,28,26,1507.0,44.72
BHUPALAPALLY,BHUPALAPALLY,BHOOPALPALLY,GHANPUR (MULUG),LAXMAREDDY PALLY,2,COMMERCIAL,4,4,265.0,4.0
BHUPALAPALLY,BHUPALAPALLY,BHOOPALPALLY,GHANPUR (MULUG),MADHAVARAOPALLY,2,COMMERCIAL,15,14,1966.0,37.0
BHUPALAPALLY,BHUPALAPALLY,BHOOPALPALLY,GHANPUR (MULUG),MYLARAM,2,COMMERCIAL,21,18,3766.0,75.315
BHUPALAPALLY,BHUPALAPALLY,BHOOPALPALLY,GHANPUR (MULUG),NAGARAMPALLY(D.PET),2,COMMERCIAL,19,15,257.0,31.733
BHUPALAPALLY,MULUGU,ETURNAGARAM,KANNAIGUDEM,SARVAI,2,COMMERCIAL,1,0,0.0,0.99
BHUPALAPALLY,MULUGU,ETURNAGARAM,KANNAIGUDEM,SINGARAM,2,COMMERCIAL,4,4,83.0,4.45
BHUPALAPALLY,MULUGU,ETURNAGARAM,KANNAIGUDEM,THUPAKULAGUDEM,2,COMMERCIAL,7,6,3566.0,43.08
BHUPALAPALLY,MULUGU,MULUG,LAXMIDEVPET,ADAVIRANGAPOOR,2,COMMERCIAL,15,12,1492.0,52.18
BHUPALAPALLY,MULUGU,N. VENKATAPURAM,N.V.PURAM,SUDIBAKA,2,COMMERCIAL,1,0,0.0,0.28
BHUPALAPALLY,MULUGU,N. VENKATAPURAM,N.V.PURAM,SUNDARAIAHCOLONY-N,2,COMMERCIAL,4,4,119.0,3.24
BHUPALAPALLY,MULUGU,N. VENKATAPURAM,N.V.PURAM,SURAVEEDU,2,COMMERCIAL,21,19,481.0,25.42
BHUPALAPALLY,MULUGU,N. VENKATAPURAM,N.V.PURAM,SURAVEEDU COLONY,2,COMMERCIAL,3,1,10.0,17.0
BHUPALAPALLY,MULUGU,N. VENKATAPURAM,N.V.PURAM,TIPPAPURAM,2,COMMERCIAL,2,2,121.0,3.0
BHUPALAPALLY,MULUGU,N. VENKATAPURAM,N.V.PURAM,UPPEDU,2,COMMERCIAL,19,17,2899.0,23.25
BHUPALAPALLY,MULUGU,N. VENKATAPURAM,N.V.PURAM,VEERABHADRARAM,2,COMMERCIAL,8,8,3039.0,33.4
BHUPALAPALLY,MULUGU,N. VENKATAPURAM,N.V.PURAM,VENGALARAO NAGAR,2,COMMERCIAL,2,2,40.0,2.0
BHUPALAPALLY,MULUGU,N. VENKATAPURAM,N.V.PURAM,WADAGUDEM,2,COMMERCIAL,14,11,814.0,14.29
HANUMAKONDA,HANAMKONDA/RURAL,HASANPARTHY,CHINTHAGATTU (TOWN),SUBBAIAPALLY,2,COMMERCIAL,50,47,57690.0,844.47
HANUMAKONDA,HANAMKONDA/RURAL,HASANPARTHY,HASANPARTHY,ANANTHSAGAR,2,COMMERCIAL,59,47,17162.0,173.97
HANUMAKONDA,HANAMKONDA/RURAL,HASANPARTHY,HASANPARTHY,GUNTURPALLY,2,COMMERCIAL,14,11,257.0,17.07
HANUMAKONDA,HANAMKONDA/RURAL,HASANPARTHY,HASANPARTHY,HASANPARTHY  (H),2,COMMERCIAL,750,658,96151.0,1690.294
HANUMAKONDA,HANAMKONDA/RURAL,HASANPARTHY,HASANPARTHY,JAYAGIRI,2,COMMERCIAL,47,36,9287.0,82.89
HANUMAKONDA,HANAMKONDA/RURAL,HASANPARTHY,HASANPARTHY,MADIPALLY,2,COMMERCIAL,69,62,8332.0,104.693
HANUMAKONDA,HANAMKONDA/RURAL,HASANPARTHY,HASANPARTHY,PEMBERTHY,2,COMMERCIAL,54,49,41713.0,305.705
HANUMAKONDA,HANAMKONDA/RURAL,HASANPARTHY,HASANPARTHY,SEETHAMPET,2,COMMERCIAL,41,33,5222.0,67.774
HANUMAKONDA,HANAMKONDA/RURAL,PARKAL,SHAYAMPET,RAJUPALLY,2,COMMERCIAL,5,5,45.0,6.0
HANUMAKONDA,HANAMKONDA/RURAL,PARKAL,SHAYAMPET,SADAN PALLY,2,COMMERCIAL,4,4,100.0,6.0
HANUMAKONDA,HANAMKONDA/RURAL,PARKAL,SHAYAMPET,SHAYAMPET,2,COMMERCIAL,259,234,26403.0,434.78
HANUMAKONDA,HANAMKONDA/RURAL,PARKAL,SHAYAMPET,SURAMPET,2,COMMERCIAL,4,3,149.0,6.41
HANUMAKONDA,HANAMKONDA/RURAL,PARKAL,SHAYAMPET,TAHARAPUR,2,COMMERCIAL,57,45,3477.0,109.855
HANUMAKONDA,HANAMKONDA/RURAL,PARKAL,SHAYAMPET,VASANTHAPUR,2,COMMERCIAL,17,16,1936.0,43.1
HANUMAKONDA,HANAMKONDA/TOWN,HANAMKONDA(T),"CHOWRASTHA, HNK",BRAHMANWADA,2,COMMERCIAL,127,121,11008.0,194.15
HANUMAKONDA,HANAMKONDA/TOWN,HANAMKONDA(T),"CHOWRASTHA, HNK","CHOWRASTA,HNK",2,COMMERCIAL,673,554,104861.0,1589.994
HANUMAKONDA,HANAMKONDA/TOWN,HANAMKONDA(T),"CHOWRASTHA, HNK",GHANDHI NAGAR,2,COMMERCIAL,55,53,5010.0,124.02
HANUMAKONDA,HANAMKONDA/TOWN,HANAMKONDA(T),"CHOWRASTHA, HNK",GUNDLA SINGARAM,2,COMMERCIAL,158,145,156790.0,2505.019
ADILABAD,UTNOOR,UTNOOR,INDERVELLY,DONGARGOAN,2,COMMERCIAL,2,2,347.0,2.944
ADILABAD,UTNOOR,UTNOOR,INDERVELLY,DURVAGUDA,2,COMMERCIAL,1,1,0.0,0.954
ADILABAD,UTNOOR,UTNOOR,INDERVELLY,ESWARNAGAR,2,COMMERCIAL,7,7,1493.0,32.764
ADILABAD,UTNOOR,UTNOOR,INDERVELLY,GETTEPALLY,2,COMMERCIAL,2,2,1173.0,9.0
ADILABAD,UTNOOR,UTNOOR,INDERVELLY,GINNERA,2,COMMERCIAL,7,6,79.0,11.14
ADILABAD,UTNOOR,UTNOOR,INDERVELLY,GOKUL NAGAR,2,COMMERCIAL,1,1,0.0,0.844
ADILABAD,UTNOOR,UTNOOR,INDERVELLY,GOURAPOOR,2,COMMERCIAL,12,12,795.0,15.874
ADILABAD,UTNOOR,UTNOOR,INDERVELLY,HARAKAPOOR,2,COMMERCIAL,9,9,870.0,22.64
ADILABAD,UTNOOR,UTNOOR,INDERVELLY,HEERAPUR,2,COMMERCIAL,9,8,1301.0,13.078
ADILABAD,UTNOOR,UTNOOR,INDERVELLY,INDERVELLY,2,COMMERCIAL,672,600,57701.0,1009.096
ADILABAD,UTNOOR,UTNOOR,INDERVELLY,INKERGUDA,2,COMMERCIAL,10,9,265.0,12.999
ASIFABAD,ASIFABAD,ASIFABAD,ASIFABAD (RURAL),BURUGUDA,2,COMMERCIAL,68,62,8548.0,164.225
ASIFABAD,ASIFABAD,ASIFABAD,ASIFABAD (RURAL),CHERRAKUNTA,2,COMMERCIAL,40,36,4717.0,54.878
ASIFABAD,ASIFABAD,ASIFABAD,ASIFABAD (RURAL),CHILATI GUDA,2,COMMERCIAL,2,1,34.0,1.24
ASIFABAD,ASIFABAD,ASIFABAD,ASIFABAD (RURAL),CHINTHAGUDA(ASF),2,COMMERCIAL,1,1,3.0,1.0
ASIFABAD,ASIFABAD,ASIFABAD,ASIFABAD (RURAL),CHOR PALLY,2,COMMERCIAL,14,12,3059.0,29.66
ASIFABAD,ASIFABAD,ASIFABAD,ASIFABAD (RURAL),DADPAPOOR,2,COMMERCIAL,1,1,41.0,2.888
ASIFABAD,ASIFABAD,ASIFABAD,ASIFABAD (RURAL),DAMPUR,2,COMMERCIAL,1,1,922.0,5.0
ASIFABAD,ASIFABAD,ASIFABAD,ASIFABAD (RURAL),EDULAWADA,2,COMMERCIAL,7,7,288.0,9.0
ASIFABAD,ASIFABAD,ASIFABAD,ASIFABAD (RURAL),GOLLAGUDA  H/O. EDULAWADA,2,COMMERCIAL,7,6,268.0,7.24
ASIFABAD,ASIFABAD,ASIFABAD RURAL,KERAMERI,JAIRAMGUDA,2,COMMERCIAL,1,1,0.0,1.0
ASIFABAD,ASIFABAD,ASIFABAD RURAL,KERAMERI,JERI,2,COMMERCIAL,13,10,364.0,10.55
ASIFABAD,ASIFABAD,ASIFABAD RURAL,KERAMERI,JODHEGHAT,2,COMMERCIAL,2,2,1042.0,36.0
ASIFABAD,ASIFABAD,ASIFABAD RURAL,KERAMERI,KALE - B,2,COMMERCIAL,4,4,70.0,4.965
ASIFABAD,ASIFABAD,ASIFABAD RURAL,KERAMERI,KALIKURD,2,COMMERCIAL,1,1,38.0,5.0
ASIFABAD,ASIFABAD,ASIFABAD RURAL,KERAMERI,KARANJIWADA,2,COMMERCIAL,1,1,1.0,1.0
ASIFABAD,ASIFABAD,ASIFABAD RURAL,KERAMERI,KERAMERI,2,COMMERCIAL,338,290,21330.0,398.54
ASIFABAD,ASIFABAD,ASIFABAD RURAL,KERAMERI,KESULAGUDA,2,COMMERCIAL,4,3,84.0,5.0
ASIFABAD,ASIFABAD,ASIFABAD RURAL,KERAMERI,KHARI,2,COMMERCIAL,5,5,339.0,6.5
ASIFABAD,ASIFABAD,ASIFABAD RURAL,KERAMERI,KOLAM KATHARI,2,COMMERCIAL,5,4,5860.0,31.0
ASIFABAD,ASIFABAD,ASIFABAD RURAL,KERAMERI,KOTARI,2,COMMERCIAL,2,2,1934.0,11.0
ASIFABAD,SIRPUR KAGAZNAGAR,KAGAZNAGAR,KAGAZNAGAR RURAL,KOSINI,2,COMMERCIAL,54,46,2846.0,66.475
ASIFABAD,SIRPUR KAGAZNAGAR,KAGAZNAGAR,KAGAZNAGAR RURAL,KOTHASARASALA,2,COMMERCIAL,16,16,1153.0,30.965
BHADRADRI KOTHAGUDEM,BHADRACHALAM,BHADRACHALAM,BURGUMPADU,TEKULA CHERVU,2,COMMERCIAL,18,14,1065.0,22.93
BHADRADRI KOTHAGUDEM,BHADRACHALAM,BHADRACHALAM,BURGUMPADU,UPPUSAKA,2,COMMERCIAL,20,18,2511.0,40.09
BHADRADRI KOTHAGUDEM,BHADRACHALAM,MANUGURU,ASWAPURAM,B.G.KOTHURU,2,COMMERCIAL,28,23,3733.0,76.13
BHADRADRI KOTHAGUDEM,BHADRACHALAM,MANUGURU,ASWAPURAM,BHEEMAVARAM(ASP),2,COMMERCIAL,1,1,0.0,0.24
BHADRADRI KOTHAGUDEM,BHADRACHALAM,MANUGURU,ASWAPURAM,CHINTALGUPPA,2,COMMERCIAL,1,1,34.0,0.12
BHADRADRI KOTHAGUDEM,BHADRACHALAM,MANUGURU,ASWAPURAM,CHINTIRYAL GUDEM,2,COMMERCIAL,6,3,130.0,9.44
BHADRADRI KOTHAGUDEM,BHADRACHALAM,MANUGURU,ASWAPURAM,CHINTIRYALA,2,COMMERCIAL,5,2,110.0,5.58
BHADRADRI KOTHAGUDEM,BHADRACHALAM,MANUGURU,ASWAPURAM,CHINTRYALA COLONY,2,COMMERCIAL,12,10,187.0,15.04
BHADRADRI KOTHAGUDEM,BHADRACHALAM,MANUGURU,ASWAPURAM,CHNDRALA BORU,2,COMMERCIAL,1,1,0.0,1.0
BHADRADRI KOTHAGUDEM,BHADRACHALAM,MANUGURU,ASWAPURAM,ELAKALAGUDEM,2,COMMERCIAL,2,2,23.0,2.0
BHADRADRI KOTHAGUDEM,BHADRACHALAM,MANUGURU,ASWAPURAM,GOLLAGUDEM,2,COMMERCIAL,32,28,4233.0,71.86
BHADRADRI KOTHAGUDEM,BHADRACHALAM,MANUGURU,ASWAPURAM,GONDIGUDEM,2,COMMERCIAL,29,23,4495.0,39.8
BHADRADRI KOTHAGUDEM,KOTHAGUDEM,KOTHAGUDEM RURAL,ANNAPUREDDYPALLY,BATCHANNAGUDEM,2,COMMERCIAL,3,2,23.0,2.44
BHADRADRI KOTHAGUDEM,KOTHAGUDEM,KOTHAGUDEM RURAL,ANNAPUREDDYPALLY,BHEEMUNI GUDEM,2,COMMERCIAL,14,10,152.0,15.16
BHADRADRI KOTHAGUDEM,KOTHAGUDEM,KOTHAGUDEM RURAL,ANNAPUREDDYPALLY,BURUGUDEM,2,COMMERCIAL,18,14,583.0,25.65
BHADRADRI KOTHAGUDEM,KOTHAGUDEM,KOTHAGUDEM RURAL,ANNAPUREDDYPALLY,GUMPENA,2,COMMERCIAL,35,30,3757.0,80.98
BHADRADRI KOTHAGUDEM,KOTHAGUDEM,KOTHAGUDEM RURAL,ANNAPUREDDYPALLY,KOTHURU,2,COMMERCIAL,12,10,142.0,14.67
BHADRADRI KOTHAGUDEM,KOTHAGUDEM,KOTHAGUDEM RURAL,ANNAPUREDDYPALLY,NAMAVARAM,2,COMMERCIAL,3,3,21.0,3.28
BHADRADRI KOTHAGUDEM,KOTHAGUDEM,LAXMIDEVIPALLY,BOMMANAPALLY,MELLA MADUGU-TP,2,COMMERCIAL,2,2,6.0,3.0
BHADRADRI KOTHAGUDEM,KOTHAGUDEM,LAXMIDEVIPALLY,BOMMANAPALLY,MUTHYALAM PADU-TP,2,COMMERCIAL,26,23,6675.0,77.71
BHADRADRI KOTHAGUDEM,KOTHAGUDEM,LAXMIDEVIPALLY,BOMMANAPALLY,PANUGOTHU THANDA-TP,2,COMMERCIAL,1,1,23.0,0.4
BHADRADRI KOTHAGUDEM,KOTHAGUDEM,LAXMIDEVIPALLY,BOMMANAPALLY,PATHA THADIKALA PUDI-TP,2,COMMERCIAL,4,3,272.0,19.5
BHADRADRI KOTHAGUDEM,KOTHAGUDEM,LAXMIDEVIPALLY,BOMMANAPALLY,PATHA THANDA-TP,2,COMMERCIAL,3,2,73.0,2.52
BHADRADRI KOTHAGUDEM,KOTHAGUDEM,LAXMIDEVIPALLY,BOMMANAPALLY,RAJU THANDA-TP,2,COMMERCIAL,3,3,62.0,4.44
BHADRADRI KOTHAGUDEM,KOTHAGUDEM,LAXMIDEVIPALLY,BOMMANAPALLY,RAMAKRISHNA PURAM - TP,2,COMMERCIAL,1,0,0.0,4.0
BHADRADRI KOTHAGUDEM,KOTHAGUDEM,LAXMIDEVIPALLY,BOMMANAPALLY,RAMPURAM-TP,2,COMMERCIAL,2,2,28.0,5.0
BHADRADRI KOTHAGUDEM,KOTHAGUDEM,LAXMIDEVIPALLY,BOMMANAPALLY,RAVULA PADU-TP,2,COMMERCIAL,2,2,166.0,3.0
BHADRADRI KOTHAGUDEM,KOTHAGUDEM,YELLANDU,YLD RURAL,ANDUGULA BODU-YR,2,COMMERCIAL,2,1,19.0,2.0
BHADRADRI KOTHAGUDEM,KOTHAGUDEM,YELLANDU,YLD RURAL,BOITHANDA,2,COMMERCIAL,4,4,122.0,7.0
BHADRADRI KOTHAGUDEM,KOTHAGUDEM,YELLANDU,YLD RURAL,BOJJAI GUDEM-YR,2,COMMERCIAL,42,31,2817.0,60.78
BHADRADRI KOTHAGUDEM,KOTHAGUDEM,YELLANDU,YLD RURAL,BOLLI NAGAR-YR,2,COMMERCIAL,23,19,572.0,35.0
BHADRADRI KOTHAGUDEM,KOTHAGUDEM,YELLANDU,YLD RURAL,C KOMMUGUDEM-YR,2,COMMERCIAL,2,1,3.0,5.0
BHADRADRI KOTHAGUDEM,KOTHAGUDEM,YELLANDU,YLD RURAL,C ODDUGUDEM-YR,2,COMMERCIAL,18,9,942.0,24.95
BHADRADRI KOTHAGUDEM,KOTHAGUDEM,YELLANDU,YLD RURAL,CHALLA SAMUDRAM-YR,2,COMMERCIAL,154,81,9162.0,209.29
BHADRADRI KOTHAGUDEM,PALONCHA,ASWARAOPETA,VINAYAKAPURAM,SUNNAMBATHI,2,COMMERCIAL,1,1,264.0,1.0
BHADRADRI KOTHAGUDEM,PALONCHA,ASWARAOPETA,VINAYAKAPURAM,TIRUMALAKUNTA,2,COMMERCIAL,42,39,5889.0,57.355
BHADRADRI KOTHAGUDEM,PALONCHA,ASWARAOPETA,VINAYAKAPURAM,VINAYAKAPURAM,2,COMMERCIAL,166,159,22316.0,389.08
BHADRADRI KOTHAGUDEM,PALONCHA,PALVANCHA,MULKALAPALLY,ANANDAPURAM-MP,2,COMMERCIAL,10,10,1919.0,41.98
BHADRADRI KOTHAGUDEM,PALONCHA,PALVANCHA,MULKALAPALLY,ANNARAM-MP,2,COMMERCIAL,1,0,0.0,2.0
BHADRADRI KOTHAGUDEM,PALONCHA,PALVANCHA,MULKALAPALLY,CHAPARALAPALLI,2,COMMERCIAL,43,36,5236.0,56.48
BHADRADRI KOTHAGUDEM,PALONCHA,PALVANCHA,MULKALAPALLY,CHINTALAPADU,2,COMMERCIAL,1,0,0.0,0.22
BHUPALAPALLY,BHUPALAPALLY,BHOOPALPALLY,GHANPUR (MULUG),BURRAKAYALAGUDEM,2,COMMERCIAL,1,1,0.0,1.0
BHUPALAPALLY,BHUPALAPALLY,BHOOPALPALLY,GHANPUR (MULUG),CHELPUR,2,COMMERCIAL,439,368,41969.0,816.866
BHUPALAPALLY,BHUPALAPALLY,BHOOPALPALLY,GHANPUR (MULUG),DHARMARAOPET,2,COMMERCIAL,24,21,3375.0,44.73
BHUPALAPALLY,BHUPALAPALLY,BHOOPALPALLY,GHANPUR (MULUG),GANDHINAGAR,2,COMMERCIAL,88,69,7311.0,155.558
BHUPALAPALLY,BHUPALAPALLY,BHOOPALPALLY,GHANPUR (MULUG),GHANPUR,2,COMMERCIAL,415,320,35807.0,627.673
BHUPALAPALLY,BHUPALAPALLY,BHOOPALPALLY,GHANPUR (MULUG),GOLLAPALLY(DPET),2,COMMERCIAL,11,10,1130.0,16.218
BHUPALAPALLY,BHUPALAPALLY,BHOOPALPALLY,GHANPUR (MULUG),JANGUPALLY,2,COMMERCIAL,6,4,2161.0,12.0
BHUPALAPALLY,BHUPALAPALLY,BHOOPALPALLY,GHANPUR (MULUG),KARKAPALLY,2,COMMERCIAL,17,11,411.0,26.69
BHUPALAPALLY,BHUPALAPALLY,KATARAM,KATARAM,KOTHAPALLY,2,COMMERCIAL,14,12,3132.0,91.0
BHUPALAPALLY,BHUPALAPALLY,KATARAM,KATARAM,MAIDIPALLY,2,COMMERCIAL,13,13,6416.0,82.0
BHUPALAPALLY,BHUPALAPALLY,KATARAM,KATARAM,MURANABAD,2,COMMERCIAL,4,4,181.0,3.98
BHUPALAPALLY,BHUPALAPALLY,KATARAM,KATARAM,Maddulapally,2,COMMERCIAL,7,7,74.0,6.24
BHUPALAPALLY,BHUPALAPALLY,KATARAM,KATARAM,NASTURPALLY,2,COMMERCIAL,8,8,2894.0,23.0
BHUPALAPALLY,BHUPALAPALLY,KATARAM,KATARAM,ODIPILAVANCHA,2,COMMERCIAL,6,4,154.0,8.4
BHUPALAPALLY,BHUPALAPALLY,KATARAM,KATARAM,POTHULVAI,2,COMMERCIAL,9,8,312.0,10.3
BHUPALAPALLY,BHUPALAPALLY,KATARAM,KATARAM,PRATAPGIRI,2,COMMERCIAL,3,3,188.0,6.0
BHUPALAPALLY,MULUGU,ETURNAGARAM,KANNAIGUDEM,GOODREVULA,2,COMMERCIAL,49,38,1498.0,56.41
BHUPALAPALLY,MULUGU,ETURNAGARAM,KANNAIGUDEM,KANNAIGUDEM,2,COMMERCIAL,10,9,2310.0,18.04
BHUPALAPALLY,MULUGU,ETURNAGARAM,KANNAIGUDEM,KANTHANPALLI,2,COMMERCIAL,3,2,104.0,6.0
BHUPALAPALLY,MULUGU,ETURNAGARAM,KANNAIGUDEM,KOTHUR (P.G.),2,COMMERCIAL,1,1,1973.0,5.0
BHUPALAPALLY,MULUGU,ETURNAGARAM,KANNAIGUDEM,LAXMIPUR,2,COMMERCIAL,15,13,767.0,19.73
BHUPALAPALLY,MULUGU,ETURNAGARAM,KANNAIGUDEM,MUPPANAPALLI,2,COMMERCIAL,30,21,3125.0,65.56
BHUPALAPALLY,MULUGU,ETURNAGARAM,KANNAIGUDEM,RAJANNAPET,2,COMMERCIAL,2,2,67.0,2.0
BHUPALAPALLY,MULUGU,N. VENKATAPURAM,N.V.PURAM,RACHA PALLY,2,COMMERCIAL,1,1,2.0,1.0
BHUPALAPALLY,MULUGU,N. VENKATAPURAM,N.V.PURAM,RAMACHANDRAPURAM,2,COMMERCIAL,11,9,885.0,20.2
HANUMAKONDA,HANAMKONDA/RURAL,HASANPARTHY,CHINTAGATTU (RURAL),VANGAPAHAD,2,COMMERCIAL,132,113,16557.0,357.219
HANUMAKONDA,HANAMKONDA/RURAL,HASANPARTHY,CHINTHAGATTU (TOWN),BHEEMARAM-1,2,COMMERCIAL,1114,1035,184214.0,2463.129
HANUMAKONDA,HANAMKONDA/RURAL,HASANPARTHY,CHINTHAGATTU (TOWN),BHEEMARAM-2,2,COMMERCIAL,427,415,85708.0,1183.05
HANUMAKONDA,HANAMKONDA/RURAL,HASANPARTHY,CHINTHAGATTU (TOWN),CHINTHAGATTU,2,COMMERCIAL,180,174,26812.0,530.497
HANUMAKONDA,HANAMKONDA/RURAL,HASANPARTHY,CHINTHAGATTU (TOWN),DEVENAPET,2,COMMERCIAL,104,100,11389.0,328.256
HANUMAKONDA,HANAMKONDA/RURAL,HASANPARTHY,CHINTHAGATTU (TOWN),KOMATIPALLY,2,COMMERCIAL,224,212,25259.0,476.916
HANUMAKONDA,HANAMKONDA/RURAL,HASANPARTHY,CHINTHAGATTU (TOWN),MUNIPALLY,2,COMMERCIAL,57,36,11176.0,298.88
HANUMAKONDA,HANAMKONDA/RURAL,PARKAL,SHAYAMPET,KATRAPALLY,2,COMMERCIAL,17,17,2810.0,43.1
HANUMAKONDA,HANAMKONDA/RURAL,PARKAL,SHAYAMPET,KOPPULA,2,COMMERCIAL,37,30,5192.0,65.71
HANUMAKONDA,HANAMKONDA/RURAL,PARKAL,SHAYAMPET,KOTHAGATTU SINGARAM,2,COMMERCIAL,19,16,5495.0,51.6
HANUMAKONDA,HANAMKONDA/RURAL,PARKAL,SHAYAMPET,MYLARAM,2,COMMERCIAL,18,17,4355.0,42.65
HANUMAKONDA,HANAMKONDA/RURAL,PARKAL,SHAYAMPET,NARASIMHULAPALL,2,COMMERCIAL,5,4,219.0,6.55
HANUMAKONDA,HANAMKONDA/RURAL,PARKAL,SHAYAMPET,NEREDUPALLI,2,COMMERCIAL,25,21,1451.0,37.1
HANUMAKONDA,HANAMKONDA/RURAL,PARKAL,SHAYAMPET,Noorjahanpally,2,COMMERCIAL,1,1,164.0,1.0
HANUMAKONDA,HANAMKONDA/RURAL,PARKAL,SHAYAMPET,PATHIPAKA,2,COMMERCIAL,64,60,7493.0,107.61
HANUMAKONDA,HANAMKONDA/RURAL,PARKAL,SHAYAMPET,PEDDA KODEPAKA,2,COMMERCIAL,57,54,5273.0,103.15
HANUMAKONDA,HANAMKONDA/RURAL,PARKAL,SHAYAMPET,PRAGATHI SINGARAM,2,COMMERCIAL,34,33,2364.0,54.65
ADILABAD,UTNOOR,UTNOOR,GUDIHATNOOR,VIZAPOOR,2,COMMERCIAL,3,1,0.0,1.886
ADILABAD,UTNOOR,UTNOOR,INDERVELLY,ANDUNAYAKTHANDA,2,COMMERCIAL,3,3,420.0,7.692
ADILABAD,UTNOOR,UTNOOR,INDERVELLY,ANJEE,2,COMMERCIAL,4,4,186.0,5.0
ADILABAD,UTNOOR,UTNOOR,INDERVELLY,DASNAPUR,2,COMMERCIAL,6,5,3463.0,19.85
ADILABAD,UTNOOR,UTNOOR,INDERVELLY,DEVAPOOR,2,COMMERCIAL,3,3,369.0,4.944
ADILABAD,UTNOOR,UTNOOR,INDERVELLY,DHANNURA (B),2,COMMERCIAL,51,38,7493.0,62.599
ADILABAD,UTNOOR,UTNOOR,INDERVELLY,DHANOORA (K),2,COMMERCIAL,4,3,15.0,7.304
ADILABAD,UTNOOR,UTNOOR,INDERVELLY,DHARMASAGAR,2,COMMERCIAL,5,4,106.0,5.6
ADILABAD,UTNOOR,UTNOOR,INDERVELLY,DHODANDA,2,COMMERCIAL,2,2,50.0,3.0
ASIFABAD,ASIFABAD,ASIFABAD,ASIFABAD,GODAVELLI COLONY,2,COMMERCIAL,1,0,0.0,1.0
ASIFABAD,ASIFABAD,ASIFABAD,ASIFABAD,SRIPURAM COLONY,2,COMMERCIAL,19,14,465.0,23.862
ASIFABAD,ASIFABAD,ASIFABAD,ASIFABAD (RURAL),ADA,2,COMMERCIAL,18,17,2186.0,24.94
ASIFABAD,ASIFABAD,ASIFABAD,ASIFABAD (RURAL),ADA DASNAPUR,2,COMMERCIAL,4,2,2.0,3.388
ASIFABAD,ASIFABAD,ASIFABAD,ASIFABAD (RURAL),ANKUSAPOOR,2,COMMERCIAL,34,33,4161.0,44.61
ASIFABAD,ASIFABAD,ASIFABAD,ASIFABAD (RURAL),APPAPALLI,2,COMMERCIAL,8,8,255.0,8.0
ASIFABAD,ASIFABAD,ASIFABAD,ASIFABAD (RURAL),BABAPOOR,2,COMMERCIAL,26,23,5121.0,50.18
ASIFABAD,ASIFABAD,ASIFABAD,ASIFABAD (RURAL),BALGAOM,2,COMMERCIAL,3,3,98.0,2.99
ASIFABAD,ASIFABAD,ASIFABAD,ASIFABAD (RURAL),BHAGYANAGAR H/O SALEGUDA,2,COMMERCIAL,7,6,325.0,6.24
ASIFABAD,ASIFABAD,ASIFABAD RURAL,KERAMERI,BHOLE PATA,2,COMMERCIAL,1,1,23.0,1.0
ASIFABAD,ASIFABAD,ASIFABAD RURAL,KERAMERI,BORILALGUDA,2,COMMERCIAL,1,1,9.0,1.0
ASIFABAD,ASIFABAD,ASIFABAD RURAL,KERAMERI,CHINTAKARRA,2,COMMERCIAL,1,0,0.0,1.0
ASIFABAD,ASIFABAD,ASIFABAD RURAL,KERAMERI,DANORA,2,COMMERCIAL,9,7,1449.0,14.428
ASIFABAD,ASIFABAD,ASIFABAD RURAL,KERAMERI,DEVAPUR COLONY,2,COMMERCIAL,2,1,7.0,4.0
ASIFABAD,ASIFABAD,ASIFABAD RURAL,KERAMERI,GONDUGUDA,2,COMMERCIAL,1,1,18.0,1.0
ASIFABAD,ASIFABAD,ASIFABAD RURAL,KERAMERI,GOYAGAON,2,COMMERCIAL,17,12,3136.0,35.89
ASIFABAD,ASIFABAD,ASIFABAD RURAL,KERAMERI,HATTI,2,COMMERCIAL,1,1,4291.0,10.0
ASIFABAD,ASIFABAD,ASIFABAD RURAL,KERAMERI,INDHAPUR,2,COMMERCIAL,4,3,2167.0,13.0
ASIFABAD,SIRPUR KAGAZNAGAR,KAGAZNAGAR,KAGAZNAGAR RURAL,DUBBAGUDA,2,COMMERCIAL,3,3,1.0,3.0
ASIFABAD,SIRPUR KAGAZNAGAR,KAGAZNAGAR,KAGAZNAGAR RURAL,EASGAOM,2,COMMERCIAL,230,170,33218.0,391.221
ASIFABAD,SIRPUR KAGAZNAGAR,KAGAZNAGAR,KAGAZNAGAR RURAL,EASGAOM MARKET,2,COMMERCIAL,194,191,10643.0,180.534
ASIFABAD,SIRPUR KAGAZNAGAR,KAGAZNAGAR,KAGAZNAGAR RURAL,GAJJI GUDA,2,COMMERCIAL,10,8,114.0,12.24
ASIFABAD,SIRPUR KAGAZNAGAR,KAGAZNAGAR,KAGAZNAGAR RURAL,GANNARAM,2,COMMERCIAL,15,14,4675.0,33.0
ASIFABAD,SIRPUR KAGAZNAGAR,KAGAZNAGAR,KAGAZNAGAR RURAL,GOLLAGUDA,2,COMMERCIAL,1,1,7.0,1.0
ASIFABAD,SIRPUR KAGAZNAGAR,KAGAZNAGAR,KAGAZNAGAR RURAL,GUWALAGUDAM,2,COMMERCIAL,17,14,275.0,18.174
ASIFABAD,SIRPUR KAGAZNAGAR,KAGAZNAGAR,KAGAZNAGAR RURAL,JAGANATHPET,2,COMMERCIAL,14,12,1998.0,68.212
ASIFABAD,SIRPUR KAGAZNAGAR,KAGAZNAGAR,KAGAZNAGAR RURAL,JAMBUGA,2,COMMERCIAL,11,8,970.0,35.5
ASIFABAD,SIRPUR KAGAZNAGAR,KAGAZNAGAR,KAGAZNAGAR RURAL,JAVAJIGUDA,2,COMMERCIAL,2,1,0.0,3.0
ASIFABAD,SIRPUR KAGAZNAGAR,KAGAZNAGAR,KAGAZNAGAR RURAL,JYOTHI NAGAR,2,COMMERCIAL,1,1,70.0,1.0
ASIFABAD,SIRPUR KAGAZNAGAR,KAGAZNAGAR,KAGAZNAGAR RURAL,KADAMBA,2,COMMERCIAL,5,5,163.0,3.455
BHADRADRI KOTHAGUDEM,BHADRACHALAM,BHADRACHALAM,BURGUMPADU,MARRIKUNTA (BUR),2,COMMERCIAL,1,1,31.0,2.0
BHADRADRI KOTHAGUDEM,BHADRACHALAM,BHADRACHALAM,BURGUMPADU,NAKRIPETA,2,COMMERCIAL,6,5,107.0,5.18
BHADRADRI KOTHAGUDEM,BHADRACHALAM,BHADRACHALAM,BURGUMPADU,ODDUGUDEM,2,COMMERCIAL,1,1,45.0,1.0
BHADRADRI KOTHAGUDEM,BHADRACHALAM,BHADRACHALAM,BURGUMPADU,PINAPAKA (B),2,COMMERCIAL,36,20,11529.0,74.02
BHADRADRI KOTHAGUDEM,BHADRACHALAM,BHADRACHALAM,BURGUMPADU,SANJEEVAREDDY PALEM,2,COMMERCIAL,7,4,1288.0,15.36
BHADRADRI KOTHAGUDEM,BHADRACHALAM,BHADRACHALAM,BURGUMPADU,SOMPALLY,2,COMMERCIAL,5,5,1163.0,20.5
BHADRADRI KOTHAGUDEM,KOTHAGUDEM,KOTHAGUDEM RURAL,ANNAPUREDDYPALLY,ANNAPAREDDY PALLI,2,COMMERCIAL,209,197,22676.0,330.4
BHADRADRI KOTHAGUDEM,KOTHAGUDEM,LAXMIDEVIPALLY,BOMMANAPALLY,KONDANGULA BODU-TP,2,COMMERCIAL,2,2,50.0,4.0
BHADRADRI KOTHAGUDEM,KOTHAGUDEM,LAXMIDEVIPALLY,BOMMANAPALLY,KOTHA TANDA-TP,2,COMMERCIAL,13,12,2824.0,38.21
BHADRADRI KOTHAGUDEM,KOTHAGUDEM,LAXMIDEVIPALLY,BOMMANAPALLY,KOTHA THANDA(B)-TP,2,COMMERCIAL,3,3,117.0,5.0
BHADRADRI KOTHAGUDEM,KOTHAGUDEM,LAXMIDEVIPALLY,BOMMANAPALLY,KOYA GUDEM-TP,2,COMMERCIAL,33,33,7078.0,67.52
BHADRADRI KOTHAGUDEM,KOTHAGUDEM,LAXMIDEVIPALLY,BOMMANAPALLY,KRISTARAM-TP,2,COMMERCIAL,5,4,2652.0,21.24
BHADRADRI KOTHAGUDEM,KOTHAGUDEM,LAXMIDEVIPALLY,BOMMANAPALLY,LATCHA GUDEM-TP,2,COMMERCIAL,4,3,9.0,4.2
BHADRADRI KOTHAGUDEM,KOTHAGUDEM,LAXMIDEVIPALLY,BOMMANAPALLY,MADRAS TANDA-TP,2,COMMERCIAL,4,4,160.0,6.0
BHADRADRI KOTHAGUDEM,KOTHAGUDEM,LAXMIDEVIPALLY,BOMMANAPALLY,MANGYA TANDA-TP,2,COMMERCIAL,2,2,32.0,2.72
BHADRADRI KOTHAGUDEM,KOTHAGUDEM,YELLANDU,GUNDALA,TEEGALANCHA-GU,2,COMMERCIAL,1,1,8.0,1.0
BHADRADRI KOTHAGUDEM,KOTHAGUDEM,YELLANDU,GUNDALA,THUNIKI BANDA-GUN,2,COMMERCIAL,5,5,156.0,6.0
BHADRADRI KOTHAGUDEM,KOTHAGUDEM,YELLANDU,GUNDALA,THURUBAKA-GUN,2,COMMERCIAL,3,1,38.0,2.24
BHADRADRI KOTHAGUDEM,KOTHAGUDEM,YELLANDU,GUNDALA,VENNALA BAILU-GUN,2,COMMERCIAL,2,2,90.0,5.24
BHADRADRI KOTHAGUDEM,KOTHAGUDEM,YELLANDU,GUNDALA,YEPALAGADDA-GUN,2,COMMERCIAL,4,3,13.0,10.0
BHADRADRI KOTHAGUDEM,KOTHAGUDEM,YELLANDU,YELLANDU TOWN,21 PIT -YR,2,COMMERCIAL,33,21,621.0,39.95
BHADRADRI KOTHAGUDEM,KOTHAGUDEM,YELLANDU,YELLANDU TOWN,SUDIMALLA-YR,2,COMMERCIAL,444,317,39268.0,835.71
BHADRADRI KOTHAGUDEM,KOTHAGUDEM,YELLANDU,YELLANDU TOWN,VENGAL RAO COLONY,2,COMMERCIAL,1,0,0.0,10.0
BHADRADRI KOTHAGUDEM,KOTHAGUDEM,YELLANDU,YELLANDU TOWN,YELLANDU,2,COMMERCIAL,2364,2018,237460.0,3884.275
BHADRADRI KOTHAGUDEM,PALONCHA,ASWARAOPETA,VINAYAKAPURAM,MODDULAMADA,2,COMMERCIAL,2,1,0.0,4.0
BHADRADRI KOTHAGUDEM,PALONCHA,ASWARAOPETA,VINAYAKAPURAM,NANDIPADU,2,COMMERCIAL,14,10,2713.0,34.68
BHADRADRI KOTHAGUDEM,PALONCHA,ASWARAOPETA,VINAYAKAPURAM,NARAYANAPURAM,2,COMMERCIAL,60,52,7762.0,120.02
BHADRADRI KOTHAGUDEM,PALONCHA,ASWARAOPETA,VINAYAKAPURAM,NEVILIPETA,2,COMMERCIAL,1,1,67.0,2.0
BHADRADRI KOTHAGUDEM,PALONCHA,ASWARAOPETA,VINAYAKAPURAM,PANDUWARIGUDEM,2,COMMERCIAL,8,7,3622.0,17.8
BHADRADRI KOTHAGUDEM,PALONCHA,ASWARAOPETA,VINAYAKAPURAM,PENCHIKALAPADU,2,COMMERCIAL,1,1,48.0,2.0
BHADRADRI KOTHAGUDEM,PALONCHA,ASWARAOPETA,VINAYAKAPURAM,RAMMANNAGUDEM,2,COMMERCIAL,12,12,867.0,23.21
BHADRADRI KOTHAGUDEM,PALONCHA,ASWARAOPETA,VINAYAKAPURAM,REDDYGUDEM,2,COMMERCIAL,8,8,238.0,8.09
BHADRADRI KOTHAGUDEM,PALONCHA,ASWARAOPETA,VINAYAKAPURAM,SUDDA GOTHULA GUDEM,2,COMMERCIAL,2,2,39.0,0.4
BHUPALAPALLY,BHUPALAPALLY,BHOOPALPALLY,BHOOPALPALLY RURAL,PERKAPALLY,2,COMMERCIAL,1,1,60.0,1.0
BHUPALAPALLY,BHUPALAPALLY,BHOOPALPALLY,BHOOPALPALLY RURAL,RAJIVNAGAR,2,COMMERCIAL,1,1,32.0,1.0
BHUPALAPALLY,BHUPALAPALLY,BHOOPALPALLY,BHOOPALPALLY RURAL,RAMPUR,2,COMMERCIAL,11,8,597.0,34.55
BHUPALAPALLY,BHUPALAPALLY,BHOOPALPALLY,BHOOPALPALLY RURAL,SATHURIPPLA PALLY,2,COMMERCIAL,1,0,0.0,1.0
BHUPALAPALLY,BHUPALAPALLY,BHOOPALPALLY,BHOOPALPALLY RURAL,SHYAMNAGAR,2,COMMERCIAL,4,4,27.0,5.0
BHUPALAPALLY,BHUPALAPALLY,BHOOPALPALLY,BHOOPALPALLY RURAL,SUBHAKAPALLY,2,COMMERCIAL,2,2,0.0,2.0
BHUPALAPALLY,BHUPALAPALLY,BHOOPALPALLY,BHOOPALPALLY RURAL,VAJINEPALLI,2,COMMERCIAL,4,4,155.0,3.55
BHUPALAPALLY,BHUPALAPALLY,BHOOPALPALLY,GHANPUR (MULUG),BASVARAJ PALLY,2,COMMERCIAL,30,27,1235.0,43.83
BHUPALAPALLY,BHUPALAPALLY,BHOOPALPALLY,GHANPUR (MULUG),BUDDARAM,2,COMMERCIAL,66,61,5642.0,87.5
BHUPALAPALLY,BHUPALAPALLY,KATARAM,KATARAM,DHANAWADA,2,COMMERCIAL,18,14,5298.0,47.04
BHUPALAPALLY,BHUPALAPALLY,KATARAM,KATARAM,DHARAMASAGAR,2,COMMERCIAL,1,1,32.0,1.0
BHUPALAPALLY,BHUPALAPALLY,KATARAM,KATARAM,GANGAPURI,2,COMMERCIAL,2,2,53.0,1.98
BHUPALAPALLY,BHUPALAPALLY,KATARAM,KATARAM,GANGARAM,2,COMMERCIAL,36,28,4429.0,62.432
BHUPALAPALLY,BHUPALAPALLY,KATARAM,KATARAM,GAREPALLY,2,COMMERCIAL,919,790,79611.0,1334.925
BHUPALAPALLY,BHUPALAPALLY,KATARAM,KATARAM,GUMMALLAPALLY,2,COMMERCIAL,19,16,322.0,18.02
BHUPALAPALLY,BHUPALAPALLY,KATARAM,KATARAM,GUNRATHIPALLY,2,COMMERCIAL,3,2,21.0,4.24
BHUPALAPALLY,BHUPALAPALLY,KATARAM,KATARAM,IBRAHIMPALLY,2,COMMERCIAL,1,1,0.0,1.0
BHUPALAPALLY,BHUPALAPALLY,KATARAM,KATARAM,JADHURAOPET,2,COMMERCIAL,10,10,2413.0,26.98
BHUPALAPALLY,BHUPALAPALLY,KATARAM,KATARAM,KATARAM,2,COMMERCIAL,107,83,11757.0,222.127
BHUPALAPALLY,MULUGU,ETURNAGARAM,KAMALAPUR,THIMMAMPET,2,COMMERCIAL,49,41,5214.0,58.74
BHUPALAPALLY,MULUGU,ETURNAGARAM,KAMALAPUR,TIMMAPUR,2,COMMERCIAL,1,1,10.0,1.0
BHUPALAPALLY,MULUGU,ETURNAGARAM,KAMALAPUR,TODYAL LAXMIPUR,2,COMMERCIAL,1,1,815.0,16.0
BHUPALAPALLY,MULUGU,ETURNAGARAM,KAMALAPUR,WADAGUDEM(PATTRAJPET,2,COMMERCIAL,13,12,398.0,14.76
BHUPALAPALLY,MULUGU,ETURNAGARAM,KAMALAPUR,WAGODDUGUDEM,2,COMMERCIAL,1,1,0.0,1.0
BHUPALAPALLY,MULUGU,ETURNAGARAM,KANNAIGUDEM,BHUPATHIPOOR,2,COMMERCIAL,1,1,0.0,5.0
BHUPALAPALLY,MULUGU,ETURNAGARAM,KANNAIGUDEM,BUTTAIGUDEM,2,COMMERCIAL,7,7,347.0,12.999
BHUPALAPALLY,MULUGU,ETURNAGARAM,KANNAIGUDEM,CHINTAGUDA,2,COMMERCIAL,2,2,19.0,2.0
BHUPALAPALLY,MULUGU,ETURNAGARAM,KANNAIGUDEM,CHITYAL,2,COMMERCIAL,1,1,0.0,0.25
BHUPALAPALLY,MULUGU,ETURNAGARAM,KANNAIGUDEM,DEVADUMULA,2,COMMERCIAL,8,6,319.0,10.49
BHUPALAPALLY,MULUGU,ETURNAGARAM,KANNAIGUDEM,ETUR,2,COMMERCIAL,11,11,554.0,11.75
BHUPALAPALLY,MULUGU,ETURNAGARAM,KANNAIGUDEM,GANGUGUDEM,2,COMMERCIAL,1,1,18.0,1.0
BHUPALAPALLY,MULUGU,N. VENKATAPURAM,N.V.PURAM,MORAMVARI GUDEM,2,COMMERCIAL,4,4,31.0,7.2
BHUPALAPALLY,MULUGU,N. VENKATAPURAM,N.V.PURAM,MUKUNURUPALEM,2,COMMERCIAL,1,1,15.0,1.0
BHUPALAPALLY,MULUGU,N. VENKATAPURAM,N.V.PURAM,N V PURAM,2,COMMERCIAL,571,496,47092.0,807.725
BHUPALAPALLY,MULUGU,N. VENKATAPURAM,N.V.PURAM,NUGUR,2,COMMERCIAL,3,3,1063.0,10.0
BHUPALAPALLY,MULUGU,N. VENKATAPURAM,N.V.PURAM,PATRA PURAM <PALEM>,2,COMMERCIAL,39,36,2603.0,50.56
BHUPALAPALLY,MULUGU,N. VENKATAPURAM,N.V.PURAM,PUJARI GUDEM,2,COMMERCIAL,4,4,139.0,4.0
ADILABAD,UTNOOR,UTNOOR,GUDIHATNOOR,RAGHAPUR,2,COMMERCIAL,2,2,67.0,2.0
ADILABAD,UTNOOR,UTNOOR,GUDIHATNOOR,SAMBU GUDA,2,COMMERCIAL,2,2,0.0,2.0
ADILABAD,UTNOOR,UTNOOR,GUDIHATNOOR,SANTAPOOR,2,COMMERCIAL,10,8,384.0,16.48
ADILABAD,UTNOOR,UTNOOR,GUDIHATNOOR,SEETHAGONDHI,2,COMMERCIAL,67,49,13341.0,138.942
ADILABAD,UTNOOR,UTNOOR,GUDIHATNOOR,SOYAMGUDA,2,COMMERCIAL,1,1,5.0,1.0
ADILABAD,UTNOOR,UTNOOR,GUDIHATNOOR,SURYA GUDA,2,COMMERCIAL,1,1,20.0,1.0
ADILABAD,UTNOOR,UTNOOR,GUDIHATNOOR,TAKKIGUDA,2,COMMERCIAL,2,1,65.0,0.48
ADILABAD,UTNOOR,UTNOOR,GUDIHATNOOR,TOSHAM,2,COMMERCIAL,69,54,5906.0,100.142
ADILABAD,UTNOOR,UTNOOR,GUDIHATNOOR,TOSHAM TANDA,2,COMMERCIAL,3,2,69.0,2.22
ADILABAD,UTNOOR,UTNOOR,GUDIHATNOOR,TOYA GUDA,2,COMMERCIAL,1,0,0.0,1.964
ADILABAD,UTNOOR,UTNOOR,GUDIHATNOOR,UMRI (B),2,COMMERCIAL,4,4,4788.0,43.8
ADILABAD,UTNOOR,UTNOOR,UTNOOR,SUDDHA GUDA,2,COMMERCIAL,2,2,30.0,4.0
ADILABAD,UTNOOR,UTNOOR,UTNOOR,TANDRA,2,COMMERCIAL,6,6,3351.0,23.728
ADILABAD,UTNOOR,UTNOOR,UTNOOR,THATIGUDA,2,COMMERCIAL,2,2,105.0,1.76
ADILABAD,UTNOOR,UTNOOR,UTNOOR,Takkuguda,2,COMMERCIAL,3,3,0.0,3.0
ADILABAD,UTNOOR,UTNOOR,UTNOOR,UMRI (Y),2,COMMERCIAL,13,12,4945.0,33.14
ADILABAD,UTNOOR,UTNOOR,UTNOOR,UTNOOR,2,COMMERCIAL,1170,955,134744.0,1906.903
ADILABAD,UTNOOR,UTNOOR,UTNOOR,VADONI,2,COMMERCIAL,4,3,179.0,8.434
ADILABAD,UTNOOR,UTNOOR,UTNOOR,WADGALPOOR (K),2,COMMERCIAL,1,1,29.0,3.0
ADILABAD,UTNOOR,UTNOOR,UTNOOR,X-road (lingoji thanda),2,COMMERCIAL,28,27,1650.0,37.726
ADILABAD,UTNOOR,UTNOOR,UTNOOR,YENDA,2,COMMERCIAL,24,20,725.0,35.418
ADILABAD,UTNOOR,UTNOOR,UTNOOR,YENKA,2,COMMERCIAL,6,5,62.0,12.0
ASIFABAD,ASIFABAD,ASIFABAD,ASIFABAD,ASIFABAD,2,COMMERCIAL,2162,1803,266479.0,4211.258
ASIFABAD,ASIFABAD,ASIFABAD RURAL,JAINOOR,SHIVNOOR,2,COMMERCIAL,6,6,181.0,11.72
ASIFABAD,ASIFABAD,ASIFABAD RURAL,JAINOOR,USHEGAON,2,COMMERCIAL,7,6,5172.0,28.336
ASIFABAD,ASIFABAD,ASIFABAD RURAL,KERAMERI,AGARWADA,2,COMMERCIAL,1,1,31.0,1.0
ASIFABAD,ASIFABAD,ASIFABAD RURAL,KERAMERI,ANARPALLY,2,COMMERCIAL,7,6,5866.0,17.994
ASIFABAD,ASIFABAD,ASIFABAD RURAL,KERAMERI,ANTHAPUR(KERAMERI),2,COMMERCIAL,2,2,38.0,2.0
ASIFABAD,ASIFABAD,ASIFABAD RURAL,KERAMERI,BABEDHARI,2,COMMERCIAL,2,1,32.0,2.0
ASIFABAD,SIRPUR KAGAZNAGAR,KAGAZNAGAR,KAGAZNAGAR RURAL,BATPALLY,2,COMMERCIAL,80,74,9764.0,104.325
ASIFABAD,SIRPUR KAGAZNAGAR,KAGAZNAGAR,KAGAZNAGAR RURAL,BODEPALLY,2,COMMERCIAL,23,23,2663.0,34.92
ASIFABAD,SIRPUR KAGAZNAGAR,KAGAZNAGAR,KAGAZNAGAR RURAL,BOGADAGUDA,2,COMMERCIAL,2,1,35.0,4.0
ASIFABAD,SIRPUR KAGAZNAGAR,KAGAZNAGAR,KAGAZNAGAR RURAL,BORIGAOM,2,COMMERCIAL,188,183,33579.0,414.032
ASIFABAD,SIRPUR KAGAZNAGAR,KAGAZNAGAR,KAGAZNAGAR RURAL,BURUDA GUDA,2,COMMERCIAL,3,3,307.0,3.0
ASIFABAD,SIRPUR KAGAZNAGAR,KAGAZNAGAR,KAGAZNAGAR RURAL,C R NAGAR,2,COMMERCIAL,8,8,2207.0,42.24
ASIFABAD,SIRPUR KAGAZNAGAR,KAGAZNAGAR,KAGAZNAGAR RURAL,CHARIGAOM,2,COMMERCIAL,5,4,179.0,11.16
ASIFABAD,SIRPUR KAGAZNAGAR,KAGAZNAGAR,KAGAZNAGAR RURAL,CHINTAGUDA,2,COMMERCIAL,54,44,9165.0,140.43
ASIFABAD,SIRPUR KAGAZNAGAR,KAGAZNAGAR,KAGAZNAGAR RURAL,CHINTHAGUDA KOYAWAGU,2,COMMERCIAL,48,46,3370.0,56.774
ASIFABAD,SIRPUR KAGAZNAGAR,KOWTALA,SIRPUR - T,VENKATRAOPET,2,COMMERCIAL,10,8,173.0,11.376
BHADRADRI KOTHAGUDEM,BHADRACHALAM,BHADRACHALAM,BCM-TOWN,BHADRACHALAM,2,COMMERCIAL,4727,3954,844628.0,14618.871
BHADRADRI KOTHAGUDEM,BHADRACHALAM,BHADRACHALAM,BURGUMPADU,ANJANAPURAM,2,COMMERCIAL,30,23,1627.0,49.6
BHADRADRI KOTHAGUDEM,BHADRACHALAM,BHADRACHALAM,BURGUMPADU,BUDDAGUDEM,2,COMMERCIAL,1,1,0.0,2.0
BHADRADRI KOTHAGUDEM,BHADRACHALAM,BHADRACHALAM,BURGUMPADU,BURGUMPADU,2,COMMERCIAL,314,260,36035.0,567.297
BHADRADRI KOTHAGUDEM,BHADRACHALAM,BHADRACHALAM,BURGUMPADU,GOPALAPURAM(BUR),2,COMMERCIAL,2,1,100.0,1.2
BHADRADRI KOTHAGUDEM,BHADRACHALAM,BHADRACHALAM,BURGUMPADU,LAKSHMIPURAM,2,COMMERCIAL,209,178,39894.0,551.72
BHADRADRI KOTHAGUDEM,BHADRACHALAM,BHADRACHALAM,BURGUMPADU,M P BANJARA,2,COMMERCIAL,265,235,24827.0,462.661
BHADRADRI KOTHAGUDEM,BHADRACHALAM,CHERLA,DUMMUGUDEM,SURARAM (D),2,COMMERCIAL,2,2,12.0,2.0
BHADRADRI KOTHAGUDEM,BHADRACHALAM,CHERLA,DUMMUGUDEM,TATIVARIGUDEM,2,COMMERCIAL,1,1,36.0,2.0
BHADRADRI KOTHAGUDEM,BHADRACHALAM,CHERLA,DUMMUGUDEM,TOGGUDEM-DUM,2,COMMERCIAL,1,1,0.0,1.0
BHADRADRI KOTHAGUDEM,BHADRACHALAM,CHERLA,DUMMUGUDEM,TURUBAKA,2,COMMERCIAL,25,23,4938.0,31.73
BHADRADRI KOTHAGUDEM,BHADRACHALAM,CHERLA,DUMMUGUDEM,W L REGUBALLI,2,COMMERCIAL,8,8,108.0,12.24
BHADRADRI KOTHAGUDEM,BHADRACHALAM,CHERLA,DUMMUGUDEM,Z  REGUBALLI,2,COMMERCIAL,2,2,62.0,1.44
BHADRADRI KOTHAGUDEM,BHADRACHALAM,CHERLA,DUMMUGUDEM,Z.VEERABHADRARAM,2,COMMERCIAL,1,0,0.0,0.386
BHADRADRI KOTHAGUDEM,BHADRACHALAM,MANUGURU,ASWAPURAM,AMEDRA,2,COMMERCIAL,3,2,127.0,11.0
BHADRADRI KOTHAGUDEM,BHADRACHALAM,MANUGURU,ASWAPURAM,AMMAGARIPALLI,2,COMMERCIAL,15,12,6356.0,56.0
BHADRADRI KOTHAGUDEM,BHADRACHALAM,MANUGURU,ASWAPURAM,ANANDAPURAM,2,COMMERCIAL,15,15,1577.0,19.52
BHADRADRI KOTHAGUDEM,BHADRACHALAM,MANUGURU,ASWAPURAM,ASWAPURAM,2,COMMERCIAL,653,562,56743.0,1167.244
BHADRADRI KOTHAGUDEM,KOTHAGUDEM,KOTHAGUDEM,KOTHAGUDEM - SOUTH,GARIMALLA PADU-KR,2,COMMERCIAL,61,45,9682.0,130.53
BHADRADRI KOTHAGUDEM,KOTHAGUDEM,KOTHAGUDEM,KOTHAGUDEM - SOUTH,KTDM BAZAR SOUTH-BS,2,COMMERCIAL,752,612,162169.0,2371.086
BHADRADRI KOTHAGUDEM,KOTHAGUDEM,KOTHAGUDEM,KOTHAGUDEM - SOUTH,RAMAVARAM,2,COMMERCIAL,521,471,59398.0,916.73
BHADRADRI KOTHAGUDEM,KOTHAGUDEM,KOTHAGUDEM,KOTHAGUDEM - SOUTH,SHESHAGIRI NAGAR-KR,2,COMMERCIAL,20,16,2403.0,43.3
BHADRADRI KOTHAGUDEM,KOTHAGUDEM,KOTHAGUDEM,KOTHAGUDEM - SOUTH,W B GOLLA GUDEM-BS,2,COMMERCIAL,22,20,6810.0,53.4
BHADRADRI KOTHAGUDEM,KOTHAGUDEM,KOTHAGUDEM RURAL,ANNAPUREDDYPALLY,ABBUGUDEM,2,COMMERCIAL,44,41,5899.0,71.51
BHADRADRI KOTHAGUDEM,KOTHAGUDEM,KOTHAGUDEM RURAL,ANNAPUREDDYPALLY,ANNADAIVAM,2,COMMERCIAL,3,2,16.0,1.72
BHADRADRI KOTHAGUDEM,PALONCHA,ASWARAOPETA,VINAYAKAPURAM,KHAMMAM PAD,2,COMMERCIAL,1,1,6.0,0.24
BHADRADRI KOTHAGUDEM,PALONCHA,ASWARAOPETA,VINAYAKAPURAM,KONDATOGU,2,COMMERCIAL,1,1,124.0,1.0
BHADRADRI KOTHAGUDEM,PALONCHA,ASWARAOPETA,VINAYAKAPURAM,KOYARANGAPURAM,2,COMMERCIAL,5,5,1105.0,7.24
BHADRADRI KOTHAGUDEM,PALONCHA,ASWARAOPETA,VINAYAKAPURAM,KUDUMULA PADU,2,COMMERCIAL,3,3,510.0,0.72
BHADRADRI KOTHAGUDEM,PALONCHA,ASWARAOPETA,VINAYAKAPURAM,MALLAIGUDEM,2,COMMERCIAL,9,6,445.0,7.2
BHADRADRI KOTHAGUDEM,PALONCHA,ASWARAOPETA,VINAYAKAPURAM,MAMILLAVARIGUDE,2,COMMERCIAL,40,33,2609.0,48.55
BHUPALAPALLY,BHUPALAPALLY,BHOOPALPALLY,BHOOPALPALLY RURAL,KOTHAPALLI[SM],2,COMMERCIAL,17,16,5687.0,39.97
BHUPALAPALLY,BHUPALAPALLY,BHOOPALPALLY,BHOOPALPALLY RURAL,Lambadi thanda,2,COMMERCIAL,1,1,58.0,1.0
BHUPALAPALLY,BHUPALAPALLY,BHOOPALPALLY,BHOOPALPALLY RURAL,Lambadithanda(R),2,COMMERCIAL,2,2,59.0,2.0
BHUPALAPALLY,BHUPALAPALLY,BHOOPALPALLY,BHOOPALPALLY RURAL,MORANCHAPALLY,2,COMMERCIAL,40,33,1447.0,67.03
BHUPALAPALLY,BHUPALAPALLY,BHOOPALPALLY,BHOOPALPALLY RURAL,NAGARAM IV,2,COMMERCIAL,43,41,3541.0,69.61
BHUPALAPALLY,BHUPALAPALLY,BHOOPALPALLY,BHOOPALPALLY RURAL,NANDIGAMA,2,COMMERCIAL,5,5,120.0,6.55
BHUPALAPALLY,BHUPALAPALLY,BHOOPALPALLY,BHOOPALPALLY RURAL,NEREDPALLI,2,COMMERCIAL,25,24,4012.0,44.84
BHUPALAPALLY,BHUPALAPALLY,BHOOPALPALLY,BHOOPALPALLY RURAL,PAMBAPURAM,2,COMMERCIAL,21,17,2662.0,42.55
BHUPALAPALLY,BHUPALAPALLY,BHOOPALPALLY,BHOOPALPALLY RURAL,PEDDAPOOR,2,COMMERCIAL,44,39,3231.0,82.474
BHUPALAPALLY,BHUPALAPALLY,KATARAM,KATARAM,ADIVARAMPET,2,COMMERCIAL,6,5,11.0,8.24
BHUPALAPALLY,BHUPALAPALLY,KATARAM,KATARAM,ANKUSAPUR,2,COMMERCIAL,8,7,104.0,18.386
BHUPALAPALLY,BHUPALAPALLY,KATARAM,KATARAM,BAYYARAM,2,COMMERCIAL,23,15,2814.0,108.86
BHUPALAPALLY,BHUPALAPALLY,KATARAM,KATARAM,BOPPARAM,2,COMMERCIAL,4,3,0.0,25.4
BHUPALAPALLY,BHUPALAPALLY,KATARAM,KATARAM,BUDIDIPALLY,2,COMMERCIAL,5,5,18.0,5.0
BHUPALAPALLY,BHUPALAPALLY,KATARAM,KATARAM,CHALLAPALLY,2,COMMERCIAL,61,60,3245.0,85.2
BHUPALAPALLY,BHUPALAPALLY,KATARAM,KATARAM,CHINDNEPALLY,2,COMMERCIAL,6,5,129.0,7.0
BHUPALAPALLY,BHUPALAPALLY,KATARAM,KATARAM,CHINTAKHANI,2,COMMERCIAL,26,24,4050.0,49.28
BHUPALAPALLY,BHUPALAPALLY,KATARAM,KATARAM,DAMERAKUNTA,2,COMMERCIAL,58,43,6465.0,78.9
BHUPALAPALLY,BHUPALAPALLY,KATARAM,KATARAM,DEVARAMPALLY,2,COMMERCIAL,20,19,673.0,21.517
BHUPALAPALLY,MULUGU,ETURNAGARAM,KAMALAPUR,MOTLAGUDEM(KOMATIY),2,COMMERCIAL,1,1,180.0,1.0
BHUPALAPALLY,MULUGU,ETURNAGARAM,KAMALAPUR,NARENDERRAOPET,2,COMMERCIAL,1,1,0.0,1.0
BHUPALAPALLY,MULUGU,ETURNAGARAM,KAMALAPUR,NARSAIGUDEM,2,COMMERCIAL,3,2,101.0,7.0
BHUPALAPALLY,MULUGU,ETURNAGARAM,KAMALAPUR,NARSAPUR (BORE),2,COMMERCIAL,62,50,2340.0,69.97
BHUPALAPALLY,MULUGU,ETURNAGARAM,KAMALAPUR,NARSIMHASAGAR,2,COMMERCIAL,31,25,5068.0,55.65
BHUPALAPALLY,MULUGU,ETURNAGARAM,KAMALAPUR,NIMMAGUDEM,2,COMMERCIAL,3,3,15.0,6.0
BHUPALAPALLY,MULUGU,ETURNAGARAM,KAMALAPUR,PAREDPALLI,2,COMMERCIAL,6,5,1146.0,24.0
BHUPALAPALLY,MULUGU,ETURNAGARAM,KAMALAPUR,RAJUPET,2,COMMERCIAL,216,180,19024.0,318.79
BHUPALAPALLY,MULUGU,ETURNAGARAM,KAMALAPUR,RAMACHANDRUNIPET,2,COMMERCIAL,34,29,1417.0,48.48
BHUPALAPALLY,MULUGU,ETURNAGARAM,KAMALAPUR,RAMANAKKAPET,2,COMMERCIAL,31,29,1657.0,45.5
BHUPALAPALLY,MULUGU,N. VENKATAPURAM,N.V.PURAM,BODAPURAM,2,COMMERCIAL,13,13,3171.0,28.21
BHUPALAPALLY,MULUGU,N. VENKATAPURAM,N.V.PURAM,CHIRUTHAPALLY,2,COMMERCIAL,5,5,631.0,18.24
BHUPALAPALLY,MULUGU,N. VENKATAPURAM,N.V.PURAM,CHOKKALA,2,COMMERCIAL,22,22,3284.0,56.97
BHUPALAPALLY,MULUGU,N. VENKATAPURAM,N.V.PURAM,DANAVAIPETA(NVP),2,COMMERCIAL,3,2,125.0,3.42
BHUPALAPALLY,MULUGU,N. VENKATAPURAM,N.V.PURAM,EDIRA,2,COMMERCIAL,11,10,888.0,21.77
BHUPALAPALLY,MULUGU,N. VENKATAPURAM,N.V.PURAM,KAMMARIGUDEM(NVP),2,COMMERCIAL,1,1,20.0,1.0
BHUPALAPALLY,MULUGU,N. VENKATAPURAM,N.V.PURAM,MALLAPURAM,2,COMMERCIAL,1,1,0.0,9.265
BHUPALAPALLY,MULUGU,N. VENKATAPURAM,N.V.PURAM,MARIKALA,2,COMMERCIAL,7,7,1480.0,26.0
HANUMAKONDA,HANAMKONDA/RURAL,HASANPARTHY,CHINTAGATTU (RURAL),MUCHERLA,2,COMMERCIAL,72,62,24351.0,218.044
HANUMAKONDA,HANAMKONDA/RURAL,HASANPARTHY,CHINTAGATTU (RURAL),NAAGAARAM,2,COMMERCIAL,78,69,9498.0,176.994
HANUMAKONDA,HANAMKONDA/RURAL,HASANPARTHY,CHINTAGATTU (RURAL),PEGADAPALLY,2,COMMERCIAL,94,86,11285.0,190.38
HANUMAKONDA,HANAMKONDA/RURAL,HASANPARTHY,CHINTAGATTU (RURAL),REDDI PURAM,2,COMMERCIAL,134,125,18189.0,316.362
HANUMAKONDA,HANAMKONDA/RURAL,HASANPARTHY,CHINTAGATTU (RURAL),SEETHANAGARAM,2,COMMERCIAL,12,10,414.0,16.72
HANUMAKONDA,HANAMKONDA/RURAL,HASANPARTHY,CHINTAGATTU (RURAL),SIDDAPOOR,2,COMMERCIAL,98,78,8456.0,140.756
HANUMAKONDA,HANAMKONDA/RURAL,HASANPARTHY,CHINTAGATTU (RURAL),SUDHANAPALLI,2,COMMERCIAL,8,7,316.0,18.22
HANUMAKONDA,HANAMKONDA/RURAL,PARKAL,PARKAL-TOWN,SOUNDARAIAH HOSPITAL,2,COMMERCIAL,45,42,3129.0,56.6
HANUMAKONDA,HANAMKONDA/RURAL,PARKAL,PARKAL-TOWN,SRINIVASA COLONY,2,COMMERCIAL,119,117,8390.0,185.46
HANUMAKONDA,HANAMKONDA/RURAL,PARKAL,PARKAL-TOWN,VELLAMPALLI,2,COMMERCIAL,36,31,5389.0,63.23
HANUMAKONDA,HANAMKONDA/RURAL,PARKAL,PARKAL-TOWN,VELUMAWADA,2,COMMERCIAL,28,26,4470.0,74.38
HANUMAKONDA,HANAMKONDA/RURAL,PARKAL,PARKAL-TOWN,VIDYALAYA SCHOOL,2,COMMERCIAL,4,4,28.0,7.0
HANUMAKONDA,HANAMKONDA/RURAL,PARKAL,PARKAL-TOWN,VIKAS NAGAR,2,COMMERCIAL,89,80,5548.0,149.836
HANUMAKONDA,HANAMKONDA/RURAL,PARKAL,PARKAL-TOWN,WADLAWADA,2,COMMERCIAL,19,15,750.0,22.62
HANUMAKONDA,HANAMKONDA/RURAL,PARKAL,SHAYAMPET,APPAIAHPALLY,2,COMMERCIAL,4,4,242.0,3.55
HANUMAKONDA,HANAMKONDA/RURAL,PARKAL,SHAYAMPET,AREPALLY,2,COMMERCIAL,3,3,35.0,7.0
HANUMAKONDA,HANAMKONDA/RURAL,PARKAL,SHAYAMPET,GANGIRENIGUDEM,2,COMMERCIAL,15,15,1008.0,41.55
HANUMAKONDA,HANAMKONDA/RURAL,PARKAL,SHAYAMPET,GATLAKANPARTHY,2,COMMERCIAL,37,30,6444.0,75.59
HANUMAKONDA,HANAMKONDA/RURAL,PARKAL,SHAYAMPET,GOVINDAPUR,2,COMMERCIAL,8,6,345.0,14.91
HANUMAKONDA,HANAMKONDA/RURAL,PARKAL,SHAYAMPET,HUSSAINPALLI,2,COMMERCIAL,12,12,425.0,11.78
HANUMAKONDA,HANAMKONDA/RURAL,PARKAL,SHAYAMPET,Jogampalli,2,COMMERCIAL,3,3,73.0,3.0
ASIFABAD,ASIFABAD,ASIFABAD RURAL,JAINOOR,MARALWAI,2,COMMERCIAL,4,4,306.0,7.6
ASIFABAD,ASIFABAD,ASIFABAD RURAL,JAINOOR,PANAPATAR,2,COMMERCIAL,1,1,103.0,1.0
ASIFABAD,ASIFABAD,ASIFABAD RURAL,JAINOOR,PARA,2,COMMERCIAL,2,2,0.0,1.998
ASIFABAD,ASIFABAD,ASIFABAD RURAL,JAINOOR,PATNAPUR,2,COMMERCIAL,15,14,2166.0,21.406
ASIFABAD,ASIFABAD,ASIFABAD RURAL,JAINOOR,POCHIAM LODDI,2,COMMERCIAL,7,6,72.0,7.494
ASIFABAD,ASIFABAD,ASIFABAD RURAL,JAINOOR,POLASA,2,COMMERCIAL,2,2,517.0,6.0
ASIFABAD,ASIFABAD,ASIFABAD RURAL,JAINOOR,POWERGUDA,2,COMMERCIAL,2,1,0.0,1.36
ASIFABAD,ASIFABAD,ASIFABAD RURAL,JAINOOR,RAMNAGAR,2,COMMERCIAL,2,0,0.0,2.0
ASIFABAD,ASIFABAD,ASIFABAD RURAL,JAINOOR,RAMNAYAK THANDA,2,COMMERCIAL,2,2,0.0,1.998
ASIFABAD,ASIFABAD,ASIFABAD RURAL,JAINOOR,RANIMATTA,2,COMMERCIAL,4,4,95.0,12.97
ASIFABAD,SIRPUR KAGAZNAGAR,KAGAZNAGAR,DAHEGAOM,RALLAGUDA,2,COMMERCIAL,2,2,167.0,4.0
ASIFABAD,SIRPUR KAGAZNAGAR,KAGAZNAGAR,DAHEGAOM,RAMPUR (DAHEGAOM),2,COMMERCIAL,2,2,0.0,9.0
ASIFABAD,SIRPUR KAGAZNAGAR,KAGAZNAGAR,KAGAZNAGAR RURAL,ANDAVELLY,2,COMMERCIAL,19,18,944.0,20.232
ASIFABAD,SIRPUR KAGAZNAGAR,KAGAZNAGAR,KAGAZNAGAR RURAL,ANKODA (B),2,COMMERCIAL,8,5,1761.0,22.25
ASIFABAD,SIRPUR KAGAZNAGAR,KAGAZNAGAR,KAGAZNAGAR RURAL,ANKUSAPUR,2,COMMERCIAL,13,13,385.0,15.0
ASIFABAD,SIRPUR KAGAZNAGAR,KAGAZNAGAR,KAGAZNAGAR RURAL,AREGUDA,2,COMMERCIAL,33,33,2643.0,54.073
ASIFABAD,SIRPUR KAGAZNAGAR,KAGAZNAGAR,KAGAZNAGAR RURAL,BABU NAGAR,2,COMMERCIAL,1,1,118.0,1.0
ASIFABAD,SIRPUR KAGAZNAGAR,KAGAZNAGAR,KAGAZNAGAR RURAL,BALAGALA,2,COMMERCIAL,4,3,140.0,3.25
ASIFABAD,SIRPUR KAGAZNAGAR,KAGAZNAGAR,KAGAZNAGAR RURAL,BAREGUDA,2,COMMERCIAL,19,16,7217.0,77.771
ASIFABAD,SIRPUR KAGAZNAGAR,KOWTALA,SIRPUR - T,MEKIDI,2,COMMERCIAL,1,1,24.0,1.0
ASIFABAD,SIRPUR KAGAZNAGAR,KOWTALA,SIRPUR - T,NAVEGAOM,2,COMMERCIAL,3,3,546.0,17.668
ASIFABAD,SIRPUR KAGAZNAGAR,KOWTALA,SIRPUR - T,PATHATLAGUDA (SIRPUR-T),2,COMMERCIAL,2,2,60.0,4.0
ASIFABAD,SIRPUR KAGAZNAGAR,KOWTALA,SIRPUR - T,PEDDABANDA,2,COMMERCIAL,2,0,0.0,6.0
ASIFABAD,SIRPUR KAGAZNAGAR,KOWTALA,SIRPUR - T,PEREGOAN,2,COMMERCIAL,7,6,233.0,12.0
ASIFABAD,SIRPUR KAGAZNAGAR,KOWTALA,SIRPUR - T,RUDRARAM,2,COMMERCIAL,9,8,2376.0,28.99
ASIFABAD,SIRPUR KAGAZNAGAR,KOWTALA,SIRPUR - T,SHAIK AHMEDGUDA (SIRPUR-T),2,COMMERCIAL,4,4,46.0,8.0
ASIFABAD,SIRPUR KAGAZNAGAR,KOWTALA,SIRPUR - T,SHIVAPUR (SIRPUR-T),2,COMMERCIAL,5,5,204.0,5.74
ASIFABAD,SIRPUR KAGAZNAGAR,KOWTALA,SIRPUR - T,SIRPOOR (TOWN),2,COMMERCIAL,413,338,40306.0,699.289
ASIFABAD,SIRPUR KAGAZNAGAR,KOWTALA,SIRPUR - T,TONKINI,2,COMMERCIAL,6,6,1380.0,19.0
ASIFABAD,SIRPUR KAGAZNAGAR,KOWTALA,SIRPUR - T,VEMPALLY,2,COMMERCIAL,44,29,4914.0,95.967
BHADRADRI KOTHAGUDEM,BHADRACHALAM,CHERLA,DUMMUGUDEM,RAMACHENDRUNIPETA,2,COMMERCIAL,3,2,21.0,2.24
BHADRADRI KOTHAGUDEM,BHADRACHALAM,CHERLA,DUMMUGUDEM,RAMAKRISHNA PURAM,2,COMMERCIAL,13,11,330.0,15.48
BHADRADRI KOTHAGUDEM,BHADRACHALAM,CHERLA,DUMMUGUDEM,RAMARAO PETA,2,COMMERCIAL,1,1,0.0,1.0
BHADRADRI KOTHAGUDEM,BHADRACHALAM,CHERLA,DUMMUGUDEM,SEETHANAGARAM,2,COMMERCIAL,46,44,3088.0,59.45
BHADRADRI KOTHAGUDEM,BHADRACHALAM,CHERLA,DUMMUGUDEM,SEETHARAMPURAM,2,COMMERCIAL,49,43,8770.0,98.275
BHADRADRI KOTHAGUDEM,BHADRACHALAM,CHERLA,DUMMUGUDEM,SINGARAM,2,COMMERCIAL,7,5,418.0,18.48
BHADRADRI KOTHAGUDEM,BHADRACHALAM,CHERLA,DUMMUGUDEM,SUBBARAO PETA,2,COMMERCIAL,2,2,63.0,2.74
BHADRADRI KOTHAGUDEM,BHADRACHALAM,CHERLA,DUMMUGUDEM,SUGNANAPURAM,2,COMMERCIAL,2,2,219.0,2.76
BHADRADRI KOTHAGUDEM,KOTHAGUDEM,KOTHAGUDEM,CHUNCHUPALLY,VENGALARAO COLONY-KR,2,COMMERCIAL,10,10,749.0,21.7
BHADRADRI KOTHAGUDEM,KOTHAGUDEM,KOTHAGUDEM,KOTHAGUDEM - NORTH,KTDM BAZAR NORTH,2,COMMERCIAL,2239,1886,397757.0,7072.936
BHADRADRI KOTHAGUDEM,KOTHAGUDEM,KOTHAGUDEM,KOTHAGUDEM - NORTH,OLD KOTHAGUDEM,2,COMMERCIAL,431,399,66065.0,1050.39
BHADRADRI KOTHAGUDEM,KOTHAGUDEM,KOTHAGUDEM,KOTHAGUDEM - NORTH,PENUBALLI-KR,2,COMMERCIAL,9,8,358.0,28.24
BHADRADRI KOTHAGUDEM,KOTHAGUDEM,KOTHAGUDEM,KOTHAGUDEM - NORTH,SNR KOTHAGUDEM,2,COMMERCIAL,758,660,104278.0,2151.45
BHADRADRI KOTHAGUDEM,KOTHAGUDEM,KOTHAGUDEM,KOTHAGUDEM - SOUTH,2 INCLINE-KR,2,COMMERCIAL,8,7,420.0,9.24
BHADRADRI KOTHAGUDEM,KOTHAGUDEM,KOTHAGUDEM,KOTHAGUDEM - SOUTH,A P H BASTI-BS,2,COMMERCIAL,76,69,12333.0,185.71
BHADRADRI KOTHAGUDEM,KOTHAGUDEM,KOTHAGUDEM,KOTHAGUDEM - SOUTH,BARMA CAMP-BS,2,COMMERCIAL,59,52,8420.0,116.86
BHADRADRI KOTHAGUDEM,KOTHAGUDEM,KOTHAGUDEM,KOTHAGUDEM - SOUTH,CHITTY RAMAVARAM-RV,2,COMMERCIAL,12,10,502.0,23.8
BHADRADRI KOTHAGUDEM,KOTHAGUDEM,LAXMIDEVIPALLY,BOMMANAPALLY,CHINTORI CHILKA-TP,2,COMMERCIAL,9,8,255.0,23.66
BHADRADRI KOTHAGUDEM,KOTHAGUDEM,LAXMIDEVIPALLY,BOMMANAPALLY,DANTELA THANDA - TP,2,COMMERCIAL,1,1,0.0,2.0
BHADRADRI KOTHAGUDEM,KOTHAGUDEM,LAXMIDEVIPALLY,BOMMANAPALLY,GANGARAM-TP,2,COMMERCIAL,7,6,5634.0,32.0
BHADRADRI KOTHAGUDEM,KOTHAGUDEM,LAXMIDEVIPALLY,BOMMANAPALLY,HATCHATHANDA - TP,2,COMMERCIAL,2,2,136.0,6.0
BHADRADRI KOTHAGUDEM,KOTHAGUDEM,LAXMIDEVIPALLY,BOMMANAPALLY,KOKYA THANDA -TP,2,COMMERCIAL,4,4,1123.0,17.0
BHADRADRI KOTHAGUDEM,KOTHAGUDEM,YELLANDU,GUNDALA,RAMACHANDRAIAH GUMPU-GU,2,COMMERCIAL,1,1,13.0,1.0
BHADRADRI KOTHAGUDEM,KOTHAGUDEM,YELLANDU,GUNDALA,RAMANUJA GUDEM-GUN,2,COMMERCIAL,6,5,365.0,11.0
BHADRADRI KOTHAGUDEM,KOTHAGUDEM,YELLANDU,GUNDALA,ROLLAGADDA THANDA-GU,2,COMMERCIAL,3,3,67.0,3.5
BHADRADRI KOTHAGUDEM,KOTHAGUDEM,YELLANDU,GUNDALA,ROLLAGADDA-GUN,2,COMMERCIAL,1,1,81.0,0.24
BHADRADRI KOTHAGUDEM,KOTHAGUDEM,YELLANDU,GUNDALA,SANDHI BABDHAM-GU,2,COMMERCIAL,1,0,0.0,1.0
BHADRADRI KOTHAGUDEM,KOTHAGUDEM,YELLANDU,GUNDALA,SAYAN PALLY-GUN,2,COMMERCIAL,7,7,267.0,11.45
BHADRADRI KOTHAGUDEM,KOTHAGUDEM,YELLANDU,GUNDALA,SETTYPALY-GUN,2,COMMERCIAL,7,6,161.0,14.74
BHADRADRI KOTHAGUDEM,KOTHAGUDEM,YELLANDU,GUNDALA,SHAMBUNI GUDEM-GUN,2,COMMERCIAL,3,3,127.0,5.0
BHADRADRI KOTHAGUDEM,PALONCHA,ASWARAOPETA,VINAYAKAPURAM,JAGANNADHAPURAM,2,COMMERCIAL,2,2,64.0,2.24
BHADRADRI KOTHAGUDEM,PALONCHA,ASWARAOPETA,VINAYAKAPURAM,JATTIWARI GUDEM,2,COMMERCIAL,19,10,631.0,15.06
BHADRADRI KOTHAGUDEM,PALONCHA,ASWARAOPETA,VINAYAKAPURAM,KANNAIGUDEM,2,COMMERCIAL,31,23,876.0,43.47
BHADRADRI KOTHAGUDEM,PALONCHA,ASWARAOPETA,VINAYAKAPURAM,KAVADIGONDLA,2,COMMERCIAL,15,13,1019.0,22.23
BHUPALAPALLY,MULUGU,ETURNAGARAM,KAMALAPUR,KATHIGUDEM,2,COMMERCIAL,8,8,441.0,13.58
BHUPALAPALLY,MULUGU,ETURNAGARAM,KAMALAPUR,KOMATIPALLI,2,COMMERCIAL,40,36,3372.0,56.47
BHUPALAPALLY,MULUGU,ETURNAGARAM,KAMALAPUR,KOTHUR,2,COMMERCIAL,1,1,0.0,1.0
BHUPALAPALLY,MULUGU,ETURNAGARAM,KAMALAPUR,KOTHUR(K PALLY),2,COMMERCIAL,2,2,88.0,2.0
BHUPALAPALLY,MULUGU,ETURNAGARAM,KAMALAPUR,Kotha mallur,2,COMMERCIAL,1,1,2.0,1.0
BHUPALAPALLY,MULUGU,ETURNAGARAM,KAMALAPUR,MALLUR,2,COMMERCIAL,81,69,8112.0,165.609
BHUPALAPALLY,MULUGU,ETURNAGARAM,KAMALAPUR,MANGAPET,2,COMMERCIAL,324,274,32145.0,456.006
BHUPALAPALLY,MULUGU,MULUG,THADVAI,OORATTAM,2,COMMERCIAL,2,2,100.0,2.74
BHUPALAPALLY,MULUGU,MULUG,THADVAI,POCHAPUR,2,COMMERCIAL,1,1,444.0,4.0
BHUPALAPALLY,MULUGU,MULUG,THADVAI,RANGAPUR P ANNARAM,2,COMMERCIAL,9,9,209.0,12.24
BHUPALAPALLY,MULUGU,MULUG,THADVAI,REDDYGUDEM,2,COMMERCIAL,8,7,932.0,12.51
BHUPALAPALLY,MULUGU,MULUG,THADVAI,THADVAI,2,COMMERCIAL,102,72,31010.0,255.12
BHUPALAPALLY,MULUGU,MULUG,THADVAI,VENGALAPUR,2,COMMERCIAL,8,7,1282.0,11.25
BHUPALAPALLY,MULUGU,N. VENKATAPURAM,N.V.PURAM,ALUBAKA,2,COMMERCIAL,34,27,3875.0,87.12
BHUPALAPALLY,MULUGU,N. VENKATAPURAM,N.V.PURAM,BARLA GUDEM,2,COMMERCIAL,1,0,0.0,1.0
HANUMAKONDA,HANAMKONDA/RURAL,HANAMKONDA(R),PANTHINI,REDDYPALEM,2,COMMERCIAL,14,13,947.0,24.72
HANUMAKONDA,HANAMKONDA/RURAL,HANAMKONDA(R),PANTHINI,Ramnagar,2,COMMERCIAL,12,12,240.0,12.0
HANUMAKONDA,HANAMKONDA/RURAL,HANAMKONDA(R),PANTHINI,SINGARAM-II,2,COMMERCIAL,34,28,4975.0,62.95
HANUMAKONDA,HANAMKONDA/RURAL,HANAMKONDA(R),PANTHINI,YADATHANDA,2,COMMERCIAL,10,10,3385.0,70.02
HANUMAKONDA,HANAMKONDA/RURAL,HASANPARTHY,CHINTAGATTU (RURAL),ARVAPALLI,2,COMMERCIAL,47,41,1939.0,67.692
HANUMAKONDA,HANAMKONDA/RURAL,HASANPARTHY,CHINTAGATTU (RURAL),BIRNAPALLY,2,COMMERCIAL,25,21,1071.0,33.4
HANUMAKONDA,HANAMKONDA/RURAL,HASANPARTHY,CHINTAGATTU (RURAL),GOUNDLPALLY,2,COMMERCIAL,1,1,93.0,5.0
HANUMAKONDA,HANAMKONDA/RURAL,HASANPARTHY,CHINTAGATTU (RURAL),H.C.N.THANDA,2,COMMERCIAL,2,2,66.0,1.24
HANUMAKONDA,HANAMKONDA/RURAL,HASANPARTHY,CHINTAGATTU (RURAL),Kothapally,2,COMMERCIAL,1,1,0.0,1.0
HANUMAKONDA,HANAMKONDA/RURAL,HASANPARTHY,CHINTAGATTU (RURAL),MALLAREDDYPALLY,2,COMMERCIAL,47,43,2643.0,63.52
HANUMAKONDA,HANAMKONDA/RURAL,PARKAL,PARKAL-TOWN,NEAR BUS STAND,2,COMMERCIAL,187,168,21728.0,300.127
HANUMAKONDA,HANAMKONDA/RURAL,PARKAL,PARKAL-TOWN,NEAR KUNKUMESHWARA TEMPLE,2,COMMERCIAL,187,137,10494.0,198.743
HANUMAKONDA,HANAMKONDA/RURAL,PARKAL,PARKAL-TOWN,OLD CHAITANYA SCHOOL,2,COMMERCIAL,7,7,143.0,8.66
HANUMAKONDA,HANAMKONDA/RURAL,PARKAL,PARKAL-TOWN,OLD POSTMARTAN,2,COMMERCIAL,29,20,1057.0,30.74
HANUMAKONDA,HANAMKONDA/RURAL,PARKAL,PARKAL-TOWN,PADMASHALIWADA,2,COMMERCIAL,54,52,2497.0,84.075
HANUMAKONDA,HANAMKONDA/RURAL,PARKAL,PARKAL-TOWN,PAIDIPALLI,2,COMMERCIAL,5,5,370.0,5.0
HANUMAKONDA,HANAMKONDA/RURAL,PARKAL,PARKAL-TOWN,PARKAL,2,COMMERCIAL,263,122,112187.0,1532.77
HANUMAKONDA,HANAMKONDA/RURAL,PARKAL,PARKAL-TOWN,PITTAWADA,2,COMMERCIAL,7,7,155.0,9.0
HANUMAKONDA,HANAMKONDA/RURAL,PARKAL,PARKAL-TOWN,POCHARAM,2,COMMERCIAL,22,22,1072.0,46.79
HANUMAKONDA,HANAMKONDA/RURAL,PARKAL,PARKAL-TOWN,RAJIPET,2,COMMERCIAL,22,20,1072.0,38.79
HANUMAKONDA,HANAMKONDA/RURAL,PARKAL,PARKAL-TOWN,RAJIPET SC COLONY,2,COMMERCIAL,124,117,5125.0,154.476
HANUMAKONDA,HANAMKONDA/RURAL,PARKAL,PARKAL-TOWN,RAM NAGAR,2,COMMERCIAL,43,40,3010.0,77.496
HANUMAKONDA,HANAMKONDA/RURAL,PARKAL,PARKAL-TOWN,SAI NAGAR COLONY,2,COMMERCIAL,71,69,5030.0,107.6
HANUMAKONDA,HANAMKONDA/RURAL,PARKAL,PARKAL-TOWN,SARWAPOOR,2,COMMERCIAL,3,3,196.0,3.5
HANUMAKONDA,HANAMKONDA/RURAL,PARKAL,PARKAL-TOWN,SEETHARAMPUR,2,COMMERCIAL,42,41,6734.0,189.09
ADILABAD,UTNOOR,UTNOOR,GUDIHATNOOR,KAMALAPUR,2,COMMERCIAL,49,43,7603.0,173.514
ADILABAD,UTNOOR,UTNOOR,GUDIHATNOOR,KOLARI,2,COMMERCIAL,28,24,2057.0,35.31
ADILABAD,UTNOOR,UTNOOR,GUDIHATNOOR,LINGAPOOR,2,COMMERCIAL,12,10,5578.0,44.45
ADILABAD,UTNOOR,UTNOOR,GUDIHATNOOR,MACHAPOOR,2,COMMERCIAL,8,7,512.0,17.14
ADILABAD,UTNOOR,UTNOOR,GUDIHATNOOR,MALKAPUR,2,COMMERCIAL,1,1,0.0,1.0
ADILABAD,UTNOOR,UTNOOR,GUDIHATNOOR,MANKAPOOR,2,COMMERCIAL,15,14,1002.0,22.286
ADILABAD,UTNOOR,UTNOOR,GUDIHATNOOR,MANNUR,2,COMMERCIAL,101,87,15936.0,243.924
ADILABAD,UTNOOR,UTNOOR,GUDIHATNOOR,MUTHANOOR,2,COMMERCIAL,10,6,33.0,15.95
ADILABAD,UTNOOR,UTNOOR,GUDIHATNOOR,MUTHANOOR THANDA,2,COMMERCIAL,5,1,10.0,7.264
ADILABAD,UTNOOR,UTNOOR,GUDIHATNOOR,PUNAGUDA,2,COMMERCIAL,1,1,5.0,2.0
ADILABAD,UTNOOR,UTNOOR,UTNOOR,PERAKAGUDA,2,COMMERCIAL,19,17,573.0,27.714
ADILABAD,UTNOOR,UTNOOR,UTNOOR,PULIMADGU,2,COMMERCIAL,21,17,4648.0,41.8
ADILABAD,UTNOOR,UTNOOR,UTNOOR,RAMPOOR (K),2,COMMERCIAL,1,1,0.0,1.0
ADILABAD,UTNOOR,UTNOOR,UTNOOR,SAKARAA,2,COMMERCIAL,1,1,0.0,1.0
ADILABAD,UTNOOR,UTNOOR,UTNOOR,SAKERA (M),2,COMMERCIAL,1,1,30.0,3.0
ADILABAD,UTNOOR,UTNOOR,UTNOOR,SALEWADA (B),2,COMMERCIAL,1,1,0.0,1.0
ADILABAD,UTNOOR,UTNOOR,UTNOOR,SALEWADA (K),2,COMMERCIAL,6,6,442.0,18.919
ADILABAD,UTNOOR,UTNOOR,UTNOOR,SAMANAYAK TANDA,2,COMMERCIAL,3,3,95.0,6.0
ADILABAD,UTNOOR,UTNOOR,UTNOOR,SHANKER TANDA,2,COMMERCIAL,4,1,33.0,4.23
ADILABAD,UTNOOR,UTNOOR,UTNOOR,SHYAMPOOR,2,COMMERCIAL,103,79,7434.0,206.662
ASIFABAD,ASIFABAD,ASIFABAD RURAL,JAINOOR,LENDIGUDA,2,COMMERCIAL,1,1,50.0,0.856
ASIFABAD,ASIFABAD,ASIFABAD RURAL,JAINOOR,LENDIJALA,2,COMMERCIAL,1,1,0.0,2.0
ASIFABAD,ASIFABAD,ASIFABAD RURAL,JAINOOR,MANDUNAIK THANDA,2,COMMERCIAL,1,1,35.0,0.998
ASIFABAD,ASIFABAD,ASIFABAD RURAL,JAINOOR,MANKUGUDA (JANDAGUDA),2,COMMERCIAL,1,1,50.0,1.0
BHADRADRI KOTHAGUDEM,BHADRACHALAM,CHERLA,DUMMUGUDEM,NARSAPURAM,2,COMMERCIAL,37,29,2095.0,62.51
BHADRADRI KOTHAGUDEM,BHADRACHALAM,CHERLA,DUMMUGUDEM,PAIDIGUDEM,2,COMMERCIAL,8,7,5407.0,73.48
BHADRADRI KOTHAGUDEM,BHADRACHALAM,CHERLA,DUMMUGUDEM,PARNASALA,2,COMMERCIAL,69,51,3815.0,62.595
BHADRADRI KOTHAGUDEM,BHADRACHALAM,CHERLA,DUMMUGUDEM,PEDAKAMALAPURAM,2,COMMERCIAL,5,3,226.0,3.48
BHADRADRI KOTHAGUDEM,BHADRACHALAM,CHERLA,DUMMUGUDEM,PEDANALLABALLI,2,COMMERCIAL,55,53,1617.0,66.54
BHADRADRI KOTHAGUDEM,BHADRACHALAM,CHERLA,DUMMUGUDEM,PEERAI GUDEM,2,COMMERCIAL,1,1,213.0,0.24
BHADRADRI KOTHAGUDEM,BHADRACHALAM,CHERLA,DUMMUGUDEM,PRAGALLAPALLY,2,COMMERCIAL,2,2,3.0,2.0
BHADRADRI KOTHAGUDEM,KOTHAGUDEM,KOTHAGUDEM,CHUNCHUPALLY,BARIYAM TANDA-KR,2,COMMERCIAL,4,3,790.0,7.38
BHADRADRI KOTHAGUDEM,KOTHAGUDEM,KOTHAGUDEM,CHUNCHUPALLY,BRUNDAVANAM-CP,2,COMMERCIAL,3,1,309.0,4.37
BHADRADRI KOTHAGUDEM,KOTHAGUDEM,KOTHAGUDEM,CHUNCHUPALLY,C R N COLONY-CHU,2,COMMERCIAL,20,18,1152.0,24.46
BHADRADRI KOTHAGUDEM,KOTHAGUDEM,KOTHAGUDEM,CHUNCHUPALLY,CHANDRU KUNTA-KR,2,COMMERCIAL,1,1,78.0,5.0
BHADRADRI KOTHAGUDEM,KOTHAGUDEM,KOTHAGUDEM,CHUNCHUPALLY,CHUNCHUPALLY,2,COMMERCIAL,1410,1300,222840.0,4336.431
BHADRADRI KOTHAGUDEM,KOTHAGUDEM,KOTHAGUDEM,CHUNCHUPALLY,MAYA BAZAR -KR,2,COMMERCIAL,6,4,4911.0,31.4
BHADRADRI KOTHAGUDEM,KOTHAGUDEM,KOTHAGUDEM,CHUNCHUPALLY,MULUGUDEM- KR,2,COMMERCIAL,1,1,30.0,2.0
BHADRADRI KOTHAGUDEM,KOTHAGUDEM,KOTHAGUDEM,CHUNCHUPALLY,PENAGADAPA-KR,2,COMMERCIAL,50,39,9214.0,98.24
BHADRADRI KOTHAGUDEM,KOTHAGUDEM,KOTHAGUDEM,CHUNCHUPALLY,RAMPURAM-KR,2,COMMERCIAL,13,11,6267.0,51.55
BHADRADRI KOTHAGUDEM,KOTHAGUDEM,KOTHAGUDEM,CHUNCHUPALLY,RUDRAM PUR - KR,2,COMMERCIAL,184,155,16040.0,344.42
BHADRADRI KOTHAGUDEM,KOTHAGUDEM,KOTHAGUDEM,CHUNCHUPALLY,RUDRAMPUR THANDA-KR,2,COMMERCIAL,12,11,4211.0,28.08
BHADRADRI KOTHAGUDEM,KOTHAGUDEM,KOTHAGUDEM,CHUNCHUPALLY,THILAK NAGAR-KR,2,COMMERCIAL,4,3,1167.0,18.0
BHADRADRI KOTHAGUDEM,KOTHAGUDEM,KOTHAGUDEM RURAL,SUJATHA NAGAR,SINGHA BHUPALAM-KR,2,COMMERCIAL,10,7,4722.0,26.84
BHADRADRI KOTHAGUDEM,KOTHAGUDEM,KOTHAGUDEM RURAL,SUJATHA NAGAR,SUJATHA NAGAR-KR,2,COMMERCIAL,398,368,49999.0,1069.13
BHADRADRI KOTHAGUDEM,KOTHAGUDEM,KOTHAGUDEM RURAL,SUJATHA NAGAR,VEPALA GADDA-KR,2,COMMERCIAL,66,51,9475.0,416.586
BHADRADRI KOTHAGUDEM,KOTHAGUDEM,KOTHAGUDEM RURAL,SUJATHA NAGAR,YADAVA NAGAR-KR,2,COMMERCIAL,1,1,30.0,1.0
BHADRADRI KOTHAGUDEM,KOTHAGUDEM,LAXMIDEVIPALLY,BOMMANAPALLY,BHAVOJU THANDA-TP,2,COMMERCIAL,1,1,67.0,2.0
BHADRADRI KOTHAGUDEM,KOTHAGUDEM,LAXMIDEVIPALLY,BOMMANAPALLY,BILLUDI THANDA - TP,2,COMMERCIAL,3,3,199.0,6.0
BHADRADRI KOTHAGUDEM,KOTHAGUDEM,LAXMIDEVIPALLY,BOMMANAPALLY,BOMMANA PALLY-TP,2,COMMERCIAL,55,49,6988.0,95.36
BHADRADRI KOTHAGUDEM,KOTHAGUDEM,LAXMIDEVIPALLY,BOMMANAPALLY,CHINTALA LANKA-TP,2,COMMERCIAL,1,1,17.0,2.0
BHADRADRI KOTHAGUDEM,KOTHAGUDEM,YELLANDU,GUNDALA,MATAMLANKA-GUN,2,COMMERCIAL,1,1,90.0,1.0
BHADRADRI KOTHAGUDEM,KOTHAGUDEM,YELLANDU,GUNDALA,MUTTA PURAM-GUN,2,COMMERCIAL,14,13,2293.0,29.2
BHADRADRI KOTHAGUDEM,KOTHAGUDEM,YELLANDU,GUNDALA,NADIMIGUDEM-GUN,2,COMMERCIAL,5,4,75.0,5.36
BHADRADRI KOTHAGUDEM,KOTHAGUDEM,YELLANDU,GUNDALA,NARSAPURAM TANDA-GUN,2,COMMERCIAL,1,1,4.0,1.0
BHADRADRI KOTHAGUDEM,KOTHAGUDEM,YELLANDU,GUNDALA,PADUKONI GUDEM-GUN,2,COMMERCIAL,1,1,1.0,2.0
BHADRADRI KOTHAGUDEM,KOTHAGUDEM,YELLANDU,GUNDALA,PATHURU-GU,2,COMMERCIAL,1,1,38.0,2.0
BHADRADRI KOTHAGUDEM,KOTHAGUDEM,YELLANDU,GUNDALA,PEDA VENKATAPURAM-GU,2,COMMERCIAL,1,1,5.0,2.0
BHADRADRI KOTHAGUDEM,KOTHAGUDEM,YELLANDU,GUNDALA,PEDDURU-GU,2,COMMERCIAL,2,2,64.0,2.0
BHADRADRI KOTHAGUDEM,KOTHAGUDEM,YELLANDU,GUNDALA,POTHI REDDY GUDEM-GUN,2,COMMERCIAL,2,1,55.0,2.0
BHADRADRI KOTHAGUDEM,KOTHAGUDEM,YELLANDU,GUNDALA,RAGHAVAPURAM-GUN,2,COMMERCIAL,3,2,138.0,8.0
BHADRADRI KOTHAGUDEM,PALONCHA,ASWARAOPETA,VINAYAKAPURAM,ASUPAKA,2,COMMERCIAL,52,49,8406.0,107.062
BHADRADRI KOTHAGUDEM,PALONCHA,ASWARAOPETA,VINAYAKAPURAM,BUTCHIVARIGUDEM,2,COMMERCIAL,10,9,408.0,13.0
BHADRADRI KOTHAGUDEM,PALONCHA,ASWARAOPETA,VINAYAKAPURAM,DABBA TOGU,2,COMMERCIAL,1,0,0.0,2.0
BHADRADRI KOTHAGUDEM,PALONCHA,ASWARAOPETA,VINAYAKAPURAM,DIBBAGUDEM,2,COMMERCIAL,4,3,72.0,3.48
BHADRADRI KOTHAGUDEM,PALONCHA,ASWARAOPETA,VINAYAKAPURAM,DURADAPADU,2,COMMERCIAL,4,4,96.0,8.24
BHADRADRI KOTHAGUDEM,PALONCHA,ASWARAOPETA,VINAYAKAPURAM,GOPANNAGUDEM,2,COMMERCIAL,2,1,1405.0,12.0
BHADRADRI KOTHAGUDEM,PALONCHA,ASWARAOPETA,VINAYAKAPURAM,GUMMDIVALLI,2,COMMERCIAL,35,33,6232.0,71.6
BHUPALAPALLY,BHUPALAPALLY,BHOOPALPALLY,BHOOPALPALLY RURAL,DUDEKULAPALLI,2,COMMERCIAL,6,6,202.0,13.45
BHUPALAPALLY,BHUPALAPALLY,BHOOPALPALLY,BHOOPALPALLY RURAL,GOLLABUDDARAM,2,COMMERCIAL,52,47,1759.0,104.1
BHUPALAPALLY,BHUPALAPALLY,BHOOPALPALLY,BHOOPALPALLY RURAL,GORLAVEDU,2,COMMERCIAL,90,73,11931.0,138.313
BHUPALAPALLY,BHUPALAPALLY,BHOOPALPALLY,BHOOPALPALLY RURAL,GOUPANIPALLY,2,COMMERCIAL,1,1,0.0,1.0
BHUPALAPALLY,BHUPALAPALLY,BHOOPALPALLY,BHOOPALPALLY RURAL,GUDADPALLI,2,COMMERCIAL,18,17,1625.0,42.34
BHUPALAPALLY,BHUPALAPALLY,BHOOPALPALLY,BHOOPALPALLY RURAL,GURRAMPET,2,COMMERCIAL,30,26,7627.0,55.74
BHUPALAPALLY,BHUPALAPALLY,BHOOPALPALLY,BHOOPALPALLY RURAL,KAMALAPUR,2,COMMERCIAL,37,34,5139.0,73.586
BHUPALAPALLY,BHUPALAPALLY,BHOOPALPALLY,BHOOPALPALLY RURAL,KOMPALLI,2,COMMERCIAL,47,42,9620.0,99.93
BHUPALAPALLY,BHUPALAPALLY,CHITYAL,RAMAKRISHNAPUR,RAMKISTAPUR[TM],2,COMMERCIAL,30,29,2302.0,49.55
BHUPALAPALLY,BHUPALAPALLY,CHITYAL,RAMAKRISHNAPUR,RAMKISTAPUR[VEL],2,COMMERCIAL,24,22,1901.0,44.736
BHUPALAPALLY,BHUPALAPALLY,CHITYAL,RAMAKRISHNAPUR,SOMANPALLI,2,COMMERCIAL,3,3,6.0,3.55
BHUPALAPALLY,BHUPALAPALLY,CHITYAL,RAMAKRISHNAPUR,SUBBAKKAPALLI-SPALLY,2,COMMERCIAL,12,11,3540.0,33.248
BHUPALAPALLY,BHUPALAPALLY,CHITYAL,RAMAKRISHNAPUR,TEKUMATLA,2,COMMERCIAL,221,199,22694.0,305.753
BHUPALAPALLY,BHUPALAPALLY,CHITYAL,RAMAKRISHNAPUR,VALLAMPALLI[BP],2,COMMERCIAL,20,20,737.0,27.611
BHUPALAPALLY,BHUPALAPALLY,CHITYAL,RAMAKRISHNAPUR,VELICHALA,2,COMMERCIAL,68,61,5078.0,91.29
BHUPALAPALLY,BHUPALAPALLY,CHITYAL,RAMAKRISHNAPUR,VENKATRAO PALLI,2,COMMERCIAL,31,29,1671.0,34.769
BHUPALAPALLY,MULUGU,ETURNAGARAM,KAMALAPUR,DOMEDA,2,COMMERCIAL,4,3,75.0,3.25
BHUPALAPALLY,MULUGU,ETURNAGARAM,KAMALAPUR,GAMPANNAGUDEM,2,COMMERCIAL,24,23,1803.0,53.06
BHUPALAPALLY,MULUGU,ETURNAGARAM,KAMALAPUR,KAMALAPUR,2,COMMERCIAL,419,288,30125.0,591.164
BHUPALAPALLY,MULUGU,ETURNAGARAM,KAMALAPUR,KANNAIGUDEM,2,COMMERCIAL,1,1,150.0,1.0
HANUMAKONDA,HANAMKONDA/RURAL,PARKAL,PARKAL-TOWN,DURGADEVI (BACK SIDE),2,COMMERCIAL,74,70,3746.0,82.77
HANUMAKONDA,HANAMKONDA/RURAL,PARKAL,PARKAL-TOWN,FISH MARKET,2,COMMERCIAL,240,214,11156.0,229.837
HANUMAKONDA,HANAMKONDA/RURAL,PARKAL,PARKAL-TOWN,FUES OF CALL,2,COMMERCIAL,131,123,5842.0,182.161
HANUMAKONDA,HANAMKONDA/RURAL,PARKAL,PARKAL-TOWN,GANAPATHI DEGREE COLLEGE,2,COMMERCIAL,27,22,4918.0,72.13
HANUMAKONDA,HANAMKONDA/RURAL,PARKAL,PARKAL-TOWN,GANDRAWADA,2,COMMERCIAL,7,5,155.0,6.2
HANUMAKONDA,HANAMKONDA/RURAL,PARKAL,PARKAL-TOWN,JAYA DELUX ROAD,2,COMMERCIAL,88,82,6754.0,149.252
HANUMAKONDA,HANAMKONDA/RURAL,PARKAL,PARKAL-TOWN,JYOTHI SCHOOL(BPL)ROAD,2,COMMERCIAL,2,1,0.0,3.55
HANUMAKONDA,HANAMKONDA/RURAL,PARKAL,PARKAL-TOWN,KAMAREDDYPALLI,2,COMMERCIAL,30,29,4920.0,142.75
HANUMAKONDA,HANAMKONDA/RURAL,PARKAL,PARKAL-TOWN,KANYAKAPARAMESHWARI TEMPLE,2,COMMERCIAL,39,28,1711.0,53.54
HANUMAKONDA,HANAMKONDA/RURAL,PARKAL,PARKAL-TOWN,KOWKONDA,2,COMMERCIAL,23,22,3844.0,52.49
HANUMAKONDA,HANAMKONDA/RURAL,PARKAL,PARKAL-TOWN,MADARAM,2,COMMERCIAL,15,13,703.0,17.4
HANUMAKONDA,HANAMKONDA/RURAL,PARKAL,PARKAL-TOWN,MALAKPET,2,COMMERCIAL,9,9,115.0,10.55
HANUMAKONDA,HANAMKONDA/RURAL,PARKAL,PARKAL-TOWN,MALLAREDDYPALLY,2,COMMERCIAL,19,18,590.0,24.27
HANUMAKONDA,HANAMKONDA/RURAL,PARKAL,PARKAL-TOWN,MLA CAMP OFFICE,2,COMMERCIAL,151,142,13830.0,232.986
HANUMAKONDA,HANAMKONDA/RURAL,PARKAL,PARKAL-TOWN,NAGARAM,2,COMMERCIAL,52,44,4979.0,80.81
ADILABAD,UTNOOR,UTNOOR,GUDIHATNOOR,DHAMANGUDA,2,COMMERCIAL,3,3,74.0,20.0
ADILABAD,UTNOOR,UTNOOR,GUDIHATNOOR,DHARMAGUDA,2,COMMERCIAL,1,1,764.0,5.0
ADILABAD,UTNOOR,UTNOOR,GUDIHATNOOR,DONGANGAON,2,COMMERCIAL,19,16,7340.0,90.354
ADILABAD,UTNOOR,UTNOOR,GUDIHATNOOR,GARKAMPET,2,COMMERCIAL,1,1,0.0,1.0
ADILABAD,UTNOOR,UTNOOR,GUDIHATNOOR,GONDAHARKAPUR,2,COMMERCIAL,2,2,107.0,3.0
ADILABAD,UTNOOR,UTNOOR,GUDIHATNOOR,GUDIHATHNOOR,2,COMMERCIAL,464,382,40332.0,654.852
ADILABAD,UTNOOR,UTNOOR,GUDIHATNOOR,GURAJA,2,COMMERCIAL,7,6,259.0,11.178
ADILABAD,UTNOOR,UTNOOR,GUDIHATNOOR,JEEDIPALLY,2,COMMERCIAL,1,1,28.0,4.0
ADILABAD,UTNOOR,UTNOOR,UTNOOR,KOLAMGUDA (D),2,COMMERCIAL,1,1,46.0,1.0
ADILABAD,UTNOOR,UTNOOR,UTNOOR,KOTHAGUDA,2,COMMERCIAL,20,17,530.0,33.234
ADILABAD,UTNOOR,UTNOOR,UTNOOR,Kummarithanda,2,COMMERCIAL,2,2,138.0,4.0
ADILABAD,UTNOOR,UTNOOR,UTNOOR,LAKKARAM,2,COMMERCIAL,73,64,10906.0,101.372
ADILABAD,UTNOOR,UTNOOR,UTNOOR,LAKSHETTIPET,2,COMMERCIAL,4,3,552.0,9.99
ADILABAD,UTNOOR,UTNOOR,UTNOOR,MATHADIGUDA,2,COMMERCIAL,1,1,0.0,1.0
ADILABAD,UTNOOR,UTNOOR,UTNOOR,NAGAPOOR,2,COMMERCIAL,100,88,14647.0,225.82
ADILABAD,UTNOOR,UTNOOR,UTNOOR,NARSAPOOR (B),2,COMMERCIAL,7,6,1284.0,27.0
ADILABAD,UTNOOR,UTNOOR,UTNOOR,NARSAPOOR (NEW),2,COMMERCIAL,1,0,0.0,3.0
ADILABAD,UTNOOR,UTNOOR,UTNOOR,Naddamguda,2,COMMERCIAL,1,1,0.0,1.0
ASIFABAD,ASIFABAD,ASIFABAD RURAL,JAINOOR,DUBBAGUDA,2,COMMERCIAL,2,2,70.0,1.998
ASIFABAD,ASIFABAD,ASIFABAD RURAL,JAINOOR,GOWRI,2,COMMERCIAL,6,6,204.0,6.566
ASIFABAD,ASIFABAD,ASIFABAD RURAL,JAINOOR,GUDAMAMDA,2,COMMERCIAL,3,3,1536.0,11.976
ASIFABAD,ASIFABAD,ASIFABAD RURAL,JAINOOR,JAGANNATH GUDA,2,COMMERCIAL,1,1,0.0,0.998
ASIFABAD,ASIFABAD,ASIFABAD RURAL,JAINOOR,JAINOOR,2,COMMERCIAL,602,500,40343.0,687.87
ASIFABAD,ASIFABAD,ASIFABAD RURAL,JAINOOR,JAMGONE H/O USHAGAON,2,COMMERCIAL,15,14,2491.0,19.844
ASIFABAD,ASIFABAD,ASIFABAD RURAL,JAINOOR,JAMNI,2,COMMERCIAL,10,9,3696.0,28.538
ASIFABAD,ASIFABAD,ASIFABAD RURAL,JAINOOR,JANDAGUDA H/O ASHAPA,2,COMMERCIAL,4,4,2664.0,17.0
ASIFABAD,ASIFABAD,ASIFABAD RURAL,JAINOOR,KONDIBAGUDA,2,COMMERCIAL,2,1,145.0,1.98
ASIFABAD,SIRPUR KAGAZNAGAR,KAGAZNAGAR,DAHEGAOM,KARJI,2,COMMERCIAL,2,2,0.0,2.0
ASIFABAD,SIRPUR KAGAZNAGAR,KAGAZNAGAR,DAHEGAOM,KOTHMEER,2,COMMERCIAL,20,19,2481.0,28.805
ASIFABAD,SIRPUR KAGAZNAGAR,KAGAZNAGAR,DAHEGAOM,KUNCHEVELLY,2,COMMERCIAL,72,71,8139.0,99.26
ASIFABAD,SIRPUR KAGAZNAGAR,KAGAZNAGAR,DAHEGAOM,LAGGOAM,2,COMMERCIAL,15,13,488.0,15.636
ASIFABAD,SIRPUR KAGAZNAGAR,KAGAZNAGAR,DAHEGAOM,LOHA,2,COMMERCIAL,1,1,0.0,0.995
ASIFABAD,SIRPUR KAGAZNAGAR,KAGAZNAGAR,DAHEGAOM,MOTTLAGUDEM,2,COMMERCIAL,3,3,20.0,2.5
ASIFABAD,SIRPUR KAGAZNAGAR,KAGAZNAGAR,DAHEGAOM,ODDUGUDEM,2,COMMERCIAL,23,23,4495.0,47.744
ASIFABAD,SIRPUR KAGAZNAGAR,KAGAZNAGAR,DAHEGAOM,PAMBAPOOR,2,COMMERCIAL,3,2,84.0,6.0
ASIFABAD,SIRPUR KAGAZNAGAR,KAGAZNAGAR,DAHEGAOM,PARVATHI PETA,2,COMMERCIAL,1,1,109.0,2.12
ASIFABAD,SIRPUR KAGAZNAGAR,KAGAZNAGAR,DAHEGAOM,PEKALA GUDEM,2,COMMERCIAL,3,2,327.0,20.99
ASIFABAD,SIRPUR KAGAZNAGAR,KAGAZNAGAR,DAHEGAOM,PESARLA KUNTA,2,COMMERCIAL,5,5,197.0,6.0
ASIFABAD,SIRPUR KAGAZNAGAR,KOWTALA,SIRPUR - T,DHORPALLY,2,COMMERCIAL,9,8,848.0,31.84
ASIFABAD,SIRPUR KAGAZNAGAR,KOWTALA,SIRPUR - T,DUBBAGUDA,2,COMMERCIAL,6,4,110.0,13.436
ASIFABAD,SIRPUR KAGAZNAGAR,KOWTALA,SIRPUR - T,HEERAPUR,2,COMMERCIAL,4,4,117.0,5.0
ASIFABAD,SIRPUR KAGAZNAGAR,KOWTALA,SIRPUR - T,HUDIKILI,2,COMMERCIAL,7,6,1261.0,19.996
ASIFABAD,SIRPUR KAGAZNAGAR,KOWTALA,SIRPUR - T,ITKALAPAD,2,COMMERCIAL,4,4,57.0,6.998
ASIFABAD,SIRPUR KAGAZNAGAR,KOWTALA,SIRPUR - T,JAKKAPOOR,2,COMMERCIAL,2,2,42.0,2.24
ASIFABAD,SIRPUR KAGAZNAGAR,KOWTALA,SIRPUR - T,KARJEPALLY,2,COMMERCIAL,1,1,1.0,1.0
ASIFABAD,SIRPUR KAGAZNAGAR,KOWTALA,SIRPUR - T,LAXMIPUR,2,COMMERCIAL,6,5,954.0,7.0
ASIFABAD,SIRPUR KAGAZNAGAR,KOWTALA,SIRPUR - T,LIMBUGUDA,2,COMMERCIAL,1,1,41.0,2.0
ASIFABAD,SIRPUR KAGAZNAGAR,KOWTALA,SIRPUR - T,LONAVELLY,2,COMMERCIAL,58,45,5577.0,76.786
ASIFABAD,SIRPUR KAGAZNAGAR,KOWTALA,SIRPUR - T,MEDIPALLY,2,COMMERCIAL,1,1,0.0,1.0
BHADRADRI KOTHAGUDEM,KOTHAGUDEM,KOTHAGUDEM RURAL,SUJATHA NAGAR,RUPLA TANDA-KR,2,COMMERCIAL,3,2,0.0,5.0
BHADRADRI KOTHAGUDEM,KOTHAGUDEM,KOTHAGUDEM RURAL,SUJATHA NAGAR,SARVARAM-KR,2,COMMERCIAL,30,25,717.0,33.38
BHADRADRI KOTHAGUDEM,KOTHAGUDEM,KOTHAGUDEM RURAL,SUJATHA NAGAR,SEETHAM PET-KR,2,COMMERCIAL,43,35,6086.0,86.39
BHADRADRI KOTHAGUDEM,KOTHAGUDEM,YELLANDU,GUNDALA,KACHANNA PALLY-GUN,2,COMMERCIAL,38,31,4379.0,80.96
BHADRADRI KOTHAGUDEM,KOTHAGUDEM,YELLANDU,GUNDALA,KICHANA PALLY-GU,2,COMMERCIAL,1,0,0.0,1.0
BHADRADRI KOTHAGUDEM,KOTHAGUDEM,YELLANDU,GUNDALA,LINGA GUDEM-GUN,2,COMMERCIAL,5,4,97.0,5.16
BHADRADRI KOTHAGUDEM,KOTHAGUDEM,YELLANDU,GUNDALA,M.NARASAPURAM-GU,2,COMMERCIAL,1,1,0.0,1.0
BHADRADRI KOTHAGUDEM,KOTHAGUDEM,YELLANDU,GUNDALA,MAMAKANNU-GUN,2,COMMERCIAL,14,11,1923.0,22.837
BHADRADRI KOTHAGUDEM,KOTHAGUDEM,YELLANDU,GUNDALA,MARKODU-GUN,2,COMMERCIAL,71,70,4904.0,113.58
BHADRADRI KOTHAGUDEM,PALONCHA,ASWARAOPETA,GANDUGULAPALLY,NAIDUPETA,2,COMMERCIAL,13,10,4422.0,39.22
BHADRADRI KOTHAGUDEM,PALONCHA,ASWARAOPETA,GANDUGULAPALLY,NALLIVARIGUDEM,2,COMMERCIAL,1,1,26.0,1.0
BHADRADRI KOTHAGUDEM,PALONCHA,ASWARAOPETA,GANDUGULAPALLY,RAMACHANDRAPURA,2,COMMERCIAL,1,1,21.0,2.0
BHADRADRI KOTHAGUDEM,PALONCHA,ASWARAOPETA,GANDUGULAPALLY,REDYALAPADU,2,COMMERCIAL,5,4,72.0,4.24
BHADRADRI KOTHAGUDEM,PALONCHA,ASWARAOPETA,GANDUGULAPALLY,SEETHARAMPURAM,2,COMMERCIAL,5,5,114.0,2.72
BHADRADRI KOTHAGUDEM,PALONCHA,ASWARAOPETA,GANDUGULAPALLY,SRIRAMPURAM,2,COMMERCIAL,35,29,1975.0,58.15
BHADRADRI KOTHAGUDEM,PALONCHA,ASWARAOPETA,GANDUGULAPALLY,TATISUBBANNAGUDEM,2,COMMERCIAL,2,2,9.0,2.0
BHADRADRI KOTHAGUDEM,PALONCHA,ASWARAOPETA,GANDUGULAPALLY,TOTTI PAMPU,2,COMMERCIAL,4,2,23.0,3.36
BHADRADRI KOTHAGUDEM,PALONCHA,ASWARAOPETA,VINAYAKAPURAM,ANATHARAM,2,COMMERCIAL,26,25,2861.0,46.48
BHUPALAPALLY,BHUPALAPALLY,BHOOPALPALLY,BHOOPALPALLY,MANZOORNAGAR,2,COMMERCIAL,456,436,72919.0,1393.61
BHUPALAPALLY,BHUPALAPALLY,BHOOPALPALLY,BHOOPALPALLY,PEDDAKUNTAPALLY,2,COMMERCIAL,2,1,19.0,3.0
BHUPALAPALLY,BHUPALAPALLY,BHOOPALPALLY,BHOOPALPALLY,PULLURI RAMAIAHPALLY,2,COMMERCIAL,158,139,24328.0,536.54
BHUPALAPALLY,BHUPALAPALLY,BHOOPALPALLY,BHOOPALPALLY,SIGGAMPALLI-JANGED,2,COMMERCIAL,7,3,34.0,12.66
BHUPALAPALLY,BHUPALAPALLY,BHOOPALPALLY,BHOOPALPALLY,VESHALAPALLI-JANGED,2,COMMERCIAL,22,18,733.0,86.899
BHUPALAPALLY,BHUPALAPALLY,BHOOPALPALLY,BHOOPALPALLY RURAL,AMUDALAPALLY,2,COMMERCIAL,1,1,0.0,1.0
BHUPALAPALLY,BHUPALAPALLY,BHOOPALPALLY,BHOOPALPALLY RURAL,AZAMNAGAR,2,COMMERCIAL,64,48,6301.0,102.112
BHUPALAPALLY,BHUPALAPALLY,BHOOPALPALLY,BHOOPALPALLY RURAL,BHOWSINGHPALLY,2,COMMERCIAL,4,4,240.0,8.0
BHUPALAPALLY,BHUPALAPALLY,BHOOPALPALLY,BHOOPALPALLY RURAL,DEEKSHAKUNTA,2,COMMERCIAL,10,9,582.0,14.68
BHUPALAPALLY,BHUPALAPALLY,CHITYAL,RAMAKRISHNAPUR,EMPAID,2,COMMERCIAL,8,7,231.0,13.51
BHUPALAPALLY,BHUPALAPALLY,CHITYAL,RAMAKRISHNAPUR,GARIMILLAPALLI,2,COMMERCIAL,42,31,6139.0,76.13
BHUPALAPALLY,BHUPALAPALLY,CHITYAL,RAMAKRISHNAPUR,GUMMUDAVELLI,2,COMMERCIAL,3,2,2854.0,16.55
BHUPALAPALLY,BHUPALAPALLY,CHITYAL,RAMAKRISHNAPUR,JOORMPALLY,2,COMMERCIAL,2,2,76.0,1.24
BHUPALAPALLY,BHUPALAPALLY,CHITYAL,RAMAKRISHNAPUR,KUNDANPALLI,2,COMMERCIAL,14,14,292.0,16.49
BHUPALAPALLY,BHUPALAPALLY,CHITYAL,RAMAKRISHNAPUR,MANDARONIPALLY,2,COMMERCIAL,6,6,2595.0,12.0
BHUPALAPALLY,BHUPALAPALLY,CHITYAL,RAMAKRISHNAPUR,PANGIDIPALLI,2,COMMERCIAL,28,26,1166.0,42.8
BHUPALAPALLY,BHUPALAPALLY,CHITYAL,RAMAKRISHNAPUR,PEDDAMPALLY,2,COMMERCIAL,3,2,8.0,4.0
BHUPALAPALLY,BHUPALAPALLY,CHITYAL,RAMAKRISHNAPUR,RAGHAVAPUR II,2,COMMERCIAL,15,14,752.0,24.735
BHUPALAPALLY,BHUPALAPALLY,CHITYAL,RAMAKRISHNAPUR,RAGHAVAREDDYPET,2,COMMERCIAL,41,38,1150.0,44.19
BHUPALAPALLY,MULUGU,ETURNAGARAM,ETURUNAGARAM,SHIVAPUR,2,COMMERCIAL,5,2,548.0,5.249
BHUPALAPALLY,MULUGU,ETURNAGARAM,ETURUNAGARAM,VEERAPUR,2,COMMERCIAL,1,1,10.0,1.0
BHUPALAPALLY,MULUGU,ETURNAGARAM,KAMALAPUR,AKINEPALLIMALLARAM,2,COMMERCIAL,13,12,3575.0,44.0
BHUPALAPALLY,MULUGU,ETURNAGARAM,KAMALAPUR,BALANNAGUDEM,2,COMMERCIAL,5,4,136.0,5.0
BHUPALAPALLY,MULUGU,ETURNAGARAM,KAMALAPUR,BRAHMANAPALLI,2,COMMERCIAL,15,13,525.0,26.75
BHUPALAPALLY,MULUGU,ETURNAGARAM,KAMALAPUR,BUCHAMPET,2,COMMERCIAL,18,17,407.0,17.5
BHUPALAPALLY,MULUGU,ETURNAGARAM,KAMALAPUR,CHANCHUPALLI,2,COMMERCIAL,10,8,3918.0,27.55
BHUPALAPALLY,MULUGU,ETURNAGARAM,KAMALAPUR,CHERPALLI,2,COMMERCIAL,50,38,3532.0,51.95
BHUPALAPALLY,MULUGU,ETURNAGARAM,KAMALAPUR,DEVANAGAR,2,COMMERCIAL,1,1,0.0,1.84
BHUPALAPALLY,MULUGU,MULUG,THADVAI,KANNEBOINAPALLY,2,COMMERCIAL,1,1,43.0,1.59
BHUPALAPALLY,MULUGU,MULUG,THADVAI,KATAPUR,2,COMMERCIAL,100,79,9210.0,141.76
BHUPALAPALLY,MULUGU,MULUG,THADVAI,KODSHALA,2,COMMERCIAL,2,2,181.0,16.0
BHUPALAPALLY,MULUGU,MULUG,THADVAI,LAVVALA,2,COMMERCIAL,1,1,0.0,4.0
BHUPALAPALLY,MULUGU,MULUG,THADVAI,MEDARAM,2,COMMERCIAL,107,96,18942.0,337.989
BHUPALAPALLY,MULUGU,MULUG,THADVAI,NARLAPUR,2,COMMERCIAL,51,39,3479.0,94.71
BHUPALAPALLY,MULUGU,MULUG,THADVAI,NARSAPUR P ANNARAM,2,COMMERCIAL,5,4,80.0,7.25
BHUPALAPALLY,MULUGU,MULUG,THADVAI,NARSINGAPUR,2,COMMERCIAL,4,4,126.0,8.0
HANUMAKONDA,HANAMKONDA/RURAL,HANAMKONDA(R),INAVOL,VENKATAPUR,2,COMMERCIAL,95,84,9421.0,141.429
HANUMAKONDA,HANAMKONDA/RURAL,HANAMKONDA(R),PANTHINI,CHINTHAKUNTAPALLY,2,COMMERCIAL,3,3,38.0,2.55
HANUMAKONDA,HANAMKONDA/RURAL,HANAMKONDA(R),PANTHINI,KAKKIRALAPALLI,2,COMMERCIAL,60,55,9860.0,119.24
HANUMAKONDA,HANAMKONDA/RURAL,HANAMKONDA(R),PANTHINI,MARIYAPUR,2,COMMERCIAL,32,22,10283.0,138.028
HANUMAKONDA,HANAMKONDA/RURAL,HANAMKONDA(R),PANTHINI,NANDANAM-1,2,COMMERCIAL,68,64,9276.0,152.273
HANUMAKONDA,HANAMKONDA/RURAL,HANAMKONDA(R),PANTHINI,PANTHANI,2,COMMERCIAL,174,153,18446.0,323.08
HANUMAKONDA,HANAMKONDA/RURAL,HANAMKONDA(R),PANTHINI,PERUMALAGUDEM,2,COMMERCIAL,12,11,358.0,15.577
HANUMAKONDA,HANAMKONDA/RURAL,HANAMKONDA(R),PANTHINI,PUNNEL,2,COMMERCIAL,102,90,35403.0,350.347
HANUMAKONDA,HANAMKONDA/RURAL,PARKAL,PARKAL-TOWN,CHANDUPATLAWADA,2,COMMERCIAL,20,20,1686.0,28.1
HANUMAKONDA,HANAMKONDA/RURAL,PARKAL,PARKAL-TOWN,CSI COLONY,2,COMMERCIAL,10,9,512.0,13.7
ADILABAD,UTNOOR,UTNOOR,UTNOOR,GANGANNAPET,2,COMMERCIAL,54,47,4203.0,93.184
ADILABAD,UTNOOR,UTNOOR,UTNOOR,GANGAPOOR(NEW),2,COMMERCIAL,4,4,402.0,9.968
ADILABAD,UTNOOR,UTNOOR,UTNOOR,GHANPOOR,2,COMMERCIAL,2,1,0.0,3.992
ADILABAD,UTNOOR,UTNOOR,UTNOOR,GOTTI,2,COMMERCIAL,1,1,0.0,3.0
ADILABAD,UTNOOR,UTNOOR,UTNOOR,HARAKAPOOR,2,COMMERCIAL,12,11,564.0,26.744
ADILABAD,UTNOOR,UTNOOR,UTNOOR,HASNAPUR,2,COMMERCIAL,69,43,10723.0,102.142
ADILABAD,UTNOOR,UTNOOR,UTNOOR,HEERAPUR,2,COMMERCIAL,6,2,324.0,17.534
ADILABAD,UTNOOR,UTNOOR,UTNOOR,HEERAPUR (B),2,COMMERCIAL,1,1,0.0,1.0
ADILABAD,UTNOOR,UTNOOR,UTNOOR,HEERAPUR (J),2,COMMERCIAL,1,0,0.0,3.2
ADILABAD,UTNOOR,UTNOOR,UTNOOR,JAITHURAMTANDA H/O N,2,COMMERCIAL,3,3,119.0,3.552
ADILABAD,UTNOOR,UTNOOR,UTNOOR,Jamalthanda,2,COMMERCIAL,2,2,0.0,3.3
ADILABAD,UTNOOR,UTNOOR,UTNOOR,KAMAIPET,2,COMMERCIAL,2,2,166.0,2.0
ADILABAD,UTNOOR,UTNOOR,UTNOOR,KANNAPUR,2,COMMERCIAL,1,1,0.0,1.0
ASIFABAD,ASIFABAD,ASIFABAD,WANKIDI,SAVATHI,2,COMMERCIAL,3,2,959.0,5.5
ASIFABAD,ASIFABAD,ASIFABAD,WANKIDI,SONAPUR,2,COMMERCIAL,3,3,441.0,5.0
ASIFABAD,ASIFABAD,ASIFABAD,WANKIDI,TEJAGUDA,2,COMMERCIAL,3,2,359.0,5.0
ASIFABAD,ASIFABAD,ASIFABAD,WANKIDI,TEJAPUR,2,COMMERCIAL,2,1,36.0,3.0
ASIFABAD,ASIFABAD,ASIFABAD,WANKIDI,VELGI,2,COMMERCIAL,4,4,977.0,3.5
ASIFABAD,ASIFABAD,ASIFABAD,WANKIDI,WANKIDI,2,COMMERCIAL,550,408,55259.0,848.82
ASIFABAD,ASIFABAD,ASIFABAD RURAL,JAINOOR,ADDESSARA,2,COMMERCIAL,2,2,0.0,6.0
ASIFABAD,ASIFABAD,ASIFABAD RURAL,JAINOOR,ASHAPALLI,2,COMMERCIAL,2,2,0.0,1.856
ASIFABAD,ASIFABAD,ASIFABAD RURAL,JAINOOR,BHUSIMATTA,2,COMMERCIAL,3,3,4510.0,21.0
ASIFABAD,ASIFABAD,ASIFABAD RURAL,JAINOOR,DABOLI,2,COMMERCIAL,3,3,0.0,7.0
ASIFABAD,SIRPUR KAGAZNAGAR,KAGAZNAGAR,DAHEGAOM,GERAVELLY,2,COMMERCIAL,21,20,3448.0,38.06
ASIFABAD,SIRPUR KAGAZNAGAR,KAGAZNAGAR,DAHEGAOM,GERRE  G,2,COMMERCIAL,4,3,174.0,4.95
ASIFABAD,SIRPUR KAGAZNAGAR,KAGAZNAGAR,DAHEGAOM,HETHINI,2,COMMERCIAL,27,25,961.0,45.87
ASIFABAD,SIRPUR KAGAZNAGAR,KAGAZNAGAR,DAHEGAOM,ITYAL,2,COMMERCIAL,17,16,2412.0,27.242
ASIFABAD,SIRPUR KAGAZNAGAR,KAGAZNAGAR,DAHEGAOM,JANDAGUDA,2,COMMERCIAL,1,1,32.0,2.0
ASIFABAD,SIRPUR KAGAZNAGAR,KAGAZNAGAR,DAHEGAOM,KALWADA,2,COMMERCIAL,27,24,1212.0,29.31
ASIFABAD,SIRPUR KAGAZNAGAR,KAGAZNAGAR,DAHEGAOM,KAMMAPUR,2,COMMERCIAL,3,3,608.0,9.0
ASIFABAD,SIRPUR KAGAZNAGAR,KOWTALA,KOWTALA,THAZNAGAR,2,COMMERCIAL,2,2,62.0,3.97
ASIFABAD,SIRPUR KAGAZNAGAR,KOWTALA,KOWTALA,THUMDI HETI,2,COMMERCIAL,16,15,2934.0,37.323
ASIFABAD,SIRPUR KAGAZNAGAR,KOWTALA,KOWTALA,VEERADANDI,2,COMMERCIAL,7,5,641.0,16.715
ASIFABAD,SIRPUR KAGAZNAGAR,KOWTALA,KOWTALA,VEERAVELLY,2,COMMERCIAL,3,3,466.0,3.975
ASIFABAD,SIRPUR KAGAZNAGAR,KOWTALA,KOWTALA,VYGAOM,2,COMMERCIAL,1,1,80.0,1.8
ASIFABAD,SIRPUR KAGAZNAGAR,KOWTALA,KOWTALA,YAPALAGUDA,2,COMMERCIAL,1,1,0.0,0.975
ASIFABAD,SIRPUR KAGAZNAGAR,KOWTALA,SIRPUR - T,ACHELLY,2,COMMERCIAL,4,3,64.0,6.0
ASIFABAD,SIRPUR KAGAZNAGAR,KOWTALA,SIRPUR - T,BENGALI CAMP (SIRPUR-T),2,COMMERCIAL,3,3,28.0,2.876
ASIFABAD,SIRPUR KAGAZNAGAR,KOWTALA,SIRPUR - T,BHUPALAPATNAM,2,COMMERCIAL,7,6,1071.0,13.838
ASIFABAD,SIRPUR KAGAZNAGAR,KOWTALA,SIRPUR - T,CHEELAPELLI,2,COMMERCIAL,8,8,1347.0,12.24
ASIFABAD,SIRPUR KAGAZNAGAR,KOWTALA,SIRPUR - T,CHINTAKUNTA,2,COMMERCIAL,10,9,2059.0,23.99
BHADRADRI KOTHAGUDEM,BHADRACHALAM,CHERLA,DUMMUGUDEM,MAHEDAVAPURAM,2,COMMERCIAL,5,4,153.0,7.48
BHADRADRI KOTHAGUDEM,BHADRACHALAM,CHERLA,DUMMUGUDEM,MANGAVAI BADAVA,2,COMMERCIAL,2,0,0.0,6.0
BHADRADRI KOTHAGUDEM,BHADRACHALAM,CHERLA,DUMMUGUDEM,MARAIGUDEM,2,COMMERCIAL,20,19,3320.0,33.72
BHADRADRI KOTHAGUDEM,BHADRACHALAM,CHERLA,DUMMUGUDEM,MAREDUBAKA,2,COMMERCIAL,3,3,33.0,3.0
BHADRADRI KOTHAGUDEM,BHADRACHALAM,CHERLA,DUMMUGUDEM,MULAKAPADU,2,COMMERCIAL,72,71,4590.0,129.0
BHADRADRI KOTHAGUDEM,BHADRACHALAM,CHERLA,DUMMUGUDEM,MUSALIMADUGU -D,2,COMMERCIAL,5,4,55.0,5.18
BHADRADRI KOTHAGUDEM,BHADRACHALAM,CHERLA,DUMMUGUDEM,NADIKUDI,2,COMMERCIAL,12,12,6153.0,28.48
BHADRADRI KOTHAGUDEM,BHADRACHALAM,CHERLA,DUMMUGUDEM,NARAYANARAO PETA,2,COMMERCIAL,1,1,53.0,1.26
BHADRADRI KOTHAGUDEM,BHADRACHALAM,MANUGURU,PINAPAKA,TOKKUGUDEM <P>,2,COMMERCIAL,10,7,197.0,11.89
BHADRADRI KOTHAGUDEM,BHADRACHALAM,MANUGURU,PINAPAKA,UPPAKA,2,COMMERCIAL,13,13,3025.0,30.06
BHADRADRI KOTHAGUDEM,BHADRACHALAM,MANUGURU,PINAPAKA,VENKATESWARA PURAM,2,COMMERCIAL,2,2,40.0,2.0
BHADRADRI KOTHAGUDEM,BHADRACHALAM,MANUGURU,PINAPAKA,VENKATRAO PETA,2,COMMERCIAL,6,5,161.0,10.69
BHADRADRI KOTHAGUDEM,KOTHAGUDEM,KOTHAGUDEM,CHUNCHUPALLY,3 INCLINE-KR,2,COMMERCIAL,31,20,5034.0,70.981
BHADRADRI KOTHAGUDEM,KOTHAGUDEM,KOTHAGUDEM,CHUNCHUPALLY,4-INCLINE-KR,2,COMMERCIAL,24,19,2311.0,39.811
BHADRADRI KOTHAGUDEM,KOTHAGUDEM,KOTHAGUDEM,CHUNCHUPALLY,7 INCLINE-KR,2,COMMERCIAL,12,2,5.0,8.6
BHADRADRI KOTHAGUDEM,KOTHAGUDEM,KOTHAGUDEM,CHUNCHUPALLY,ANANDA KHANI-KR,2,COMMERCIAL,7,3,134.0,13.42
BHADRADRI KOTHAGUDEM,KOTHAGUDEM,KOTHAGUDEM RURAL,SUJATHA NAGAR,NIMMALAGUDEM COLONY-KR,2,COMMERCIAL,3,1,0.0,2.24
BHADRADRI KOTHAGUDEM,KOTHAGUDEM,KOTHAGUDEM RURAL,SUJATHA NAGAR,OLD ANJANAPURAM,2,COMMERCIAL,6,6,275.0,8.98
BHADRADRI KOTHAGUDEM,KOTHAGUDEM,KOTHAGUDEM RURAL,SUJATHA NAGAR,RAGHAVA PURAM-KR,2,COMMERCIAL,23,21,466.0,29.92
BHADRADRI KOTHAGUDEM,KOTHAGUDEM,KOTHAGUDEM RURAL,SUJATHA NAGAR,RAMANNA PALEM-KR,2,COMMERCIAL,16,13,1278.0,23.34
BHADRADRI KOTHAGUDEM,KOTHAGUDEM,KOTHAGUDEM RURAL,SUJATHA NAGAR,RAMJI THANDA - KR,2,COMMERCIAL,1,1,0.0,1.0
BHADRADRI KOTHAGUDEM,KOTHAGUDEM,KOTHAGUDEM RURAL,SUJATHA NAGAR,RAMULA TANDA-KR,2,COMMERCIAL,3,3,55.0,3.18
BHADRADRI KOTHAGUDEM,KOTHAGUDEM,KOTHAGUDEM RURAL,SUJATHA NAGAR,REDDY PALEM - KR,2,COMMERCIAL,1,1,0.0,1.0
BHUPALAPALLY,BHUPALAPALLY,BHOOPALPALLY,BHOOPALPALLY,MAHABOOBPALLY,2,COMMERCIAL,10,9,919.0,64.1
BHUPALAPALLY,BHUPALAPALLY,CHITYAL,MOGULLAPALLY,RANGAPUR III,2,COMMERCIAL,43,35,1081.0,44.25
BHUPALAPALLY,BHUPALAPALLY,CHITYAL,MOGULLAPALLY,VEMULAPALLI,2,COMMERCIAL,31,28,1486.0,56.69
BHUPALAPALLY,BHUPALAPALLY,CHITYAL,MOGULLAPALLY,VOGADDUPALLY,2,COMMERCIAL,1,1,32.0,1.0
BHUPALAPALLY,BHUPALAPALLY,CHITYAL,MOGULLAPALLY,YELLAREDDYPALLY,2,COMMERCIAL,13,12,625.0,22.15
BHUPALAPALLY,BHUPALAPALLY,CHITYAL,RAMAKRISHNAPUR,ANKUSHAPUR TM,2,COMMERCIAL,23,23,1423.0,24.09
BHUPALAPALLY,BHUPALAPALLY,CHITYAL,RAMAKRISHNAPUR,AREPALLY,2,COMMERCIAL,2,2,97.0,4.55
BHUPALAPALLY,BHUPALAPALLY,CHITYAL,RAMAKRISHNAPUR,ASHIREDDY PALLY,2,COMMERCIAL,9,9,597.0,19.0
BHUPALAPALLY,BHUPALAPALLY,CHITYAL,RAMAKRISHNAPUR,BANDAPALLI  V.PALLY,2,COMMERCIAL,4,4,1071.0,17.89
BHUPALAPALLY,BHUPALAPALLY,CHITYAL,RAMAKRISHNAPUR,BORNAPALLI,2,COMMERCIAL,5,5,219.0,5.78
BHUPALAPALLY,BHUPALAPALLY,CHITYAL,RAMAKRISHNAPUR,DUBBIYALA,2,COMMERCIAL,11,10,351.0,15.1
BHUPALAPALLY,BHUPALAPALLY,CHITYAL,RAMAKRISHNAPUR,DWARAKAPET  K.PALLY,2,COMMERCIAL,7,7,256.0,8.0
BHUPALAPALLY,MULUGU,ETURNAGARAM,ETURUNAGARAM,ILAPOOR,2,COMMERCIAL,4,4,165.0,4.72
BHUPALAPALLY,MULUGU,ETURNAGARAM,ETURUNAGARAM,KONDAI,2,COMMERCIAL,2,2,175.0,5.0
BHUPALAPALLY,MULUGU,ETURNAGARAM,ETURUNAGARAM,KOYAGUDEM,2,COMMERCIAL,14,12,427.0,12.47
BHUPALAPALLY,MULUGU,ETURNAGARAM,ETURUNAGARAM,MALYALA,2,COMMERCIAL,1,1,19.0,1.0
BHUPALAPALLY,MULUGU,ETURNAGARAM,ETURUNAGARAM,MULLAKATTA,2,COMMERCIAL,2,2,66.0,4.0
BHUPALAPALLY,MULUGU,ETURNAGARAM,ETURUNAGARAM,PAPKAPUR,2,COMMERCIAL,1,1,6.0,1.0
BHUPALAPALLY,MULUGU,ETURNAGARAM,ETURUNAGARAM,PEDDAVENKATAPUR,2,COMMERCIAL,2,0,0.0,50.0
BHUPALAPALLY,MULUGU,ETURNAGARAM,ETURUNAGARAM,RAMANNAGUDEM,2,COMMERCIAL,39,31,4314.0,54.19
BHUPALAPALLY,MULUGU,ETURNAGARAM,ETURUNAGARAM,ROHIR,2,COMMERCIAL,31,22,3397.0,55.99
BHUPALAPALLY,MULUGU,ETURNAGARAM,ETURUNAGARAM,SHANKARAJPALLI,2,COMMERCIAL,33,29,1223.0,33.799
BHUPALAPALLY,MULUGU,ETURNAGARAM,ETURUNAGARAM,SHAPALLI,2,COMMERCIAL,1,1,116.0,1.0
BHUPALAPALLY,MULUGU,MULUG,THADVAI,BAYYAKKAPET,2,COMMERCIAL,2,2,602.0,15.0
BHUPALAPALLY,MULUGU,MULUG,THADVAI,BEERELLI,2,COMMERCIAL,12,9,430.0,19.25
BHUPALAPALLY,MULUGU,MULUG,THADVAI,BHOOPATHIPURAM,2,COMMERCIAL,1,1,0.0,0.24
BHUPALAPALLY,MULUGU,MULUG,THADVAI,DAMERAVAI,2,COMMERCIAL,2,2,69.0,2.0
BHUPALAPALLY,MULUGU,MULUG,THADVAI,ELBAKA,2,COMMERCIAL,4,2,1549.0,5.75
BHUPALAPALLY,MULUGU,MULUG,THADVAI,GANGARAM,2,COMMERCIAL,6,4,128.0,8.49
BHUPALAPALLY,MULUGU,MULUG,THADVAI,IMMADIGUDEM,2,COMMERCIAL,2,0,0.0,3.0
BHUPALAPALLY,MULUGU,MULUG,THADVAI,JAMPANAWAI,2,COMMERCIAL,9,8,480.0,11.25
BHUPALAPALLY,MULUGU,MULUG,THADVAI,KALWAPALLI,2,COMMERCIAL,18,14,1921.0,38.47
BHUPALAPALLY,MULUGU,MULUG,THADVAI,KAMARAM,2,COMMERCIAL,5,4,48.0,26.0
HANUMAKONDA,HANAMKONDA/RURAL,HANAMKONDA(R),INAVOL,GUNTURUPALLI,2,COMMERCIAL,2,2,275.0,2.0
HANUMAKONDA,HANAMKONDA/RURAL,HANAMKONDA(R),INAVOL,INOLE,2,COMMERCIAL,245,200,26019.0,411.139
HANUMAKONDA,HANAMKONDA/RURAL,HANAMKONDA(R),INAVOL,KONDAPARTHI,2,COMMERCIAL,106,91,16408.0,186.28
HANUMAKONDA,HANAMKONDA/RURAL,HANAMKONDA(R),INAVOL,MULUKULAGUDEM,2,COMMERCIAL,25,24,3428.0,49.482
HANUMAKONDA,HANAMKONDA/RURAL,HANAMKONDA(R),INAVOL,NANDANAM-II,2,COMMERCIAL,8,6,3133.0,47.0
HANUMAKONDA,HANAMKONDA/RURAL,HANAMKONDA(R),INAVOL,NARSMILAGUDEM,2,COMMERCIAL,9,8,337.0,13.128
HANUMAKONDA,HANAMKONDA/RURAL,HANAMKONDA(R),INAVOL,ONTIMAMIDIPALLY,2,COMMERCIAL,33,31,4338.0,64.71
HANUMAKONDA,HANAMKONDA/RURAL,HANAMKONDA(R),INAVOL,VANAMALA KANPARTHY,2,COMMERCIAL,53,47,4896.0,113.12
HANUMAKONDA,HANAMKONDA/RURAL,PARKAL,PARKAL(RURAL),PULIGILLA,2,COMMERCIAL,42,41,3037.0,76.1
HANUMAKONDA,HANAMKONDA/RURAL,PARKAL,PARKAL(RURAL),RAMAKISTAPUR,2,COMMERCIAL,9,7,556.0,13.65
HANUMAKONDA,HANAMKONDA/RURAL,PARKAL,PARKAL(RURAL),RAYAPARTHI,2,COMMERCIAL,38,34,4986.0,71.78
HANUMAKONDA,HANAMKONDA/RURAL,PARKAL,PARKAL(RURAL),VENKATAPUR,2,COMMERCIAL,10,10,1626.0,25.04
HANUMAKONDA,HANAMKONDA/RURAL,PARKAL,PARKAL(RURAL),VERIKOLE,2,COMMERCIAL,42,37,7325.0,70.65
HANUMAKONDA,HANAMKONDA/RURAL,PARKAL,PARKAL-TOWN,ALIABAD,2,COMMERCIAL,2,2,41.0,2.0
HANUMAKONDA,HANAMKONDA/RURAL,PARKAL,PARKAL-TOWN,ANITHA HOSPITAL,2,COMMERCIAL,94,85,5936.0,111.23
HANUMAKONDA,HANAMKONDA/RURAL,PARKAL,PARKAL-TOWN,AUTO NAGAR(ALLAM CHAI),2,COMMERCIAL,108,91,7128.0,171.628
HANUMAKONDA,HANAMKONDA/RURAL,PARKAL,PARKAL-TOWN,B.C COLONY,2,COMMERCIAL,5,5,326.0,11.0
HANUMAKONDA,HANAMKONDA/RURAL,PARKAL,PARKAL-TOWN,BUDAGAJANGALA COLONY,2,COMMERCIAL,41,37,3914.0,80.95
HANUMAKONDA,HANAMKONDA/RURAL,PARKAL,PARKAL-TOWN,BUS DEPO,2,COMMERCIAL,71,65,6269.0,134.83
ADILABAD,ADILABAD,JAINATH,JAINATH,MANGURLA,2,COMMERCIAL,15,12,409.0,24.353
ADILABAD,ADILABAD,JAINATH,JAINATH,MARIGUDA,2,COMMERCIAL,7,7,715.0,18.9
ADILABAD,ADILABAD,JAINATH,JAINATH,MEDIGUDA,2,COMMERCIAL,10,9,386.0,15.679
ADILABAD,ADILABAD,JAINATH,JAINATH,MEDIGUDA (K),2,COMMERCIAL,33,24,2809.0,65.33
ADILABAD,ADILABAD,JAINATH,JAINATH,MUKTHAPUR,2,COMMERCIAL,2,0,0.0,5.0
ADILABAD,ADILABAD,JAINATH,JAINATH,PARDI (B),2,COMMERCIAL,7,4,188.0,8.99
ADILABAD,ADILABAD,JAINATH,JAINATH,PARDI (K),2,COMMERCIAL,3,3,116.0,3.23
ADILABAD,ADILABAD,JAINATH,JAINATH,PIPPALGOAN,2,COMMERCIAL,5,3,221.0,9.48
ADILABAD,ADILABAD,JAINATH,JAINATH,SATHNALA,2,COMMERCIAL,3,3,43.0,43.0
ADILABAD,ADILABAD,JAINATH,JAINATH,SUNDARGIRI,2,COMMERCIAL,6,5,435.0,19.945
ADILABAD,ADILABAD,JAINATH,JAINATH,UMRI,2,COMMERCIAL,2,2,25.0,5.0
ADILABAD,UTNOOR,UTNOOR,GUDIHATNOOR,BELLURI GUDA,2,COMMERCIAL,1,1,158.0,1.0
ASIFABAD,SIRPUR KAGAZNAGAR,KAGAZNAGAR,DAHEGAOM,BEEBRA,2,COMMERCIAL,24,21,1574.0,33.58
ASIFABAD,SIRPUR KAGAZNAGAR,KAGAZNAGAR,DAHEGAOM,BRAHAMANA CHICHALA,2,COMMERCIAL,9,9,140.0,8.13
ASIFABAD,SIRPUR KAGAZNAGAR,KAGAZNAGAR,DAHEGAOM,CHANDRAPALLY,2,COMMERCIAL,5,3,209.0,7.0
ASIFABAD,SIRPUR KAGAZNAGAR,KAGAZNAGAR,DAHEGAOM,CHINNA AIMAM,2,COMMERCIAL,7,6,150.0,8.646
ASIFABAD,SIRPUR KAGAZNAGAR,KAGAZNAGAR,DAHEGAOM,CHINNA RASAPALLI,2,COMMERCIAL,17,15,610.0,24.651
ASIFABAD,SIRPUR KAGAZNAGAR,KAGAZNAGAR,DAHEGAOM,CHOKKA,2,COMMERCIAL,1,1,0.0,1.0
ASIFABAD,SIRPUR KAGAZNAGAR,KAGAZNAGAR,DAHEGAOM,DAHEGAOM,2,COMMERCIAL,162,153,15577.0,299.608
ASIFABAD,SIRPUR KAGAZNAGAR,KOWTALA,KOWTALA,MOGADUDAGADU,2,COMMERCIAL,20,14,3412.0,40.17
ASIFABAD,SIRPUR KAGAZNAGAR,KOWTALA,KOWTALA,MUTHYAMPET,2,COMMERCIAL,87,75,9200.0,161.426
ASIFABAD,SIRPUR KAGAZNAGAR,KOWTALA,KOWTALA,NAGEPALLY,2,COMMERCIAL,4,4,177.0,8.525
ASIFABAD,SIRPUR KAGAZNAGAR,KOWTALA,KOWTALA,PARDI,2,COMMERCIAL,11,11,1690.0,15.9
ASIFABAD,SIRPUR KAGAZNAGAR,KOWTALA,KOWTALA,RANVALLY,2,COMMERCIAL,13,10,1635.0,38.185
ASIFABAD,SIRPUR KAGAZNAGAR,KOWTALA,KOWTALA,RAVINDRA NAGAR,2,COMMERCIAL,126,113,11162.0,144.79
ASIFABAD,SIRPUR KAGAZNAGAR,KOWTALA,KOWTALA,RAVINDRANAGAR-II,2,COMMERCIAL,2,2,51.0,2.0
ASIFABAD,SIRPUR KAGAZNAGAR,KOWTALA,KOWTALA,SANDU GUDEM,2,COMMERCIAL,5,5,425.0,5.215
ASIFABAD,SIRPUR KAGAZNAGAR,KOWTALA,KOWTALA,SIRSA,2,COMMERCIAL,4,4,266.0,4.06
ASIFABAD,SIRPUR KAGAZNAGAR,KOWTALA,KOWTALA,TALODI,2,COMMERCIAL,43,39,4076.0,57.351
ASIFABAD,SIRPUR KAGAZNAGAR,KOWTALA,KOWTALA,TATIPALLI,2,COMMERCIAL,12,12,439.0,21.827
ASIFABAD,SIRPUR KAGAZNAGAR,KOWTALA,KOWTALA,TEKAM GUDAM,2,COMMERCIAL,4,1,19.0,51.99
BHADRADRI KOTHAGUDEM,BHADRACHALAM,CHERLA,DUMMUGUDEM,KANNAPURAM,2,COMMERCIAL,4,4,4232.0,33.73
BHADRADRI KOTHAGUDEM,BHADRACHALAM,CHERLA,DUMMUGUDEM,KASINAGARAM,2,COMMERCIAL,7,7,237.0,7.0
BHADRADRI KOTHAGUDEM,BHADRACHALAM,CHERLA,DUMMUGUDEM,KATAIGUDEM,2,COMMERCIAL,6,6,5615.0,19.0
BHADRADRI KOTHAGUDEM,BHADRACHALAM,CHERLA,DUMMUGUDEM,KESAVAPATNAM,2,COMMERCIAL,3,2,57.0,10.48
BHADRADRI KOTHAGUDEM,BHADRACHALAM,CHERLA,DUMMUGUDEM,KOTHA BANDARIGUDEM,2,COMMERCIAL,1,1,7.0,1.74
BHADRADRI KOTHAGUDEM,BHADRACHALAM,CHERLA,DUMMUGUDEM,KOTHAPALLY,2,COMMERCIAL,7,6,159.0,15.9
BHADRADRI KOTHAGUDEM,BHADRACHALAM,CHERLA,DUMMUGUDEM,KOTHURU,2,COMMERCIAL,2,2,239.0,6.0
BHADRADRI KOTHAGUDEM,BHADRACHALAM,CHERLA,DUMMUGUDEM,KOYA NARSAPURAM,2,COMMERCIAL,2,2,20.0,0.48
BHADRADRI KOTHAGUDEM,BHADRACHALAM,CHERLA,DUMMUGUDEM,LATCHIGUDEM,2,COMMERCIAL,9,9,2295.0,21.48
BHADRADRI KOTHAGUDEM,BHADRACHALAM,CHERLA,DUMMUGUDEM,LAXMI NAGARAM,2,COMMERCIAL,180,170,28793.0,286.05
BHADRADRI KOTHAGUDEM,BHADRACHALAM,MANUGURU,PINAPAKA,NARAYANAPURAM,2,COMMERCIAL,1,1,116.0,1.0
BHADRADRI KOTHAGUDEM,BHADRACHALAM,MANUGURU,PINAPAKA,PANDURANGA PURAM,2,COMMERCIAL,29,21,605.0,27.68
BHADRADRI KOTHAGUDEM,BHADRACHALAM,MANUGURU,PINAPAKA,PATHAREDDY PALEM,2,COMMERCIAL,14,12,415.0,17.48
BHADRADRI KOTHAGUDEM,BHADRACHALAM,MANUGURU,PINAPAKA,PINAPAKA <P>,2,COMMERCIAL,66,48,9569.0,106.82
BHADRADRI KOTHAGUDEM,BHADRACHALAM,MANUGURU,PINAPAKA,POTLAPALLI,2,COMMERCIAL,6,6,221.0,5.24
BHADRADRI KOTHAGUDEM,BHADRACHALAM,MANUGURU,PINAPAKA,RAJUPETA (P),2,COMMERCIAL,1,1,277.0,4.0
BHADRADRI KOTHAGUDEM,BHADRACHALAM,MANUGURU,PINAPAKA,SEETHAMPETA <P>,2,COMMERCIAL,51,44,2316.0,52.49
BHADRADRI KOTHAGUDEM,BHADRACHALAM,MANUGURU,PINAPAKA,SEETHARAMAPURAM <P>,2,COMMERCIAL,10,10,556.0,17.0
BHADRADRI KOTHAGUDEM,BHADRACHALAM,MANUGURU,PINAPAKA,SINGIREDDYPALLY,2,COMMERCIAL,14,13,552.0,13.5
BHADRADRI KOTHAGUDEM,KOTHAGUDEM,KOTHAGUDEM RURAL,SUJATHA NAGAR,MALA BANZAR-KR,2,COMMERCIAL,5,5,105.0,4.47
BHADRADRI KOTHAGUDEM,KOTHAGUDEM,KOTHAGUDEM RURAL,SUJATHA NAGAR,MANGAPET-KR,2,COMMERCIAL,9,7,669.0,30.44
BHADRADRI KOTHAGUDEM,KOTHAGUDEM,KOTHAGUDEM RURAL,SUJATHA NAGAR,NARSIMHA SAGAR-KR,2,COMMERCIAL,6,5,4545.0,20.24
BHADRADRI KOTHAGUDEM,KOTHAGUDEM,KOTHAGUDEM RURAL,SUJATHA NAGAR,NAYAKULA GUDEM-KR,2,COMMERCIAL,48,43,5727.0,172.32
BHADRADRI KOTHAGUDEM,KOTHAGUDEM,KOTHAGUDEM RURAL,SUJATHA NAGAR,NEW ANJANAPURAM,2,COMMERCIAL,7,6,584.0,15.42
BHADRADRI KOTHAGUDEM,KOTHAGUDEM,KOTHAGUDEM RURAL,SUJATHA NAGAR,NIMMALA GUDEM-KR,2,COMMERCIAL,2,1,186.0,7.0
BHADRADRI KOTHAGUDEM,KOTHAGUDEM,YELLANDU,GUNDALA,DONGATHOGU,2,COMMERCIAL,1,1,0.0,2.0
BHADRADRI KOTHAGUDEM,KOTHAGUDEM,YELLANDU,GUNDALA,GALABA-GU,2,COMMERCIAL,1,1,0.0,3.75
BHADRADRI KOTHAGUDEM,KOTHAGUDEM,YELLANDU,GUNDALA,GUNDALA,2,COMMERCIAL,244,217,20770.0,384.162
BHADRADRI KOTHAGUDEM,KOTHAGUDEM,YELLANDU,GUNDALA,JAGGAI GUDEM-GUN,2,COMMERCIAL,2,1,31.0,3.992
BHADRADRI KOTHAGUDEM,KOTHAGUDEM,YELLANDU,GUNDALA,K NADIMIGUDEM-GU,2,COMMERCIAL,1,1,25.0,2.0
BHADRADRI KOTHAGUDEM,PALONCHA,ASWARAOPETA,GANDUGULAPALLY,GATTUGUDEM,2,COMMERCIAL,15,10,836.0,25.16
BHADRADRI KOTHAGUDEM,PALONCHA,ASWARAOPETA,GANDUGULAPALLY,GUNNEPALLY,2,COMMERCIAL,3,2,195.0,4.26
BHADRADRI KOTHAGUDEM,PALONCHA,ASWARAOPETA,GANDUGULAPALLY,J.BANZARA,2,COMMERCIAL,5,4,182.0,14.0
BHADRADRI KOTHAGUDEM,PALONCHA,ASWARAOPETA,GANDUGULAPALLY,KOMMUGUDEM,2,COMMERCIAL,1,1,10.0,1.0
BHADRADRI KOTHAGUDEM,PALONCHA,ASWARAOPETA,GANDUGULAPALLY,LINGALAPALLY,2,COMMERCIAL,20,17,3113.0,34.44
BHADRADRI KOTHAGUDEM,PALONCHA,ASWARAOPETA,GANDUGULAPALLY,MODDULAGUDEM,2,COMMERCIAL,48,44,3528.0,90.63
BHADRADRI KOTHAGUDEM,PALONCHA,ASWARAOPETA,GANDUGULAPALLY,MUKUNDHAPURAM,2,COMMERCIAL,2,2,17.0,1.24
BHADRADRI KOTHAGUDEM,PALONCHA,ASWARAOPETA,GANDUGULAPALLY,NACHARAM,2,COMMERCIAL,49,43,6114.0,94.18
BHADRADRI KOTHAGUDEM,PALONCHA,ASWARAOPETA,GANDUGULAPALLY,NAGUPALLY,2,COMMERCIAL,88,64,11042.0,164.67
BHUPALAPALLY,BHUPALAPALLY,BHOOPALPALLY,BHOOPALPALLY,BHOOPALPALLY,2,COMMERCIAL,2191,1886,287401.0,4995.504
BHUPALAPALLY,BHUPALAPALLY,BHOOPALPALLY,BHOOPALPALLY,GADIGANPALLI  JANGED,2,COMMERCIAL,5,3,55.0,7.5
BHUPALAPALLY,BHUPALAPALLY,BHOOPALPALLY,BHOOPALPALLY,JANGEDU,2,COMMERCIAL,159,123,23038.0,280.306
BHUPALAPALLY,BHUPALAPALLY,BHOOPALPALLY,BHOOPALPALLY,KASIMPALLI(JANGED),2,COMMERCIAL,37,30,5311.0,74.19
BHUPALAPALLY,BHUPALAPALLY,BHOOPALPALLY,BHOOPALPALLY,KRISHNACOLONY,2,COMMERCIAL,56,47,4299.0,72.91
BHUPALAPALLY,BHUPALAPALLY,BHOOPALPALLY,BHOOPALPALLY,KUNDOORPALLY,2,COMMERCIAL,31,29,3369.0,75.55
BHUPALAPALLY,MULUGU,MULUG,PASARA,PASARANAGARAM,2,COMMERCIAL,4,3,132.0,5.0
BHUPALAPALLY,MULUGU,MULUG,PASARA,PASRA,2,COMMERCIAL,587,489,55419.0,927.688
BHUPALAPALLY,MULUGU,MULUG,PASARA,PROJECTNAGAR,2,COMMERCIAL,5,5,375.0,11.0
BHUPALAPALLY,MULUGU,MULUG,PASARA,RAGHAVAPATNAM,2,COMMERCIAL,4,4,131.0,7.5
BHUPALAPALLY,MULUGU,MULUG,PASARA,RAMNAGAR D.G,2,COMMERCIAL,2,2,1152.0,6.0
BHUPALAPALLY,MULUGU,MULUG,PASARA,RAMPOOR,2,COMMERCIAL,13,9,233.0,10.37
BHUPALAPALLY,MULUGU,MULUG,PASARA,RANGAPOOR,2,COMMERCIAL,3,2,2.0,11.25
BHUPALAPALLY,MULUGU,MULUG,PASARA,SOMULAGADDA,2,COMMERCIAL,2,2,18.0,4.0
BHUPALAPALLY,MULUGU,MULUG,THADVAI,ANKAMPALLI,2,COMMERCIAL,1,1,0.0,1.0
BHUPALAPALLY,MULUGU,MULUG,THADVAI,ANNARAM,2,COMMERCIAL,1,1,2.0,18.0
BHUPALAPALLY,MULUGU,MULUG,THADVAI,BANDALA,2,COMMERCIAL,1,1,757.0,5.0
HANUMAKONDA,HANAMKONDA/RURAL,HANAMKONDA(R),DHARMASAGAR,PEDDAPENDIAL,2,COMMERCIAL,130,104,19338.0,373.25
HANUMAKONDA,HANAMKONDA/RURAL,HANAMKONDA(R),DHARMASAGAR,RAIGUDEM H/O TTKL,2,COMMERCIAL,11,9,390.0,13.24
HANUMAKONDA,HANAMKONDA/RURAL,HANAMKONDA(R),DHARMASAGAR,REPAKAPALLE,2,COMMERCIAL,12,11,452.0,22.24
HANUMAKONDA,HANAMKONDA/RURAL,HANAMKONDA(R),DHARMASAGAR,SAIPET,2,COMMERCIAL,35,33,2823.0,65.89
HANUMAKONDA,HANAMKONDA/RURAL,HANAMKONDA(R),DHARMASAGAR,SOMDEVARAPALLY,2,COMMERCIAL,27,25,669.0,38.47
HANUMAKONDA,HANAMKONDA/RURAL,HANAMKONDA(R),DHARMASAGAR,THATIKAYALA,2,COMMERCIAL,38,32,6575.0,109.376
HANUMAKONDA,HANAMKONDA/RURAL,HANAMKONDA(R),DHARMASAGAR,UNIKICHERLA,2,COMMERCIAL,78,72,10433.0,283.125
HANUMAKONDA,HANAMKONDA/RURAL,HANAMKONDA(R),INAVOL,GARMILLAPALLY,2,COMMERCIAL,47,44,4104.0,77.05
HANUMAKONDA,HANAMKONDA/RURAL,PARKAL,PARKAL(RURAL),CHOWTAPARTHY,2,COMMERCIAL,18,17,1026.0,29.0
HANUMAKONDA,HANAMKONDA/RURAL,PARKAL,PARKAL(RURAL),DHARMARAM,2,COMMERCIAL,14,13,472.0,24.13
HANUMAKONDA,HANAMKONDA/RURAL,PARKAL,PARKAL(RURAL),IBOTHPALLI,2,COMMERCIAL,5,5,146.0,8.0
HANUMAKONDA,HANAMKONDA/RURAL,PARKAL,PARKAL(RURAL),KANTATMAKUR,2,COMMERCIAL,59,47,7425.0,80.206
HANUMAKONDA,HANAMKONDA/RURAL,PARKAL,PARKAL(RURAL),LAXMIPUR,2,COMMERCIAL,22,21,5291.0,63.16
HANUMAKONDA,HANAMKONDA/RURAL,PARKAL,PARKAL(RURAL),MUSTYALAPALLI,2,COMMERCIAL,7,7,560.0,18.36
HANUMAKONDA,HANAMKONDA/RURAL,PARKAL,PARKAL(RURAL),NADIKUDA,2,COMMERCIAL,70,63,9666.0,138.07
HANUMAKONDA,HANAMKONDA/RURAL,PARKAL,PARKAL(RURAL),NARLAPUR,2,COMMERCIAL,20,18,5157.0,36.65
HANUMAKONDA,HANAMKONDA/RURAL,PARKAL,PARKAL(RURAL),NARSAKKAPALLI,2,COMMERCIAL,22,22,3284.0,54.55
ADILABAD,ADILABAD,JAINATH,JAINATH,BELLURI (B),2,COMMERCIAL,14,14,668.0,24.976
ADILABAD,ADILABAD,JAINATH,JAINATH,DEEPAIGUDA,2,COMMERCIAL,49,44,2712.0,82.991
ADILABAD,ADILABAD,JAINATH,JAINATH,JAINATH,2,COMMERCIAL,197,162,15775.0,434.123
ADILABAD,ADILABAD,JAINATH,JAINATH,JAMINI,2,COMMERCIAL,6,6,192.0,11.935
ADILABAD,ADILABAD,JAINATH,JAINATH,KAMATHA,2,COMMERCIAL,15,11,737.0,29.546
ADILABAD,ADILABAD,JAINATH,JAINATH,KARANJI (K),2,COMMERCIAL,17,12,1011.0,35.878
ADILABAD,ADILABAD,JAINATH,JAINATH,KHAPRI,2,COMMERCIAL,12,11,1594.0,22.238
ADILABAD,ADILABAD,JAINATH,JAINATH,KURA,2,COMMERCIAL,16,14,346.0,28.303
ADILABAD,ADILABAD,JAINATH,JAINATH,LAKSHMI PUR,2,COMMERCIAL,16,13,1175.0,30.2
ADILABAD,ADILABAD,JAINATH,JAINATH,MAKODA,2,COMMERCIAL,11,9,1334.0,30.379
ADILABAD,UTNOOR,UTNOOR,UTNOOR,ANDHOLI,2,COMMERCIAL,4,4,126.0,6.0
ADILABAD,UTNOOR,UTNOOR,UTNOOR,BEERSAIPET,2,COMMERCIAL,13,11,741.0,22.32
ADILABAD,UTNOOR,UTNOOR,UTNOOR,BHEEMGUDA,2,COMMERCIAL,1,1,0.0,0.948
ADILABAD,UTNOOR,UTNOOR,UTNOOR,BHOOPET,2,COMMERCIAL,8,3,1718.0,12.9
ADILABAD,UTNOOR,UTNOOR,UTNOOR,Babapur,2,COMMERCIAL,1,1,0.0,1.0
ADILABAD,UTNOOR,UTNOOR,UTNOOR,CHENDUR,2,COMMERCIAL,17,15,1534.0,29.942
ADILABAD,UTNOOR,UTNOOR,UTNOOR,CHERUVUGUDA,2,COMMERCIAL,1,1,0.0,1.0
ADILABAD,UTNOOR,UTNOOR,UTNOOR,CHINNUNAYAKTHANDA,2,COMMERCIAL,2,0,0.0,0.98
ADILABAD,UTNOOR,UTNOOR,UTNOOR,CHINTHAGUDA,2,COMMERCIAL,2,2,0.0,1.89
ADILABAD,UTNOOR,UTNOOR,UTNOOR,CHINTHAKARRA,2,COMMERCIAL,1,1,0.0,1.0
ADILABAD,UTNOOR,UTNOOR,UTNOOR,DANTHANPALLI,2,COMMERCIAL,54,43,6397.0,94.785
ADILABAD,UTNOOR,UTNOOR,UTNOOR,DEVGUDA H/O HASNAPUR,2,COMMERCIAL,1,1,22.0,1.0
ADILABAD,UTNOOR,UTNOOR,UTNOOR,Dongachintha,2,COMMERCIAL,1,1,59.0,1.0
ASIFABAD,ASIFABAD,ASIFABAD,WANKIDI,NAVEGUDA,2,COMMERCIAL,4,2,26.0,3.1
ASIFABAD,ASIFABAD,ASIFABAD,WANKIDI,PATEGUDA,2,COMMERCIAL,1,1,94.0,1.0
ASIFABAD,ASIFABAD,ASIFABAD,WANKIDI,PATHA DEBBA GUDA,2,COMMERCIAL,1,1,20.0,3.0
ASIFABAD,ASIFABAD,ASIFABAD,WANKIDI,PIPPERGONDI,2,COMMERCIAL,3,1,54.0,3.97
ASIFABAD,ASIFABAD,ASIFABAD,WANKIDI,PULLORA,2,COMMERCIAL,1,0,0.0,3.0
ASIFABAD,ASIFABAD,ASIFABAD,WANKIDI,RAJULA GUDA,2,COMMERCIAL,1,1,34.0,1.0
ASIFABAD,ASIFABAD,ASIFABAD,WANKIDI,RAMPUR,2,COMMERCIAL,1,0,0.0,1.0
ASIFABAD,ASIFABAD,ASIFABAD,WANKIDI,SAMELA,2,COMMERCIAL,2,2,10.0,1.5
ASIFABAD,ASIFABAD,ASIFABAD,WANKIDI,SARANDI,2,COMMERCIAL,6,6,411.0,5.48
ASIFABAD,SIRPUR KAGAZNAGAR,KAGAZNAGAR,DAHEGAOM,AMARAGONDA,2,COMMERCIAL,2,2,25.0,5.0
ASIFABAD,SIRPUR KAGAZNAGAR,KAGAZNAGAR,DAHEGAOM,ANEGUDEM,2,COMMERCIAL,1,1,10.0,3.0
ASIFABAD,SIRPUR KAGAZNAGAR,KAGAZNAGAR,DAHEGAOM,BAMANAGAR,2,COMMERCIAL,2,1,5.0,3.0
ASIFABAD,SIRPUR KAGAZNAGAR,KAGAZNAGAR,DAHEGAOM,BARLAKUNTA,2,COMMERCIAL,4,4,173.0,4.0
BHADRADRI KOTHAGUDEM,BHADRACHALAM,MANUGURU,PINAPAKA,GOPALARAOPETA,2,COMMERCIAL,19,18,984.0,24.58
BHADRADRI KOTHAGUDEM,BHADRACHALAM,MANUGURU,PINAPAKA,GOTTELA,2,COMMERCIAL,1,0,0.0,10.0
BHADRADRI KOTHAGUDEM,BHADRACHALAM,MANUGURU,PINAPAKA,JAGGARAM <PNP>,2,COMMERCIAL,7,7,354.0,9.42
BHADRADRI KOTHAGUDEM,BHADRACHALAM,MANUGURU,PINAPAKA,JANAMPET,2,COMMERCIAL,194,152,15946.0,254.19
BHADRADRI KOTHAGUDEM,BHADRACHALAM,MANUGURU,PINAPAKA,KISTAPURAM-P,2,COMMERCIAL,2,2,95.0,2.0
BHADRADRI KOTHAGUDEM,BHADRACHALAM,MANUGURU,PINAPAKA,KOTHURU COLONY,2,COMMERCIAL,2,2,1501.0,14.24
BHADRADRI KOTHAGUDEM,BHADRACHALAM,MANUGURU,PINAPAKA,MADDULAGUDEM,2,COMMERCIAL,12,12,3732.0,13.25
BHADRADRI KOTHAGUDEM,BHADRACHALAM,MANUGURU,PINAPAKA,MALLARAM <PNP>,2,COMMERCIAL,9,8,3167.0,26.64
BHADRADRI KOTHAGUDEM,KOTHAGUDEM,KOTHAGUDEM RURAL,SUJATHA NAGAR,CHINTHAL THANDA - KR,2,COMMERCIAL,1,1,0.0,1.0
BHADRADRI KOTHAGUDEM,KOTHAGUDEM,KOTHAGUDEM RURAL,SUJATHA NAGAR,DEGALA MADUGU-KR,2,COMMERCIAL,7,4,854.0,38.0
BHADRADRI KOTHAGUDEM,KOTHAGUDEM,KOTHAGUDEM RURAL,SUJATHA NAGAR,GARIBPET-KR,2,COMMERCIAL,30,30,1732.0,44.93
BHADRADRI KOTHAGUDEM,KOTHAGUDEM,KOTHAGUDEM RURAL,SUJATHA NAGAR,GOPINAYAK TANDA-KR,2,COMMERCIAL,4,4,98.0,5.0
BHADRADRI KOTHAGUDEM,KOTHAGUDEM,KOTHAGUDEM RURAL,SUJATHA NAGAR,HARILAL THANDA-KR,2,COMMERCIAL,4,4,88.0,5.0
BHADRADRI KOTHAGUDEM,KOTHAGUDEM,KOTHAGUDEM RURAL,SUJATHA NAGAR,JAMLA THANDA-KR,2,COMMERCIAL,1,1,5.0,1.0
BHADRADRI KOTHAGUDEM,KOTHAGUDEM,KOTHAGUDEM RURAL,SUJATHA NAGAR,KOMATI PALLY-KR,2,COMMERCIAL,4,3,6.0,4.22
BHADRADRI KOTHAGUDEM,KOTHAGUDEM,KOTHAGUDEM RURAL,SUJATHA NAGAR,KOYAGUDEM-KR,2,COMMERCIAL,6,6,802.0,32.92
BHADRADRI KOTHAGUDEM,KOTHAGUDEM,KOTHAGUDEM RURAL,SUJATHA NAGAR,L D PALLY-RURAL,2,COMMERCIAL,7,7,457.0,17.48
BHADRADRI KOTHAGUDEM,KOTHAGUDEM,YELLANDU,GUNDALA,ALLA PALLY-GUN,2,COMMERCIAL,88,77,6818.0,147.91
BHADRADRI KOTHAGUDEM,KOTHAGUDEM,YELLANDU,GUNDALA,ANANTOGU-GUN,2,COMMERCIAL,10,6,4041.0,34.61
BHADRADRI KOTHAGUDEM,KOTHAGUDEM,YELLANDU,GUNDALA,BODAI KUNTA - GUN,2,COMMERCIAL,1,1,24.0,2.0
BHADRADRI KOTHAGUDEM,KOTHAGUDEM,YELLANDU,GUNDALA,CHALLA GATTU-GU,2,COMMERCIAL,2,1,0.0,2.0
BHADRADRI KOTHAGUDEM,KOTHAGUDEM,YELLANDU,GUNDALA,CHINA VENKATAPURAM-GU,2,COMMERCIAL,1,1,35.0,4.0
BHADRADRI KOTHAGUDEM,KOTHAGUDEM,YELLANDU,GUNDALA,CHINTALA PADU-GU,2,COMMERCIAL,1,1,55.0,1.74
BHADRADRI KOTHAGUDEM,KOTHAGUDEM,YELLANDU,GUNDALA,CHINTALAGUDEM-GUN,2,COMMERCIAL,2,2,4586.0,14.0
BHADRADRI KOTHAGUDEM,KOTHAGUDEM,YELLANDU,GUNDALA,DAMARATHOGU-GU,2,COMMERCIAL,3,3,1.0,8.0
BHADRADRI KOTHAGUDEM,KOTHAGUDEM,YELLANDU,GUNDALA,DEVALLAGUDEM-GUN,2,COMMERCIAL,1,1,14.0,1.0
BHADRADRI KOTHAGUDEM,PALONCHA,ASWARAOPETA,DAMMAPETA,VADLAGUDEM,2,COMMERCIAL,13,11,1445.0,20.23
BHADRADRI KOTHAGUDEM,PALONCHA,ASWARAOPETA,DAMMAPETA,VENKATARAJPURAM,2,COMMERCIAL,20,17,2761.0,64.24
BHADRADRI KOTHAGUDEM,PALONCHA,ASWARAOPETA,GANDUGULAPALLY,APPARAOPET,2,COMMERCIAL,5,5,2979.0,19.0
BHADRADRI KOTHAGUDEM,PALONCHA,ASWARAOPETA,GANDUGULAPALLY,ASSANNAGUDEM,2,COMMERCIAL,1,0,0.0,1.0
BHADRADRI KOTHAGUDEM,PALONCHA,ASWARAOPETA,GANDUGULAPALLY,DURDAPADU,2,COMMERCIAL,3,2,56.0,4.24
BHADRADRI KOTHAGUDEM,PALONCHA,ASWARAOPETA,GANDUGULAPALLY,ENUGUDEM,2,COMMERCIAL,3,2,305.0,3.0
BHADRADRI KOTHAGUDEM,PALONCHA,ASWARAOPETA,GANDUGULAPALLY,G.P.GUDEM,2,COMMERCIAL,1,1,8.0,1.0
BHADRADRI KOTHAGUDEM,PALONCHA,ASWARAOPETA,GANDUGULAPALLY,GANDUGULAPALLY,2,COMMERCIAL,51,47,6307.0,122.48
BHADRADRI KOTHAGUDEM,PALONCHA,ASWARAOPETA,GANDUGULAPALLY,GANESHPADU,2,COMMERCIAL,22,18,3967.0,30.84
BHADRADRI KOTHAGUDEM,PALONCHA,PALVANCHA,PALVONCHA TOWN,K.NAGULAGUDEM,2,COMMERCIAL,21,16,2550.0,103.24
BHADRADRI KOTHAGUDEM,PALONCHA,PALVANCHA,PALVONCHA TOWN,KARAKAVAGU,2,COMMERCIAL,1,1,2972.0,16.0
BHADRADRI KOTHAGUDEM,PALONCHA,PALVANCHA,PALVONCHA TOWN,PALAKOYA TANDA,2,COMMERCIAL,60,46,6205.0,111.84
BHADRADRI KOTHAGUDEM,PALONCHA,PALVANCHA,PALVONCHA TOWN,PALONCHA,2,COMMERCIAL,1823,1452,300946.0,5554.329
BHADRADRI KOTHAGUDEM,PALONCHA,PALVANCHA,PALVONCHA TOWN,PETACHERUVU,2,COMMERCIAL,7,6,124.0,3.99
BHADRADRI KOTHAGUDEM,PALONCHA,PALVANCHA,PALVONCHA TOWN,SEETHARAMPATNAM,2,COMMERCIAL,48,36,4588.0,77.12
BHADRADRI KOTHAGUDEM,PALONCHA,PALVANCHA,PALVONCHA TOWN,SHEKARAM BANJARA,2,COMMERCIAL,20,16,1233.0,40.4
BHADRADRI KOTHAGUDEM,PALONCHA,PALVANCHA,PALVONCHA TOWN,YERRAGUNTA,2,COMMERCIAL,13,11,959.0,36.27
BHADRADRI KOTHAGUDEM,PALONCHA,PALVANCHA,PALVONCHA TOWN-2,PALONCHA,2,COMMERCIAL,2773,2273,351837.0,6575.191
BHUPALAPALLY,BHUPALAPALLY,BHOOPALPALLY,BHOOPALPALLY,BAMBULAGADDA,2,COMMERCIAL,42,38,6011.0,127.04
BHUPALAPALLY,BHUPALAPALLY,CHITYAL,MOGULLAPALLY,METPALLI,2,COMMERCIAL,23,21,551.0,30.75
BHUPALAPALLY,BHUPALAPALLY,CHITYAL,MOGULLAPALLY,MOGULLAPALLI,2,COMMERCIAL,215,173,20881.0,413.648
BHUPALAPALLY,BHUPALAPALLY,CHITYAL,MOGULLAPALLY,MOTLAPALLI,2,COMMERCIAL,70,60,9202.0,100.022
BHUPALAPALLY,BHUPALAPALLY,CHITYAL,MOGULLAPALLY,MULKALAPALLI,2,COMMERCIAL,25,24,4372.0,36.33
BHUPALAPALLY,BHUPALAPALLY,CHITYAL,MOGULLAPALLY,NARSINGAPUR,2,COMMERCIAL,3,3,0.0,3.77
BHUPALAPALLY,BHUPALAPALLY,CHITYAL,MOGULLAPALLY,PARLAPALLI,2,COMMERCIAL,35,28,3426.0,42.28
BHUPALAPALLY,BHUPALAPALLY,CHITYAL,MOGULLAPALLY,PATHA ISSIPET,2,COMMERCIAL,3,3,56.0,3.0
BHUPALAPALLY,BHUPALAPALLY,CHITYAL,MOGULLAPALLY,PEDAKOMATIPALLI,2,COMMERCIAL,15,15,3777.0,42.79
BHUPALAPALLY,BHUPALAPALLY,CHITYAL,MOGULLAPALLY,PIDICILLA,2,COMMERCIAL,20,18,5161.0,37.14
BHUPALAPALLY,BHUPALAPALLY,CHITYAL,MOGULLAPALLY,POTHUGAL,2,COMMERCIAL,13,13,783.0,18.1
BHUPALAPALLY,MULUGU,ETURNAGARAM,ETURUNAGARAM,AKULAVARIGHANPUR,2,COMMERCIAL,525,432,58736.0,1062.396
BHUPALAPALLY,MULUGU,ETURNAGARAM,ETURUNAGARAM,ALLAMVARI GHANPUR,2,COMMERCIAL,2,2,10.0,2.0
BHUPALAPALLY,MULUGU,ETURNAGARAM,ETURUNAGARAM,BUTARAM,2,COMMERCIAL,1,0,0.0,0.3
BHUPALAPALLY,MULUGU,ETURNAGARAM,ETURUNAGARAM,CHELPAK,2,COMMERCIAL,11,11,574.0,15.0
BHUPALAPALLY,MULUGU,ETURNAGARAM,ETURUNAGARAM,CHINNABOINAPALLI,2,COMMERCIAL,42,29,6510.0,83.34
BHUPALAPALLY,MULUGU,ETURNAGARAM,ETURUNAGARAM,DODLA,2,COMMERCIAL,1,1,26.0,0.99
BHUPALAPALLY,MULUGU,ETURNAGARAM,ETURUNAGARAM,EKKALA,2,COMMERCIAL,3,2,676.0,19.62
BHUPALAPALLY,MULUGU,ETURNAGARAM,ETURUNAGARAM,ETURNAGARAM,2,COMMERCIAL,526,392,49925.0,772.334
BHUPALAPALLY,MULUGU,ETURNAGARAM,ETURUNAGARAM,GOGUPELLI,2,COMMERCIAL,3,2,4595.0,13.0
HANUMAKONDA,HANAMKONDA/RURAL,PARKAL,DAMERA,VENKATAPUR,2,COMMERCIAL,11,11,346.0,11.74
HANUMAKONDA,HANAMKONDA/RURAL,PARKAL,PARKAL(RURAL),CHERLAPALLI,2,COMMERCIAL,44,41,4660.0,68.98
ADILABAD,ADILABAD,JAINATH,BHORAJ,PENDALWADA,2,COMMERCIAL,52,42,4570.0,109.955
ADILABAD,ADILABAD,JAINATH,BHORAJ,PIPPERWADA,2,COMMERCIAL,40,36,16230.0,131.205
ADILABAD,ADILABAD,JAINATH,BHORAJ,PUSAI,2,COMMERCIAL,10,8,3180.0,37.974
ADILABAD,ADILABAD,JAINATH,BHORAJ,RAMPOOR (G),2,COMMERCIAL,3,1,88.0,4.06
ADILABAD,ADILABAD,JAINATH,BHORAJ,RAMPUR (T),2,COMMERCIAL,7,6,433.0,10.199
ADILABAD,ADILABAD,JAINATH,BHORAJ,SANGVI (K),2,COMMERCIAL,12,10,2806.0,20.176
ADILABAD,ADILABAD,JAINATH,BHORAJ,SAVAPUR,2,COMMERCIAL,19,15,425.0,23.78
ADILABAD,ADILABAD,JAINATH,BHORAJ,SIRSINNA,2,COMMERCIAL,18,15,1307.0,26.515
ADILABAD,ADILABAD,JAINATH,BHORAJ,TARODA   (B),2,COMMERCIAL,15,13,501.0,16.17
ADILABAD,ADILABAD,JAINATH,JAINATH,ADA,2,COMMERCIAL,18,16,987.0,29.51
ADILABAD,ADILABAD,JAINATH,JAINATH,BAHADURPUR,2,COMMERCIAL,23,22,5985.0,60.7
ADILABAD,ADILABAD,JAINATH,JAINATH,BELGOAN,2,COMMERCIAL,9,9,4632.0,17.997
ADILABAD,UTNOOR,UTNOOR,SIRIKONDA,POCHAMPALLI,2,COMMERCIAL,2,2,175.0,3.0
ADILABAD,UTNOOR,UTNOOR,SIRIKONDA,PONNA,2,COMMERCIAL,42,35,6712.0,73.138
ADILABAD,UTNOOR,UTNOOR,SIRIKONDA,RAIGUDA (B),2,COMMERCIAL,1,1,100.0,1.0
ADILABAD,UTNOOR,UTNOOR,SIRIKONDA,RAMPOOR (B),2,COMMERCIAL,2,2,105.0,3.988
ADILABAD,UTNOOR,UTNOOR,SIRIKONDA,RAYAGUDA,2,COMMERCIAL,1,1,154.0,3.0
ADILABAD,UTNOOR,UTNOOR,SIRIKONDA,RIMMA,2,COMMERCIAL,2,2,103.0,1.994
ADILABAD,UTNOOR,UTNOOR,SIRIKONDA,SATHNORI,2,COMMERCIAL,2,2,1942.0,8.946
ADILABAD,UTNOOR,UTNOOR,SIRIKONDA,SOANPALLI,2,COMMERCIAL,5,4,171.0,11.4
ADILABAD,UTNOOR,UTNOOR,SIRIKONDA,SRIKONDA,2,COMMERCIAL,124,110,12872.0,216.846
ADILABAD,UTNOOR,UTNOOR,SIRIKONDA,SUNKIDI,2,COMMERCIAL,3,3,94.0,8.0
ADILABAD,UTNOOR,UTNOOR,SIRIKONDA,WAIPET,2,COMMERCIAL,1,1,100.0,1.0
ASIFABAD,ASIFABAD,ASIFABAD,WANKIDI,KOMATI GUDA,2,COMMERCIAL,8,6,354.0,14.15
ASIFABAD,ASIFABAD,ASIFABAD,WANKIDI,KOTHADUBBAGUDA,2,COMMERCIAL,2,1,266.0,1.99
ASIFABAD,ASIFABAD,ASIFABAD,WANKIDI,LAXMIPUR (WAN),2,COMMERCIAL,4,4,261.0,5.7
ASIFABAD,ASIFABAD,ASIFABAD,WANKIDI,LENDIGUDA  H/O. INDHANI,2,COMMERCIAL,4,4,316.0,5.039
ASIFABAD,ASIFABAD,ASIFABAD,WANKIDI,LIMBARAO GUDA,2,COMMERCIAL,1,1,53.0,1.0
ASIFABAD,ASIFABAD,ASIFABAD,WANKIDI,MAHAGAOM,2,COMMERCIAL,3,1,44.0,2.24
ASIFABAD,ASIFABAD,ASIFABAD,WANKIDI,MARKAGUDA,2,COMMERCIAL,2,2,1.0,1.99
ASIFABAD,ASIFABAD,ASIFABAD,WANKIDI,NARLAPOOR,2,COMMERCIAL,4,4,67.0,2.95
ASIFABAD,ASIFABAD,ASIFABAD,WANKIDI,NAVADHARI,2,COMMERCIAL,2,2,43.0,5.1
ASIFABAD,ASIFABAD,ASIFABAD RURAL,THIRYANI,MESRAMGUDA,2,COMMERCIAL,1,1,0.0,1.0
ASIFABAD,ASIFABAD,ASIFABAD RURAL,THIRYANI,MORRIGUDA,2,COMMERCIAL,2,2,628.0,6.0
ASIFABAD,ASIFABAD,ASIFABAD RURAL,THIRYANI,PANGADIMADHIRA,2,COMMERCIAL,3,3,182.0,7.999
ASIFABAD,ASIFABAD,ASIFABAD RURAL,THIRYANI,RALLAKANNEPALLY,2,COMMERCIAL,1,1,10.0,0.2
ASIFABAD,ASIFABAD,ASIFABAD RURAL,THIRYANI,ROMPALLY,2,COMMERCIAL,5,3,259.0,12.0
ASIFABAD,ASIFABAD,ASIFABAD RURAL,THIRYANI,SALEGUDA,2,COMMERCIAL,2,1,117.0,3.982
ASIFABAD,ASIFABAD,ASIFABAD RURAL,THIRYANI,SUNGAPOOR,2,COMMERCIAL,9,8,621.0,11.599
ASIFABAD,ASIFABAD,ASIFABAD RURAL,THIRYANI,TALANDI (T),2,COMMERCIAL,15,12,607.0,20.686
ASIFABAD,ASIFABAD,ASIFABAD RURAL,THIRYANI,THIRYANI,2,COMMERCIAL,148,129,18075.0,255.288
ASIFABAD,SIRPUR KAGAZNAGAR,KAGAZNAGAR,DAHEGAOM,AINAM,2,COMMERCIAL,34,32,5431.0,58.819
ASIFABAD,SIRPUR KAGAZNAGAR,KOWTALA,KOWTALA,GANGAPOOR (K),2,COMMERCIAL,11,11,1558.0,21.52
ASIFABAD,SIRPUR KAGAZNAGAR,KOWTALA,KOWTALA,GUDLABORI,2,COMMERCIAL,25,22,3315.0,54.167
ASIFABAD,SIRPUR KAGAZNAGAR,KOWTALA,KOWTALA,GUNDAIPET,2,COMMERCIAL,19,17,3107.0,25.01
ASIFABAD,SIRPUR KAGAZNAGAR,KOWTALA,KOWTALA,GURUDPET,2,COMMERCIAL,29,28,3960.0,44.264
ASIFABAD,SIRPUR KAGAZNAGAR,KOWTALA,KOWTALA,KANKI,2,COMMERCIAL,5,5,159.0,5.115
ASIFABAD,SIRPUR KAGAZNAGAR,KOWTALA,KOWTALA,KANNE PALLY,2,COMMERCIAL,14,14,763.0,15.925
ASIFABAD,SIRPUR KAGAZNAGAR,KOWTALA,KOWTALA,KORSINI,2,COMMERCIAL,8,8,308.0,9.0
ASIFABAD,SIRPUR KAGAZNAGAR,KOWTALA,KOWTALA,KOWTALA,2,COMMERCIAL,508,458,32159.0,852.045
ASIFABAD,SIRPUR KAGAZNAGAR,KOWTALA,KOWTALA,KOYA GUDEM,2,COMMERCIAL,3,3,1116.0,55.975
ASIFABAD,SIRPUR KAGAZNAGAR,KOWTALA,KOWTALA,KOYAYAPALGUDA,2,COMMERCIAL,1,1,20.0,1.0
ASIFABAD,SIRPUR KAGAZNAGAR,KOWTALA,KOWTALA,LAMBERHETTI,2,COMMERCIAL,1,1,9.0,1.0
BHADRADRI KOTHAGUDEM,BHADRACHALAM,CHERLA,DUMMUGUDEM,DABBANOOTHALA,2,COMMERCIAL,2,1,1790.0,9.0
BHADRADRI KOTHAGUDEM,BHADRACHALAM,CHERLA,DUMMUGUDEM,DUMMUGUDEM,2,COMMERCIAL,116,83,6235.0,295.24
BHADRADRI KOTHAGUDEM,BHADRACHALAM,CHERLA,DUMMUGUDEM,GANGOLU,2,COMMERCIAL,7,7,312.0,12.46
BHADRADRI KOTHAGUDEM,BHADRACHALAM,CHERLA,DUMMUGUDEM,GOVINDAPURAM-D,2,COMMERCIAL,1,1,37.0,0.24
BHADRADRI KOTHAGUDEM,BHADRACHALAM,CHERLA,DUMMUGUDEM,GOWRARAM,2,COMMERCIAL,18,15,5245.0,55.41
BHADRADRI KOTHAGUDEM,BHADRACHALAM,CHERLA,DUMMUGUDEM,K LAXIPURAM,2,COMMERCIAL,7,6,305.0,9.3
BHADRADRI KOTHAGUDEM,BHADRACHALAM,CHERLA,DUMMUGUDEM,K REGUBALLI <KALSA>,2,COMMERCIAL,1,1,0.0,1.0
BHADRADRI KOTHAGUDEM,BHADRACHALAM,CHERLA,DUMMUGUDEM,K VEERABADRARAM,2,COMMERCIAL,1,0,0.0,1.0
BHADRADRI KOTHAGUDEM,BHADRACHALAM,MANUGURU,PINAPAKA,GADDAMPALLI <P>,2,COMMERCIAL,17,15,592.0,22.24
BHADRADRI KOTHAGUDEM,PALONCHA,ASWARAOPETA,DAMMAPETA,PARKALAGANDI,2,COMMERCIAL,19,16,510.0,27.55
BHADRADRI KOTHAGUDEM,PALONCHA,ASWARAOPETA,DAMMAPETA,PATWARIGUDEM,2,COMMERCIAL,109,98,10003.0,182.116
BHADRADRI KOTHAGUDEM,PALONCHA,ASWARAOPETA,DAMMAPETA,PEDAGOLLAGUDEM,2,COMMERCIAL,13,11,1914.0,26.72
BHADRADRI KOTHAGUDEM,PALONCHA,ASWARAOPETA,DAMMAPETA,RACHURAPALLY,2,COMMERCIAL,7,6,74.0,6.72
BHADRADRI KOTHAGUDEM,PALONCHA,ASWARAOPETA,DAMMAPETA,RANGUVARIGUDEM,2,COMMERCIAL,19,18,2203.0,32.96
BHADRADRI KOTHAGUDEM,PALONCHA,ASWARAOPETA,DAMMAPETA,ROLLAPUDI,2,COMMERCIAL,1,0,0.0,0.36
BHADRADRI KOTHAGUDEM,PALONCHA,ASWARAOPETA,DAMMAPETA,SAINARAOPALEM,2,COMMERCIAL,1,0,0.0,3.0
BHADRADRI KOTHAGUDEM,PALONCHA,ASWARAOPETA,DAMMAPETA,SUDAPALLY,2,COMMERCIAL,7,7,204.0,10.88
BHADRADRI KOTHAGUDEM,PALONCHA,ASWARAOPETA,DAMMAPETA,T.BUCHANNAGUDEM,2,COMMERCIAL,3,3,122.0,5.24
BHADRADRI KOTHAGUDEM,PALONCHA,ASWARAOPETA,DAMMAPETA,TALLAMADA,2,COMMERCIAL,2,2,20.0,2.0
BHADRADRI KOTHAGUDEM,PALONCHA,PALVANCHA,PALVONCHA RURAL,SATYNARAYANAPURAM,2,COMMERCIAL,16,10,505.0,24.74
BHADRADRI KOTHAGUDEM,PALONCHA,PALVANCHA,PALVONCHA RURAL,SOMULAGUDEM,2,COMMERCIAL,5,3,28.0,7.24
BHADRADRI KOTHAGUDEM,PALONCHA,PALVANCHA,PALVONCHA RURAL,SURARAM,2,COMMERCIAL,29,23,1285.0,54.67
BHADRADRI KOTHAGUDEM,PALONCHA,PALVANCHA,PALVONCHA RURAL,TOGGUDEM,2,COMMERCIAL,26,14,893.0,97.86
BHADRADRI KOTHAGUDEM,PALONCHA,PALVANCHA,PALVONCHA RURAL,TUMMALAGUDEM,2,COMMERCIAL,3,3,263.0,0.6
BHADRADRI KOTHAGUDEM,PALONCHA,PALVANCHA,PALVONCHA RURAL,ULVANOOR,2,COMMERCIAL,28,24,4858.0,55.36
BHADRADRI KOTHAGUDEM,PALONCHA,PALVANCHA,PALVONCHA RURAL,YANAMBOIL,2,COMMERCIAL,56,32,6724.0,163.8
BHADRADRI KOTHAGUDEM,PALONCHA,PALVANCHA,PALVONCHA TOWN,GAJULAGUDEM,2,COMMERCIAL,2,0,0.0,2.0
BHADRADRI KOTHAGUDEM,PALONCHA,PALVANCHA,PALVONCHA TOWN,GUDIPADU,2,COMMERCIAL,3,2,210.0,6.25
BHADRADRI KOTHAGUDEM,PALONCHA,PALVANCHA,PALVONCHA TOWN,JAGGU TANDA,2,COMMERCIAL,10,8,531.0,9.5
BHUPALAPALLY,BHUPALAPALLY,CHITYAL,MOGULLAPALLY,BANGLAPALLI(G PAHAD),2,COMMERCIAL,11,11,273.0,12.0
BHUPALAPALLY,BHUPALAPALLY,CHITYAL,MOGULLAPALLY,CHINTALAPALLY,2,COMMERCIAL,5,3,101.0,7.1
BHUPALAPALLY,BHUPALAPALLY,CHITYAL,MOGULLAPALLY,GANESHUNIPALLI (PKP),2,COMMERCIAL,4,3,135.0,7.55
BHUPALAPALLY,BHUPALAPALLY,CHITYAL,MOGULLAPALLY,GUDEPAHAD,2,COMMERCIAL,3,3,42.0,3.0
BHUPALAPALLY,BHUPALAPALLY,CHITYAL,MOGULLAPALLY,GUNDLAKURTHY,2,COMMERCIAL,2,2,0.0,2.0
BHUPALAPALLY,BHUPALAPALLY,CHITYAL,MOGULLAPALLY,IPPALAPALLI-AKNEPALL,2,COMMERCIAL,9,7,446.0,9.2
BHUPALAPALLY,BHUPALAPALLY,CHITYAL,MOGULLAPALLY,ISSIPET,2,COMMERCIAL,43,31,6567.0,59.94
BHUPALAPALLY,BHUPALAPALLY,CHITYAL,MOGULLAPALLY,KASULAPADU-VEMULAPAL,2,COMMERCIAL,1,1,0.0,1.0
BHUPALAPALLY,BHUPALAPALLY,CHITYAL,MOGULLAPALLY,KURKISHALA,2,COMMERCIAL,13,12,411.0,15.75
BHUPALAPALLY,BHUPALAPALLY,CHITYAL,MOGULLAPALLY,MEDARAMATTA,2,COMMERCIAL,10,8,97.0,10.65
BHUPALAPALLY,BHUPALAPALLY,KATARAM,MAHAMUTHARAM,YAMANPALLY,2,COMMERCIAL,53,50,3616.0,75.92
BHUPALAPALLY,BHUPALAPALLY,KATARAM,MAHAMUTHARAM,YATHANARAM,2,COMMERCIAL,1,1,0.0,1.0
BHUPALAPALLY,BHUPALAPALLY,KATARAM,PALIMELA,LANKALAGADDA,2,COMMERCIAL,1,1,0.0,2.0
BHUPALAPALLY,BHUPALAPALLY,KATARAM,PALIMELA,MUKNOOR,2,COMMERCIAL,1,1,19.0,2.0
BHUPALAPALLY,BHUPALAPALLY,KATARAM,PALIMELA,PALMELA,2,COMMERCIAL,17,17,4955.0,54.24
BHUPALAPALLY,BHUPALAPALLY,KATARAM,PALIMELA,PANKENA,2,COMMERCIAL,19,19,2756.0,38.0
BHUPALAPALLY,BHUPALAPALLY,KATARAM,PALIMELA,SARVAIPETA,2,COMMERCIAL,7,7,200.0,9.0
BHUPALAPALLY,MULUGU,MULUG,PASARA,GOVINDARAOPET,2,COMMERCIAL,282,224,21714.0,387.676
BHUPALAPALLY,MULUGU,MULUG,PASARA,Gandhinagar,2,COMMERCIAL,1,1,0.0,1.0
BHUPALAPALLY,MULUGU,MULUG,PASARA,KARLAPALLY,2,COMMERCIAL,6,6,10111.0,30.0
BHUPALAPALLY,MULUGU,MULUG,PASARA,Kotagadda,2,COMMERCIAL,1,1,10.0,1.0
BHUPALAPALLY,MULUGU,MULUG,PASARA,LAKNAVARAM,2,COMMERCIAL,11,9,24369.0,113.25
BHUPALAPALLY,MULUGU,MULUG,PASARA,LAXMIPUR,2,COMMERCIAL,11,8,201.0,15.0
BHUPALAPALLY,MULUGU,MULUG,PASARA,MACHAPOOR,2,COMMERCIAL,14,14,726.0,23.76
BHUPALAPALLY,MULUGU,MULUG,PASARA,METLAGUDEM,2,COMMERCIAL,1,1,8.0,1.0
BHUPALAPALLY,MULUGU,MULUG,PASARA,MOTLAGUDEM,2,COMMERCIAL,2,2,845.0,7.0
BHUPALAPALLY,MULUGU,MULUG,PASARA,MUDDULAGUDEM,2,COMMERCIAL,22,17,4259.0,60.978
BHUPALAPALLY,MULUGU,MULUG,PASARA,MUTHAPUR,2,COMMERCIAL,1,1,2.0,1.0
BHUPALAPALLY,MULUGU,MULUG,PASARA,PAPAIAHPALLY,2,COMMERCIAL,1,1,11.0,1.0
HANUMAKONDA,HANAMKONDA/RURAL,HANAMKONDA(R),DHARMASAGAR,JANKIPURAM,2,COMMERCIAL,21,18,744.0,22.67
HANUMAKONDA,HANAMKONDA/RURAL,HANAMKONDA(R),DHARMASAGAR,KARUNAPURAM,2,COMMERCIAL,177,140,27774.0,551.38
HANUMAKONDA,HANAMKONDA/RURAL,HANAMKONDA(R),DHARMASAGAR,KESHVNAGAR,2,COMMERCIAL,9,9,1371.0,29.48
HANUMAKONDA,HANAMKONDA/RURAL,HANAMKONDA(R),DHARMASAGAR,KYATHAMAPALLY,2,COMMERCIAL,26,21,3306.0,43.79
HANUMAKONDA,HANAMKONDA/RURAL,HANAMKONDA(R),DHARMASAGAR,MALLAKPALLY,2,COMMERCIAL,59,50,7313.0,96.52
HANUMAKONDA,HANAMKONDA/RURAL,HANAMKONDA(R),DHARMASAGAR,MUPPARAM,2,COMMERCIAL,72,67,5858.0,123.896
HANUMAKONDA,HANAMKONDA/RURAL,HANAMKONDA(R),DHARMASAGAR,NARSINGARAOPALLE,2,COMMERCIAL,13,11,275.0,15.1
HANUMAKONDA,HANAMKONDA/RURAL,PARKAL,DAMERA,MUSTYALAPALLY,2,COMMERCIAL,19,16,1358.0,31.735
HANUMAKONDA,HANAMKONDA/RURAL,PARKAL,DAMERA,OGLAPUR,2,COMMERCIAL,48,46,12162.0,177.622
HANUMAKONDA,HANAMKONDA/RURAL,PARKAL,DAMERA,ORUGONDA,2,COMMERCIAL,97,93,20872.0,310.602
HANUMAKONDA,HANAMKONDA/RURAL,PARKAL,DAMERA,PASARAGONDA,2,COMMERCIAL,35,31,4131.0,70.216
HANUMAKONDA,HANAMKONDA/RURAL,PARKAL,DAMERA,PULUKURTY,2,COMMERCIAL,53,49,8185.0,85.48
HANUMAKONDA,HANAMKONDA/RURAL,PARKAL,DAMERA,SINGARAJAPALLY,2,COMMERCIAL,28,26,6647.0,60.21
HANUMAKONDA,HANAMKONDA/RURAL,PARKAL,DAMERA,SITHARAMPUR,2,COMMERCIAL,9,9,194.0,11.02
HANUMAKONDA,HANAMKONDA/RURAL,PARKAL,DAMERA,THAKALAPAHAD,2,COMMERCIAL,26,23,3434.0,51.72
ASIFABAD,ASIFABAD,ASIFABAD,WANKIDI,JAITHPUR,2,COMMERCIAL,5,4,943.0,16.5
ASIFABAD,ASIFABAD,ASIFABAD,WANKIDI,JAMBALDARI,2,COMMERCIAL,1,1,0.0,1.0
ASIFABAD,ASIFABAD,ASIFABAD,WANKIDI,KAMANA,2,COMMERCIAL,45,34,4183.0,73.901
ASIFABAD,ASIFABAD,ASIFABAD,WANKIDI,KANNERGAOM,2,COMMERCIAL,14,12,4576.0,25.45
ASIFABAD,ASIFABAD,ASIFABAD,WANKIDI,KHAIRIT,2,COMMERCIAL,1,1,300.0,2.0
ASIFABAD,ASIFABAD,ASIFABAD,WANKIDI,KIRDI,2,COMMERCIAL,7,7,3761.0,44.5
ASIFABAD,ASIFABAD,ASIFABAD RURAL,THIRYANI,GUNDALA,2,COMMERCIAL,2,1,17.0,2.0
ASIFABAD,ASIFABAD,ASIFABAD RURAL,THIRYANI,KAHIRGUDA,2,COMMERCIAL,1,1,0.0,1.0
ASIFABAD,ASIFABAD,ASIFABAD RURAL,THIRYANI,KANNEPALLY (T),2,COMMERCIAL,6,5,150.0,6.51
ASIFABAD,ASIFABAD,ASIFABAD RURAL,THIRYANI,KURLANKA,2,COMMERCIAL,2,1,1.0,6.0
ASIFABAD,ASIFABAD,ASIFABAD RURAL,THIRYANI,LAXMIPOOR,2,COMMERCIAL,1,1,186.0,3.998
ASIFABAD,ASIFABAD,ASIFABAD RURAL,THIRYANI,LINGIGUDA,2,COMMERCIAL,1,1,332.0,3.994
ASIFABAD,ASIFABAD,ASIFABAD RURAL,THIRYANI,MAHNDRAGUDIPET,2,COMMERCIAL,2,1,89.0,1.996
ASIFABAD,ASIFABAD,ASIFABAD RURAL,THIRYANI,MANDAGUDA,2,COMMERCIAL,1,1,7.0,5.0
ASIFABAD,ASIFABAD,ASIFABAD RURAL,THIRYANI,MANGI,2,COMMERCIAL,4,2,0.0,9.0
ASIFABAD,ASIFABAD,ASIFABAD RURAL,THIRYANI,MANIKYAPUR,2,COMMERCIAL,8,7,1314.0,16.66
ASIFABAD,SIRPUR KAGAZNAGAR,KOWTALA,BEJJURU,THUMMALAGUDA,2,COMMERCIAL,1,1,5.0,1.0
ASIFABAD,SIRPUR KAGAZNAGAR,KOWTALA,BEJJURU,UTASARANGA PALLY,2,COMMERCIAL,19,13,2351.0,39.3
ASIFABAD,SIRPUR KAGAZNAGAR,KOWTALA,KOWTALA,ADEPALLY,2,COMMERCIAL,2,2,278.0,6.0
ASIFABAD,SIRPUR KAGAZNAGAR,KOWTALA,KOWTALA,ANKONDA,2,COMMERCIAL,22,19,871.0,27.476
ASIFABAD,SIRPUR KAGAZNAGAR,KOWTALA,KOWTALA,BABAPOOR,2,COMMERCIAL,14,14,633.0,20.62
ASIFABAD,SIRPUR KAGAZNAGAR,KOWTALA,KOWTALA,BABASAGAR,2,COMMERCIAL,52,48,4411.0,60.026
ASIFABAD,SIRPUR KAGAZNAGAR,KOWTALA,KOWTALA,BALAPALLY,2,COMMERCIAL,2,2,32.0,4.0
ASIFABAD,SIRPUR KAGAZNAGAR,KOWTALA,KOWTALA,BODAMPALLY (CHEEPURUDUBBA),2,COMMERCIAL,13,12,599.0,18.824
ASIFABAD,SIRPUR KAGAZNAGAR,KOWTALA,KOWTALA,BUREPELLY,2,COMMERCIAL,2,2,70.0,1.975
ASIFABAD,SIRPUR KAGAZNAGAR,KOWTALA,KOWTALA,CHINTALAMANPALLY,2,COMMERCIAL,82,80,8188.0,112.052
ASIFABAD,SIRPUR KAGAZNAGAR,KOWTALA,KOWTALA,DABBA,2,COMMERCIAL,38,34,6879.0,52.52
BHADRADRI KOTHAGUDEM,BHADRACHALAM,CHERLA,DUMMUGUDEM,BANDARIGUDEM-D,2,COMMERCIAL,2,1,619.0,10.0
BHADRADRI KOTHAGUDEM,BHADRACHALAM,CHERLA,DUMMUGUDEM,BATHIGUDEM,2,COMMERCIAL,1,1,100.0,1.0
BHADRADRI KOTHAGUDEM,BHADRACHALAM,CHERLA,DUMMUGUDEM,BHEEMAVARAM,2,COMMERCIAL,1,1,3.0,1.0
BHADRADRI KOTHAGUDEM,BHADRACHALAM,CHERLA,DUMMUGUDEM,BURRAVEMULA,2,COMMERCIAL,8,8,335.0,8.0
BHADRADRI KOTHAGUDEM,BHADRACHALAM,CHERLA,DUMMUGUDEM,CHEERUPALLY,2,COMMERCIAL,6,5,623.0,7.48
BHADRADRI KOTHAGUDEM,BHADRACHALAM,CHERLA,DUMMUGUDEM,CHINABANDIREVULA,2,COMMERCIAL,36,23,5475.0,70.86
BHADRADRI KOTHAGUDEM,BHADRACHALAM,CHERLA,DUMMUGUDEM,CHINARLAGUDEM,2,COMMERCIAL,3,3,46.0,3.25
BHADRADRI KOTHAGUDEM,BHADRACHALAM,CHERLA,DUMMUGUDEM,CHINNA NALLA BALLI,2,COMMERCIAL,52,44,6345.0,84.11
BHADRADRI KOTHAGUDEM,BHADRACHALAM,MANUGURU,PINAPAKA,BAYYARAM,2,COMMERCIAL,393,358,41188.0,744.71
BHADRADRI KOTHAGUDEM,BHADRACHALAM,MANUGURU,PINAPAKA,BEESONIGUDEM,2,COMMERCIAL,1,1,9.0,1.0
BHADRADRI KOTHAGUDEM,BHADRACHALAM,MANUGURU,PINAPAKA,BHIMAVARAM,2,COMMERCIAL,17,13,634.0,20.5
BHADRADRI KOTHAGUDEM,BHADRACHALAM,MANUGURU,PINAPAKA,BHUPATHIRAOPET,2,COMMERCIAL,6,2,27.0,3.82
BHADRADRI KOTHAGUDEM,BHADRACHALAM,MANUGURU,PINAPAKA,BOMMARAJUPALLI,2,COMMERCIAL,1,1,18.0,1.0
BHADRADRI KOTHAGUDEM,BHADRACHALAM,MANUGURU,PINAPAKA,BOTTUGUDEM,2,COMMERCIAL,1,1,0.0,1.0
BHADRADRI KOTHAGUDEM,BHADRACHALAM,MANUGURU,PINAPAKA,Bhupalapatnam,2,COMMERCIAL,1,1,0.0,1.0
BHADRADRI KOTHAGUDEM,BHADRACHALAM,MANUGURU,PINAPAKA,CH BAYYARAM,2,COMMERCIAL,1,1,23.0,1.0
BHADRADRI KOTHAGUDEM,BHADRACHALAM,MANUGURU,PINAPAKA,CHEGARISALA,2,COMMERCIAL,13,11,324.0,11.16
BHADRADRI KOTHAGUDEM,BHADRACHALAM,MANUGURU,PINAPAKA,DUGINEPALLI,2,COMMERCIAL,35,27,2870.0,58.76
BHADRADRI KOTHAGUDEM,BHADRACHALAM,MANUGURU,PINAPAKA,ELSIREDDIPALLI,2,COMMERCIAL,6,3,542.0,10.0
BHADRADRI KOTHAGUDEM,KOTHAGUDEM,KOTHAGUDEM RURAL,JULLURUPADU,SAMBUNI GUDEM - JP,2,COMMERCIAL,1,1,35.0,2.0
BHADRADRI KOTHAGUDEM,KOTHAGUDEM,KOTHAGUDEM RURAL,JULLURUPADU,SURARAM-JP,2,COMMERCIAL,6,5,78.0,13.0
BHADRADRI KOTHAGUDEM,KOTHAGUDEM,KOTHAGUDEM RURAL,JULLURUPADU,TAPSI GUTTA-JP,2,COMMERCIAL,1,1,9.0,1.0
BHADRADRI KOTHAGUDEM,KOTHAGUDEM,KOTHAGUDEM RURAL,JULLURUPADU,VEERABHADRA PURAM - JP,2,COMMERCIAL,1,1,0.0,1.0
BHADRADRI KOTHAGUDEM,KOTHAGUDEM,KOTHAGUDEM RURAL,JULLURUPADU,VENGANNA PALEM-JP,2,COMMERCIAL,374,343,38914.0,747.69
BHADRADRI KOTHAGUDEM,KOTHAGUDEM,KOTHAGUDEM RURAL,JULLURUPADU,VINOBHA NAGAR-JP,2,COMMERCIAL,32,28,3532.0,60.83
BHADRADRI KOTHAGUDEM,KOTHAGUDEM,KOTHAGUDEM RURAL,JULLURUPADU,YERRA VAGU THANDA-JP,2,COMMERCIAL,1,1,0.0,1.0
BHADRADRI KOTHAGUDEM,KOTHAGUDEM,KOTHAGUDEM RURAL,SUJATHA NAGAR,AYYAPPA GUDEM-KR,2,COMMERCIAL,1,1,30.0,1.0
BHADRADRI KOTHAGUDEM,KOTHAGUDEM,KOTHAGUDEM RURAL,SUJATHA NAGAR,BETHAMPUDI-KR,2,COMMERCIAL,12,11,4653.0,29.74
BHADRADRI KOTHAGUDEM,KOTHAGUDEM,KOTHAGUDEM RURAL,SUJATHA NAGAR,CHINAVA THANDA-KR,2,COMMERCIAL,1,1,0.0,1.0
BHADRADRI KOTHAGUDEM,KOTHAGUDEM,LAXMIDEVIPALLY,TEKULAPALLY,SRI RAM NAGAR-TP,2,COMMERCIAL,12,1,0.0,13.0
BHADRADRI KOTHAGUDEM,KOTHAGUDEM,LAXMIDEVIPALLY,TEKULAPALLY,TEKULA PALLY,2,COMMERCIAL,425,392,41752.0,806.535
BHADRADRI KOTHAGUDEM,KOTHAGUDEM,LAXMIDEVIPALLY,TEKULAPALLY,VADDUGUDEM (K)-TP,2,COMMERCIAL,2,0,0.0,0.46
BHADRADRI KOTHAGUDEM,KOTHAGUDEM,LAXMIDEVIPALLY,TEKULAPALLY,VENKATAI THANDA-TP,2,COMMERCIAL,23,19,6879.0,60.63
BHADRADRI KOTHAGUDEM,KOTHAGUDEM,LAXMIDEVIPALLY,TEKULAPALLY,YERRAI GUDEM - TP,2,COMMERCIAL,1,1,133.0,2.0
BHADRADRI KOTHAGUDEM,KOTHAGUDEM,LAXMIDEVIPALLY,TEKULAPALLY,YERRAI GUDEM STAGE- TP,2,COMMERCIAL,1,0,0.0,1.0
BHADRADRI KOTHAGUDEM,KOTHAGUDEM,YELLANDU,GUNDALA,A.MUTHAPURAM-GU,2,COMMERCIAL,2,2,28.0,6.0
BHADRADRI KOTHAGUDEM,KOTHAGUDEM,YELLANDU,GUNDALA,ADIVIRAMAVARAM-GU,2,COMMERCIAL,1,1,0.0,2.0
BHUPALAPALLY,BHUPALAPALLY,KATARAM,MAHAMUTHARAM,REGULAGUDEM P.K,2,COMMERCIAL,2,2,25.0,2.0
BHUPALAPALLY,BHUPALAPALLY,KATARAM,MAHAMUTHARAM,ROUTH PALLY,2,COMMERCIAL,1,1,263.0,15.0
BHUPALAPALLY,BHUPALAPALLY,KATARAM,MAHAMUTHARAM,SINGAM PALLY,2,COMMERCIAL,4,4,764.0,23.74
BHUPALAPALLY,BHUPALAPALLY,KATARAM,MAHAMUTHARAM,SINGARAM,2,COMMERCIAL,5,5,1035.0,17.24
BHUPALAPALLY,BHUPALAPALLY,KATARAM,MAHAMUTHARAM,STAMBAMPALLY(P K),2,COMMERCIAL,6,6,465.0,12.0
BHUPALAPALLY,BHUPALAPALLY,KATARAM,MAHAMUTHARAM,STAMBAMPALLY(PP),2,COMMERCIAL,4,4,100.0,8.0
BHUPALAPALLY,BHUPALAPALLY,KATARAM,MAHAMUTHARAM,VOZINAPALLY,2,COMMERCIAL,4,3,82.0,5.0
BHUPALAPALLY,MULUGU,MULUG,MULUGU,RAINIGUDEM,2,COMMERCIAL,8,7,809.0,13.74
BHUPALAPALLY,MULUGU,MULUG,MULUGU,RAMNAGAR,2,COMMERCIAL,3,3,155.0,4.25
BHUPALAPALLY,MULUGU,MULUG,MULUGU,RANGARAOPALLI,2,COMMERCIAL,31,27,2621.0,114.51
BHUPALAPALLY,MULUGU,MULUG,MULUGU,SARVAPOOR,2,COMMERCIAL,22,20,4285.0,51.19
BHUPALAPALLY,MULUGU,MULUG,PASARA,BALAJINAGAR,2,COMMERCIAL,2,2,2.0,3.0
BHUPALAPALLY,MULUGU,MULUG,PASARA,BUSSAPOOR,2,COMMERCIAL,27,22,7503.0,124.0
BHUPALAPALLY,MULUGU,MULUG,PASARA,CHALVAI,2,COMMERCIAL,146,111,23394.0,253.95
BHUPALAPALLY,MULUGU,MULUG,PASARA,DUMPALLIGUDEM,2,COMMERCIAL,19,15,997.0,21.74
BHUPALAPALLY,MULUGU,MULUG,PASARA,EPPALAGADDA,2,COMMERCIAL,1,1,74.0,10.0
BHUPALAPALLY,MULUGU,MULUG,PASARA,FRUITFARM,2,COMMERCIAL,1,1,0.0,1.0
HANUMAKONDA,HANAMKONDA/RURAL,BD Pally,NARAYANAGIRI,PEECHARA,2,COMMERCIAL,108,99,9143.0,169.086
HANUMAKONDA,HANAMKONDA/RURAL,BD Pally,NARAYANAGIRI,SHALAPALLY,2,COMMERCIAL,7,6,2019.0,15.0
HANUMAKONDA,HANAMKONDA/RURAL,BD Pally,NARAYANAGIRI,SHODESHPALY,2,COMMERCIAL,19,18,1983.0,48.42
HANUMAKONDA,HANAMKONDA/RURAL,BD Pally,NARAYANAGIRI,VELAIR,2,COMMERCIAL,263,250,28897.0,446.362
HANUMAKONDA,HANAMKONDA/RURAL,HANAMKONDA(R),DHARMASAGAR,BANGARAPALLY,2,COMMERCIAL,1,1,20.0,1.0
HANUMAKONDA,HANAMKONDA/RURAL,HANAMKONDA(R),DHARMASAGAR,DEVNOOR,2,COMMERCIAL,45,37,4590.0,71.088
HANUMAKONDA,HANAMKONDA/RURAL,HANAMKONDA(R),DHARMASAGAR,DHARAMSAGAR (H),2,COMMERCIAL,429,382,45867.0,889.603
HANUMAKONDA,HANAMKONDA/RURAL,HANAMKONDA(R),DHARMASAGAR,DHARMAPUR,2,COMMERCIAL,37,32,3917.0,74.16
HANUMAKONDA,HANAMKONDA/RURAL,HANAMKONDA(R),DHARMASAGAR,"ELKURTHY(BATTI,DS)",2,COMMERCIAL,27,25,3749.0,66.2
HANUMAKONDA,HANAMKONDA/RURAL,PARKAL,ATMAKUR,PEDHAPUR,2,COMMERCIAL,66,54,8689.0,116.5
HANUMAKONDA,HANAMKONDA/RURAL,PARKAL,ATMAKUR,PENCHIKALAPET,2,COMMERCIAL,48,34,6622.0,55.0
HANUMAKONDA,HANAMKONDA/RURAL,PARKAL,ATMAKUR,THIRUMALAGIRI,2,COMMERCIAL,8,7,866.0,20.0
HANUMAKONDA,HANAMKONDA/RURAL,PARKAL,DAMERA,DAMARA,2,COMMERCIAL,128,117,33149.0,404.611
HANUMAKONDA,HANAMKONDA/RURAL,PARKAL,DAMERA,DAMMANAPET,2,COMMERCIAL,9,7,348.0,37.24
HANUMAKONDA,HANAMKONDA/RURAL,PARKAL,DAMERA,DURGAMPET,2,COMMERCIAL,53,50,7793.0,126.495
HANUMAKONDA,HANAMKONDA/RURAL,PARKAL,DAMERA,KOGILIVAI,2,COMMERCIAL,39,38,4426.0,62.1
HANUMAKONDA,HANAMKONDA/RURAL,PARKAL,DAMERA,LADELLA,2,COMMERCIAL,42,35,6032.0,72.09
ADILABAD,ADILABAD,JAINATH,BHORAJ,DOLLARA,2,COMMERCIAL,18,1,0.0,36.136
ADILABAD,ADILABAD,JAINATH,BHORAJ,FOUSAPOOR,2,COMMERCIAL,8,7,295.0,65.364
ADILABAD,ADILABAD,JAINATH,BHORAJ,GIMMA (K),2,COMMERCIAL,72,59,4840.0,114.464
ADILABAD,ADILABAD,JAINATH,BHORAJ,GUDA,2,COMMERCIAL,20,15,1240.0,43.395
ADILABAD,ADILABAD,JAINATH,BHORAJ,HASHAMPUR,2,COMMERCIAL,9,8,107.0,9.96
ADILABAD,ADILABAD,JAINATH,BHORAJ,HATTIGHAT  K,2,COMMERCIAL,3,1,0.0,23.984
ADILABAD,ADILABAD,JAINATH,BHORAJ,KAMAI,2,COMMERCIAL,10,5,32.0,8.04
ADILABAD,ADILABAD,JAINATH,BHORAJ,KEDARPUR,2,COMMERCIAL,4,3,278.0,6.54
ADILABAD,ADILABAD,JAINATH,BHORAJ,KORTA,2,COMMERCIAL,15,9,1286.0,87.44
ADILABAD,ADILABAD,JAINATH,BHORAJ,KOUTA,2,COMMERCIAL,14,13,1051.0,19.158
ADILABAD,ADILABAD,JAINATH,BHORAJ,LEKURWADI,2,COMMERCIAL,17,15,791.0,22.979
ADILABAD,ADILABAD,JAINATH,BHORAJ,MANDAGADA,2,COMMERCIAL,15,13,2670.0,38.0
ADILABAD,ADILABAD,JAINATH,BHORAJ,NIRALA,2,COMMERCIAL,59,53,2184.0,65.862
ADILABAD,UTNOOR,UTNOOR,NARNOOR,UMRI (N),2,COMMERCIAL,8,6,1306.0,18.56
ADILABAD,UTNOOR,UTNOOR,NARNOOR,YEMPALLY THANDA,2,COMMERCIAL,3,3,105.0,3.87
ADILABAD,UTNOOR,UTNOOR,SIRIKONDA,FAKIR NAIK THANDA,2,COMMERCIAL,2,2,400.0,6.0
ADILABAD,UTNOOR,UTNOOR,SIRIKONDA,JENDUGUDA,2,COMMERCIAL,2,2,1863.0,17.0
ADILABAD,UTNOOR,UTNOOR,SIRIKONDA,KANNAPURTHANDA,2,COMMERCIAL,1,1,0.0,1.0
ADILABAD,UTNOOR,UTNOOR,SIRIKONDA,KONDAPOOR,2,COMMERCIAL,3,3,223.0,8.0
ADILABAD,UTNOOR,UTNOOR,SIRIKONDA,KUNTAGUDA,2,COMMERCIAL,2,2,0.0,2.0
ADILABAD,UTNOOR,UTNOOR,SIRIKONDA,LACHIMPOOR,2,COMMERCIAL,2,2,102.0,3.0
ADILABAD,UTNOOR,UTNOOR,SIRIKONDA,LAXMIPUR(W),2,COMMERCIAL,2,1,210.0,5.98
ADILABAD,UTNOOR,UTNOOR,SIRIKONDA,MUTHYAMPET,2,COMMERCIAL,1,1,27.0,0.992
ADILABAD,UTNOOR,UTNOOR,SIRIKONDA,NARAYAPUR,2,COMMERCIAL,1,1,162.0,1.0
ASIFABAD,ASIFABAD,ASIFABAD,WANKIDI,ENOLI,2,COMMERCIAL,2,2,3343.0,3.5
ASIFABAD,ASIFABAD,ASIFABAD,WANKIDI,GADE MARGA,2,COMMERCIAL,1,1,0.0,1.0
ASIFABAD,ASIFABAD,ASIFABAD,WANKIDI,GANESH POOR,2,COMMERCIAL,2,1,120.0,2.0
ASIFABAD,ASIFABAD,ASIFABAD,WANKIDI,GATJANGAM,2,COMMERCIAL,3,3,85.0,2.96
ASIFABAD,ASIFABAD,ASIFABAD,WANKIDI,GOYEGAON,2,COMMERCIAL,6,5,5806.0,38.24
ASIFABAD,ASIFABAD,ASIFABAD,WANKIDI,INDANI,2,COMMERCIAL,27,22,4403.0,43.03
BHADRADRI KOTHAGUDEM,BHADRACHALAM,CHERLA,CHARLA,laxmicolony,2,COMMERCIAL,3,3,37.0,3.0
BHADRADRI KOTHAGUDEM,BHADRACHALAM,CHERLA,DUMMUGUDEM,ACHUTAPURAM,2,COMMERCIAL,2,2,12.0,6.24
BHADRADRI KOTHAGUDEM,BHADRACHALAM,CHERLA,DUMMUGUDEM,ADAVI RAMAVARAM-D,2,COMMERCIAL,2,2,11.0,3.74
BHADRADRI KOTHAGUDEM,BHADRACHALAM,CHERLA,DUMMUGUDEM,ANJIBAKA,2,COMMERCIAL,7,3,330.0,9.0
BHADRADRI KOTHAGUDEM,BHADRACHALAM,CHERLA,DUMMUGUDEM,ARLAGUDEM,2,COMMERCIAL,18,15,3292.0,48.9
BHADRADRI KOTHAGUDEM,BHADRACHALAM,CHERLA,DUMMUGUDEM,BAIRAGULAPADU,2,COMMERCIAL,8,4,154.0,4.9
BHADRADRI KOTHAGUDEM,BHADRACHALAM,MANUGURU,MANUGURU,S.SINGARAM,2,COMMERCIAL,336,299,39919.0,626.69
BHADRADRI KOTHAGUDEM,BHADRACHALAM,MANUGURU,MANUGURU,SAMBAIHGUDEM,2,COMMERCIAL,55,35,9286.0,181.77
BHADRADRI KOTHAGUDEM,BHADRACHALAM,MANUGURU,MANUGURU,SHANTI NAGAR,2,COMMERCIAL,10,7,339.0,14.72
BHADRADRI KOTHAGUDEM,BHADRACHALAM,MANUGURU,MANUGURU,THIRLAPURAM (M),2,COMMERCIAL,31,26,1714.0,62.11
BHADRADRI KOTHAGUDEM,BHADRACHALAM,MANUGURU,MANUGURU,TOKUGUDEM (M),2,COMMERCIAL,37,26,1353.0,66.77
BHADRADRI KOTHAGUDEM,BHADRACHALAM,MANUGURU,MANUGURU,dammakkapeta,2,COMMERCIAL,1,1,1.0,2.0
BHADRADRI KOTHAGUDEM,BHADRACHALAM,MANUGURU,MANUGURU,guttamallaram,2,COMMERCIAL,1,1,47.0,2.0
BHADRADRI KOTHAGUDEM,BHADRACHALAM,MANUGURU,PINAPAKA,AMARARAM-P,2,COMMERCIAL,3,3,43.0,2.24
BHADRADRI KOTHAGUDEM,KOTHAGUDEM,KOTHAGUDEM RURAL,JULLURUPADU,P NARASA PURAM-JP,2,COMMERCIAL,83,70,10943.0,191.365
BHADRADRI KOTHAGUDEM,KOTHAGUDEM,KOTHAGUDEM RURAL,JULLURUPADU,PAPAKOLLU-JP,2,COMMERCIAL,111,103,11987.0,186.66
BHADRADRI KOTHAGUDEM,KOTHAGUDEM,KOTHAGUDEM RURAL,JULLURUPADU,PEDDA THANDA-JP,2,COMMERCIAL,18,15,8541.0,48.48
BHADRADRI KOTHAGUDEM,KOTHAGUDEM,KOTHAGUDEM RURAL,JULLURUPADU,R R REDDY NAGAR-JP,2,COMMERCIAL,1,1,167.0,1.0
BHADRADRI KOTHAGUDEM,KOTHAGUDEM,KOTHAGUDEM RURAL,JULLURUPADU,RACHA BANDA-JP,2,COMMERCIAL,1,1,0.0,1.0
BHADRADRI KOTHAGUDEM,KOTHAGUDEM,KOTHAGUDEM RURAL,JULLURUPADU,RAJARAO PET-JP,2,COMMERCIAL,1,1,2.0,1.0
BHADRADRI KOTHAGUDEM,KOTHAGUDEM,KOTHAGUDEM RURAL,JULLURUPADU,RAMACHANDRA PURAM-JP,2,COMMERCIAL,4,3,124.0,4.16
BHADRADRI KOTHAGUDEM,KOTHAGUDEM,KOTHAGUDEM RURAL,JULLURUPADU,SAI RAMTHANDA-JP,2,COMMERCIAL,2,2,44.0,3.0
BHADRADRI KOTHAGUDEM,KOTHAGUDEM,LAXMIDEVIPALLY,TEKULAPALLY,NANDYA TANDA-TP,2,COMMERCIAL,2,1,3.0,2.18
BHADRADRI KOTHAGUDEM,KOTHAGUDEM,LAXMIDEVIPALLY,TEKULAPALLY,NARASAI GUDEM-TP,2,COMMERCIAL,1,0,0.0,1.0
BHADRADRI KOTHAGUDEM,KOTHAGUDEM,LAXMIDEVIPALLY,TEKULAPALLY,PETRAM CHELAKA STAGE - TP,2,COMMERCIAL,5,4,2051.0,11.7
BHADRADRI KOTHAGUDEM,KOTHAGUDEM,LAXMIDEVIPALLY,TEKULAPALLY,PETRAM CHELKA- TP,2,COMMERCIAL,2,2,0.0,3.0
BHADRADRI KOTHAGUDEM,KOTHAGUDEM,LAXMIDEVIPALLY,TEKULAPALLY,RAMCHANDRARAO PET-TP,2,COMMERCIAL,15,13,398.0,20.58
BHADRADRI KOTHAGUDEM,KOTHAGUDEM,LAXMIDEVIPALLY,TEKULAPALLY,ROLLA PADU-TP,2,COMMERCIAL,4,3,250.0,5.9
BHADRADRI KOTHAGUDEM,KOTHAGUDEM,LAXMIDEVIPALLY,TEKULAPALLY,SAMYA THANDA  - TP,2,COMMERCIAL,2,2,125.0,3.18
BHADRADRI KOTHAGUDEM,PALONCHA,ASWARAOPETA,DAMMAPETA,GURUVAIGUDEM,2,COMMERCIAL,5,4,2428.0,35.5
BHADRADRI KOTHAGUDEM,PALONCHA,ASWARAOPETA,DAMMAPETA,JAGGARAM,2,COMMERCIAL,19,15,739.0,29.99
BHADRADRI KOTHAGUDEM,PALONCHA,ASWARAOPETA,DAMMAPETA,KOTHURU/A.PALLY,2,COMMERCIAL,12,11,670.0,18.24
BHADRADRI KOTHAGUDEM,PALONCHA,ASWARAOPETA,DAMMAPETA,LATCHAPURAM,2,COMMERCIAL,20,18,1204.0,23.72
BHADRADRI KOTHAGUDEM,PALONCHA,ASWARAOPETA,DAMMAPETA,MALKARAM,2,COMMERCIAL,57,53,12874.0,120.19
BHADRADRI KOTHAGUDEM,PALONCHA,ASWARAOPETA,DAMMAPETA,MANDALAPALLY,2,COMMERCIAL,270,237,24293.0,476.245
BHADRADRI KOTHAGUDEM,PALONCHA,ASWARAOPETA,DAMMAPETA,MORAPPAGUDEM,2,COMMERCIAL,8,6,202.0,17.0
BHADRADRI KOTHAGUDEM,PALONCHA,ASWARAOPETA,DAMMAPETA,MUSTIBANDA,2,COMMERCIAL,45,38,5353.0,78.32
BHADRADRI KOTHAGUDEM,PALONCHA,ASWARAOPETA,DAMMAPETA,NALLAKUNTA,2,COMMERCIAL,2,2,20.0,3.24
BHADRADRI KOTHAGUDEM,PALONCHA,PALVANCHA,PALVONCHA RURAL,PRABHAT NAGAR,2,COMMERCIAL,17,13,231.0,22.74
BHADRADRI KOTHAGUDEM,PALONCHA,PALVANCHA,PALVONCHA RURAL,PULLAIGUDEM,2,COMMERCIAL,8,8,360.0,10.18
BHADRADRI KOTHAGUDEM,PALONCHA,PALVANCHA,PALVONCHA RURAL,PUNUKULA,2,COMMERCIAL,32,27,2756.0,56.48
BHADRADRI KOTHAGUDEM,PALONCHA,PALVANCHA,PALVONCHA RURAL,PUSALA THANDA,2,COMMERCIAL,1,1,251.0,2.0
BHADRADRI KOTHAGUDEM,PALONCHA,PALVANCHA,PALVONCHA RURAL,RAJAPURAM,2,COMMERCIAL,14,12,3364.0,31.7
BHADRADRI KOTHAGUDEM,PALONCHA,PALVANCHA,PALVONCHA RURAL,RANGAPURAM,2,COMMERCIAL,21,16,2285.0,64.48
BHADRADRI KOTHAGUDEM,PALONCHA,PALVANCHA,PALVONCHA RURAL,REGULA GUDEM,2,COMMERCIAL,12,12,178.0,15.75
BHADRADRI KOTHAGUDEM,PALONCHA,PALVANCHA,PALVONCHA RURAL,REPALLEWADA,2,COMMERCIAL,11,10,435.0,11.24
BHADRADRI KOTHAGUDEM,PALONCHA,PALVANCHA,PALVONCHA RURAL,SANGAM,2,COMMERCIAL,7,4,152.0,9.93
BHADRADRI KOTHAGUDEM,PALONCHA,PALVANCHA,PALVONCHA RURAL,SAREKAL,2,COMMERCIAL,1,1,16.0,2.24
BHUPALAPALLY,BHUPALAPALLY,CHITYAL,CHITYAL,MUCHINIPARTHY,2,COMMERCIAL,4,4,220.0,6.6
BHUPALAPALLY,BHUPALAPALLY,CHITYAL,CHITYAL,NAIMPAKA,2,COMMERCIAL,43,39,4373.0,84.367
BHUPALAPALLY,BHUPALAPALLY,CHITYAL,CHITYAL,NAWABPET,2,COMMERCIAL,24,22,2360.0,30.0
BHUPALAPALLY,BHUPALAPALLY,CHITYAL,CHITYAL,Pashigaddathanda,2,COMMERCIAL,1,1,0.0,1.0
BHUPALAPALLY,BHUPALAPALLY,CHITYAL,CHITYAL,RAMACHANDRAPOOR,2,COMMERCIAL,4,4,150.0,4.0
BHUPALAPALLY,BHUPALAPALLY,CHITYAL,CHITYAL,THIRMALAPUR,2,COMMERCIAL,28,24,544.0,34.0
BHUPALAPALLY,BHUPALAPALLY,CHITYAL,CHITYAL,VENCHARENI,2,COMMERCIAL,3,3,11.0,5.0
BHUPALAPALLY,BHUPALAPALLY,CHITYAL,CHITYAL,VODUTHALA,2,COMMERCIAL,25,22,4178.0,43.13
BHUPALAPALLY,BHUPALAPALLY,CHITYAL,CHITYAL,Varikolpally,2,COMMERCIAL,3,2,11.0,6.0
BHUPALAPALLY,BHUPALAPALLY,CHITYAL,CHITYAL,Yelletiramaiahpally,2,COMMERCIAL,9,9,320.0,14.001
BHUPALAPALLY,BHUPALAPALLY,CHITYAL,MOGULLAPALLY,AKNEPALLI,2,COMMERCIAL,39,37,2153.0,50.926
BHUPALAPALLY,BHUPALAPALLY,CHITYAL,MOGULLAPALLY,ANKUSHAPUR(MP),2,COMMERCIAL,7,6,274.0,8.0
BHUPALAPALLY,BHUPALAPALLY,KATARAM,MAHAMUTHARAM,POLAMPALLY,2,COMMERCIAL,1,0,0.0,1.0
BHUPALAPALLY,BHUPALAPALLY,KATARAM,MAHAMUTHARAM,POLARAM,2,COMMERCIAL,6,5,2803.0,28.5
BHUPALAPALLY,BHUPALAPALLY,KATARAM,MAHAMUTHARAM,Premnagar,2,COMMERCIAL,1,1,0.0,1.0
BHUPALAPALLY,BHUPALAPALLY,KATARAM,MAHAMUTHARAM,REDDYPALLY,2,COMMERCIAL,3,3,52.0,6.0
HANUMAKONDA,HANAMKONDA/RURAL,BD Pally,NARAYANAGIRI,NARAYANAGIRI,2,COMMERCIAL,94,90,10310.0,160.82
HANUMAKONDA,HANAMKONDA/RURAL,PARKAL,ATMAKUR,CHOWLAPALLY,2,COMMERCIAL,20,19,1317.0,27.26
HANUMAKONDA,HANAMKONDA/RURAL,PARKAL,ATMAKUR,GUDEPAHAD,2,COMMERCIAL,86,74,14164.0,225.26
HANUMAKONDA,HANAMKONDA/RURAL,PARKAL,ATMAKUR,HOUSE BOURSE,2,COMMERCIAL,16,13,119.0,14.5
HANUMAKONDA,HANAMKONDA/RURAL,PARKAL,ATMAKUR,KAMARAM,2,COMMERCIAL,21,18,2047.0,50.305
HANUMAKONDA,HANAMKONDA/RURAL,PARKAL,ATMAKUR,KATANSKAPUR,2,COMMERCIAL,32,24,8928.0,91.133
HANUMAKONDA,HANAMKONDA/RURAL,PARKAL,ATMAKUR,KOTHAGATTU,2,COMMERCIAL,12,10,3164.0,27.26
HANUMAKONDA,HANAMKONDA/RURAL,PARKAL,ATMAKUR,LINGAMADUGUPALLY,2,COMMERCIAL,13,12,749.0,17.0
HANUMAKONDA,HANAMKONDA/RURAL,PARKAL,ATMAKUR,MALKPET,2,COMMERCIAL,12,9,528.0,15.26
HANUMAKONDA,HANAMKONDA/RURAL,PARKAL,ATMAKUR,NAGAIAHPALLY,2,COMMERCIAL,6,6,347.0,7.26
HANUMAKONDA,HANAMKONDA/RURAL,PARKAL,ATMAKUR,NIRKULLA,2,COMMERCIAL,81,66,4902.0,132.58
ADILABAD,ADILABAD,JAINATH,BELA,SONKHAS,2,COMMERCIAL,15,11,856.0,22.62
ADILABAD,ADILABAD,JAINATH,BELA,TAKLI,2,COMMERCIAL,8,7,1438.0,15.98
ADILABAD,ADILABAD,JAINATH,BELA,TELANGARAO GUDA,2,COMMERCIAL,1,1,0.0,0.964
ADILABAD,ADILABAD,JAINATH,BELA,TOYAGUDA,2,COMMERCIAL,4,1,0.0,3.968
ADILABAD,ADILABAD,JAINATH,BELA,VAROOR,2,COMMERCIAL,1,1,7.0,1.0
ADILABAD,ADILABAD,JAINATH,BELA,WADA GUDA,2,COMMERCIAL,1,1,20.0,2.999
ADILABAD,ADILABAD,JAINATH,BELA,YATHI,2,COMMERCIAL,1,1,131.0,0.24
ADILABAD,ADILABAD,JAINATH,BHORAJ,AKOLI,2,COMMERCIAL,10,7,343.0,10.82
ADILABAD,ADILABAD,JAINATH,BHORAJ,AKURLA,2,COMMERCIAL,15,14,947.0,22.612
ADILABAD,ADILABAD,JAINATH,BHORAJ,BALAPUR,2,COMMERCIAL,10,10,4665.0,21.69
ADILABAD,ADILABAD,JAINATH,BHORAJ,BHORAJ,2,COMMERCIAL,83,49,13212.0,163.162
ADILABAD,UTNOOR,UTNOOR,NARNOOR,PIPRI,2,COMMERCIAL,1,1,31.0,1.0
ADILABAD,UTNOOR,UTNOOR,NARNOOR,RAJULGUDA,2,COMMERCIAL,12,10,392.0,19.75
ADILABAD,UTNOOR,UTNOOR,NARNOOR,RAMPUR,2,COMMERCIAL,1,1,0.0,1.0
ADILABAD,UTNOOR,UTNOOR,NARNOOR,RUMANKASA,2,COMMERCIAL,1,1,0.0,1.0
ADILABAD,UTNOOR,UTNOOR,NARNOOR,RUPAPOOR,2,COMMERCIAL,2,2,0.0,4.0
ADILABAD,UTNOOR,UTNOOR,NARNOOR,SANGVI,2,COMMERCIAL,1,1,44.0,1.0
ADILABAD,UTNOOR,UTNOOR,NARNOOR,SAVARI,2,COMMERCIAL,1,1,0.0,1.0
ADILABAD,UTNOOR,UTNOOR,NARNOOR,SEKUGUDA (M),2,COMMERCIAL,1,1,1.0,2.0
ADILABAD,UTNOOR,UTNOOR,NARNOOR,SONAPUR,2,COMMERCIAL,1,1,25.0,1.0
ADILABAD,UTNOOR,UTNOOR,NARNOOR,SRUNGAPOOR,2,COMMERCIAL,1,1,2260.0,10.0
ADILABAD,UTNOOR,UTNOOR,NARNOOR,THADIHATHNOOR,2,COMMERCIAL,92,74,8500.0,128.389
ASIFABAD,ASIFABAD,ASIFABAD,WANKIDI,ARLI,2,COMMERCIAL,4,4,1056.0,15.7
ASIFABAD,ASIFABAD,ASIFABAD,WANKIDI,BAMBARA,2,COMMERCIAL,36,27,7010.0,75.77
ASIFABAD,ASIFABAD,ASIFABAD,WANKIDI,BANAR KOSARA H/O BOMBARA,2,COMMERCIAL,1,1,12.0,1.0
ASIFABAD,ASIFABAD,ASIFABAD,WANKIDI,BANDAKASA (SAVATHI GP),2,COMMERCIAL,1,0,0.0,0.96
ASIFABAD,ASIFABAD,ASIFABAD,WANKIDI,BENDORA,2,COMMERCIAL,29,26,3455.0,92.36
ASIFABAD,ASIFABAD,ASIFABAD,WANKIDI,BORDA,2,COMMERCIAL,3,3,31.0,3.0
ASIFABAD,ASIFABAD,ASIFABAD,WANKIDI,CHICHPALLY  ( SONAPUR ),2,COMMERCIAL,1,0,0.0,1.5
ASIFABAD,ASIFABAD,ASIFABAD,WANKIDI,CHINCHOLI,2,COMMERCIAL,1,1,5.0,1.0
ASIFABAD,ASIFABAD,ASIFABAD,WANKIDI,CHINCHUPALLY,2,COMMERCIAL,4,2,1421.0,12.15
ASIFABAD,ASIFABAD,ASIFABAD,WANKIDI,CHOUPNAGUDA(WANKI),2,COMMERCIAL,2,2,22.0,5.96
ASIFABAD,ASIFABAD,ASIFABAD,WANKIDI,DHABHA,2,COMMERCIAL,3,3,275.0,7.0
ASIFABAD,ASIFABAD,ASIFABAD,WANKIDI,DHODDIGUDA,2,COMMERCIAL,1,1,165.0,1.0
ASIFABAD,ASIFABAD,ASIFABAD RURAL,THIRYANI,DORLI,2,COMMERCIAL,1,0,0.0,0.2
ASIFABAD,ASIFABAD,ASIFABAD RURAL,THIRYANI,DUGGAPOOR,2,COMMERCIAL,4,4,644.0,8.214
ASIFABAD,ASIFABAD,ASIFABAD RURAL,THIRYANI,EDULAPAD,2,COMMERCIAL,2,2,71.0,3.0
ASIFABAD,ASIFABAD,ASIFABAD RURAL,THIRYANI,GADALAPALLY,2,COMMERCIAL,3,3,60.0,3.702
ASIFABAD,ASIFABAD,ASIFABAD RURAL,THIRYANI,GAMBIRRAOPET (T),2,COMMERCIAL,16,13,960.0,17.238
ASIFABAD,ASIFABAD,ASIFABAD RURAL,THIRYANI,GINNEDARI,2,COMMERCIAL,14,14,889.0,19.707
ASIFABAD,ASIFABAD,ASIFABAD RURAL,THIRYANI,GOYAGAOM,2,COMMERCIAL,6,5,3398.0,17.0
ASIFABAD,SIRPUR KAGAZNAGAR,KOWTALA,BEJJURU,MURALIGUDA,2,COMMERCIAL,3,3,172.0,3.975
ASIFABAD,SIRPUR KAGAZNAGAR,KOWTALA,BEJJURU,NAGULAVAI,2,COMMERCIAL,4,4,16.0,4.0
ASIFABAD,SIRPUR KAGAZNAGAR,KOWTALA,BEJJURU,PAPANPET,2,COMMERCIAL,25,25,1663.0,38.0
ASIFABAD,SIRPUR KAGAZNAGAR,KOWTALA,BEJJURU,PENCHIKALPET,2,COMMERCIAL,15,14,3017.0,35.52
ASIFABAD,SIRPUR KAGAZNAGAR,KOWTALA,BEJJURU,POTHEPALLY,2,COMMERCIAL,18,17,2254.0,29.0
ASIFABAD,SIRPUR KAGAZNAGAR,KOWTALA,BEJJURU,REBBANA (B),2,COMMERCIAL,7,7,1325.0,17.975
ASIFABAD,SIRPUR KAGAZNAGAR,KOWTALA,BEJJURU,RUDRAPOOR,2,COMMERCIAL,28,22,4636.0,68.788
ASIFABAD,SIRPUR KAGAZNAGAR,KOWTALA,BEJJURU,SOMINI,2,COMMERCIAL,6,5,82.0,11.0
ASIFABAD,SIRPUR KAGAZNAGAR,KOWTALA,BEJJURU,SUSUMER,2,COMMERCIAL,1,1,0.0,1.0
ASIFABAD,SIRPUR KAGAZNAGAR,KOWTALA,BEJJURU,THALAYEE,2,COMMERCIAL,5,5,67.0,10.0
BHADRADRI KOTHAGUDEM,BHADRACHALAM,CHERLA,CHARLA,VADDIPETA,2,COMMERCIAL,1,1,5838.0,53.0
BHADRADRI KOTHAGUDEM,BHADRACHALAM,CHERLA,CHARLA,VEERAPURAM,2,COMMERCIAL,1,1,0.0,1.0
BHADRADRI KOTHAGUDEM,KOTHAGUDEM,KOTHAGUDEM RURAL,JULLURUPADU,NALLABANDA BODU-JP,2,COMMERCIAL,1,1,0.0,1.0
BHADRADRI KOTHAGUDEM,KOTHAGUDEM,LAXMIDEVIPALLY,TEKULAPALLY,KOPPURAI-TP,2,COMMERCIAL,12,9,337.0,15.0
BHADRADRI KOTHAGUDEM,KOTHAGUDEM,LAXMIDEVIPALLY,TEKULAPALLY,KUNTALLA-TP,2,COMMERCIAL,2,2,47.0,4.18
BHADRADRI KOTHAGUDEM,KOTHAGUDEM,LAXMIDEVIPALLY,TEKULAPALLY,LAXMI PURAM15-TP,2,COMMERCIAL,2,2,17.0,3.45
BHADRADRI KOTHAGUDEM,KOTHAGUDEM,LAXMIDEVIPALLY,TEKULAPALLY,MADDIRALA-TP,2,COMMERCIAL,2,1,14.0,3.0
BHADRADRI KOTHAGUDEM,KOTHAGUDEM,LAXMIDEVIPALLY,TEKULAPALLY,MANGALI THANDA - TP,2,COMMERCIAL,2,2,3.0,3.2
BHADRADRI KOTHAGUDEM,KOTHAGUDEM,LAXMIDEVIPALLY,TEKULAPALLY,MUKKAM PADU THANDA - TP,2,COMMERCIAL,2,2,78.0,3.0
BHADRADRI KOTHAGUDEM,KOTHAGUDEM,LAXMIDEVIPALLY,TEKULAPALLY,MUKKAM PADU-TP,2,COMMERCIAL,1,1,0.0,2.0
BHADRADRI KOTHAGUDEM,PALONCHA,ASWARAOPETA,DAMMAPETA,ALLIPALLY,2,COMMERCIAL,11,11,635.0,19.48
BHADRADRI KOTHAGUDEM,PALONCHA,ASWARAOPETA,DAMMAPETA,ANKAMPALEM,2,COMMERCIAL,42,34,6891.0,79.2
BHADRADRI KOTHAGUDEM,PALONCHA,ASWARAOPETA,DAMMAPETA,BALARAJGUDEM,2,COMMERCIAL,8,7,150.0,7.342
BHADRADRI KOTHAGUDEM,PALONCHA,ASWARAOPETA,DAMMAPETA,CHEPURIGUDEM,2,COMMERCIAL,3,3,135.0,8.0
BHADRADRI KOTHAGUDEM,PALONCHA,ASWARAOPETA,DAMMAPETA,CHINAGOLLAGUDEM,2,COMMERCIAL,4,4,58.0,4.26
BHADRADRI KOTHAGUDEM,PALONCHA,ASWARAOPETA,DAMMAPETA,DAMMAPET,2,COMMERCIAL,564,508,60361.0,1225.42
BHADRADRI KOTHAGUDEM,PALONCHA,ASWARAOPETA,DAMMAPETA,GANDHINAGARAM,2,COMMERCIAL,6,6,1069.0,34.0
BHADRADRI KOTHAGUDEM,PALONCHA,ASWARAOPETA,DAMMAPETA,GOPALAPURAM,2,COMMERCIAL,8,8,1098.0,19.0
BHADRADRI KOTHAGUDEM,PALONCHA,PALVANCHA,PALVONCHA RURAL,KOTHURU,2,COMMERCIAL,2,2,33.0,1.48
BHADRADRI KOTHAGUDEM,PALONCHA,PALVANCHA,PALVONCHA RURAL,LAXMIDEVI PALLI(V),2,COMMERCIAL,10,9,346.0,14.99
BHADRADRI KOTHAGUDEM,PALONCHA,PALVANCHA,PALVONCHA RURAL,MALLARAM,2,COMMERCIAL,2,1,950.0,11.0
BHADRADRI KOTHAGUDEM,PALONCHA,PALVANCHA,PALVONCHA RURAL,MAMIDIGUDEM(R),2,COMMERCIAL,1,1,7.0,1.0
BHADRADRI KOTHAGUDEM,PALONCHA,PALVANCHA,PALVONCHA RURAL,MANDERIKALAPADU,2,COMMERCIAL,6,6,1608.0,16.74
BHADRADRI KOTHAGUDEM,PALONCHA,PALVANCHA,PALVONCHA RURAL,NAGARAM,2,COMMERCIAL,56,46,10040.0,140.35
BHADRADRI KOTHAGUDEM,PALONCHA,PALVANCHA,PALVONCHA RURAL,NARASAMPETA,2,COMMERCIAL,1,1,1182.0,14.0
BHADRADRI KOTHAGUDEM,PALONCHA,PALVANCHA,PALVONCHA RURAL,NARASIMHA SAGAR,2,COMMERCIAL,2,2,57.0,1.98
BHADRADRI KOTHAGUDEM,PALONCHA,PALVANCHA,PALVONCHA RURAL,NARAYANRAO PETA,2,COMMERCIAL,1,1,28.0,3.0
BHADRADRI KOTHAGUDEM,PALONCHA,PALVANCHA,PALVONCHA RURAL,PANDURANGAPURAM,2,COMMERCIAL,98,80,10687.0,187.155
BHUPALAPALLY,BHUPALAPALLY,CHITYAL,CHITYAL,CHITYAL,2,COMMERCIAL,288,248,26111.0,487.926
BHUPALAPALLY,BHUPALAPALLY,CHITYAL,CHITYAL,DOOTHPALLI,2,COMMERCIAL,5,5,47.0,4.24
BHUPALAPALLY,BHUPALAPALLY,CHITYAL,CHITYAL,GIDDIMUTHARAM,2,COMMERCIAL,14,13,834.0,16.0
BHUPALAPALLY,BHUPALAPALLY,CHITYAL,CHITYAL,GOPALPUR,2,COMMERCIAL,27,24,818.0,44.068
BHUPALAPALLY,BHUPALAPALLY,CHITYAL,CHITYAL,GUNTURPALLI (T.PUR),2,COMMERCIAL,2,2,78.0,3.0
BHUPALAPALLY,BHUPALAPALLY,CHITYAL,CHITYAL,JADALAPET,2,COMMERCIAL,43,40,4900.0,59.23
BHUPALAPALLY,BHUPALAPALLY,CHITYAL,CHITYAL,JOOKAL,2,COMMERCIAL,43,39,2143.0,66.202
BHUPALAPALLY,BHUPALAPALLY,CHITYAL,CHITYAL,KAILAPUR,2,COMMERCIAL,6,3,54.0,15.79
BHUPALAPALLY,BHUPALAPALLY,CHITYAL,CHITYAL,KALWAPALLI,2,COMMERCIAL,5,5,215.0,6.1
BHUPALAPALLY,BHUPALAPALLY,CHITYAL,CHITYAL,KOTHAPET,2,COMMERCIAL,5,5,1147.0,10.0
BHUPALAPALLY,BHUPALAPALLY,CHITYAL,CHITYAL,LAXMIPUR,2,COMMERCIAL,1,1,0.0,1.0
BHUPALAPALLY,BHUPALAPALLY,KATARAM,MAHAMUTHARAM,MADARAM,2,COMMERCIAL,3,3,893.0,8.0
BHUPALAPALLY,BHUPALAPALLY,KATARAM,MAHAMUTHARAM,MAHABOOBPALLY,2,COMMERCIAL,1,1,0.0,1.0
BHUPALAPALLY,BHUPALAPALLY,KATARAM,MAHAMUTHARAM,MEENAJIPET,2,COMMERCIAL,14,13,427.0,30.74
BHUPALAPALLY,BHUPALAPALLY,KATARAM,MAHAMUTHARAM,MULUGUPALLY,2,COMMERCIAL,26,24,5008.0,40.58
BHUPALAPALLY,BHUPALAPALLY,KATARAM,MAHAMUTHARAM,MUTHARAM,2,COMMERCIAL,80,69,14415.0,159.145
BHUPALAPALLY,BHUPALAPALLY,KATARAM,MAHAMUTHARAM,NARASINGAPOOR,2,COMMERCIAL,11,10,2605.0,20.0
BHUPALAPALLY,BHUPALAPALLY,KATARAM,MAHAMUTHARAM,NIMMAAGUDEM,2,COMMERCIAL,3,2,1733.0,15.24
BHUPALAPALLY,BHUPALAPALLY,KATARAM,MAHAMUTHARAM,PEGDAPALLY,2,COMMERCIAL,5,5,1412.0,17.24
BHUPALAPALLY,MULUGU,MULUG,MULUGU,KASIMDEVPET,2,COMMERCIAL,31,30,4701.0,61.49
BHUPALAPALLY,MULUGU,MULUG,MULUGU,KOTHUR,2,COMMERCIAL,15,13,1944.0,33.49
BHUPALAPALLY,MULUGU,MULUG,MULUGU,MADANPALLI,2,COMMERCIAL,16,13,3848.0,39.98
BHUPALAPALLY,MULUGU,MULUG,MULUGU,MADHAVARAOPALLI,2,COMMERCIAL,1,1,21.0,2.0
BHUPALAPALLY,MULUGU,MULUG,MULUGU,MULUGU,2,COMMERCIAL,1688,1429,168236.0,3512.852
BHUPALAPALLY,MULUGU,MULUG,MULUGU,PAGADAPALLI,2,COMMERCIAL,3,3,64.0,3.0
BHUPALAPALLY,MULUGU,MULUG,MULUGU,PALSAPALLI,2,COMMERCIAL,6,2,92.0,7.996
BHUPALAPALLY,MULUGU,MULUG,MULUGU,PANCHOTHUKULAPALLY,2,COMMERCIAL,3,3,157.0,7.0
BHUPALAPALLY,MULUGU,MULUG,MULUGU,PATHIPALLY,2,COMMERCIAL,41,35,5239.0,92.61
BHUPALAPALLY,MULUGU,MULUG,MULUGU,POTLAPOOR,2,COMMERCIAL,3,3,99.0,3.0
HANUMAKONDA,HANAMKONDA/RURAL,BD Pally,NARAYANAGIRI,GUDLASAGAR,2,COMMERCIAL,10,10,490.0,14.5
HANUMAKONDA,HANAMKONDA/RURAL,BD Pally,NARAYANAGIRI,KAMMARIPET,2,COMMERCIAL,7,6,432.0,9.08
HANUMAKONDA,HANAMKONDA/RURAL,BD Pally,NARAYANAGIRI,KANNARAM,2,COMMERCIAL,38,36,2835.0,95.05
HANUMAKONDA,HANAMKONDA/RURAL,BD Pally,NARAYANAGIRI,KATKU RAMAIAHPALY,2,COMMERCIAL,1,1,0.0,1.0
HANUMAKONDA,HANAMKONDA/RURAL,BD Pally,NARAYANAGIRI,KUMRGH H/O MALKUDURL,2,COMMERCIAL,4,4,80.0,5.0
HANUMAKONDA,HANAMKONDA/RURAL,BD Pally,NARAYANAGIRI,Lokya thanda,2,COMMERCIAL,2,2,169.0,2.0
HANUMAKONDA,HANAMKONDA/RURAL,BD Pally,NARAYANAGIRI,MADDELAGUDEM H/O P.C,2,COMMERCIAL,8,6,239.0,7.48
HANUMAKONDA,HANAMKONDA/RURAL,BD Pally,NARAYANAGIRI,MALLIKUDURLA,2,COMMERCIAL,74,71,9679.0,113.16
HANUMAKONDA,HANAMKONDA/RURAL,BD Pally,NARAYANAGIRI,MIRPAKUNTA THANDA,2,COMMERCIAL,1,1,8.0,1.0
ADILABAD,UTNOOR,UTNOOR,NARNOOR,MARRAPPAGUDA H/O NAG,2,COMMERCIAL,1,1,0.0,1.0
ADILABAD,UTNOOR,UTNOOR,NARNOOR,MEDIGUDA,2,COMMERCIAL,10,10,561.0,9.25
ADILABAD,UTNOOR,UTNOOR,NARNOOR,NAGALKONDA,2,COMMERCIAL,10,8,2783.0,38.214
ADILABAD,UTNOOR,UTNOOR,NARNOOR,NARNOOR,2,COMMERCIAL,317,240,22643.0,415.274
ADILABAD,UTNOOR,UTNOOR,NARNOOR,PARAEWADA(K),2,COMMERCIAL,2,2,1270.0,11.0
ADILABAD,UTNOOR,UTNOOR,NARNOOR,PARSWADA (B),2,COMMERCIAL,2,2,49.0,1.944
ASIFABAD,ASIFABAD,ASIFABAD,REBBENA,PUNJEMERAGUDA,2,COMMERCIAL,2,2,45.0,2.0
ASIFABAD,ASIFABAD,ASIFABAD,REBBENA,RAJARAM,2,COMMERCIAL,5,4,2040.0,5.25
ASIFABAD,ASIFABAD,ASIFABAD,REBBENA,RALLAPET,2,COMMERCIAL,2,2,107.0,2.0
ASIFABAD,ASIFABAD,ASIFABAD,REBBENA,RAMPUR,2,COMMERCIAL,11,11,6616.0,77.0
ASIFABAD,ASIFABAD,ASIFABAD,REBBENA,REBBENA,2,COMMERCIAL,388,332,44319.0,643.603
ASIFABAD,ASIFABAD,ASIFABAD,REBBENA,ROLLAPHAD,2,COMMERCIAL,3,2,64.0,7.0
ASIFABAD,ASIFABAD,ASIFABAD,REBBENA,ROUTHU SHANKAPALLY,2,COMMERCIAL,3,3,401.0,2.24
ASIFABAD,ASIFABAD,ASIFABAD,REBBENA,SINGALGUDA,2,COMMERCIAL,3,2,4232.0,26.0
ASIFABAD,ASIFABAD,ASIFABAD,REBBENA,TAKKALAPALLY,2,COMMERCIAL,13,12,1094.0,41.65
ASIFABAD,ASIFABAD,ASIFABAD,REBBENA,THUNGEDA,2,COMMERCIAL,15,15,1176.0,32.8
ASIFABAD,ASIFABAD,ASIFABAD,REBBENA,VENKULAM (R),2,COMMERCIAL,18,17,2065.0,35.75
ASIFABAD,ASIFABAD,ASIFABAD RURAL,SIRPUR,SIRPOOR,2,COMMERCIAL,59,47,11453.0,110.588
ASIFABAD,ASIFABAD,ASIFABAD RURAL,SIRPUR,SITHADAPNOOR,2,COMMERCIAL,2,2,314.0,6.0
ASIFABAD,ASIFABAD,ASIFABAD RURAL,SIRPUR,VENKAMADDI,2,COMMERCIAL,1,1,0.0,1.97
ASIFABAD,ASIFABAD,ASIFABAD RURAL,SIRPUR,YELLAPUTOR,2,COMMERCIAL,2,2,297.0,6.0
ASIFABAD,ASIFABAD,ASIFABAD RURAL,THIRYANI,AREDPALLY,2,COMMERCIAL,4,2,214.0,13.0
ASIFABAD,ASIFABAD,ASIFABAD RURAL,THIRYANI,BHEEMJIGUDA,2,COMMERCIAL,1,1,0.0,5.0
ASIFABAD,ASIFABAD,ASIFABAD RURAL,THIRYANI,BHEEMPUR,2,COMMERCIAL,1,1,0.0,5.0
ASIFABAD,ASIFABAD,ASIFABAD RURAL,THIRYANI,CHELMELA,2,COMMERCIAL,8,2,24.0,1.98
ASIFABAD,ASIFABAD,ASIFABAD RURAL,THIRYANI,CHINTAPALLY,2,COMMERCIAL,18,16,711.0,22.829
ASIFABAD,SIRPUR KAGAZNAGAR,KOWTALA,BEJJURU,KONDAPALLY (B),2,COMMERCIAL,9,9,933.0,23.5
ASIFABAD,SIRPUR KAGAZNAGAR,KOWTALA,BEJJURU,KOTHAGUDAM,2,COMMERCIAL,2,2,20.0,2.0
ASIFABAD,SIRPUR KAGAZNAGAR,KOWTALA,BEJJURU,KOYAPALLY(B),2,COMMERCIAL,1,1,0.0,1.0
ASIFABAD,SIRPUR KAGAZNAGAR,KOWTALA,BEJJURU,KUCHENPALLY,2,COMMERCIAL,8,6,100.0,9.474
ASIFABAD,SIRPUR KAGAZNAGAR,KOWTALA,BEJJURU,KUKADA,2,COMMERCIAL,7,7,925.0,13.0
ASIFABAD,SIRPUR KAGAZNAGAR,KOWTALA,BEJJURU,KUNTALAMANEPALLY,2,COMMERCIAL,6,5,240.0,9.0
ASIFABAD,SIRPUR KAGAZNAGAR,KOWTALA,BEJJURU,LAMBADIGUDA,2,COMMERCIAL,18,18,778.0,17.19
ASIFABAD,SIRPUR KAGAZNAGAR,KOWTALA,BEJJURU,LOADPALLY,2,COMMERCIAL,12,12,723.0,14.0
ASIFABAD,SIRPUR KAGAZNAGAR,KOWTALA,BEJJURU,MADDIGUDA,2,COMMERCIAL,2,1,0.0,10.0
ASIFABAD,SIRPUR KAGAZNAGAR,KOWTALA,BEJJURU,MARTHADI,2,COMMERCIAL,29,25,2394.0,45.758
ASIFABAD,SIRPUR KAGAZNAGAR,KOWTALA,BEJJURU,MOGAVELLY,2,COMMERCIAL,1,1,21.0,1.0
ASIFABAD,SIRPUR KAGAZNAGAR,KOWTALA,BEJJURU,MUMJAN PALLY,2,COMMERCIAL,20,18,831.0,36.0
BHADRADRI KOTHAGUDEM,BHADRACHALAM,CHERLA,CHARLA,REGONTA,2,COMMERCIAL,3,1,13.0,6.0
BHADRADRI KOTHAGUDEM,BHADRACHALAM,CHERLA,CHARLA,RICE PETA,2,COMMERCIAL,28,22,3728.0,59.0
BHADRADRI KOTHAGUDEM,BHADRACHALAM,CHERLA,CHARLA,SATYANARAYANA PURAM,2,COMMERCIAL,71,57,22252.0,187.44
BHADRADRI KOTHAGUDEM,BHADRACHALAM,CHERLA,CHARLA,SUBBAM PETA <G>,2,COMMERCIAL,10,7,267.0,6.46
BHADRADRI KOTHAGUDEM,BHADRACHALAM,CHERLA,CHARLA,SUNDARAIAH COLONY,2,COMMERCIAL,1,1,1943.0,16.0
BHADRADRI KOTHAGUDEM,BHADRACHALAM,CHERLA,CHARLA,THYAGADA,2,COMMERCIAL,64,45,1765.0,61.278
BHADRADRI KOTHAGUDEM,BHADRACHALAM,CHERLA,CHARLA,TIPPAPURAM,2,COMMERCIAL,2,2,25.0,2.0
BHADRADRI KOTHAGUDEM,BHADRACHALAM,CHERLA,CHARLA,UNJUPALLY,2,COMMERCIAL,4,2,182.0,3.24
BHADRADRI KOTHAGUDEM,BHADRACHALAM,CHERLA,CHARLA,UPPARA GUDEM,2,COMMERCIAL,2,2,16.0,3.0
BHADRADRI KOTHAGUDEM,BHADRACHALAM,MANUGURU,MANUGURU,KATTUMALLARAM,2,COMMERCIAL,3,2,13.0,4.0
BHADRADRI KOTHAGUDEM,BHADRACHALAM,MANUGURU,MANUGURU,Kunavaram,2,COMMERCIAL,1,1,38.0,2.0
BHADRADRI KOTHAGUDEM,BHADRACHALAM,MANUGURU,MANUGURU,Lanka mallaram,2,COMMERCIAL,1,1,1.0,2.0
BHADRADRI KOTHAGUDEM,BHADRACHALAM,MANUGURU,MANUGURU,MALLARAM,2,COMMERCIAL,561,516,77396.0,1910.532
BHADRADRI KOTHAGUDEM,BHADRACHALAM,MANUGURU,MANUGURU,MALLEPALLI,2,COMMERCIAL,2,0,0.0,1.24
BHADRADRI KOTHAGUDEM,BHADRACHALAM,MANUGURU,MANUGURU,MANUGURU,2,COMMERCIAL,172,134,24251.0,271.49
BHADRADRI KOTHAGUDEM,BHADRACHALAM,MANUGURU,MANUGURU,MODDULA GUDEM,2,COMMERCIAL,5,4,118.0,8.18
BHADRADRI KOTHAGUDEM,BHADRACHALAM,MANUGURU,MANUGURU,MUTYALAMPETA,2,COMMERCIAL,18,18,1005.0,33.0
BHADRADRI KOTHAGUDEM,BHADRACHALAM,MANUGURU,MANUGURU,PAGIDERU,2,COMMERCIAL,13,11,332.0,18.6
BHADRADRI KOTHAGUDEM,BHADRACHALAM,MANUGURU,MANUGURU,RAJUPETA COLONY,2,COMMERCIAL,9,4,200.0,8.32
BHADRADRI KOTHAGUDEM,BHADRACHALAM,MANUGURU,MANUGURU,RAMANUJARAM,2,COMMERCIAL,84,67,9060.0,181.794
BHADRADRI KOTHAGUDEM,KOTHAGUDEM,KOTHAGUDEM RURAL,JULLURUPADU,K KOTHURU-JP,2,COMMERCIAL,1,1,0.0,1.0
BHADRADRI KOTHAGUDEM,KOTHAGUDEM,KOTHAGUDEM RURAL,JULLURUPADU,KAKARLA-JP,2,COMMERCIAL,70,66,7249.0,100.775
BHADRADRI KOTHAGUDEM,KOTHAGUDEM,KOTHAGUDEM RURAL,JULLURUPADU,KARIVARI GUDEM-JP,2,COMMERCIAL,10,9,443.0,15.22
BHADRADRI KOTHAGUDEM,KOTHAGUDEM,KOTHAGUDEM RURAL,JULLURUPADU,KOMMU GUDEM-JP,2,COMMERCIAL,18,13,4992.0,45.56
BHADRADRI KOTHAGUDEM,KOTHAGUDEM,KOTHAGUDEM RURAL,JULLURUPADU,KOTHURU-JP,2,COMMERCIAL,2,1,0.0,2.26
BHADRADRI KOTHAGUDEM,KOTHAGUDEM,KOTHAGUDEM RURAL,JULLURUPADU,MACHINENI PET-JP,2,COMMERCIAL,12,9,133.0,15.25
BHUPALAPALLY,BHUPALAPALLY,BHOOPALPALLY,REGONDA,REPAKKAPALLY,2,COMMERCIAL,7,6,169.0,16.0
BHUPALAPALLY,BHUPALAPALLY,BHOOPALPALLY,REGONDA,RUPUREDDY PALLY,2,COMMERCIAL,9,9,1473.0,16.98
BHUPALAPALLY,BHUPALAPALLY,BHOOPALPALLY,REGONDA,SULTANPUR,2,COMMERCIAL,16,14,310.0,19.199
BHUPALAPALLY,BHUPALAPALLY,BHOOPALPALLY,REGONDA,THIRMALGIRI,2,COMMERCIAL,27,22,2324.0,57.1
BHUPALAPALLY,BHUPALAPALLY,BHOOPALPALLY,REGONDA,VENKATESWARAPALLI-SP,2,COMMERCIAL,15,15,313.0,17.79
BHUPALAPALLY,BHUPALAPALLY,CHITYAL,CHITYAL,ANDUKUTHANDA,2,COMMERCIAL,7,7,99.0,10.0
BHUPALAPALLY,BHUPALAPALLY,CHITYAL,CHITYAL,BHAVUSINGHPALLY,2,COMMERCIAL,2,2,17.0,2.0
BHUPALAPALLY,BHUPALAPALLY,CHITYAL,CHITYAL,CHAINPAKA,2,COMMERCIAL,16,14,462.0,19.18
BHUPALAPALLY,BHUPALAPALLY,CHITYAL,CHITYAL,CHALLAGARIGA,2,COMMERCIAL,138,121,15689.0,190.746
BHUPALAPALLY,BHUPALAPALLY,CHITYAL,CHITYAL,CHINTA KUNTA RAMAIAH PALLY,2,COMMERCIAL,6,6,96.0,12.0
BHUPALAPALLY,BHUPALAPALLY,KATARAM,MAHAMUTHARAM,DOBBAKAPALEM,2,COMMERCIAL,2,1,168.0,4.0
BHUPALAPALLY,BHUPALAPALLY,KATARAM,MAHAMUTHARAM,DUMPALAPALLY,2,COMMERCIAL,2,2,19.0,3.0
BHUPALAPALLY,BHUPALAPALLY,KATARAM,MAHAMUTHARAM,GANDIKAMARAM,2,COMMERCIAL,3,3,1981.0,20.0
BHUPALAPALLY,BHUPALAPALLY,KATARAM,MAHAMUTHARAM,JEELA PALLY,2,COMMERCIAL,3,3,1477.0,20.0
BHUPALAPALLY,BHUPALAPALLY,KATARAM,MAHAMUTHARAM,KANUKUNOOR,2,COMMERCIAL,7,7,1050.0,15.0
BHUPALAPALLY,BHUPALAPALLY,KATARAM,MAHAMUTHARAM,KONAMPET,2,COMMERCIAL,4,2,94.0,10.0
BHUPALAPALLY,BHUPALAPALLY,KATARAM,MAHAMUTHARAM,KORLAKUNTA,2,COMMERCIAL,17,12,345.0,22.86
BHUPALAPALLY,BHUPALAPALLY,KATARAM,MAHAMUTHARAM,KOTHAREGULAGUDEM,2,COMMERCIAL,2,2,41.0,2.24
BHUPALAPALLY,MULUGU,MULUG,MULUGU,BANJARAPALLI,2,COMMERCIAL,3,2,0.0,3.0
BHUPALAPALLY,MULUGU,MULUG,MULUGU,BARIGELAPALLI,2,COMMERCIAL,4,3,87.0,5.0
BHUPALAPALLY,MULUGU,MULUG,MULUGU,CHINTALAPALLI,2,COMMERCIAL,3,1,0.0,4.0
BHUPALAPALLY,MULUGU,MULUG,MULUGU,DEVAGIRIPATNAM,2,COMMERCIAL,30,25,763.0,43.75
BHUPALAPALLY,MULUGU,MULUG,MULUGU,GATTAMPALLI,2,COMMERCIAL,21,20,11909.0,100.78
BHUPALAPALLY,MULUGU,MULUG,MULUGU,INCHERLA,2,COMMERCIAL,46,38,22128.0,174.01
BHUPALAPALLY,MULUGU,MULUG,MULUGU,JAGGANNAPETA,2,COMMERCIAL,11,9,2295.0,19.5
BHUPALAPALLY,MULUGU,MULUG,MULUGU,JANGALAPALLI,2,COMMERCIAL,148,108,20083.0,269.62
BHUPALAPALLY,MULUGU,MULUG,MULUGU,JEEVANTHARAOPALLY,2,COMMERCIAL,6,5,343.0,5.25
BHUPALAPALLY,MULUGU,MULUG,MULUGU,KANNAIGUDEM,2,COMMERCIAL,8,8,5431.0,17.5
HANUMAKONDA,HANAMKONDA/RURAL,BD Pally,KOTHAKONDA,GOLLAPALLI,2,COMMERCIAL,5,5,102.0,6.0
HANUMAKONDA,HANAMKONDA/RURAL,BD Pally,KOTHAKONDA,KATKUR,2,COMMERCIAL,33,0,0.0,42.605
HANUMAKONDA,HANAMKONDA/RURAL,BD Pally,KOTHAKONDA,KOTHAKONDA,2,COMMERCIAL,197,185,15818.0,371.936
HANUMAKONDA,HANAMKONDA/RURAL,BD Pally,KOTHAKONDA,MALLARAM,2,COMMERCIAL,79,75,8672.0,173.851
HANUMAKONDA,HANAMKONDA/RURAL,BD Pally,KOTHAKONDA,MUSTHAFAPUR,2,COMMERCIAL,29,27,3881.0,68.985
HANUMAKONDA,HANAMKONDA/RURAL,BD Pally,KOTHAKONDA,MUTHARAM,2,COMMERCIAL,20,19,3762.0,40.085
HANUMAKONDA,HANAMKONDA/RURAL,BD Pally,KOTHAKONDA,RASULIPALLI,2,COMMERCIAL,9,9,530.0,9.745
HANUMAKONDA,HANAMKONDA/RURAL,BD Pally,NARAYANAGIRI,Banda thanda,2,COMMERCIAL,3,3,106.0,2.24
HANUMAKONDA,HANAMKONDA/RURAL,BD Pally,NARAYANAGIRI,CHINTAL THANDA,2,COMMERCIAL,1,0,0.0,2.0
HANUMAKONDA,HANAMKONDA/RURAL,BD Pally,NARAYANAGIRI,ERRABALLY,2,COMMERCIAL,65,64,5254.0,110.76
HANUMAKONDA,HANAMKONDA/RURAL,BD Pally,NARAYANAGIRI,GOLLAKISTAMPALLY,2,COMMERCIAL,2,2,37.0,3.99
HANUMAKONDA,HANAMKONDA/RURAL,KAMALAPUR,UPPAL,UPPAL,2,COMMERCIAL,182,146,21499.0,268.848
HANUMAKONDA,HANAMKONDA/RURAL,KAMALAPUR,UPPAL,UPPALA PALLY,2,COMMERCIAL,14,12,430.0,23.55
HANUMAKONDA,HANAMKONDA/RURAL,KAMALAPUR,UPPAL,VANGAPALLY,2,COMMERCIAL,82,73,7524.0,145.72
HANUMAKONDA,HANAMKONDA/RURAL,KAMALAPUR,UPPAL,VENKATESH-PALLY,2,COMMERCIAL,2,1,66.0,2.5
HANUMAKONDA,HANAMKONDA/RURAL,KAMALAPUR,UPPAL,VENKATESWARAPAL,2,COMMERCIAL,21,20,961.0,32.6
HANUMAKONDA,HANAMKONDA/RURAL,PARKAL,ATMAKUR,AGRAMPAHAD,2,COMMERCIAL,23,22,2110.0,48.46
HANUMAKONDA,HANAMKONDA/RURAL,PARKAL,ATMAKUR,AKKAMPET,2,COMMERCIAL,86,78,6851.0,134.762
HANUMAKONDA,HANAMKONDA/RURAL,PARKAL,ATMAKUR,ATHMAKUR   (H),2,COMMERCIAL,267,224,32875.0,477.945
HANUMAKONDA,HANAMKONDA/RURAL,PARKAL,ATMAKUR,BRAMANAPALLY,2,COMMERCIAL,1,1,1370.0,14.0
ADILABAD,ADILABAD,JAINATH,BELA,PATAN,2,COMMERCIAL,3,2,77.0,7.33
ADILABAD,ADILABAD,JAINATH,BELA,PITGOAN,2,COMMERCIAL,4,4,34.0,6.83
ADILABAD,ADILABAD,JAINATH,BELA,POHARD,2,COMMERCIAL,3,2,145.0,6.0
ADILABAD,ADILABAD,JAINATH,BELA,PONALA,2,COMMERCIAL,10,10,676.0,18.2
ADILABAD,ADILABAD,JAINATH,BELA,SADARPUR,2,COMMERCIAL,1,1,0.0,1.0
ADILABAD,ADILABAD,JAINATH,BELA,SANGDI,2,COMMERCIAL,26,23,4104.0,49.457
ADILABAD,ADILABAD,JAINATH,BELA,SANGVI,2,COMMERCIAL,11,11,2144.0,27.239
ADILABAD,ADILABAD,JAINATH,BELA,SAYEEDPUR,2,COMMERCIAL,28,24,3068.0,53.38
ADILABAD,ADILABAD,JAINATH,BELA,SHALITHANDA,2,COMMERCIAL,1,0,0.0,2.424
ADILABAD,ADILABAD,JAINATH,BELA,SHAMSHABAD,2,COMMERCIAL,3,3,137.0,3.69
ADILABAD,ADILABAD,JAINATH,BELA,SIRSINNA,2,COMMERCIAL,36,29,7072.0,69.079
ADILABAD,UTNOOR,UTNOOR,NARNOOR,MAHAGOAN (N),2,COMMERCIAL,6,3,43.0,7.23
ADILABAD,UTNOOR,UTNOOR,NARNOOR,MALANGI,2,COMMERCIAL,2,2,317.0,2.0
ADILABAD,UTNOOR,UTNOOR,NARNOOR,MALAPOOR,2,COMMERCIAL,3,3,54.0,6.0
ADILABAD,UTNOOR,UTNOOR,NARNOOR,MANKAPOOR,2,COMMERCIAL,8,7,1205.0,14.226
ADILABAD,UTNOOR,UTNOOR,NARNOOR,MAREGOAN,2,COMMERCIAL,2,2,121.0,1.24
ASIFABAD,ASIFABAD,ASIFABAD RURAL,SIRPUR,SEETAGONDI,2,COMMERCIAL,1,1,0.0,1.0
ASIFABAD,SIRPUR KAGAZNAGAR,KOWTALA,BEJJURU,DIMDA,2,COMMERCIAL,11,10,1719.0,15.805
ASIFABAD,SIRPUR KAGAZNAGAR,KOWTALA,BEJJURU,ELKAPALLY,2,COMMERCIAL,122,112,7419.0,174.726
ASIFABAD,SIRPUR KAGAZNAGAR,KOWTALA,BEJJURU,ELLURE,2,COMMERCIAL,19,16,7034.0,59.23
ASIFABAD,SIRPUR KAGAZNAGAR,KOWTALA,BEJJURU,GUDEM,2,COMMERCIAL,21,17,2096.0,36.005
ASIFABAD,SIRPUR KAGAZNAGAR,KOWTALA,BEJJURU,GUNTAL PETA,2,COMMERCIAL,2,1,0.0,2.0
ASIFABAD,SIRPUR KAGAZNAGAR,KOWTALA,BEJJURU,KAMMARAGAM,2,COMMERCIAL,5,5,15.0,11.0
ASIFABAD,SIRPUR KAGAZNAGAR,KOWTALA,BEJJURU,KARJAWALLY,2,COMMERCIAL,18,15,3451.0,28.25
ASIFABAD,SIRPUR KAGAZNAGAR,KOWTALA,BEJJURU,KATEPALLY,2,COMMERCIAL,2,1,14.0,2.0
BHADRADRI KOTHAGUDEM,BHADRACHALAM,CHERLA,CHARLA,MAMIDIGUDEM,2,COMMERCIAL,9,6,646.0,11.47
BHADRADRI KOTHAGUDEM,BHADRACHALAM,CHERLA,CHARLA,MOGALLAPALLI,2,COMMERCIAL,11,10,212.0,12.68
BHADRADRI KOTHAGUDEM,BHADRACHALAM,CHERLA,CHARLA,PEDAMIDISILURU <C-1>,2,COMMERCIAL,15,15,1229.0,18.52
BHADRADRI KOTHAGUDEM,BHADRACHALAM,CHERLA,CHARLA,PEDAMIDISILURU <C-2>,2,COMMERCIAL,6,5,141.0,3.76
BHADRADRI KOTHAGUDEM,BHADRACHALAM,CHERLA,CHARLA,PEDDIPALLI,2,COMMERCIAL,3,1,11.0,2.0
BHADRADRI KOTHAGUDEM,BHADRACHALAM,CHERLA,CHARLA,POOSUGUPPA,2,COMMERCIAL,2,2,8587.0,51.0
BHADRADRI KOTHAGUDEM,BHADRACHALAM,CHERLA,CHARLA,PULIGUNDALA,2,COMMERCIAL,1,1,20.0,1.0
BHADRADRI KOTHAGUDEM,BHADRACHALAM,CHERLA,CHARLA,R KOTHAGUDEM,2,COMMERCIAL,98,85,9497.0,140.37
BHADRADRI KOTHAGUDEM,BHADRACHALAM,CHERLA,CHARLA,RAJEEVNAGAR COLONY,2,COMMERCIAL,9,8,185.0,12.0
BHADRADRI KOTHAGUDEM,BHADRACHALAM,CHERLA,CHARLA,RALLAGUDEM,2,COMMERCIAL,4,2,2760.0,20.22
BHADRADRI KOTHAGUDEM,BHADRACHALAM,MANUGURU,MANUGURU,ANNARAM,2,COMMERCIAL,6,5,47.0,10.52
BHADRADRI KOTHAGUDEM,BHADRACHALAM,MANUGURU,MANUGURU,BANDARUGUDEM,2,COMMERCIAL,1441,1252,155094.0,2909.213
BHADRADRI KOTHAGUDEM,BHADRACHALAM,MANUGURU,MANUGURU,BUGGA-M,2,COMMERCIAL,1,1,0.0,2.0
BHADRADRI KOTHAGUDEM,BHADRACHALAM,MANUGURU,MANUGURU,CHIKKUDUGUNTA,2,COMMERCIAL,51,47,4463.0,92.22
BHADRADRI KOTHAGUDEM,BHADRACHALAM,MANUGURU,MANUGURU,CHINARAVIGUDEM,2,COMMERCIAL,2,1,0.0,1.24
BHADRADRI KOTHAGUDEM,BHADRACHALAM,MANUGURU,MANUGURU,EGGIDIGUDEM,2,COMMERCIAL,11,0,0.0,10.38
BHADRADRI KOTHAGUDEM,BHADRACHALAM,MANUGURU,MANUGURU,G SINGARAM,2,COMMERCIAL,3,0,0.0,1.48
BHADRADRI KOTHAGUDEM,BHADRACHALAM,MANUGURU,MANUGURU,GOLLA KOTHURU,2,COMMERCIAL,1,1,1.0,5.0
BHADRADRI KOTHAGUDEM,BHADRACHALAM,MANUGURU,MANUGURU,HANUMANNAGAR,2,COMMERCIAL,48,44,3992.0,109.1
BHADRADRI KOTHAGUDEM,BHADRACHALAM,MANUGURU,MANUGURU,IPPALA SINGARAM,2,COMMERCIAL,26,18,4453.0,45.17
BHADRADRI KOTHAGUDEM,BHADRACHALAM,MANUGURU,MANUGURU,KAMALAPURAM,2,COMMERCIAL,24,20,3596.0,85.46
BHADRADRI KOTHAGUDEM,KOTHAGUDEM,KOTHAGUDEM RURAL,JULLURUPADU,GANDHI NAGAR-JP,2,COMMERCIAL,4,2,23.0,6.24
BHADRADRI KOTHAGUDEM,KOTHAGUDEM,KOTHAGUDEM RURAL,JULLURUPADU,GANGARAM  THANDA-JP,2,COMMERCIAL,1,1,1.0,1.0
BHADRADRI KOTHAGUDEM,KOTHAGUDEM,KOTHAGUDEM RURAL,JULLURUPADU,GUNDE PUDI-JP,2,COMMERCIAL,26,21,2751.0,93.8
BHADRADRI KOTHAGUDEM,KOTHAGUDEM,KOTHAGUDEM RURAL,JULLURUPADU,GUNDLA REVU-JP,2,COMMERCIAL,7,7,245.0,10.78
BHADRADRI KOTHAGUDEM,KOTHAGUDEM,KOTHAGUDEM RURAL,JULLURUPADU,GURAVAGU THANDA-JP,2,COMMERCIAL,2,2,5.0,3.0
BHADRADRI KOTHAGUDEM,KOTHAGUDEM,KOTHAGUDEM RURAL,JULLURUPADU,JADALA CHINTHA-JP,2,COMMERCIAL,5,5,262.0,6.74
BHADRADRI KOTHAGUDEM,KOTHAGUDEM,KOTHAGUDEM RURAL,JULLURUPADU,JULOOR PAD,2,COMMERCIAL,91,81,7716.0,142.48
BHADRADRI KOTHAGUDEM,KOTHAGUDEM,LAXMIDEVIPALLY,TEKULAPALLY,BARLA GUDEM-TP,2,COMMERCIAL,4,4,60.0,8.0
BHADRADRI KOTHAGUDEM,KOTHAGUDEM,LAXMIDEVIPALLY,TEKULAPALLY,BEDDU TANDA-TP,2,COMMERCIAL,2,2,100.0,3.0
BHADRADRI KOTHAGUDEM,KOTHAGUDEM,LAXMIDEVIPALLY,TEKULAPALLY,BETHAM PUDI-TP,2,COMMERCIAL,10,9,205.0,11.49
BHADRADRI KOTHAGUDEM,KOTHAGUDEM,LAXMIDEVIPALLY,TEKULAPALLY,BODU-TP,2,COMMERCIAL,41,41,9422.0,90.04
BHADRADRI KOTHAGUDEM,KOTHAGUDEM,LAXMIDEVIPALLY,TEKULAPALLY,CHUKALA BODU-TP,2,COMMERCIAL,4,3,13.0,6.0
BHADRADRI KOTHAGUDEM,KOTHAGUDEM,LAXMIDEVIPALLY,TEKULAPALLY,DARA PADU - TP,2,COMMERCIAL,3,2,50.0,10.0
BHADRADRI KOTHAGUDEM,KOTHAGUDEM,LAXMIDEVIPALLY,TEKULAPALLY,GOLIA TANDA-TP,2,COMMERCIAL,6,5,274.0,26.24
BHADRADRI KOTHAGUDEM,KOTHAGUDEM,LAXMIDEVIPALLY,TEKULAPALLY,JANGALA PALLY-TP,2,COMMERCIAL,1,1,0.0,1.0
BHADRADRI KOTHAGUDEM,KOTHAGUDEM,LAXMIDEVIPALLY,TEKULAPALLY,JETYA TANDA-TP,2,COMMERCIAL,1,0,0.0,1.0
BHADRADRI KOTHAGUDEM,PALONCHA,ASWARAOPETA,ASWARAOPET,KESAPPAGUDEM,2,COMMERCIAL,5,5,367.0,5.24
BHADRADRI KOTHAGUDEM,PALONCHA,ASWARAOPETA,ASWARAOPET,MADDI KONDA,2,COMMERCIAL,6,6,159.0,9.0
BHADRADRI KOTHAGUDEM,PALONCHA,ASWARAOPETA,ASWARAOPET,NALLA PAD,2,COMMERCIAL,1,1,45.0,2.0
BHADRADRI KOTHAGUDEM,PALONCHA,ASWARAOPETA,ASWARAOPET,NARAMVARIGUDEM,2,COMMERCIAL,75,64,10888.0,169.96
BHADRADRI KOTHAGUDEM,PALONCHA,ASWARAOPETA,ASWARAOPET,PAPIDIGUDEM,2,COMMERCIAL,2,2,179.0,2.26
BHADRADRI KOTHAGUDEM,PALONCHA,ASWARAOPETA,ASWARAOPET,PERAIGUDEM,2,COMMERCIAL,149,141,29777.0,432.74
BHADRADRI KOTHAGUDEM,PALONCHA,ASWARAOPETA,ASWARAOPET,VAGODUGUDEM,2,COMMERCIAL,1,1,115.0,1.24
BHADRADRI KOTHAGUDEM,PALONCHA,ASWARAOPETA,ASWARAOPET,VEDANTAPURAM,2,COMMERCIAL,4,2,315.0,6.0
BHADRADRI KOTHAGUDEM,PALONCHA,ASWARAOPETA,ASWARAOPET,VOOTALAPALLY,2,COMMERCIAL,36,34,6312.0,75.08
BHADRADRI KOTHAGUDEM,PALONCHA,PALVANCHA,PALVONCHA RURAL,BASAVATHARAKA COLONY,2,COMMERCIAL,40,36,1235.0,60.56
BHADRADRI KOTHAGUDEM,PALONCHA,PALVANCHA,PALVONCHA RURAL,BIKKU THANDA,2,COMMERCIAL,4,4,103.0,4.48
BHADRADRI KOTHAGUDEM,PALONCHA,PALVANCHA,PALVONCHA RURAL,CHANDRALAGUDEM,2,COMMERCIAL,2,1,11.0,3.0
BHADRADRI KOTHAGUDEM,PALONCHA,PALVANCHA,PALVONCHA RURAL,DANTALABORE,2,COMMERCIAL,14,12,1794.0,46.99
BHADRADRI KOTHAGUDEM,PALONCHA,PALVANCHA,PALVONCHA RURAL,GANGADEVI GUPPA,2,COMMERCIAL,1,1,53.0,1.0
BHADRADRI KOTHAGUDEM,PALONCHA,PALVANCHA,PALVONCHA RURAL,JAGANNDHAPURAM (P),2,COMMERCIAL,186,170,27475.0,900.86
BHADRADRI KOTHAGUDEM,PALONCHA,PALVANCHA,PALVONCHA RURAL,KAREGATTU,2,COMMERCIAL,5,4,30.0,5.49
BHADRADRI KOTHAGUDEM,PALONCHA,PALVANCHA,PALVONCHA RURAL,KESHAVAPURAM,2,COMMERCIAL,53,49,2339.0,111.93
BHADRADRI KOTHAGUDEM,PALONCHA,PALVANCHA,PALVONCHA RURAL,KODIPUNJULAWAGU,2,COMMERCIAL,5,4,162.0,4.4
BHUPALAPALLY,MULUGU,MULUG,MULUGU,ANKANNAGUDEM,2,COMMERCIAL,2,2,8.0,2.0
BHUPALAPALLY,MULUGU,MULUG,MULUGU,ANNAMPALLY,2,COMMERCIAL,2,1,0.0,21.0
BHUPALAPALLY,MULUGU,MULUG,MULUGU,BANDARUPALLY,2,COMMERCIAL,79,70,9449.0,143.42
HANUMAKONDA,HANAMKONDA/RURAL,BD Pally,BHEEMDEVARAPALLY,RANGAIAHPALLY,2,COMMERCIAL,16,16,671.0,23.49
HANUMAKONDA,HANAMKONDA/RURAL,BD Pally,BHEEMDEVARAPALLY,RATNAGIRI,2,COMMERCIAL,41,39,3821.0,67.8
HANUMAKONDA,HANAMKONDA/RURAL,BD Pally,BHEEMDEVARAPALLY,VANGARA,2,COMMERCIAL,84,77,9626.0,151.135
HANUMAKONDA,HANAMKONDA/RURAL,BD Pally,BHEEMDEVARAPALLY,Viswanadha colony,2,COMMERCIAL,3,3,418.0,6.0
HANUMAKONDA,HANAMKONDA/RURAL,BD Pally,KOTHAKONDA,BOLLONIPALLY,2,COMMERCIAL,8,8,356.0,14.0
HANUMAKONDA,HANAMKONDA/RURAL,BD Pally,KOTHAKONDA,CHANTAIPALLY,2,COMMERCIAL,18,18,532.0,23.31
HANUMAKONDA,HANAMKONDA/RURAL,BD Pally,KOTHAKONDA,CHAPATHANDA,2,COMMERCIAL,1,0,0.0,1.0
HANUMAKONDA,HANAMKONDA/RURAL,BD Pally,KOTHAKONDA,DHARMARAM,2,COMMERCIAL,39,39,2885.0,62.645
HANUMAKONDA,HANAMKONDA/RURAL,BD Pally,KOTHAKONDA,GATLANARSINGAPUR,2,COMMERCIAL,62,56,9976.0,143.79
HANUMAKONDA,HANAMKONDA/RURAL,KAMALAPUR,UPPAL,GUNDED,2,COMMERCIAL,46,41,4315.0,71.25
HANUMAKONDA,HANAMKONDA/RURAL,KAMALAPUR,UPPAL,KANIPARTI,2,COMMERCIAL,25,24,6302.0,49.0
HANUMAKONDA,HANAMKONDA/RURAL,KAMALAPUR,UPPAL,KANNOOR,2,COMMERCIAL,41,41,4708.0,64.93
HANUMAKONDA,HANAMKONDA/RURAL,KAMALAPUR,UPPAL,Kothapalle,2,COMMERCIAL,2,2,104.0,2.0
HANUMAKONDA,HANAMKONDA/RURAL,KAMALAPUR,UPPAL,MARRIPALLIGUDEM,2,COMMERCIAL,137,121,10980.0,186.51
HANUMAKONDA,HANAMKONDA/RURAL,KAMALAPUR,UPPAL,Marripelli,2,COMMERCIAL,3,3,8.0,3.0
HANUMAKONDA,HANAMKONDA/RURAL,KAMALAPUR,UPPAL,PANGIDIPALLY,2,COMMERCIAL,24,22,1102.0,37.1
HANUMAKONDA,HANAMKONDA/RURAL,KAMALAPUR,UPPAL,SHAMBUNIPALLY,2,COMMERCIAL,20,20,708.0,28.92
HANUMAKONDA,HANAMKONDA/TOWN,HANAMKONDA(T),SUBEDARI,HUNTER ROAD,2,COMMERCIAL,1124,944,269439.0,4773.945
HANUMAKONDA,HANAMKONDA/TOWN,HANAMKONDA(T),SUBEDARI,KANAKADURGA COLONY,2,COMMERCIAL,147,135,20755.0,385.69
HANUMAKONDA,HANAMKONDA/TOWN,HANAMKONDA(T),SUBEDARI,REVENUE COLONY,2,COMMERCIAL,47,46,5243.0,131.2
HANUMAKONDA,HANAMKONDA/TOWN,HANAMKONDA(T),SUBEDARI,SHAYAMPET,2,COMMERCIAL,465,425,109989.0,1497.968
HANUMAKONDA,HANAMKONDA/TOWN,HANAMKONDA(T),SUBEDARI,SUBEDARI,2,COMMERCIAL,651,521,138114.0,2482.02
HANUMAKONDA,HANAMKONDA/TOWN,HANAMKONDA(T),SUBEDARI,TEACHERS COLONY,2,COMMERCIAL,2,0,0.0,2.0
HANUMAKONDA,HANAMKONDA/TOWN,HANAMKONDA(T),SUBEDARI,WADDEPALLY,2,COMMERCIAL,94,66,112920.0,2144.85
HANUMAKONDA,HANAMKONDA/TOWN,KAZIPET,KADIPIKONDA,AMMAVARIPET,2,COMMERCIAL,11,11,3384.0,134.0
HANUMAKONDA,HANAMKONDA/TOWN,KAZIPET,KADIPIKONDA,AYODYAPUR,2,COMMERCIAL,17,17,810.0,16.27
ADILABAD,UTNOOR,UTNOOR,NARNOOR,KALAMAGUDA,2,COMMERCIAL,2,2,44.0,1.24
ADILABAD,UTNOOR,UTNOOR,NARNOOR,KAMPOOR,2,COMMERCIAL,2,2,1000.0,9.0
ADILABAD,UTNOOR,UTNOOR,NARNOOR,KHADKI,2,COMMERCIAL,1,1,0.0,1.0
ADILABAD,UTNOOR,UTNOOR,NARNOOR,KHADODI,2,COMMERCIAL,1,1,0.0,1.0
ADILABAD,UTNOOR,UTNOOR,NARNOOR,KHANDOW,2,COMMERCIAL,3,3,1147.0,13.0
ADILABAD,UTNOOR,UTNOOR,NARNOOR,KOLAMA,2,COMMERCIAL,3,3,3755.0,16.0
ADILABAD,UTNOOR,UTNOOR,NARNOOR,KOTHAPALLI (B),2,COMMERCIAL,2,0,0.0,0.6
ADILABAD,UTNOOR,UTNOOR,NARNOOR,KOTHAPALLI (C),2,COMMERCIAL,4,3,81.0,4.24
ADILABAD,UTNOOR,UTNOOR,NARNOOR,KOTHAPALLY (G),2,COMMERCIAL,3,3,1227.0,18.0
ADILABAD,UTNOOR,UTNOOR,NARNOOR,KUNIKASA,2,COMMERCIAL,1,1,27.0,1.0
ADILABAD,UTNOOR,UTNOOR,NARNOOR,Kundi shekuguda,2,COMMERCIAL,1,1,0.0,1.0
ADILABAD,UTNOOR,UTNOOR,NARNOOR,LOKARI (B),2,COMMERCIAL,5,5,100.0,6.44
ADILABAD,UTNOOR,UTNOOR,NARNOOR,LOKARI (K),2,COMMERCIAL,108,103,6121.0,141.478
ASIFABAD,ASIFABAD,ASIFABAD,REBBENA,KOMURAVELLI,2,COMMERCIAL,4,4,164.0,6.0
ASIFABAD,ASIFABAD,ASIFABAD,REBBENA,KONDA PALLY (R),2,COMMERCIAL,26,22,2287.0,40.08
ASIFABAD,ASIFABAD,ASIFABAD,REBBENA,LAXIMIPUR,2,COMMERCIAL,3,2,243.0,3.0
ASIFABAD,ASIFABAD,ASIFABAD,REBBENA,LETHANGUDA,2,COMMERCIAL,1,1,278.0,1.0
ASIFABAD,ASIFABAD,ASIFABAD,REBBENA,MADAVAI GUDA,2,COMMERCIAL,7,7,175.0,9.538
ASIFABAD,ASIFABAD,ASIFABAD,REBBENA,NAMBALA,2,COMMERCIAL,51,45,6208.0,133.082
ASIFABAD,ASIFABAD,ASIFABAD,REBBENA,NARAYANAPUR,2,COMMERCIAL,35,33,6497.0,63.21
ASIFABAD,ASIFABAD,ASIFABAD,REBBENA,NAVEGAOM (R),2,COMMERCIAL,24,18,446.0,24.48
ASIFABAD,ASIFABAD,ASIFABAD,REBBENA,NERUPALLY,2,COMMERCIAL,32,16,4960.0,136.71
ASIFABAD,ASIFABAD,ASIFABAD,REBBENA,PERSANAMBALA,2,COMMERCIAL,3,2,923.0,15.84
ASIFABAD,ASIFABAD,ASIFABAD,REBBENA,POSHIGAON,2,COMMERCIAL,6,6,175.0,7.84
ASIFABAD,ASIFABAD,ASIFABAD,REBBENA,PULIKUNTA,2,COMMERCIAL,19,18,6479.0,109.428
ASIFABAD,ASIFABAD,ASIFABAD RURAL,SIRPUR,NETNOOR,2,COMMERCIAL,2,2,13.0,6.0
ASIFABAD,ASIFABAD,ASIFABAD RURAL,SIRPUR,PAMULAWADA,2,COMMERCIAL,1,1,17.0,1.0
ASIFABAD,ASIFABAD,ASIFABAD RURAL,SIRPUR,PANGIDI,2,COMMERCIAL,6,4,3598.0,21.28
ASIFABAD,ASIFABAD,ASIFABAD RURAL,SIRPUR,PATEL GUDA,2,COMMERCIAL,1,1,0.0,1.0
ASIFABAD,ASIFABAD,ASIFABAD RURAL,SIRPUR,PEDDA DHOBA,2,COMMERCIAL,1,1,1900.0,10.0
ASIFABAD,ASIFABAD,ASIFABAD RURAL,SIRPUR,PIKLATHANDA,2,COMMERCIAL,2,2,19.0,7.988
ASIFABAD,ASIFABAD,ASIFABAD RURAL,SIRPUR,PITLAGUDA,2,COMMERCIAL,1,1,40.0,1.0
ASIFABAD,ASIFABAD,ASIFABAD RURAL,SIRPUR,POWERGUDA,2,COMMERCIAL,2,2,0.0,2.996
ASIFABAD,ASIFABAD,ASIFABAD RURAL,SIRPUR,PULLARA,2,COMMERCIAL,2,2,32.0,2.996
ASIFABAD,ASIFABAD,ASIFABAD RURAL,SIRPUR,RAGHAVAPOOR,2,COMMERCIAL,5,4,470.0,9.692
BHADRADRI KOTHAGUDEM,BHADRACHALAM,MANUGURU,KARAKAGUDEM,RAGHUNADHA PURAM,2,COMMERCIAL,3,3,95.0,1.48
BHADRADRI KOTHAGUDEM,BHADRACHALAM,MANUGURU,KARAKAGUDEM,REGALLA,2,COMMERCIAL,4,4,165.0,8.0
BHADRADRI KOTHAGUDEM,BHADRACHALAM,MANUGURU,KARAKAGUDEM,S.BATTUPALLI,2,COMMERCIAL,23,18,1746.0,49.44
BHADRADRI KOTHAGUDEM,BHADRACHALAM,MANUGURU,KARAKAGUDEM,TATIGUDEM,2,COMMERCIAL,3,3,113.0,4.0
BHADRADRI KOTHAGUDEM,BHADRACHALAM,MANUGURU,KARAKAGUDEM,TUMMALAGUDEM-P,2,COMMERCIAL,1,1,0.0,1.0
BHADRADRI KOTHAGUDEM,BHADRACHALAM,MANUGURU,KARAKAGUDEM,VENKATAPURAM(PNP),2,COMMERCIAL,4,3,21.0,5.18
BHADRADRI KOTHAGUDEM,BHADRACHALAM,MANUGURU,KARAKAGUDEM,VENKATARAMAPURAM,2,COMMERCIAL,2,2,21.0,3.0
BHADRADRI KOTHAGUDEM,BHADRACHALAM,MANUGURU,MANUGURU,ANANTHARAM (M),2,COMMERCIAL,2,0,0.0,3.0
BHADRADRI KOTHAGUDEM,KOTHAGUDEM,KOTHAGUDEM RURAL,CHANDRUGONDA,VANKANUMBER-CG,2,COMMERCIAL,3,3,76.0,4.88
BHADRADRI KOTHAGUDEM,KOTHAGUDEM,KOTHAGUDEM RURAL,CHANDRUGONDA,VENKATEYA THANDA-CG,2,COMMERCIAL,6,6,245.0,11.22
BHADRADRI KOTHAGUDEM,KOTHAGUDEM,KOTHAGUDEM RURAL,JULLURUPADU,ANANTARAM-JP,2,COMMERCIAL,16,14,1342.0,33.51
BHADRADRI KOTHAGUDEM,KOTHAGUDEM,KOTHAGUDEM RURAL,JULLURUPADU,ANNARAPPADU-JP,2,COMMERCIAL,8,7,292.0,13.5
BHADRADRI KOTHAGUDEM,KOTHAGUDEM,KOTHAGUDEM RURAL,JULLURUPADU,BALU  THANDA-JP,2,COMMERCIAL,3,3,24.0,5.74
BHADRADRI KOTHAGUDEM,KOTHAGUDEM,KOTHAGUDEM RURAL,JULLURUPADU,BATCHALA KOYAGUDEM-JP,2,COMMERCIAL,13,11,235.0,13.8
BHADRADRI KOTHAGUDEM,KOTHAGUDEM,KOTHAGUDEM RURAL,JULLURUPADU,BETHALA PAD-JP,2,COMMERCIAL,35,28,2311.0,54.62
BHADRADRI KOTHAGUDEM,KOTHAGUDEM,KOTHAGUDEM RURAL,JULLURUPADU,CHINTHAL THANDA - JP,2,COMMERCIAL,2,2,33.0,3.0
BHADRADRI KOTHAGUDEM,KOTHAGUDEM,KOTHAGUDEM RURAL,JULLURUPADU,DANDUMITTA THANDA-JP,2,COMMERCIAL,1,0,0.0,3.0
BHADRADRI KOTHAGUDEM,KOTHAGUDEM,LAXMIDEVIPALLY,LAXMIDEVIPALLY,PUMUKULA CHILAKA-KR,2,COMMERCIAL,2,2,0.0,6.0
BHADRADRI KOTHAGUDEM,KOTHAGUDEM,LAXMIDEVIPALLY,LAXMIDEVIPALLY,REGALLA-KR,2,COMMERCIAL,73,64,9573.0,136.14
BHADRADRI KOTHAGUDEM,KOTHAGUDEM,LAXMIDEVIPALLY,LAXMIDEVIPALLY,S R PURAM-KR,2,COMMERCIAL,11,11,422.0,13.0
BHADRADRI KOTHAGUDEM,KOTHAGUDEM,LAXMIDEVIPALLY,LAXMIDEVIPALLY,YERRA CHELAKA-KR,2,COMMERCIAL,1,1,31.0,0.24
BHADRADRI KOTHAGUDEM,KOTHAGUDEM,LAXMIDEVIPALLY,TEKULAPALLY,9th MILE THANDA-TP,2,COMMERCIAL,15,13,309.0,27.44
BHADRADRI KOTHAGUDEM,KOTHAGUDEM,LAXMIDEVIPALLY,TEKULAPALLY,ANDUNI GUDEM-TP,2,COMMERCIAL,5,4,148.0,7.44
BHADRADRI KOTHAGUDEM,KOTHAGUDEM,LAXMIDEVIPALLY,TEKULAPALLY,ANJANEYA PALEM-TP,2,COMMERCIAL,1,1,62.0,2.0
BHADRADRI KOTHAGUDEM,KOTHAGUDEM,YELLANDU,YLD RURAL,VEERA PURAM-YR,2,COMMERCIAL,14,11,326.0,18.98
BHADRADRI KOTHAGUDEM,KOTHAGUDEM,YELLANDU,YLD RURAL,YEPALA GADDA-YR,2,COMMERCIAL,3,1,12.0,3.0
BHADRADRI KOTHAGUDEM,PALONCHA,ASWARAOPETA,ASWARAOPET,ACHUTAPURAM,2,COMMERCIAL,22,17,300.0,26.44
BHADRADRI KOTHAGUDEM,PALONCHA,ASWARAOPETA,ASWARAOPET,ALLIGUDEM,2,COMMERCIAL,2,1,0.0,3.0
BHADRADRI KOTHAGUDEM,PALONCHA,ASWARAOPETA,ASWARAOPET,ASWARAOPETA,2,COMMERCIAL,1279,1138,147914.0,2914.28
BHADRADRI KOTHAGUDEM,PALONCHA,ASWARAOPETA,ASWARAOPET,GANGARAM B,2,COMMERCIAL,2,2,316.0,5.78
BHADRADRI KOTHAGUDEM,PALONCHA,ASWARAOPETA,ASWARAOPET,GURRALA CHERVE,2,COMMERCIAL,7,7,220.0,10.2
BHADRADRI KOTHAGUDEM,PALONCHA,ASWARAOPETA,ASWARAOPET,JAMMIGUDEM,2,COMMERCIAL,14,13,451.0,21.0
BHADRADRI KOTHAGUDEM,PALONCHA,PALVANCHA,MULKALAPALLY,SEETHAIGUDEM,2,COMMERCIAL,5,4,124.0,6.24
BHADRADRI KOTHAGUDEM,PALONCHA,PALVANCHA,MULKALAPALLY,SURAMPALEM,2,COMMERCIAL,3,2,229.0,5.0
BHADRADRI KOTHAGUDEM,PALONCHA,PALVANCHA,MULKALAPALLY,THALLAPAI,2,COMMERCIAL,1,1,2.0,2.0
BHADRADRI KOTHAGUDEM,PALONCHA,PALVANCHA,MULKALAPALLY,TIMMAPET,2,COMMERCIAL,27,25,2328.0,41.19
BHADRADRI KOTHAGUDEM,PALONCHA,PALVANCHA,MULKALAPALLY,V.K.RAMAVARAM,2,COMMERCIAL,9,8,85.0,59.68
BHADRADRI KOTHAGUDEM,PALONCHA,PALVANCHA,PALVONCHA RURAL,BANDRUGONDA,2,COMMERCIAL,1,1,0.0,2.0
BHADRADRI KOTHAGUDEM,PALONCHA,PALVANCHA,PALVONCHA RURAL,BANZAR,2,COMMERCIAL,2,2,64.0,3.22
BHUPALAPALLY,BHUPALAPALLY,BHOOPALPALLY,REGONDA,RAIPALLI(KANAPARTHY),2,COMMERCIAL,19,16,690.0,23.052
BHUPALAPALLY,BHUPALAPALLY,BHOOPALPALLY,REGONDA,RAJAKKAPALLY,2,COMMERCIAL,19,16,583.0,20.298
BHUPALAPALLY,BHUPALAPALLY,BHOOPALPALLY,REGONDA,RAMAGUNDALAPALLY,2,COMMERCIAL,3,2,0.0,3.5
BHUPALAPALLY,BHUPALAPALLY,BHOOPALPALLY,REGONDA,RAMANNAGUDEM,2,COMMERCIAL,17,17,676.0,32.1
BHUPALAPALLY,BHUPALAPALLY,BHOOPALPALLY,REGONDA,RAMANNAGUDEM THANDA,2,COMMERCIAL,2,2,20.0,2.0
BHUPALAPALLY,BHUPALAPALLY,BHOOPALPALLY,REGONDA,RANGAIAHPALLI-REGOND,2,COMMERCIAL,35,31,3796.0,75.691
BHUPALAPALLY,BHUPALAPALLY,BHOOPALPALLY,REGONDA,RAVULAPALLI(REGONDA),2,COMMERCIAL,3,1,0.0,7.1
BHUPALAPALLY,BHUPALAPALLY,BHOOPALPALLY,REGONDA,REGONDA,2,COMMERCIAL,222,190,27778.0,459.314
BHUPALAPALLY,BHUPALAPALLY,BHOOPALPALLY,REGONDA,REPAKA,2,COMMERCIAL,56,25,3334.0,75.28
BHUPALAPALLY,BHUPALAPALLY,KATARAM,MAHADEVPUR,MADDULAPALLY,2,COMMERCIAL,4,4,240.0,24.0
BHUPALAPALLY,BHUPALAPALLY,KATARAM,MAHADEVPUR,MAHADEVPUR,2,COMMERCIAL,513,423,56033.0,814.932
BHUPALAPALLY,BHUPALAPALLY,KATARAM,MAHADEVPUR,METPALLY,2,COMMERCIAL,9,6,670.0,34.99
BHUPALAPALLY,BHUPALAPALLY,KATARAM,MAHADEVPUR,PALUGULA,2,COMMERCIAL,11,8,254.0,21.24
BHUPALAPALLY,BHUPALAPALLY,KATARAM,MAHADEVPUR,PEDDAMPET,2,COMMERCIAL,2,2,208.0,4.0
BHUPALAPALLY,BHUPALAPALLY,KATARAM,MAHADEVPUR,PUSUKUPALLY,2,COMMERCIAL,4,3,73.0,4.0
BHUPALAPALLY,BHUPALAPALLY,KATARAM,MAHADEVPUR,RAPALLIKOTA,2,COMMERCIAL,6,5,153.0,18.0
BHUPALAPALLY,BHUPALAPALLY,KATARAM,MAHADEVPUR,SURARAM,2,COMMERCIAL,111,89,9425.0,152.666
BHUPALAPALLY,BHUPALAPALLY,KATARAM,MAHAMUTHARAM,BOGGULAPALLY,2,COMMERCIAL,4,3,2555.0,16.0
BHUPALAPALLY,BHUPALAPALLY,KATARAM,MAHAMUTHARAM,BORLAGUDEM,2,COMMERCIAL,45,44,1906.0,55.29
BHUPALAPALLY,MULUGU,MULUG,MALLAMPALLY,PANDIKUNTA,2,COMMERCIAL,29,25,1519.0,47.966
BHUPALAPALLY,MULUGU,MULUG,MALLAMPALLY,RAMACHANDRAPUR,2,COMMERCIAL,53,51,7012.0,109.06
BHUPALAPALLY,MULUGU,MULUG,MALLAMPALLY,SHIVATHANDA,2,COMMERCIAL,1,1,41.0,1.0
BHUPALAPALLY,MULUGU,MULUG,MALLAMPALLY,SREENAGAR,2,COMMERCIAL,6,6,261.0,13.956
BHUPALAPALLY,MULUGU,MULUG,MALLAMPALLY,SREERAMULAPALLI,2,COMMERCIAL,21,20,4616.0,49.5
BHUPALAPALLY,MULUGU,MULUG,MALLAMPALLY,VENKATESWARLAPALLY,2,COMMERCIAL,3,3,237.0,4.0
HANUMAKONDA,HANAMKONDA/RURAL,KAMALAPUR,KAMALAPUR,LAXMI POOR,2,COMMERCIAL,5,5,150.0,17.55
HANUMAKONDA,HANAMKONDA/RURAL,KAMALAPUR,KAMALAPUR,MADANAPET,2,COMMERCIAL,23,21,1055.0,27.58
HANUMAKONDA,HANAMKONDA/RURAL,KAMALAPUR,KAMALAPUR,NERELLY,2,COMMERCIAL,33,32,4044.0,54.24
HANUMAKONDA,HANAMKONDA/RURAL,KAMALAPUR,KAMALAPUR,SHANIGARAM,2,COMMERCIAL,211,194,20958.0,254.69
HANUMAKONDA,HANAMKONDA/RURAL,KAMALAPUR,KAMALAPUR,SRIRAMULAPALLY,2,COMMERCIAL,62,54,2086.0,78.6
HANUMAKONDA,HANAMKONDA/RURAL,KAMALAPUR,UPPAL,BHEEMPALLY,2,COMMERCIAL,66,62,5521.0,91.72
HANUMAKONDA,HANAMKONDA/RURAL,KAMALAPUR,UPPAL,DESHRAJ PALLY,2,COMMERCIAL,15,13,1783.0,32.55
HANUMAKONDA,HANAMKONDA/TOWN,HANAMKONDA(T),NAKKALAGUTTA,GOKULNAGAR,2,COMMERCIAL,524,503,80735.0,1232.13
HANUMAKONDA,HANAMKONDA/TOWN,HANAMKONDA(T),NAKKALAGUTTA,H B COLONY,2,COMMERCIAL,56,51,5240.0,185.69
HANUMAKONDA,HANAMKONDA/TOWN,HANAMKONDA(T),NAKKALAGUTTA,NAKKALAGUTTA,2,COMMERCIAL,879,737,327490.0,5457.755
HANUMAKONDA,HANAMKONDA/TOWN,HANAMKONDA(T),NAKKALAGUTTA,NGOs COLONY,2,COMMERCIAL,2,1,2536.0,16.0
HANUMAKONDA,HANAMKONDA/TOWN,HANAMKONDA(T),NAKKALAGUTTA,POLICE HEAD QUARTERS,2,COMMERCIAL,6,4,3302.0,29.51
HANUMAKONDA,HANAMKONDA/TOWN,HANAMKONDA(T),NAKKALAGUTTA,RAMNAGAR,2,COMMERCIAL,329,281,40114.0,792.33
HANUMAKONDA,HANAMKONDA/TOWN,HANAMKONDA(T),NAKKALAGUTTA,SAINAGAR,2,COMMERCIAL,268,250,54648.0,817.04
HANUMAKONDA,HANAMKONDA/TOWN,HANAMKONDA(T),SUBEDARI,ALIPURA,2,COMMERCIAL,64,55,10524.0,140.36
HANUMAKONDA,HANAMKONDA/TOWN,HANAMKONDA(T),SUBEDARI,BASITHNAGAR,2,COMMERCIAL,374,355,34626.0,764.87
HANUMAKONDA,HANAMKONDA/TOWN,HANAMKONDA(T),SUBEDARI,BONDIVAGU,2,COMMERCIAL,1,0,0.0,1.0
HANUMAKONDA,HANAMKONDA/TOWN,HANAMKONDA(T),SUBEDARI,CHOTI MASJID,2,COMMERCIAL,289,259,46015.0,725.16
HANUMAKONDA,HANAMKONDA/TOWN,HANAMKONDA(T),SUBEDARI,EXCISE COLONY,2,COMMERCIAL,317,275,51161.0,922.775
ADILABAD,UTNOOR,UTNOOR,NARNOOR,DHABA (B),2,COMMERCIAL,1,1,23.0,1.0
ADILABAD,UTNOOR,UTNOOR,NARNOOR,DONGARGOAN,2,COMMERCIAL,3,2,40.0,5.966
ADILABAD,UTNOOR,UTNOOR,NARNOOR,GADHIGUDA,2,COMMERCIAL,79,76,9569.0,143.569
ADILABAD,UTNOOR,UTNOOR,NARNOOR,GANGAPOOR,2,COMMERCIAL,6,5,512.0,13.0
ADILABAD,UTNOOR,UTNOOR,NARNOOR,GUNDALA,2,COMMERCIAL,7,6,451.0,11.98
ADILABAD,UTNOOR,UTNOOR,NARNOOR,GUNJALA,2,COMMERCIAL,3,2,12.0,3.968
ADILABAD,UTNOOR,UTNOOR,NARNOOR,JAMBODA,2,COMMERCIAL,3,3,531.0,10.0
ADILABAD,UTNOOR,UTNOOR,NARNOOR,JHURI,2,COMMERCIAL,1,1,222.0,5.0
ADILABAD,UTNOOR,UTNOOR,NARNOOR,KAIRDAT WADA,2,COMMERCIAL,3,3,2201.0,11.954
ASIFABAD,ASIFABAD,ASIFABAD,ASIFABAD (RURAL),YELLARAM (ASF),2,COMMERCIAL,9,8,6549.0,9.98
ASIFABAD,ASIFABAD,ASIFABAD,REBBENA,ADEVELLY,2,COMMERCIAL,16,13,3884.0,32.24
ASIFABAD,ASIFABAD,ASIFABAD,REBBENA,BHEEMINIGUDA,2,COMMERCIAL,64,49,1736.0,45.952
ASIFABAD,ASIFABAD,ASIFABAD,REBBENA,DHARMARAM,2,COMMERCIAL,1,1,0.0,1.0
ASIFABAD,ASIFABAD,ASIFABAD,REBBENA,GANGAPOOR (R),2,COMMERCIAL,48,42,4267.0,119.31
ASIFABAD,ASIFABAD,ASIFABAD,REBBENA,GOLLETY,2,COMMERCIAL,147,128,17640.0,272.906
ASIFABAD,ASIFABAD,ASIFABAD,REBBENA,INDHIRANAGAR,2,COMMERCIAL,20,19,3233.0,33.0
ASIFABAD,ASIFABAD,ASIFABAD,REBBENA,JAKKULAPALLY,2,COMMERCIAL,10,9,720.0,16.99
ASIFABAD,ASIFABAD,ASIFABAD,REBBENA,KAIRGAOM,2,COMMERCIAL,23,17,1711.0,128.98
ASIFABAD,ASIFABAD,ASIFABAD,REBBENA,KISTAPUR,2,COMMERCIAL,10,9,262.0,10.14
ASIFABAD,ASIFABAD,ASIFABAD RURAL,SIRPUR,JAMULDHARA,2,COMMERCIAL,2,2,0.0,1.998
ASIFABAD,ASIFABAD,ASIFABAD RURAL,SIRPUR,KANCHANPALLI,2,COMMERCIAL,3,3,1.0,8.0
ASIFABAD,ASIFABAD,ASIFABAD RURAL,SIRPUR,KOHINOOR (B),2,COMMERCIAL,2,2,0.0,6.0
ASIFABAD,ASIFABAD,ASIFABAD RURAL,SIRPUR,KOHINOOR (K),2,COMMERCIAL,3,3,369.0,6.998
ASIFABAD,ASIFABAD,ASIFABAD RURAL,SIRPUR,KOTHAPALLI,2,COMMERCIAL,3,3,47.0,7.986
ASIFABAD,ASIFABAD,ASIFABAD RURAL,SIRPUR,LINGAPOOR,2,COMMERCIAL,38,34,7400.0,80.972
ASIFABAD,ASIFABAD,ASIFABAD RURAL,SIRPUR,MAHAGOAN(M),2,COMMERCIAL,7,6,324.0,11.13
ASIFABAD,ASIFABAD,ASIFABAD RURAL,SIRPUR,MAMEDIPALLI,2,COMMERCIAL,5,4,0.0,3.704
ASIFABAD,SIRPUR KAGAZNAGAR,KAGAZNAGAR,KAGAZNAGAR TOWN,VENKATA RAMANA,2,COMMERCIAL,167,163,16267.0,248.967
ASIFABAD,SIRPUR KAGAZNAGAR,KOWTALA,BEJJURU,AGURUGUDA,2,COMMERCIAL,5,5,1250.0,14.0
ASIFABAD,SIRPUR KAGAZNAGAR,KOWTALA,BEJJURU,AMBAGHAT   (BEJJUR),2,COMMERCIAL,1,1,30.0,1.0
ASIFABAD,SIRPUR KAGAZNAGAR,KOWTALA,BEJJURU,ANDDUGULAGUDA,2,COMMERCIAL,3,3,779.0,3.26
ASIFABAD,SIRPUR KAGAZNAGAR,KOWTALA,BEJJURU,BARE GUDA,2,COMMERCIAL,20,16,705.0,25.97
ASIFABAD,SIRPUR KAGAZNAGAR,KOWTALA,BEJJURU,BEJJUR,2,COMMERCIAL,218,200,18169.0,288.342
ASIFABAD,SIRPUR KAGAZNAGAR,KOWTALA,BEJJURU,BOGADAGUDA,2,COMMERCIAL,1,1,197.0,2.0
ASIFABAD,SIRPUR KAGAZNAGAR,KOWTALA,BEJJURU,BOMBAIGUDA,2,COMMERCIAL,12,11,809.0,16.994
ASIFABAD,SIRPUR KAGAZNAGAR,KOWTALA,BEJJURU,CHEDWAI,2,COMMERCIAL,21,21,4974.0,39.3
ASIFABAD,SIRPUR KAGAZNAGAR,KOWTALA,BEJJURU,CHINNA SIDDAPUR,2,COMMERCIAL,27,25,1617.0,39.0
ASIFABAD,SIRPUR KAGAZNAGAR,KOWTALA,BEJJURU,DARUGUPALLY,2,COMMERCIAL,2,2,36.0,2.945
BHADRADRI KOTHAGUDEM,BHADRACHALAM,CHERLA,CHARLA,KODUNOOR,2,COMMERCIAL,45,42,1456.0,45.48
BHADRADRI KOTHAGUDEM,BHADRACHALAM,CHERLA,CHARLA,KOTHAPALLY,2,COMMERCIAL,34,32,1388.0,28.58
BHADRADRI KOTHAGUDEM,BHADRACHALAM,CHERLA,CHARLA,KOYYURU,2,COMMERCIAL,19,16,832.0,34.44
BHADRADRI KOTHAGUDEM,BHADRACHALAM,CHERLA,CHARLA,KURNAPALLI,2,COMMERCIAL,1,1,0.0,1.0
BHADRADRI KOTHAGUDEM,BHADRACHALAM,CHERLA,CHARLA,LENIN COLONY,2,COMMERCIAL,1,1,18.0,1.0
BHADRADRI KOTHAGUDEM,BHADRACHALAM,CHERLA,CHARLA,LINGAPURAM,2,COMMERCIAL,6,4,3588.0,13.96
BHADRADRI KOTHAGUDEM,BHADRACHALAM,CHERLA,CHARLA,LINGAPURAM PADU,2,COMMERCIAL,17,11,498.0,63.23
BHADRADRI KOTHAGUDEM,KOTHAGUDEM,LAXMIDEVIPALLY,LAXMIDEVIPALLY,KOONARAM-KR,2,COMMERCIAL,2,0,0.0,1.24
BHADRADRI KOTHAGUDEM,KOTHAGUDEM,LAXMIDEVIPALLY,LAXMIDEVIPALLY,L D PALLY-URBAN,2,COMMERCIAL,847,713,186736.0,2944.341
BHADRADRI KOTHAGUDEM,KOTHAGUDEM,LAXMIDEVIPALLY,LAXMIDEVIPALLY,LALU THANDA- KR,2,COMMERCIAL,4,4,171.0,7.0
BHADRADRI KOTHAGUDEM,KOTHAGUDEM,LAXMIDEVIPALLY,LAXMIDEVIPALLY,LAXMIPURAM(MAI)-KR,2,COMMERCIAL,2,2,43.0,3.5
BHADRADRI KOTHAGUDEM,KOTHAGUDEM,LAXMIDEVIPALLY,LAXMIDEVIPALLY,MAILARAM-KR,2,COMMERCIAL,21,15,1997.0,32.26
BHADRADRI KOTHAGUDEM,KOTHAGUDEM,LAXMIDEVIPALLY,LAXMIDEVIPALLY,MARRI GUDEM - KR,2,COMMERCIAL,1,1,85.0,0.24
BHADRADRI KOTHAGUDEM,KOTHAGUDEM,LAXMIDEVIPALLY,LAXMIDEVIPALLY,NEW CHINTA KUNTA-KR,2,COMMERCIAL,1,1,0.0,1.0
BHADRADRI KOTHAGUDEM,KOTHAGUDEM,YELLANDU,YLD RURAL,RAGABOINA GUDEM-YR,2,COMMERCIAL,29,19,3653.0,42.12
BHADRADRI KOTHAGUDEM,KOTHAGUDEM,YELLANDU,YLD RURAL,REPALLY WADA-YR,2,COMMERCIAL,13,9,344.0,16.43
BHADRADRI KOTHAGUDEM,KOTHAGUDEM,YELLANDU,YLD RURAL,ROMPEDU-YR,2,COMMERCIAL,63,52,11308.0,143.02
BHADRADRI KOTHAGUDEM,KOTHAGUDEM,YELLANDU,YLD RURAL,S MARRI GUDEM-YR,2,COMMERCIAL,3,2,888.0,5.16
BHADRADRI KOTHAGUDEM,KOTHAGUDEM,YELLANDU,YLD RURAL,S S N PURAM-YR,2,COMMERCIAL,53,41,3401.0,69.0
BHADRADRI KOTHAGUDEM,KOTHAGUDEM,YELLANDU,YLD RURAL,SEETHANAGARAM-YR,2,COMMERCIAL,2,2,37.0,2.0
BHADRADRI KOTHAGUDEM,KOTHAGUDEM,YELLANDU,YLD RURAL,SUVARNAPURAM-YR,2,COMMERCIAL,2,1,16.0,2.0
BHADRADRI KOTHAGUDEM,KOTHAGUDEM,YELLANDU,YLD RURAL,TEEGALANCHA-YR,2,COMMERCIAL,1,1,92.0,0.18
BHADRADRI KOTHAGUDEM,KOTHAGUDEM,YELLANDU,YLD RURAL,THUNTABAL THANDA-YR,2,COMMERCIAL,6,6,207.0,8.0
BHADRADRI KOTHAGUDEM,PALONCHA,PALVANCHA,MULKALAPALLY,RAJUPETA (MUL),2,COMMERCIAL,1,1,2.0,0.26
BHADRADRI KOTHAGUDEM,PALONCHA,PALVANCHA,MULKALAPALLY,RAJUPURAM,2,COMMERCIAL,5,4,210.0,6.76
BHADRADRI KOTHAGUDEM,PALONCHA,PALVANCHA,MULKALAPALLY,RAMACHENDRAPURAM,2,COMMERCIAL,1,1,14.0,2.0
BHADRADRI KOTHAGUDEM,PALONCHA,PALVANCHA,MULKALAPALLY,RANGAPURAM (MUL),2,COMMERCIAL,2,1,37.0,0.5
BHADRADRI KOTHAGUDEM,PALONCHA,PALVANCHA,MULKALAPALLY,REGULAKUNTA (MUL),2,COMMERCIAL,1,1,295.0,3.0
BHADRADRI KOTHAGUDEM,PALONCHA,PALVANCHA,MULKALAPALLY,RINGIREDDY PALLI,2,COMMERCIAL,1,1,31.0,1.0
BHADRADRI KOTHAGUDEM,PALONCHA,PALVANCHA,MULKALAPALLY,Rchannagudem,2,COMMERCIAL,3,3,234.0,5.0
BHADRADRI KOTHAGUDEM,PALONCHA,PALVANCHA,MULKALAPALLY,S.R.PURAM-MP,2,COMMERCIAL,11,4,228.0,23.44
BHADRADRI KOTHAGUDEM,PALONCHA,PALVANCHA,MULKALAPALLY,SAIRAMPURAM,2,COMMERCIAL,2,1,107.0,8.0
BHADRADRI KOTHAGUDEM,PALONCHA,PALVANCHA,MULKALAPALLY,SATYAMPET,2,COMMERCIAL,2,1,1528.0,16.0
BHUPALAPALLY,BHUPALAPALLY,BHOOPALPALLY,REGONDA,KOTHAPALLY (GORI),2,COMMERCIAL,85,78,5084.0,163.04
BHUPALAPALLY,BHUPALAPALLY,BHOOPALPALLY,REGONDA,Kothapally(b),2,COMMERCIAL,3,3,231.0,3.0
BHUPALAPALLY,BHUPALAPALLY,BHOOPALPALLY,REGONDA,LINGALA,2,COMMERCIAL,14,14,2948.0,23.65
BHUPALAPALLY,BHUPALAPALLY,BHOOPALPALLY,REGONDA,MADTHAPALLI,2,COMMERCIAL,42,36,2131.0,60.837
BHUPALAPALLY,BHUPALAPALLY,BHOOPALPALLY,REGONDA,NAGURLAPALLI-KPARTHY,2,COMMERCIAL,6,6,319.0,12.6
BHUPALAPALLY,BHUPALAPALLY,BHOOPALPALLY,REGONDA,NARAYANAPUR  (B.PET),2,COMMERCIAL,11,11,143.0,20.0
BHUPALAPALLY,BHUPALAPALLY,BHOOPALPALLY,REGONDA,NIZAMPALLI  (K.GORI),2,COMMERCIAL,19,17,2799.0,48.18
BHUPALAPALLY,BHUPALAPALLY,BHOOPALPALLY,REGONDA,PEDDAMPALLI(REGONDA),2,COMMERCIAL,5,4,33.0,9.1
BHUPALAPALLY,BHUPALAPALLY,BHOOPALPALLY,REGONDA,POCHAMPALLI(LINGALA),2,COMMERCIAL,28,28,1429.0,32.547
BHUPALAPALLY,BHUPALAPALLY,BHOOPALPALLY,REGONDA,PONAGANDLA,2,COMMERCIAL,13,12,4198.0,34.1
BHUPALAPALLY,BHUPALAPALLY,KATARAM,MAHADEVPUR,BOMMAPOOR,2,COMMERCIAL,30,28,1439.0,51.93
BHUPALAPALLY,BHUPALAPALLY,KATARAM,MAHADEVPUR,BRAHMANAPALLY,2,COMMERCIAL,12,12,381.0,15.36
BHUPALAPALLY,BHUPALAPALLY,KATARAM,MAHADEVPUR,CHANDRUPALLY,2,COMMERCIAL,1,1,0.0,1.0
BHUPALAPALLY,BHUPALAPALLY,KATARAM,MAHADEVPUR,EDAPALLY,2,COMMERCIAL,3,3,309.0,4.0
BHUPALAPALLY,BHUPALAPALLY,KATARAM,MAHADEVPUR,ELKESHWARAM(LNKKSHRM,2,COMMERCIAL,5,4,57.0,5.2
BHUPALAPALLY,BHUPALAPALLY,KATARAM,MAHADEVPUR,ENKAPALLY,2,COMMERCIAL,3,3,109.0,3.12
BHUPALAPALLY,BHUPALAPALLY,KATARAM,MAHADEVPUR,KALESHWARAM,2,COMMERCIAL,281,260,35071.0,606.185
BHUPALAPALLY,BHUPALAPALLY,KATARAM,MAHADEVPUR,KANTLAM,2,COMMERCIAL,7,4,78.0,10.0
BHUPALAPALLY,BHUPALAPALLY,KATARAM,MAHADEVPUR,KUDURUPALLY,2,COMMERCIAL,14,12,4230.0,32.0
BHUPALAPALLY,MULUGU,MULUG,MALLAMPALLY,DEVANAGAR,2,COMMERCIAL,15,13,594.0,35.254
BHUPALAPALLY,MULUGU,MULUG,MALLAMPALLY,GURTURTHANDA,2,COMMERCIAL,5,3,159.0,5.24
BHUPALAPALLY,MULUGU,MULUG,MALLAMPALLY,HUMAINNAGAR,2,COMMERCIAL,8,6,4492.0,30.084
BHUPALAPALLY,MULUGU,MULUG,MALLAMPALLY,JAKARAM,2,COMMERCIAL,55,43,11918.0,251.96
BHUPALAPALLY,MULUGU,MULUG,MALLAMPALLY,KODISHALAKUNTA,2,COMMERCIAL,2,2,2.0,3.0
BHUPALAPALLY,MULUGU,MULUG,MALLAMPALLY,MALLAMPALLY,2,COMMERCIAL,329,293,37435.0,740.655
BHUPALAPALLY,MULUGU,MULUG,MALLAMPALLY,MANSIGHTHANDA,2,COMMERCIAL,1,1,0.0,1.0
BHUPALAPALLY,MULUGU,MULUG,MALLAMPALLY,MD GOUSEPALLI,2,COMMERCIAL,42,37,3884.0,126.291
BHUPALAPALLY,MULUGU,MULUG,MALLAMPALLY,MUDDANOORTHANDA,2,COMMERCIAL,2,2,0.0,2.0
BHUPALAPALLY,MULUGU,MULUG,MALLAMPALLY,NARSINGAPOOR,2,COMMERCIAL,2,1,19.0,8.0
HANUMAKONDA,HANAMKONDA/RURAL,BD Pally,BHEEMDEVARAPALLY,BHEEMDEVARAPALLY,2,COMMERCIAL,86,72,12852.0,175.332
HANUMAKONDA,HANAMKONDA/RURAL,BD Pally,BHEEMDEVARAPALLY,Gandhi nagar,2,COMMERCIAL,11,11,210.0,16.984
HANUMAKONDA,HANAMKONDA/RURAL,BD Pally,BHEEMDEVARAPALLY,KOPPUR,2,COMMERCIAL,62,58,5159.0,101.6
HANUMAKONDA,HANAMKONDA/RURAL,BD Pally,BHEEMDEVARAPALLY,KOTHAPALLY,2,COMMERCIAL,76,73,6698.0,126.1
HANUMAKONDA,HANAMKONDA/RURAL,BD Pally,BHEEMDEVARAPALLY,MANGALAPALLY,2,COMMERCIAL,2,2,26.0,1.505
HANUMAKONDA,HANAMKONDA/RURAL,BD Pally,BHEEMDEVARAPALLY,MANIKYAPUR,2,COMMERCIAL,76,71,8155.0,106.745
HANUMAKONDA,HANAMKONDA/RURAL,BD Pally,BHEEMDEVARAPALLY,MULKANOOR,2,COMMERCIAL,623,582,58122.0,1244.151
HANUMAKONDA,HANAMKONDA/RURAL,BD Pally,BHEEMDEVARAPALLY,RAMNAGAR,2,COMMERCIAL,11,11,300.0,15.495
HANUMAKONDA,HANAMKONDA/RURAL,KAMALAPUR,KAMALAPUR,KAMALAPUR,2,COMMERCIAL,665,593,59612.0,1135.135
ADILABAD,UTNOOR,UTNOOR,NARNOOR,BETHALGUDA,2,COMMERCIAL,1,1,44.0,1.0
ADILABAD,UTNOOR,UTNOOR,NARNOOR,BHEEMPUR,2,COMMERCIAL,9,7,3305.0,24.18
ADILABAD,UTNOOR,UTNOOR,NARNOOR,BODDIGUDA,2,COMMERCIAL,1,1,50.0,1.0
ADILABAD,UTNOOR,UTNOOR,NARNOOR,CHORIGOAN,2,COMMERCIAL,3,3,329.0,6.0
ADILABAD,UTNOOR,UTNOOR,NARNOOR,DABA (K),2,COMMERCIAL,5,5,2607.0,17.46
ASIFABAD,ASIFABAD,ASIFABAD,ASIFABAD (RURAL),SALEHGUDA,2,COMMERCIAL,5,4,294.0,29.44
ASIFABAD,ASIFABAD,ASIFABAD,ASIFABAD (RURAL),SIRYANMAWDA,2,COMMERCIAL,1,1,7.0,1.468
ASIFABAD,ASIFABAD,ASIFABAD,ASIFABAD (RURAL),TENUGUDA,2,COMMERCIAL,2,1,78.0,4.0
ASIFABAD,ASIFABAD,ASIFABAD,ASIFABAD (RURAL),THOOM PALLY,2,COMMERCIAL,8,8,338.0,8.94
ASIFABAD,ASIFABAD,ASIFABAD,ASIFABAD (RURAL),V V P COLONY,2,COMMERCIAL,3,2,135.0,0.98
ASIFABAD,ASIFABAD,ASIFABAD,ASIFABAD (RURAL),VATTEWAGU,2,COMMERCIAL,1,0,0.0,0.25
ASIFABAD,ASIFABAD,ASIFABAD,ASIFABAD (RURAL),VENKATA POOR,2,COMMERCIAL,1,1,10.0,1.0
ASIFABAD,ASIFABAD,ASIFABAD,ASIFABAD (RURAL),WADIGUDA,2,COMMERCIAL,4,4,57.0,4.35
ASIFABAD,ASIFABAD,ASIFABAD,ASIFABAD (RURAL),WAVUDHAM,2,COMMERCIAL,4,4,27.0,7.0
ASIFABAD,ASIFABAD,ASIFABAD RURAL,SIRPUR,BANDEYER,2,COMMERCIAL,1,1,50.0,1.0
ASIFABAD,ASIFABAD,ASIFABAD RURAL,SIRPUR,BARNOOR (K),2,COMMERCIAL,3,3,259.0,5.904
ASIFABAD,ASIFABAD,ASIFABAD RURAL,SIRPUR,BURNOOR (B),2,COMMERCIAL,2,2,7.0,1.856
ASIFABAD,ASIFABAD,ASIFABAD RURAL,SIRPUR,CHAPRI,2,COMMERCIAL,1,1,0.0,2.0
ASIFABAD,ASIFABAD,ASIFABAD RURAL,SIRPUR,CHINNA DAMPUR,2,COMMERCIAL,4,4,788.0,8.0
ASIFABAD,ASIFABAD,ASIFABAD RURAL,SIRPUR,CHORPALLI,2,COMMERCIAL,3,3,1393.0,7.0
ASIFABAD,ASIFABAD,ASIFABAD RURAL,SIRPUR,DHANORA,2,COMMERCIAL,1,1,0.0,1.0
ASIFABAD,ASIFABAD,ASIFABAD RURAL,SIRPUR,GUMNOOR (K),2,COMMERCIAL,1,1,1583.0,10.0
ASIFABAD,ASIFABAD,ASIFABAD RURAL,SIRPUR,GUMNOOR(B),2,COMMERCIAL,3,3,1328.0,11.856
ASIFABAD,SIRPUR KAGAZNAGAR,KAGAZNAGAR,KAGAZNAGAR TOWN,BALAJI NAGAR,2,COMMERCIAL,120,114,8072.0,158.18
ASIFABAD,SIRPUR KAGAZNAGAR,KAGAZNAGAR,KAGAZNAGAR TOWN,GANDHI NAGAR,2,COMMERCIAL,247,246,37069.0,499.864
ASIFABAD,SIRPUR KAGAZNAGAR,KAGAZNAGAR,KAGAZNAGAR TOWN,GANGARAM BUSTHI,2,COMMERCIAL,96,95,4797.0,117.095
ASIFABAD,SIRPUR KAGAZNAGAR,KAGAZNAGAR,KAGAZNAGAR TOWN,GUNTUR COLONY ,2,COMMERCIAL,35,35,1770.0,37.402
ASIFABAD,SIRPUR KAGAZNAGAR,KAGAZNAGAR,KAGAZNAGAR TOWN,IRFAN NAGAR,2,COMMERCIAL,127,126,11593.0,183.733
ASIFABAD,SIRPUR KAGAZNAGAR,KAGAZNAGAR,KAGAZNAGAR TOWN,KAPUWADA,2,COMMERCIAL,223,209,19190.0,394.73
ASIFABAD,SIRPUR KAGAZNAGAR,KAGAZNAGAR,KAGAZNAGAR TOWN,KOUSAR MAJID,2,COMMERCIAL,622,609,63762.0,900.948
ASIFABAD,SIRPUR KAGAZNAGAR,KAGAZNAGAR,KAGAZNAGAR TOWN,LBS MARKET,2,COMMERCIAL,135,132,6772.0,135.85
ASIFABAD,SIRPUR KAGAZNAGAR,KAGAZNAGAR,KAGAZNAGAR TOWN,NAVEGAOM BUSTHI,2,COMMERCIAL,285,274,33600.0,369.431
ASIFABAD,SIRPUR KAGAZNAGAR,KAGAZNAGAR,KAGAZNAGAR TOWN,SAJEEVAIAH COLONY,2,COMMERCIAL,408,404,37388.0,487.285
ASIFABAD,SIRPUR KAGAZNAGAR,KAGAZNAGAR,KAGAZNAGAR TOWN,SANGAM BUSTHI ,2,COMMERCIAL,113,110,8660.0,140.43
ASIFABAD,SIRPUR KAGAZNAGAR,KAGAZNAGAR,KAGAZNAGAR TOWN,SARDHARBUSTHI,2,COMMERCIAL,116,110,7202.0,138.27
ASIFABAD,SIRPUR KAGAZNAGAR,KAGAZNAGAR,KAGAZNAGAR TOWN,SIRPOOR KAGAZNAGAR,2,COMMERCIAL,591,199,135978.0,1784.638
ASIFABAD,SIRPUR KAGAZNAGAR,KAGAZNAGAR,KAGAZNAGAR TOWN,STHUPAM,2,COMMERCIAL,48,45,1415.0,64.084
ASIFABAD,SIRPUR KAGAZNAGAR,KAGAZNAGAR,KAGAZNAGAR TOWN,TEACHERS COLONY,2,COMMERCIAL,8,8,62.0,10.0
BHADRADRI KOTHAGUDEM,BHADRACHALAM,CHERLA,CHARLA,G POLIBOINA PALLY,2,COMMERCIAL,5,3,56.0,5.0
BHADRADRI KOTHAGUDEM,BHADRACHALAM,CHERLA,CHARLA,GANNAVARAM,2,COMMERCIAL,3,2,25.0,7.0
BHADRADRI KOTHAGUDEM,BHADRACHALAM,CHERLA,CHARLA,GOGUBAKA,2,COMMERCIAL,1,1,0.0,1.0
BHADRADRI KOTHAGUDEM,BHADRACHALAM,CHERLA,CHARLA,GOMPALLY,2,COMMERCIAL,9,7,173.0,12.26
BHADRADRI KOTHAGUDEM,BHADRACHALAM,CHERLA,CHARLA,GUMMUGUDEM,2,COMMERCIAL,15,14,597.0,9.97
BHADRADRI KOTHAGUDEM,BHADRACHALAM,CHERLA,CHARLA,GUTTA BORU,2,COMMERCIAL,1,1,0.0,2.0
BHADRADRI KOTHAGUDEM,BHADRACHALAM,CHERLA,CHARLA,JANGALAPALLI,2,COMMERCIAL,3,2,28.0,1.5
BHADRADRI KOTHAGUDEM,BHADRACHALAM,CHERLA,CHARLA,KALIVERU,2,COMMERCIAL,25,23,5298.0,37.575
BHADRADRI KOTHAGUDEM,BHADRACHALAM,CHERLA,CHARLA,KESAVAPURAM,2,COMMERCIAL,19,13,1998.0,27.12
BHADRADRI KOTHAGUDEM,BHADRACHALAM,MANUGURU,KARAKAGUDEM,GOLLAGUDEM - P,2,COMMERCIAL,8,6,99.0,10.716
BHADRADRI KOTHAGUDEM,BHADRACHALAM,MANUGURU,KARAKAGUDEM,KANNAIGUDEM - P,2,COMMERCIAL,1,1,1.0,1.0
BHADRADRI KOTHAGUDEM,BHADRACHALAM,MANUGURU,KARAKAGUDEM,KARAKUGUDEM,2,COMMERCIAL,181,166,14466.0,305.03
BHADRADRI KOTHAGUDEM,BHADRACHALAM,MANUGURU,KARAKAGUDEM,KOLAVALA NAGARAM,2,COMMERCIAL,6,5,3448.0,15.11
BHADRADRI KOTHAGUDEM,BHADRACHALAM,MANUGURU,KARAKAGUDEM,KOTHAGUDEM - P,2,COMMERCIAL,6,5,26.0,6.93
BHADRADRI KOTHAGUDEM,BHADRACHALAM,MANUGURU,KARAKAGUDEM,MADDULAGUDEM-P,2,COMMERCIAL,2,1,61.0,2.0
BHADRADRI KOTHAGUDEM,BHADRACHALAM,MANUGURU,KARAKAGUDEM,MOTHE <P>,2,COMMERCIAL,12,10,4331.0,38.25
BHADRADRI KOTHAGUDEM,BHADRACHALAM,MANUGURU,KARAKAGUDEM,PADMAPURAM,2,COMMERCIAL,8,7,3127.0,19.46
BHADRADRI KOTHAGUDEM,KOTHAGUDEM,KOTHAGUDEM RURAL,CHANDRUGONDA,RAVIKAM PADU-CG,2,COMMERCIAL,42,36,1709.0,58.93
BHADRADRI KOTHAGUDEM,KOTHAGUDEM,KOTHAGUDEM RURAL,CHANDRUGONDA,REPALLEWADA-CG,2,COMMERCIAL,24,23,609.0,43.24
BHADRADRI KOTHAGUDEM,KOTHAGUDEM,KOTHAGUDEM RURAL,CHANDRUGONDA,S N PURAM-CG,2,COMMERCIAL,3,3,8.0,3.0
BHADRADRI KOTHAGUDEM,KOTHAGUDEM,KOTHAGUDEM RURAL,CHANDRUGONDA,SAMYA THANDA-CG,2,COMMERCIAL,1,1,11.0,2.0
BHADRADRI KOTHAGUDEM,KOTHAGUDEM,KOTHAGUDEM RURAL,CHANDRUGONDA,SEETAI GUDEM-CG,2,COMMERCIAL,18,14,411.0,15.24
BHADRADRI KOTHAGUDEM,KOTHAGUDEM,KOTHAGUDEM RURAL,CHANDRUGONDA,SUNKARA BANZAR-CG,2,COMMERCIAL,3,3,26.0,7.0
BHADRADRI KOTHAGUDEM,KOTHAGUDEM,KOTHAGUDEM RURAL,CHANDRUGONDA,TEKULA BANZAR-CG,2,COMMERCIAL,6,6,99.0,12.0
BHADRADRI KOTHAGUDEM,KOTHAGUDEM,KOTHAGUDEM RURAL,CHANDRUGONDA,THIPANNA PALLY-CG,2,COMMERCIAL,49,46,6063.0,96.79
BHADRADRI KOTHAGUDEM,KOTHAGUDEM,KOTHAGUDEM RURAL,CHANDRUGONDA,THUNGARAM-CG,2,COMMERCIAL,35,31,5563.0,52.06
BHUPALAPALLY,BHUPALAPALLY,BHOOPALPALLY,REGONDA,Ijjaiahpally,2,COMMERCIAL,4,4,135.0,5.0
BHUPALAPALLY,BHUPALAPALLY,BHOOPALPALLY,REGONDA,JAGGAIAHPALLI-K.CHA,2,COMMERCIAL,1,1,42.0,2.0
BHUPALAPALLY,BHUPALAPALLY,BHOOPALPALLY,REGONDA,JAGGAIAHPET,2,COMMERCIAL,41,39,4183.0,96.242
BHUPALAPALLY,BHUPALAPALLY,BHOOPALPALLY,REGONDA,JAMSHEEDBEGPET,2,COMMERCIAL,3,3,331.0,4.0
BHUPALAPALLY,BHUPALAPALLY,BHOOPALPALLY,REGONDA,KANAPARTHY,2,COMMERCIAL,19,17,4990.0,39.709
BHUPALAPALLY,BHUPALAPALLY,BHOOPALPALLY,REGONDA,KANNARAOPET,2,COMMERCIAL,9,9,578.0,10.55
BHUPALAPALLY,BHUPALAPALLY,BHOOPALPALLY,REGONDA,KOTANCHA,2,COMMERCIAL,39,37,6124.0,76.893
BHUPALAPALLY,BHUPALAPALLY,KATARAM,KOYYUR,PEDDA THUNDLA,2,COMMERCIAL,41,37,4795.0,58.28
BHUPALAPALLY,BHUPALAPALLY,KATARAM,KOYYUR,RUDRARAM,2,COMMERCIAL,45,36,6559.0,68.36
BHUPALAPALLY,BHUPALAPALLY,KATARAM,KOYYUR,THADICHERLA,2,COMMERCIAL,174,164,20885.0,446.097
BHUPALAPALLY,BHUPALAPALLY,KATARAM,KOYYUR,VALLAMKUNTA,2,COMMERCIAL,17,15,781.0,18.92
BHUPALAPALLY,BHUPALAPALLY,KATARAM,MAHADEVPUR,AMBATPALLI,2,COMMERCIAL,63,52,8895.0,101.608
BHUPALAPALLY,BHUPALAPALLY,KATARAM,MAHADEVPUR,ANNARAM,2,COMMERCIAL,32,24,3270.0,311.12
BHUPALAPALLY,BHUPALAPALLY,KATARAM,MAHADEVPUR,BEERSAGAR,2,COMMERCIAL,1,1,0.0,10.0
BHUPALAPALLY,BHUPALAPALLY,KATARAM,MAHADEVPUR,BEGLOOR,2,COMMERCIAL,27,27,1513.0,33.31
BHUPALAPALLY,MULUGU,MULUG,LAXMIDEVPET,RAMKISTAPOOR,2,COMMERCIAL,2,1,51.0,2.0
BHUPALAPALLY,MULUGU,MULUG,LAXMIDEVPET,SHATRAZPALLY,2,COMMERCIAL,2,2,123.0,2.0
BHUPALAPALLY,MULUGU,MULUG,LAXMIDEVPET,SINGARAKUNTAPALLLY,2,COMMERCIAL,3,3,40.0,2.25
BHUPALAPALLY,MULUGU,MULUG,LAXMIDEVPET,THIMMAPOOR I,2,COMMERCIAL,2,2,10.0,1.998
BHUPALAPALLY,MULUGU,MULUG,LAXMIDEVPET,THIMMAPUR II (H/KP),2,COMMERCIAL,1,0,0.0,1.0
BHUPALAPALLY,MULUGU,MULUG,LAXMIDEVPET,VENKATAPOOR,2,COMMERCIAL,211,175,23436.0,349.92
BHUPALAPALLY,MULUGU,MULUG,LAXMIDEVPET,VENKATESHWARLAPALLY,2,COMMERCIAL,2,2,29.0,2.86
BHUPALAPALLY,MULUGU,MULUG,MALLAMPALLY,ABBAPOOR,2,COMMERCIAL,26,23,1007.0,47.23
BHUPALAPALLY,MULUGU,MULUG,MALLAMPALLY,BANALAPALLY,2,COMMERCIAL,1,1,33.0,6.0
BHUPALAPALLY,MULUGU,MULUG,MALLAMPALLY,CHANDRUTHANDA,2,COMMERCIAL,2,2,93.0,4.0
BHUPALAPALLY,MULUGU,N. VENKATAPURAM,WAZEEDU,MURMUR   <W>,2,COMMERCIAL,4,3,111.0,4.0
BHUPALAPALLY,MULUGU,N. VENKATAPURAM,WAZEEDU,NAGARAM,2,COMMERCIAL,51,42,2560.0,71.28
BHUPALAPALLY,MULUGU,N. VENKATAPURAM,WAZEEDU,PEDA GOLLAGUDEM,2,COMMERCIAL,8,6,94.0,8.41
BHUPALAPALLY,MULUGU,N. VENKATAPURAM,WAZEEDU,PEDDAGANGARAM,2,COMMERCIAL,9,9,252.0,11.41
BHUPALAPALLY,MULUGU,N. VENKATAPURAM,WAZEEDU,PEROORU,2,COMMERCIAL,50,46,16808.0,84.638
BHUPALAPALLY,MULUGU,N. VENKATAPURAM,WAZEEDU,PRAGALLAPALLI <W>,2,COMMERCIAL,12,10,1829.0,23.19
BHUPALAPALLY,MULUGU,N. VENKATAPURAM,WAZEEDU,PUSUR,2,COMMERCIAL,7,5,3576.0,51.24
BHUPALAPALLY,MULUGU,N. VENKATAPURAM,WAZEEDU,RAMPURAM,2,COMMERCIAL,1,1,0.0,1.0
BHUPALAPALLY,MULUGU,N. VENKATAPURAM,WAZEEDU,SARANGAPURAM,2,COMMERCIAL,1,1,42.0,1.0
BHUPALAPALLY,MULUGU,N. VENKATAPURAM,WAZEEDU,SUNDARAIAH COLONY,2,COMMERCIAL,1,0,0.0,0.24
BHUPALAPALLY,MULUGU,N. VENKATAPURAM,WAZEEDU,TEKULA GUDEM,2,COMMERCIAL,5,5,94.0,3.5
BHUPALAPALLY,MULUGU,N. VENKATAPURAM,WAZEEDU,WAZEEDU,2,COMMERCIAL,57,52,17949.0,118.64
HANUMAKONDA,HANAMKONDA/RURAL,KAMALAPUR,ELKATHURTHY,SURARAM,2,COMMERCIAL,72,60,8357.0,156.29
HANUMAKONDA,HANAMKONDA/RURAL,KAMALAPUR,ELKATHURTHY,Shanthi nagar,2,COMMERCIAL,1,1,124.0,1.0
HANUMAKONDA,HANAMKONDA/RURAL,KAMALAPUR,ELKATHURTHY,THIMMAPUR,2,COMMERCIAL,15,13,1523.0,27.01
HANUMAKONDA,HANAMKONDA/RURAL,KAMALAPUR,ELKATHURTHY,VALBHAPUR,2,COMMERCIAL,51,43,5087.0,75.995
HANUMAKONDA,HANAMKONDA/RURAL,KAMALAPUR,ELKATHURTHY,VEERANARAYANPUR,2,COMMERCIAL,36,36,2086.0,47.0
HANUMAKONDA,HANAMKONDA/RURAL,KAMALAPUR,KAMALAPUR,AMBALA,2,COMMERCIAL,101,94,19130.0,218.69
HANUMAKONDA,HANAMKONDA/RURAL,KAMALAPUR,KAMALAPUR,GOPALPOOR,2,COMMERCIAL,8,8,166.0,22.0
HANUMAKONDA,HANAMKONDA/RURAL,KAMALAPUR,KAMALAPUR,GUDUR,2,COMMERCIAL,116,111,10028.0,168.44
HANUMAKONDA,HANAMKONDA/RURAL,KAMALAPUR,KAMALAPUR,GUNIPARTHY,2,COMMERCIAL,22,21,1213.0,31.68
HANUMAKONDA,HANAMKONDA/TOWN,HANAMKONDA(T),MACHILIBAZAR,RAYAPURAWADA,2,COMMERCIAL,185,165,27434.0,414.445
HANUMAKONDA,HANAMKONDA/TOWN,HANAMKONDA(T),MACHILIBAZAR,T P TEMPLE,2,COMMERCIAL,45,34,2665.0,62.075
HANUMAKONDA,HANAMKONDA/TOWN,HANAMKONDA(T),MACHILIBAZAR,UJLIBASE,2,COMMERCIAL,246,227,19785.0,354.36
HANUMAKONDA,HANAMKONDA/TOWN,HANAMKONDA(T),MACHILIBAZAR,YENUGULAGADDA,2,COMMERCIAL,17,16,8041.0,107.51
HANUMAKONDA,HANAMKONDA/TOWN,HANAMKONDA(T),NAKKALAGUTTA,ADVOCATES COLONY,2,COMMERCIAL,362,321,143122.0,1705.9
HANUMAKONDA,HANAMKONDA/TOWN,HANAMKONDA(T),NAKKALAGUTTA,ASHOKA COLONY,2,COMMERCIAL,385,369,73310.0,1001.396
HANUMAKONDA,HANAMKONDA/TOWN,HANAMKONDA(T),NAKKALAGUTTA,BALASAMUDRAM,2,COMMERCIAL,698,625,235407.0,4029.52
HANUMAKONDA,HANAMKONDA/TOWN,HANAMKONDA(T),NAKKALAGUTTA,BHAVANINAGAR,2,COMMERCIAL,228,209,28754.0,502.91
HANUMAKONDA,HANAMKONDA/TOWN,HANAMKONDA(T),NAKKALAGUTTA,BHEESHMANAGAR,2,COMMERCIAL,224,209,36170.0,564.44
HANUMAKONDA,HANAMKONDA/TOWN,HANAMKONDA(T),NAKKALAGUTTA,GANDHINAGAR,2,COMMERCIAL,1,1,0.0,2.0
ADILABAD,UTNOOR,UTNOOR,INDERVELLY,WAGAHAWAITHANDA,2,COMMERCIAL,1,1,0.0,0.658
ADILABAD,UTNOOR,UTNOOR,INDERVELLY,WALGONDA,2,COMMERCIAL,1,1,10.0,1.0
ADILABAD,UTNOOR,UTNOOR,INDERVELLY,WALGONDA HEERAPUR,2,COMMERCIAL,3,3,21.0,3.994
ADILABAD,UTNOOR,UTNOOR,INDERVELLY,YEMAIKUNTA,2,COMMERCIAL,17,15,1392.0,35.487
ADILABAD,UTNOOR,UTNOOR,NARNOOR,ADMIYAN,2,COMMERCIAL,3,3,694.0,3.24
ADILABAD,UTNOOR,UTNOOR,NARNOOR,ARJUNI,2,COMMERCIAL,1,1,1.0,1.0
ADILABAD,UTNOOR,UTNOOR,NARNOOR,BABJHURI,2,COMMERCIAL,2,2,19.0,3.0
ADILABAD,UTNOOR,UTNOOR,NARNOOR,BALAPUR,2,COMMERCIAL,1,1,0.0,1.0
ASIFABAD,SIRPUR KAGAZNAGAR,KAGAZNAGAR,KAGAZNAGAR RURAL,VILLAGE NO 5,2,COMMERCIAL,34,32,1061.0,32.72
ASIFABAD,SIRPUR KAGAZNAGAR,KAGAZNAGAR,KAGAZNAGAR RURAL,VILLAGE NO.1,2,COMMERCIAL,10,8,262.0,9.84
ASIFABAD,SIRPUR KAGAZNAGAR,KAGAZNAGAR,KAGAZNAGAR RURAL,VILLAGE NO.11,2,COMMERCIAL,1,1,359.0,1.0
ASIFABAD,SIRPUR KAGAZNAGAR,KAGAZNAGAR,KAGAZNAGAR RURAL,VILLAGE NO.12,2,COMMERCIAL,66,61,3797.0,79.501
ASIFABAD,SIRPUR KAGAZNAGAR,KAGAZNAGAR,KAGAZNAGAR RURAL,VILLAGE NO.19,2,COMMERCIAL,24,22,8129.0,40.215
ASIFABAD,SIRPUR KAGAZNAGAR,KAGAZNAGAR,KAGAZNAGAR RURAL,VILLAGE NO.2,2,COMMERCIAL,23,20,1013.0,41.46
ASIFABAD,SIRPUR KAGAZNAGAR,KAGAZNAGAR,KAGAZNAGAR RURAL,VILLAGE NO.3,2,COMMERCIAL,14,14,288.0,14.18
ASIFABAD,SIRPUR KAGAZNAGAR,KAGAZNAGAR,KAGAZNAGAR RURAL,VILLAGE NO.4,2,COMMERCIAL,18,18,3080.0,20.38
ASIFABAD,SIRPUR KAGAZNAGAR,KAGAZNAGAR,KAGAZNAGAR RURAL,VILLAGE NO.7,2,COMMERCIAL,4,4,472.0,5.0
ASIFABAD,SIRPUR KAGAZNAGAR,KAGAZNAGAR,KAGAZNAGAR RURAL,VILLAGE NO.8,2,COMMERCIAL,2,2,35.0,2.0
ASIFABAD,SIRPUR KAGAZNAGAR,KAGAZNAGAR,KAGAZNAGAR RURAL,VILLAGE NO10,2,COMMERCIAL,14,14,772.0,13.774
BHADRADRI KOTHAGUDEM,BHADRACHALAM,CHERLA,CHARLA,C . KATTIGUDEM,2,COMMERCIAL,16,15,437.0,15.45
BHADRADRI KOTHAGUDEM,BHADRACHALAM,CHERLA,CHARLA,CHALAMALA,2,COMMERCIAL,1,1,3517.0,22.0
BHADRADRI KOTHAGUDEM,BHADRACHALAM,CHERLA,CHARLA,CHARLA,2,COMMERCIAL,971,818,60583.0,1405.915
BHADRADRI KOTHAGUDEM,BHADRACHALAM,CHERLA,CHARLA,CHINAMIDISILERU,2,COMMERCIAL,8,8,131.0,8.66
BHADRADRI KOTHAGUDEM,BHADRACHALAM,CHERLA,CHARLA,CHINTAKUNTA,2,COMMERCIAL,12,12,464.0,13.23
BHADRADRI KOTHAGUDEM,BHADRACHALAM,CHERLA,CHARLA,DANAVAPETA,2,COMMERCIAL,1,1,0.0,1.0
BHADRADRI KOTHAGUDEM,BHADRACHALAM,CHERLA,CHARLA,DANDUPETA,2,COMMERCIAL,7,5,132.0,18.75
BHADRADRI KOTHAGUDEM,BHADRACHALAM,CHERLA,CHARLA,DEVARA PALLI,2,COMMERCIAL,6,6,1463.0,10.47
BHADRADRI KOTHAGUDEM,BHADRACHALAM,CHERLA,CHARLA,DOSILLAPALLY,2,COMMERCIAL,4,3,121.0,3.26
BHADRADRI KOTHAGUDEM,BHADRACHALAM,MANUGURU,ASWAPURAM,VEMULURU,2,COMMERCIAL,1,1,0.0,2.0
BHADRADRI KOTHAGUDEM,BHADRACHALAM,MANUGURU,ASWAPURAM,VENKATAPURAM (ASP),2,COMMERCIAL,11,8,1737.0,35.6
BHADRADRI KOTHAGUDEM,BHADRACHALAM,MANUGURU,ASWAPURAM,battilagumpu,2,COMMERCIAL,1,1,2.0,1.0
BHADRADRI KOTHAGUDEM,BHADRACHALAM,MANUGURU,KARAKAGUDEM,ANANTHARAM,2,COMMERCIAL,33,29,3646.0,67.84
BHADRADRI KOTHAGUDEM,BHADRACHALAM,MANUGURU,KARAKAGUDEM,BARLA GUDEM,2,COMMERCIAL,1,1,42.0,2.0
BHADRADRI KOTHAGUDEM,BHADRACHALAM,MANUGURU,KARAKAGUDEM,BATTUPALLI,2,COMMERCIAL,41,36,1027.0,64.91
BHADRADRI KOTHAGUDEM,BHADRACHALAM,MANUGURU,KARAKAGUDEM,CHIRUMALLA,2,COMMERCIAL,13,13,331.0,12.97
BHADRADRI KOTHAGUDEM,BHADRACHALAM,MANUGURU,KARAKAGUDEM,CHOPPALA,2,COMMERCIAL,2,2,111.0,2.0
BHADRADRI KOTHAGUDEM,KOTHAGUDEM,KOTHAGUDEM RURAL,CHANDRUGONDA,IR/ER BANZAR-CG,2,COMMERCIAL,2,2,868.0,3.0
BHADRADRI KOTHAGUDEM,KOTHAGUDEM,KOTHAGUDEM RURAL,CHANDRUGONDA,K V PURAM-CG,2,COMMERCIAL,1,1,7.0,1.0
BHADRADRI KOTHAGUDEM,KOTHAGUDEM,KOTHAGUDEM RURAL,CHANDRUGONDA,KARICHARLA BODU-CG,2,COMMERCIAL,3,2,449.0,4.0
BHADRADRI KOTHAGUDEM,KOTHAGUDEM,KOTHAGUDEM RURAL,CHANDRUGONDA,MADDUKUR-CG,2,COMMERCIAL,25,22,3324.0,53.38
BHADRADRI KOTHAGUDEM,KOTHAGUDEM,KOTHAGUDEM RURAL,CHANDRUGONDA,MANGAI BAZAR-CG,2,COMMERCIAL,8,8,365.0,9.36
BHADRADRI KOTHAGUDEM,KOTHAGUDEM,KOTHAGUDEM RURAL,CHANDRUGONDA,MEKALABANDA TANDA-CG,2,COMMERCIAL,3,3,110.0,5.74
BHADRADRI KOTHAGUDEM,KOTHAGUDEM,KOTHAGUDEM RURAL,CHANDRUGONDA,MOHAMAD NAGAR-CG,2,COMMERCIAL,1,0,0.0,2.0
BHADRADRI KOTHAGUDEM,KOTHAGUDEM,KOTHAGUDEM RURAL,CHANDRUGONDA,POKALA GUDEM-CG,2,COMMERCIAL,49,47,9724.0,87.09
BHADRADRI KOTHAGUDEM,KOTHAGUDEM,LAXMIDEVIPALLY,LAXMIDEVIPALLY,GADDI GUTTA THANDA - KR,2,COMMERCIAL,2,2,70.0,3.0
BHADRADRI KOTHAGUDEM,KOTHAGUDEM,LAXMIDEVIPALLY,LAXMIDEVIPALLY,GATTU MALLA-KR,2,COMMERCIAL,13,13,647.0,14.96
BHADRADRI KOTHAGUDEM,KOTHAGUDEM,LAXMIDEVIPALLY,LAXMIDEVIPALLY,GOLLA GUDEM-KR,2,COMMERCIAL,1,1,22.0,0.24
BHADRADRI KOTHAGUDEM,KOTHAGUDEM,LAXMIDEVIPALLY,LAXMIDEVIPALLY,H C PURAM-KR,2,COMMERCIAL,122,112,12879.0,235.12
BHADRADRI KOTHAGUDEM,KOTHAGUDEM,LAXMIDEVIPALLY,LAXMIDEVIPALLY,JUBLI PURAM - KR,2,COMMERCIAL,7,5,1953.0,21.0
BHADRADRI KOTHAGUDEM,KOTHAGUDEM,LAXMIDEVIPALLY,LAXMIDEVIPALLY,KARU KONDA-KR,2,COMMERCIAL,39,34,7980.0,112.24
BHADRADRI KOTHAGUDEM,KOTHAGUDEM,YELLANDU,YLD RURAL,MOTLA GUDEM-YR,2,COMMERCIAL,2,0,0.0,2.18
BHADRADRI KOTHAGUDEM,KOTHAGUDEM,YELLANDU,YLD RURAL,MUTTARAPU KATTA-YR,2,COMMERCIAL,7,4,105.0,9.32
BHADRADRI KOTHAGUDEM,KOTHAGUDEM,YELLANDU,YLD RURAL,NARAYANAPURAM-YR,2,COMMERCIAL,2,1,22.0,2.24
BHADRADRI KOTHAGUDEM,KOTHAGUDEM,YELLANDU,YLD RURAL,NAYAKULA GUDEM-YR,2,COMMERCIAL,5,2,41.0,6.0
BHADRADRI KOTHAGUDEM,KOTHAGUDEM,YELLANDU,YLD RURAL,NEHRU NAGAR,2,COMMERCIAL,4,4,462.0,7.0
BHADRADRI KOTHAGUDEM,KOTHAGUDEM,YELLANDU,YLD RURAL,NIZAM PET-YR,2,COMMERCIAL,10,9,440.0,9.7
BHADRADRI KOTHAGUDEM,KOTHAGUDEM,YELLANDU,YLD RURAL,ODDUGUDEM-YR,2,COMMERCIAL,1,1,43.0,1.0
BHADRADRI KOTHAGUDEM,KOTHAGUDEM,YELLANDU,YLD RURAL,POCHARAM,2,COMMERCIAL,7,7,297.0,6.85
BHADRADRI KOTHAGUDEM,KOTHAGUDEM,YELLANDU,YLD RURAL,POLARAM-YR,2,COMMERCIAL,43,34,1984.0,69.136
BHADRADRI KOTHAGUDEM,KOTHAGUDEM,YELLANDU,YLD RURAL,POOBELLY-YR,2,COMMERCIAL,4,4,112.0,8.74
BHADRADRI KOTHAGUDEM,PALONCHA,PALVANCHA,MULKALAPALLY,MOGARALA GUPPA,2,COMMERCIAL,6,4,1837.0,13.24
BHADRADRI KOTHAGUDEM,PALONCHA,PALVANCHA,MULKALAPALLY,MUKAMAMIDI,2,COMMERCIAL,36,26,1037.0,43.64
BHADRADRI KOTHAGUDEM,PALONCHA,PALVANCHA,MULKALAPALLY,MULKALAPALLY,2,COMMERCIAL,262,225,26364.0,525.58
BHADRADRI KOTHAGUDEM,PALONCHA,PALVANCHA,MULKALAPALLY,MUTYALAMPADU,2,COMMERCIAL,6,6,386.0,12.0
BHADRADRI KOTHAGUDEM,PALONCHA,PALVANCHA,MULKALAPALLY,NALLAMUDI,2,COMMERCIAL,5,4,285.0,4.69
BHADRADRI KOTHAGUDEM,PALONCHA,PALVANCHA,MULKALAPALLY,PATHAGUNDALAPADU,2,COMMERCIAL,2,2,0.0,7.0
BHADRADRI KOTHAGUDEM,PALONCHA,PALVANCHA,MULKALAPALLY,POSUGUDEM,2,COMMERCIAL,67,52,9431.0,129.17
BHADRADRI KOTHAGUDEM,PALONCHA,PALVANCHA,MULKALAPALLY,PRAGALLAPALLI-MP,2,COMMERCIAL,30,27,4102.0,56.72
BHUPALAPALLY,BHUPALAPALLY,BHOOPALPALLY,REGONDA,DHUMPALLAPALLY,2,COMMERCIAL,14,14,407.0,16.2
BHUPALAPALLY,BHUPALAPALLY,BHOOPALPALLY,REGONDA,GADEPALLI  REGONDA,2,COMMERCIAL,2,2,51.0,3.998
BHUPALAPALLY,BHUPALAPALLY,BHOOPALPALLY,REGONDA,GHANDHINAGAR,2,COMMERCIAL,1,1,0.0,1.0
BHUPALAPALLY,BHUPALAPALLY,BHOOPALPALLY,REGONDA,GUDAPALLI (KOTANCHA),2,COMMERCIAL,4,3,143.0,10.0
ADILABAD,ADILABAD,ADILABAD RURAL,THALAMADUGU,DHARGULAPALLI,2,COMMERCIAL,1,1,79.0,1.0
ADILABAD,ADILABAD,ADILABAD RURAL,THALAMADUGU,DORLI,2,COMMERCIAL,8,7,71.0,9.892
ADILABAD,ADILABAD,ADILABAD RURAL,THALAMADUGU,JHARI,2,COMMERCIAL,17,17,3463.0,40.686
ADILABAD,ADILABAD,ADILABAD RURAL,THALAMADUGU,KAJJARLA,2,COMMERCIAL,59,48,5139.0,105.235
ADILABAD,ADILABAD,ADILABAD RURAL,THALAMADUGU,KHAPARDEVI,2,COMMERCIAL,4,3,50.0,3.999
ADILABAD,ADILABAD,ADILABAD RURAL,THALAMADUGU,KODAD,2,COMMERCIAL,24,20,556.0,43.691
ADILABAD,ADILABAD,ADILABAD RURAL,THALAMADUGU,KOSAYI,2,COMMERCIAL,6,3,3011.0,26.24
ADILABAD,ADILABAD,ADILABAD RURAL,THALAMADUGU,KOTHUR,2,COMMERCIAL,9,9,713.0,16.999
ADILABAD,ADILABAD,ADILABAD RURAL,THALAMADUGU,KUCHLAPUR,2,COMMERCIAL,47,42,5812.0,75.677
ADILABAD,ADILABAD,ADILABAD RURAL,THALAMADUGU,LACHAMPUR,2,COMMERCIAL,2,2,596.0,2.0
ADILABAD,ADILABAD,ECHODA,BOATH,POCHERA,2,COMMERCIAL,76,69,7441.0,158.47
ADILABAD,ADILABAD,ECHODA,BOATH,POOLSINGH THANDA,2,COMMERCIAL,1,1,104.0,3.0
ADILABAD,ADILABAD,ECHODA,BOATH,RAMNAGER,2,COMMERCIAL,1,1,164.0,2.0
ADILABAD,ADILABAD,ECHODA,BOATH,SAKERA,2,COMMERCIAL,8,6,168.0,13.542
ADILABAD,ADILABAD,ECHODA,BOATH,SANGVI,2,COMMERCIAL,1,1,0.0,1.0
ADILABAD,ADILABAD,ECHODA,BOATH,SONALA,2,COMMERCIAL,280,251,23926.0,389.893
ADILABAD,ADILABAD,ECHODA,BOATH,WAJJAR,2,COMMERCIAL,1,1,105.0,1.0
ADILABAD,ADILABAD,ECHODA,ECHODA,ADEGAON (B),2,COMMERCIAL,7,6,3955.0,62.96
ADILABAD,ADILABAD,ECHODA,ECHODA,ADEGAON (K),2,COMMERCIAL,45,37,6111.0,90.24
ADILABAD,ADILABAD,ECHODA,ECHODA,BABULDHARI,2,COMMERCIAL,2,0,0.0,3.14
ADILABAD,ADILABAD,ADILABAD RURAL,THALAMADUGU,LALGADA,2,COMMERCIAL,7,6,197.0,12.456
ADILABAD,ADILABAD,ADILABAD RURAL,THALAMADUGU,LAXMIPUR,2,COMMERCIAL,1,1,11.0,0.24
ADILABAD,ADILABAD,ADILABAD RURAL,THALAMADUGU,LINGI,2,COMMERCIAL,27,26,3880.0,46.64
ADILABAD,ADILABAD,ADILABAD RURAL,THALAMADUGU,MADANAPUR (D),2,COMMERCIAL,1,1,214.0,3.0
ADILABAD,ADILABAD,ADILABAD RURAL,THALAMADUGU,MANDIGUDA,2,COMMERCIAL,1,0,0.0,1.0
ADILABAD,ADILABAD,ADILABAD RURAL,THALAMADUGU,NANDGOAN,2,COMMERCIAL,1,1,20.0,1.0
ADILABAD,ADILABAD,ADILABAD RURAL,THALAMADUGU,NANDIGOAN (K),2,COMMERCIAL,1,1,22.0,1.0
ADILABAD,ADILABAD,ADILABAD RURAL,THALAMADUGU,PALLI  (B),2,COMMERCIAL,21,20,832.0,28.034
ADILABAD,ADILABAD,ADILABAD RURAL,THALAMADUGU,PALLI  (K),2,COMMERCIAL,7,7,519.0,11.068
ADILABAD,ADILABAD,ADILABAD RURAL,THALAMADUGU,PALSI (B),2,COMMERCIAL,7,5,40.0,8.36
ADILABAD,ADILABAD,ADILABAD RURAL,THALAMADUGU,PALSI (K),2,COMMERCIAL,2,1,0.0,1.76
ADILABAD,ADILABAD,ECHODA,ECHODA,BOBJIPET,2,COMMERCIAL,1,1,0.0,1.0
ADILABAD,ADILABAD,ECHODA,ECHODA,BOREGOAN,2,COMMERCIAL,25,17,919.0,26.474
ADILABAD,ADILABAD,ECHODA,ECHODA,CHINCHOLI,2,COMMERCIAL,4,3,187.0,5.98
ADILABAD,ADILABAD,ECHODA,ECHODA,D N THANDA,2,COMMERCIAL,4,4,2667.0,23.97
ADILABAD,ADILABAD,ECHODA,ECHODA,DABA (B),2,COMMERCIAL,3,2,163.0,3.08
ADILABAD,ADILABAD,ECHODA,ECHODA,DABA (K),2,COMMERCIAL,2,1,27.0,9.0
ADILABAD,ADILABAD,ECHODA,ECHODA,DHARMAPURI,2,COMMERCIAL,8,7,288.0,11.04
ADILABAD,ADILABAD,ECHODA,ECHODA,DUBERPET,2,COMMERCIAL,3,1,50.0,4.98
ADILABAD,ADILABAD,ECHODA,ECHODA,ECHODA,2,COMMERCIAL,1705,1322,144703.0,2396.151
ADILABAD,ADILABAD,ECHODA,ECHODA,GERIJAM,2,COMMERCIAL,17,11,26098.0,37.34
ADILABAD,ADILABAD,ECHODA,ECHODA,GUNDALA,2,COMMERCIAL,3,2,1215.0,9.0
ADILABAD,ADILABAD,ADILABAD RURAL,THALAMADUGU,PONNAGUDA,2,COMMERCIAL,2,1,12.0,3.98
ADILABAD,ADILABAD,ADILABAD RURAL,THALAMADUGU,RATNAPUR,2,COMMERCIAL,1,1,0.0,1.0
ADILABAD,ADILABAD,ADILABAD RURAL,THALAMADUGU,RUYYADI,2,COMMERCIAL,25,19,506.0,33.772
ADILABAD,ADILABAD,ADILABAD RURAL,THALAMADUGU,SAKANAPUR,2,COMMERCIAL,5,5,154.0,7.909
ADILABAD,ADILABAD,ADILABAD RURAL,THALAMADUGU,SUNKIDI,2,COMMERCIAL,141,130,8833.0,187.875
ADILABAD,ADILABAD,ADILABAD RURAL,THALAMADUGU,TALAMADUGU,2,COMMERCIAL,115,107,13829.0,178.423
ADILABAD,ADILABAD,ADILABAD RURAL,THALAMADUGU,UMDAM,2,COMMERCIAL,31,27,4060.0,63.92
ADILABAD,ADILABAD,ECHODA,ECHODA,GUNDIVAGU,2,COMMERCIAL,2,1,0.0,2.0
ADILABAD,ADILABAD,ECHODA,ECHODA,HEERAPOOR,2,COMMERCIAL,1,1,71.0,1.0
ADILABAD,ADILABAD,ECHODA,ECHODA,ISLAMNAGAR,2,COMMERCIAL,1,0,0.0,0.14
ADILABAD,ADILABAD,ECHODA,ECHODA,JALDA (B),2,COMMERCIAL,3,1,87.0,4.0
ADILABAD,ADILABAD,ECHODA,ECHODA,JAMIDI,2,COMMERCIAL,13,7,344.0,16.82
ADILABAD,ADILABAD,ECHODA,ECHODA,JUNNE,2,COMMERCIAL,5,2,42.0,5.16
ADILABAD,ADILABAD,ECHODA,ECHODA,KAMAGERI,2,COMMERCIAL,7,5,38.0,7.6
ADILABAD,ADILABAD,ECHODA,ECHODA,KESHAVAPATNAM,2,COMMERCIAL,3,1,0.0,2.53
ADILABAD,ADILABAD,ECHODA,ECHODA,KOKASMANNUR,2,COMMERCIAL,14,10,8151.0,38.2
ADILABAD,ADILABAD,ECHODA,ECHODA,LAKKONAIK THANDA,2,COMMERCIAL,1,1,25.0,2.0
ADILABAD,ADILABAD,ECHODA,ECHODA,MADHAPUR,2,COMMERCIAL,13,7,684.0,18.04
ADILABAD,ADILABAD,ECHODA,ECHODA,MALYALA,2,COMMERCIAL,6,4,368.0,8.38
ADILABAD,ADILABAD,ECHODA,ECHODA,MANKAPUR,2,COMMERCIAL,2,1,0.0,3.0
ASIFABAD,SIRPUR KAGAZNAGAR,KAGAZNAGAR,KAGAZNAGAR RURAL,VILLAGE NO  6,2,COMMERCIAL,4,2,290.0,4.84
ASIFABAD,SIRPUR KAGAZNAGAR,KAGAZNAGAR,KAGAZNAGAR RURAL,VILLAGE NO 13,2,COMMERCIAL,4,3,114.0,4.0
ADILABAD,ADILABAD,ECHODA,BAZARHATHNOOR,UPPARPALLI,2,COMMERCIAL,1,0,0.0,2.996
ADILABAD,ADILABAD,ECHODA,BAZARHATHNOOR,WADTHMANNUR,2,COMMERCIAL,7,4,2579.0,25.0
ADILABAD,ADILABAD,ECHODA,BOATH,ANDUR,2,COMMERCIAL,3,2,0.0,4.0
ADILABAD,ADILABAD,ECHODA,BOATH,BABERA,2,COMMERCIAL,9,8,86.0,10.0
ADILABAD,ADILABAD,ADILABAD RURAL,BHEEMPUR,KHIRGUDA,2,COMMERCIAL,1,1,83.0,1.0
ADILABAD,ADILABAD,ADILABAD RURAL,BHEEMPUR,LAXMIPUR (W),2,COMMERCIAL,1,1,166.0,3.0
ADILABAD,ADILABAD,ADILABAD RURAL,BHEEMPUR,MARKAGUDA,2,COMMERCIAL,3,2,52.0,4.0
ADILABAD,ADILABAD,ADILABAD RURAL,BHEEMPUR,NIPPANI,2,COMMERCIAL,31,26,1365.0,48.671
ADILABAD,ADILABAD,ADILABAD RURAL,BHEEMPUR,PIPPALKHOTI,2,COMMERCIAL,41,29,3194.0,59.672
ADILABAD,ADILABAD,ADILABAD RURAL,BHEEMPUR,TAMSI  (K),2,COMMERCIAL,6,6,320.0,8.97
ADILABAD,ADILABAD,ADILABAD RURAL,BHEEMPUR,TEKDI RAMPOOR,2,COMMERCIAL,1,1,43.0,1.0
ADILABAD,ADILABAD,ECHODA,BOATH,BIRLAGONDI,2,COMMERCIAL,1,1,4.0,1.0
ADILABAD,ADILABAD,ECHODA,BOATH,BOATH,2,COMMERCIAL,792,645,58047.0,1060.604
ADILABAD,ADILABAD,ECHODA,BOATH,C NAIK THANDA,2,COMMERCIAL,2,2,115.0,6.0
ADILABAD,ADILABAD,ECHODA,BOATH,CHINTALBHORI,2,COMMERCIAL,8,7,247.0,16.72
ADILABAD,ADILABAD,ECHODA,BOATH,CHINTHAGUDA,2,COMMERCIAL,1,1,0.0,1.0
ADILABAD,ADILABAD,ECHODA,BOATH,D NAIK THANDA,2,COMMERCIAL,3,3,234.0,3.0
ADILABAD,ADILABAD,ECHODA,BOATH,DHANNURA(B),2,COMMERCIAL,63,62,8953.0,98.95
ADILABAD,ADILABAD,ECHODA,BOATH,DHANNURA(K),2,COMMERCIAL,2,0,0.0,2.25
ADILABAD,ADILABAD,ECHODA,BOATH,DIMME,2,COMMERCIAL,1,1,29.0,2.0
ADILABAD,ADILABAD,ECHODA,BOATH,G R THANDA,2,COMMERCIAL,5,5,101.0,9.96
ADILABAD,ADILABAD,ECHODA,BOATH,G THANDA,2,COMMERCIAL,4,3,152.0,10.0
ADILABAD,ADILABAD,ECHODA,BOATH,GHANPUR,2,COMMERCIAL,11,8,2259.0,28.75
ADILABAD,ADILABAD,ADILABAD RURAL,BHEEMPUR,VADGOAN,2,COMMERCIAL,2,2,0.0,3.0
ADILABAD,ADILABAD,ADILABAD RURAL,BHEEMPUR,WADDUR,2,COMMERCIAL,17,14,671.0,29.827
ADILABAD,ADILABAD,ADILABAD RURAL,TAMSI,AMBURGOAN,2,COMMERCIAL,2,1,30.0,2.0
ADILABAD,ADILABAD,ADILABAD RURAL,TAMSI,BANDALNAGAPUR,2,COMMERCIAL,43,36,2452.0,61.241
ADILABAD,ADILABAD,ADILABAD RURAL,TAMSI,GHOTKURI,2,COMMERCIAL,18,14,327.0,21.043
ADILABAD,ADILABAD,ADILABAD RURAL,TAMSI,GIRGOAN,2,COMMERCIAL,11,9,1127.0,27.886
ADILABAD,ADILABAD,ADILABAD RURAL,TAMSI,HASNAPUR,2,COMMERCIAL,25,24,3188.0,54.649
ADILABAD,ADILABAD,ADILABAD RURAL,TAMSI,JAMDI,2,COMMERCIAL,18,16,601.0,23.922
ADILABAD,ADILABAD,ADILABAD RURAL,TAMSI,KHAPPARLA,2,COMMERCIAL,80,71,11186.0,120.239
ADILABAD,ADILABAD,ADILABAD RURAL,TAMSI,NEEMGUDA,2,COMMERCIAL,2,2,87.0,2.998
ADILABAD,ADILABAD,ECHODA,BOATH,JEEDIPALLY,2,COMMERCIAL,1,1,26.0,1.0
ADILABAD,ADILABAD,ECHODA,BOATH,KANTEGAON,2,COMMERCIAL,5,4,1.0,8.34
ADILABAD,ADILABAD,ECHODA,BOATH,KANUGUTTA,2,COMMERCIAL,23,16,3195.0,48.28
ADILABAD,ADILABAD,ECHODA,BOATH,KARTHAWADA,2,COMMERCIAL,4,3,56.0,4.25
ADILABAD,ADILABAD,ECHODA,BOATH,KESHAVGUDA TANDA,2,COMMERCIAL,1,1,60.0,1.0
ADILABAD,ADILABAD,ECHODA,BOATH,KONDIPALLI,2,COMMERCIAL,2,1,13.0,3.24
ADILABAD,ADILABAD,ECHODA,BOATH,KOTA(K),2,COMMERCIAL,6,6,277.0,13.0
ADILABAD,ADILABAD,ECHODA,BOATH,KOWTHA,2,COMMERCIAL,85,71,10047.0,161.15
ADILABAD,ADILABAD,ECHODA,BOATH,KUCHALAPUR,2,COMMERCIAL,23,20,1431.0,35.65
ADILABAD,ADILABAD,ECHODA,BOATH,MANDABOGDA,2,COMMERCIAL,1,1,0.0,1.0
ADILABAD,ADILABAD,ADILABAD RURAL,TAMSI,PALLODI,2,COMMERCIAL,3,3,138.0,4.994
ADILABAD,ADILABAD,ADILABAD RURAL,TAMSI,PONNARI,2,COMMERCIAL,69,55,9782.0,150.596
ADILABAD,ADILABAD,ADILABAD RURAL,TAMSI,SAVARGOAN,2,COMMERCIAL,9,6,138.0,11.796
ADILABAD,ADILABAD,ADILABAD RURAL,TAMSI,TAMSI (B) MANDAL,2,COMMERCIAL,107,84,11125.0,127.165
ADILABAD,ADILABAD,ADILABAD RURAL,TAMSI,WADDADI,2,COMMERCIAL,25,23,611.0,87.378
ADILABAD,ADILABAD,ADILABAD RURAL,THALAMADUGU,ARLI  (K),2,COMMERCIAL,13,9,395.0,15.949
ADILABAD,ADILABAD,ADILABAD RURAL,THALAMADUGU,BHARAMPUR,2,COMMERCIAL,103,87,9236.0,139.906
ADILABAD,ADILABAD,ADILABAD RURAL,THALAMADUGU,CHARLAPALLY,2,COMMERCIAL,5,5,27.0,5.0
ADILABAD,ADILABAD,ADILABAD RURAL,THALAMADUGU,DAHEGOAN,2,COMMERCIAL,9,9,1941.0,18.96
ADILABAD,ADILABAD,ADILABAD RURAL,THALAMADUGU,DEVAPUR,2,COMMERCIAL,51,44,7029.0,136.418
ADILABAD,ADILABAD,ECHODA,BOATH,MARLAPALLI,2,COMMERCIAL,38,29,4731.0,73.23
ADILABAD,ADILABAD,ECHODA,BOATH,NAGAPUR,2,COMMERCIAL,2,2,0.0,1.25
ADILABAD,ADILABAD,ECHODA,BOATH,NAGUGUDA,2,COMMERCIAL,1,1,0.0,3.0
ADILABAD,ADILABAD,ECHODA,BOATH,NAKKALWADA,2,COMMERCIAL,1,1,34.0,1.0
ADILABAD,ADILABAD,ECHODA,BOATH,NARAYANPUR,2,COMMERCIAL,3,3,883.0,13.0
ADILABAD,ADILABAD,ECHODA,BOATH,NIGINI,2,COMMERCIAL,5,5,120.0,7.0
ADILABAD,ADILABAD,ECHODA,BOATH,P.NAIK THANDA,2,COMMERCIAL,3,3,70.0,5.89
ADILABAD,ADILABAD,ECHODA,BOATH,PARDI(B),2,COMMERCIAL,3,3,100.0,6.0
ADILABAD,ADILABAD,ECHODA,BOATH,PARDI(K),2,COMMERCIAL,2,1,355.0,4.0
ADILABAD,ADILABAD,ECHODA,BOATH,PATNAPUR,2,COMMERCIAL,6,5,30.0,7.25
ADILABAD,ADILABAD,ECHODA,BOATH,PIPPALDHARI,2,COMMERCIAL,2,2,17.0,4.0
ADILABAD,ADILABAD,ECHODA,NEREDUGONDA,YAPALGUDA,2,COMMERCIAL,3,2,98.0,7.0
ADILABAD,ADILABAD,JAINATH,BELA,AVALPUR,2,COMMERCIAL,15,11,236.0,17.98
ADILABAD,ADILABAD,JAINATH,BELA,BEDHODA,2,COMMERCIAL,12,11,2154.0,22.979
ADILABAD,ADILABAD,JAINATH,BELA,BELA,2,COMMERCIAL,503,425,41665.0,740.516
ADILABAD,ADILABAD,JAINATH,BELA,BHADI,2,COMMERCIAL,7,5,215.0,7.803
ADILABAD,ADILABAD,ECHODA,NEREDUGONDA,VEGDHARI,2,COMMERCIAL,6,5,476.0,13.0
ADILABAD,ADILABAD,JAINATH,BELA,BHAVANIGUDA,2,COMMERCIAL,4,4,115.0,3.82
ADILABAD,ADILABAD,JAINATH,BELA,CHANDPALLI,2,COMMERCIAL,3,3,92.0,7.0
ADILABAD,ADILABAD,ECHODA,BAZARHATHNOOR,CHINTHALSANGVI,2,COMMERCIAL,3,3,4122.0,18.8
ADILABAD,ADILABAD,ECHODA,BAZARHATHNOOR,CHUNUMIYAA THANDA,2,COMMERCIAL,1,1,0.0,2.0
ADILABAD,ADILABAD,ECHODA,BAZARHATHNOOR,Chandunaik thanda,2,COMMERCIAL,12,10,290.0,15.788
ADILABAD,ADILABAD,ECHODA,BAZARHATHNOOR,DEBRA,2,COMMERCIAL,2,2,90.0,3.25
ADILABAD,ADILABAD,ECHODA,BAZARHATHNOOR,DEHGAON,2,COMMERCIAL,53,45,1854.0,73.438
ADILABAD,ADILABAD,ECHODA,BAZARHATHNOOR,DHARMAPURI,2,COMMERCIAL,3,3,1287.0,12.0
ADILABAD,ADILABAD,ECHODA,BAZARHATHNOOR,DIGNOOR,2,COMMERCIAL,10,7,1084.0,30.18
ADILABAD,ADILABAD,ECHODA,BAZARHATHNOOR,GANGAPOOR,2,COMMERCIAL,8,4,49.0,16.93
ADILABAD,ADILABAD,ECHODA,BAZARHATHNOOR,GIRAJI,2,COMMERCIAL,2,2,75.0,2.0
ADILABAD,ADILABAD,ECHODA,BAZARHATHNOOR,GIRNOOR,2,COMMERCIAL,31,22,3474.0,57.55
ADILABAD,ADILABAD,ECHODA,BAZARHATHNOOR,GOKONDA,2,COMMERCIAL,3,3,132.0,3.96
ADILABAD,ADILABAD,JAINATH,BELA,CHAPRALA,2,COMMERCIAL,26,25,4514.0,65.584
ADILABAD,ADILABAD,JAINATH,BELA,DAHEGAON,2,COMMERCIAL,20,16,540.0,21.651
ADILABAD,ADILABAD,JAINATH,BELA,DHOPHTALA,2,COMMERCIAL,14,12,921.0,16.739
ADILABAD,ADILABAD,JAINATH,BELA,DOUNA,2,COMMERCIAL,2,2,80.0,1.99
ADILABAD,ADILABAD,JAINATH,BELA,DUBBAGUDA(SANGVI),2,COMMERCIAL,1,1,59.0,1.0
ADILABAD,ADILABAD,JAINATH,BELA,EKORI,2,COMMERCIAL,4,2,81.0,5.24
ADILABAD,ADILABAD,JAINATH,BELA,GANESHPUR,2,COMMERCIAL,1,1,40.0,1.0
ADILABAD,ADILABAD,JAINATH,BELA,GUDA,2,COMMERCIAL,9,9,289.0,16.469
ADILABAD,ADILABAD,JAINATH,BELA,JUNONI,2,COMMERCIAL,10,10,406.0,13.819
ADILABAD,ADILABAD,JAINATH,BELA,KAMGARPUR,2,COMMERCIAL,4,1,14.0,13.999
ADILABAD,ADILABAD,ADILABAD RURAL,BHEEMPUR,ANDHARBANDU,2,COMMERCIAL,10,10,1589.0,24.176
ADILABAD,ADILABAD,ADILABAD RURAL,BHEEMPUR,ANTHARGOAN,2,COMMERCIAL,17,17,269.0,27.766
ADILABAD,ADILABAD,ADILABAD RURAL,BHEEMPUR,ARLI (T),2,COMMERCIAL,50,46,4600.0,65.046
ADILABAD,ADILABAD,ADILABAD RURAL,BHEEMPUR,BELSARI RAMPOOR,2,COMMERCIAL,6,5,191.0,11.292
ADILABAD,ADILABAD,ADILABAD RURAL,BHEEMPUR,BHAVANPOOR,2,COMMERCIAL,1,1,0.0,1.0
ADILABAD,ADILABAD,ADILABAD RURAL,BHEEMPUR,BHEEMPUR,2,COMMERCIAL,48,41,7714.0,91.714
ADILABAD,ADILABAD,ADILABAD RURAL,BHEEMPUR,BUKKAPALLY,2,COMMERCIAL,1,1,0.0,3.0
ADILABAD,ADILABAD,ADILABAD RURAL,BHEEMPUR,DABAKURCHI,2,COMMERCIAL,1,1,4.0,1.0
ADILABAD,ADILABAD,ADILABAD RURAL,BHEEMPUR,DHANORA (G),2,COMMERCIAL,27,23,3468.0,46.861
ADILABAD,ADILABAD,ECHODA,BAZARHATHNOOR,GULABTHANDA,2,COMMERCIAL,3,3,0.0,5.428
ADILABAD,ADILABAD,ECHODA,BAZARHATHNOOR,HARKAI,2,COMMERCIAL,1,1,0.0,1.0
ADILABAD,ADILABAD,ECHODA,BAZARHATHNOOR,INDRANAGAR,2,COMMERCIAL,1,1,66.0,2.8
ADILABAD,ADILABAD,ECHODA,BAZARHATHNOOR,ISAPUR,2,COMMERCIAL,1,1,0.0,2.93
ADILABAD,ADILABAD,ECHODA,BAZARHATHNOOR,JATHARALA,2,COMMERCIAL,12,12,447.0,18.822
ADILABAD,ADILABAD,ECHODA,BAZARHATHNOOR,KANDLI,2,COMMERCIAL,6,4,5.0,9.04
ADILABAD,ADILABAD,ECHODA,BAZARHATHNOOR,KINNERA PALLY,2,COMMERCIAL,2,1,0.0,5.96
ADILABAD,ADILABAD,ECHODA,BAZARHATHNOOR,KOLHARI,2,COMMERCIAL,4,4,0.0,5.958
ADILABAD,ADILABAD,ECHODA,BAZARHATHNOOR,KOTHAGUDA,2,COMMERCIAL,3,3,361.0,9.0
ADILABAD,ADILABAD,ECHODA,BAZARHATHNOOR,MANJRAM THANDA,2,COMMERCIAL,5,5,41.0,4.979
ADILABAD,ADILABAD,ECHODA,BAZARHATHNOOR,MEDIGUDA,2,COMMERCIAL,1,1,0.0,1.0
ADILABAD,ADILABAD,ADILABAD RURAL,BHEEMPUR,DUBDIPELLY,2,COMMERCIAL,2,2,6.0,2.94
ADILABAD,ADILABAD,ADILABAD RURAL,BHEEMPUR,GOLLAGHAT,2,COMMERCIAL,1,1,37.0,1.0
ADILABAD,ADILABAD,ADILABAD RURAL,BHEEMPUR,GOMUTHRI,2,COMMERCIAL,14,14,1552.0,25.467
ADILABAD,ADILABAD,ADILABAD RURAL,BHEEMPUR,GONA,2,COMMERCIAL,9,7,269.0,8.2
ADILABAD,ADILABAD,ADILABAD RURAL,BHEEMPUR,GUBDI,2,COMMERCIAL,5,4,32.0,7.24
ADILABAD,ADILABAD,ADILABAD RURAL,BHEEMPUR,GUMJALA,2,COMMERCIAL,1,1,3.0,1.0
ADILABAD,ADILABAD,ADILABAD RURAL,BHEEMPUR,INDURPELLY,2,COMMERCIAL,2,2,69.0,3.54
ADILABAD,ADILABAD,ADILABAD RURAL,BHEEMPUR,JALKURI,2,COMMERCIAL,2,2,81.0,3.0
ADILABAD,ADILABAD,ADILABAD RURAL,BHEEMPUR,KAMATWADA,2,COMMERCIAL,2,2,21.0,2.0
ADILABAD,ADILABAD,ADILABAD RURAL,BHEEMPUR,KARANJI (T),2,COMMERCIAL,27,24,972.0,37.714
ADILABAD,ADILABAD,ADILABAD RURAL,BHEEMPUR,KARANWADI,2,COMMERCIAL,3,3,47.0,8.0
ADILABAD,ADILABAD,ECHODA,BAZARHATHNOOR,MORKHANDI,2,COMMERCIAL,13,9,1214.0,27.436
ADILABAD,ADILABAD,ECHODA,BAZARHATHNOOR,PIPPIRI,2,COMMERCIAL,39,28,1121.0,50.822
ADILABAD,ADILABAD,ECHODA,BAZARHATHNOOR,RAMPOOR,2,COMMERCIAL,3,1,97.0,2.2
ADILABAD,ADILABAD,ECHODA,BAZARHATHNOOR,TEMBI,2,COMMERCIAL,16,13,372.0,27.16
ADILABAD,ADILABAD,ADILABAD TOWN,ADILABAD - RURAL,PIPPALADHARI,2,COMMERCIAL,13,12,428.0,15.52
ADILABAD,ADILABAD,ADILABAD TOWN,ADILABAD - RURAL,POCHARA,2,COMMERCIAL,32,26,986.0,50.185
ADILABAD,ADILABAD,ECHODA,NEREDUGONDA,DEVULA THANDA,2,COMMERCIAL,3,2,4.0,4.98
ADILABAD,ADILABAD,ECHODA,NEREDUGONDA,DHANORA (D),2,COMMERCIAL,2,1,0.0,3.0
ADILABAD,ADILABAD,ECHODA,NEREDUGONDA,DHARMIKNAGAR,2,COMMERCIAL,1,1,40.0,3.962
ADILABAD,ADILABAD,ECHODA,NEREDUGONDA,G KORTIKAL,2,COMMERCIAL,2,2,49.0,4.0
ADILABAD,ADILABAD,ECHODA,NEREDUGONDA,GOULIGUDA,2,COMMERCIAL,4,2,1620.0,25.0
ADILABAD,ADILABAD,ECHODA,NEREDUGONDA,GUTHPALA,2,COMMERCIAL,5,4,175.0,9.0
ADILABAD,ADILABAD,ECHODA,NEREDUGONDA,ISSAPUR,2,COMMERCIAL,2,2,107.0,4.0
ADILABAD,ADILABAD,ECHODA,NEREDUGONDA,KISTAPUR,2,COMMERCIAL,9,8,425.0,8.42
ADILABAD,ADILABAD,ECHODA,NEREDUGONDA,KORATIKAL (B),2,COMMERCIAL,15,14,3159.0,34.96
ADILABAD,ADILABAD,ECHODA,NEREDUGONDA,KORTIKAL,2,COMMERCIAL,2,2,262.0,3.0
ADILABAD,ADILABAD,ECHODA,NEREDUGONDA,KUMARI,2,COMMERCIAL,26,23,1581.0,35.874
ADILABAD,ADILABAD,ADILABAD TOWN,ADILABAD - RURAL,POTAMLODDI,2,COMMERCIAL,1,1,1.0,1.0
ADILABAD,ADILABAD,ADILABAD TOWN,ADILABAD - RURAL,POTHAGUDA,2,COMMERCIAL,1,1,30.0,3.0
ADILABAD,ADILABAD,ADILABAD TOWN,ADILABAD - RURAL,RAJU GUDA,2,COMMERCIAL,1,1,31.0,1.0
ADILABAD,ADILABAD,ADILABAD TOWN,ADILABAD - RURAL,RAMAI,2,COMMERCIAL,31,25,799.0,35.046
ADILABAD,ADILABAD,ADILABAD TOWN,ADILABAD - RURAL,RAMPOOR (K),2,COMMERCIAL,72,53,5576.0,147.828
ADILABAD,ADILABAD,ADILABAD TOWN,ADILABAD - RURAL,RAMPOOR H/O RAMAI,2,COMMERCIAL,4,3,1855.0,13.99
ADILABAD,ADILABAD,ADILABAD TOWN,ADILABAD - RURAL,SHANKER GUDA,2,COMMERCIAL,1,0,0.0,3.0
ADILABAD,ADILABAD,ADILABAD TOWN,ADILABAD - RURAL,SHIVAGHAT,2,COMMERCIAL,3,3,131.0,5.0
ADILABAD,ADILABAD,ADILABAD TOWN,ADILABAD - RURAL,SRIKONDA,2,COMMERCIAL,2,2,67.0,1.491
ADILABAD,ADILABAD,ADILABAD TOWN,ADILABAD - RURAL,THANTHOLI,2,COMMERCIAL,114,88,9294.0,229.063
ADILABAD,ADILABAD,ECHODA,NEREDUGONDA,KUNTALA (K),2,COMMERCIAL,16,14,2868.0,44.72
ADILABAD,ADILABAD,ECHODA,NEREDUGONDA,KUNTALA B,2,COMMERCIAL,1,1,0.0,1.0
ADILABAD,ADILABAD,ECHODA,NEREDUGONDA,KUPTI (K),2,COMMERCIAL,15,6,2765.0,15.93
ADILABAD,ADILABAD,ECHODA,NEREDUGONDA,LAKANPUR ROAD,2,COMMERCIAL,2,2,338.0,3.0
ADILABAD,ADILABAD,ECHODA,NEREDUGONDA,LAKHAMPUR,2,COMMERCIAL,6,6,202.0,14.0
ADILABAD,ADILABAD,ECHODA,NEREDUGONDA,LINGATLA,2,COMMERCIAL,5,4,2865.0,19.14
ADILABAD,ADILABAD,ECHODA,NEREDUGONDA,MATLODI,2,COMMERCIAL,1,0,0.0,1.0
ADILABAD,ADILABAD,ECHODA,NEREDUGONDA,NAGAMALYALA,2,COMMERCIAL,2,2,19.0,1.98
ADILABAD,ADILABAD,ECHODA,NEREDUGONDA,NARAYANAPUR,2,COMMERCIAL,5,4,137.0,7.0
ADILABAD,ADILABAD,ECHODA,NEREDUGONDA,NEREDIGONDA,2,COMMERCIAL,448,405,36221.0,672.176
ADILABAD,ADILABAD,ADILABAD TOWN,ADILABAD - RURAL,TIPPA,2,COMMERCIAL,3,2,1022.0,16.0
ADILABAD,ADILABAD,ADILABAD TOWN,ADILABAD - RURAL,VANVAT,2,COMMERCIAL,7,5,874.0,16.89
ADILABAD,ADILABAD,ADILABAD TOWN,ADILABAD - RURAL,VASANTGUDA,2,COMMERCIAL,1,1,90.0,1.0
ADILABAD,ADILABAD,ADILABAD TOWN,ADILABAD - RURAL,YAPALGUDA,2,COMMERCIAL,90,81,13659.0,220.403
ADILABAD,ADILABAD,ADILABAD TOWN,ADILABAD - SOUTH,ADILABAD - SOUTH,2,COMMERCIAL,5013,3679,603811.0,11087.479
ADILABAD,ADILABAD,ADILABAD TOWN,ADILABAD TOWN-III,ADILABAD-TOWN-III,2,COMMERCIAL,1833,1411,280581.0,4897.955
ADILABAD,ADILABAD,ADILABAD TOWN,ADILABAD TOWN-III,TEACHERS COLONY,2,COMMERCIAL,2,0,0.0,3.0
ADILABAD,ADILABAD,ADILABAD TOWN,MAVALA,BHAGATH SINGH NAGAR,2,COMMERCIAL,10,9,256.0,12.23
ADILABAD,ADILABAD,ADILABAD TOWN,MAVALA,BHATTISAVARGOAN,2,COMMERCIAL,249,209,31766.0,482.965
ADILABAD,ADILABAD,ADILABAD TOWN,MAVALA,DASNAPUR,2,COMMERCIAL,1357,1182,152374.0,2820.821
ADILABAD,ADILABAD,ECHODA,NEREDUGONDA,PEECHARA,2,COMMERCIAL,2,1,50.0,2.0
ADILABAD,ADILABAD,ECHODA,NEREDUGONDA,RAJURA,2,COMMERCIAL,3,3,144.0,6.0
ADILABAD,ADILABAD,ECHODA,NEREDUGONDA,ROLMAMDA,2,COMMERCIAL,7,6,7727.0,29.0
ADILABAD,ADILABAD,ECHODA,NEREDUGONDA,SAVRGAON,2,COMMERCIAL,5,3,170.0,7.42
ADILABAD,ADILABAD,ECHODA,NEREDUGONDA,SHANKARPUR,2,COMMERCIAL,1,0,0.0,1.75
ADILABAD,ADILABAD,ECHODA,NEREDUGONDA,TARNAM (K),2,COMMERCIAL,14,9,600.0,17.694
ADILABAD,ADILABAD,ECHODA,NEREDUGONDA,TEJAPUR,2,COMMERCIAL,31,30,3820.0,56.74
ADILABAD,ADILABAD,ECHODA,NEREDUGONDA,TEJAPUR COLONY,2,COMMERCIAL,1,1,1079.0,15.0
ADILABAD,ADILABAD,ADILABAD TOWN,MAVALA,MAVALA,2,COMMERCIAL,396,343,88813.0,1313.495
ADILABAD,ADILABAD,ADILABAD TOWN,MAVALA,VAGHAPUR,2,COMMERCIAL,41,34,3408.0,82.718
ADILABAD,ADILABAD,ECHODA,BAZARHATHNOOR,ANANTHAPUR,2,COMMERCIAL,2,2,0.0,3.2
ADILABAD,ADILABAD,ECHODA,BAZARHATHNOOR,ANDHURGUDA,2,COMMERCIAL,1,1,47.0,1.0
ADILABAD,ADILABAD,ECHODA,BAZARHATHNOOR,BAZARHATHNOOR,2,COMMERCIAL,222,187,19970.0,269.257
ADILABAD,ADILABAD,ECHODA,BAZARHATHNOOR,BOLANPUR,2,COMMERCIAL,3,3,706.0,7.0
ADILABAD,ADILABAD,ECHODA,BAZARHATHNOOR,BOSRA,2,COMMERCIAL,10,5,152.0,19.608
ADILABAD,ADILABAD,ECHODA,BAZARHATHNOOR,BURKAPALLY,2,COMMERCIAL,2,2,41.0,4.0
ADILABAD,ADILABAD,ECHODA,BAZARHATHNOOR,BUTHAI (B),2,COMMERCIAL,20,16,2637.0,42.07
ADILABAD,ADILABAD,ECHODA,BAZARHATHNOOR,BUTHAI (K),2,COMMERCIAL,3,3,103.0,4.0
ADILABAD,ADILABAD,ECHODA,NEREDUGONDA,VENKATAPUR,2,COMMERCIAL,4,3,303.0,6.94
ADILABAD,ADILABAD,ECHODA,NEREDUGONDA,WADDUR,2,COMMERCIAL,41,36,4878.0,60.59
ADILABAD,ADILABAD,ECHODA,NEREDUGONDA,WANKIDI,2,COMMERCIAL,33,26,1299.0,38.37
ADILABAD,ADILABAD,ADILABAD RURAL,THALAMADUGU,UMRI,2,COMMERCIAL,7,3,1035.0,8.92
ADILABAD,ADILABAD,ADILABAD TOWN,ADILABAD - NORTH,ADILABAD - NORTH,2,COMMERCIAL,3567,2618,287543.0,5629.679
ADILABAD,ADILABAD,ADILABAD TOWN,ADILABAD - NORTH,MAHALAXMI WADA ,2,COMMERCIAL,1,0,0.0,1.0
ADILABAD,ADILABAD,ADILABAD TOWN,ADILABAD - RURAL,ANKAPUR (K),2,COMMERCIAL,1,1,0.0,1.0
ADILABAD,ADILABAD,ADILABAD TOWN,ADILABAD - RURAL,ANKOLI,2,COMMERCIAL,57,52,5564.0,76.751
ADILABAD,ADILABAD,ADILABAD TOWN,ADILABAD - RURAL,ANUKUNTA,2,COMMERCIAL,54,48,13899.0,192.647
ADILABAD,ADILABAD,ADILABAD TOWN,ADILABAD - RURAL,ARLI (B),2,COMMERCIAL,14,8,479.0,16.193
ADILABAD,ADILABAD,ADILABAD TOWN,ADILABAD - RURAL,ASHODA BHURKI,2,COMMERCIAL,1,1,1.0,1.0
ADILABAD,ADILABAD,ADILABAD TOWN,ADILABAD - RURAL,BANGARI GUDA,2,COMMERCIAL,62,52,3024.0,141.254
ADILABAD,ADILABAD,ECHODA,ECHODA,MEDIGUDA,2,COMMERCIAL,3,2,256.0,6.0
ADILABAD,ADILABAD,ECHODA,ECHODA,MUKHARA (B),2,COMMERCIAL,8,5,4635.0,31.81
ADILABAD,ADILABAD,ECHODA,ECHODA,MUKHARA (K),2,COMMERCIAL,5,4,197.0,5.2
ADILABAD,ADILABAD,ECHODA,ECHODA,NARSAPOOR,2,COMMERCIAL,32,21,5149.0,61.29
ADILABAD,ADILABAD,ECHODA,ECHODA,NAVEGOAN,2,COMMERCIAL,9,6,2146.0,14.398
ADILABAD,ADILABAD,ECHODA,ECHODA,RAGUGUDA,2,COMMERCIAL,2,2,538.0,5.0
ADILABAD,ADILABAD,ECHODA,ECHODA,SADAGUDA,2,COMMERCIAL,1,1,162.0,1.96
ADILABAD,ADILABAD,ECHODA,ECHODA,SALYADA,2,COMMERCIAL,1,1,140.0,1.0
ADILABAD,ADILABAD,ECHODA,ECHODA,SATHUNUMBERGAON,2,COMMERCIAL,5,3,107.0,8.0
ADILABAD,ADILABAD,ECHODA,ECHODA,SIRCHALMA,2,COMMERCIAL,83,72,5792.0,105.49
ADILABAD,ADILABAD,ECHODA,ECHODA,THALAMADRI,2,COMMERCIAL,13,7,39.0,14.29
ADILABAD,ADILABAD,ECHODA,NEREDUGONDA,ADDALA THIMMAPUR,2,COMMERCIAL,1,1,142.0,1.0
ADILABAD,ADILABAD,ADILABAD TOWN,ADILABAD - RURAL,BELLURI,2,COMMERCIAL,97,87,10036.0,268.086
ADILABAD,ADILABAD,ADILABAD TOWN,ADILABAD - RURAL,BHEEMSARI,2,COMMERCIAL,37,35,13297.0,87.359
ADILABAD,ADILABAD,ADILABAD TOWN,ADILABAD - RURAL,BURNOOR,2,COMMERCIAL,9,9,217.0,12.82
ADILABAD,ADILABAD,ADILABAD TOWN,ADILABAD - RURAL,CHANDA (T),2,COMMERCIAL,100,85,30648.0,465.48
ADILABAD,ADILABAD,ADILABAD TOWN,ADILABAD - RURAL,CHICHDHARI,2,COMMERCIAL,2,2,0.0,1.982
ADILABAD,ADILABAD,ADILABAD TOWN,ADILABAD - RURAL,CHINCHUGHAT,2,COMMERCIAL,6,5,258.0,10.0
ADILABAD,ADILABAD,ADILABAD TOWN,ADILABAD - RURAL,CHITYALBORI,2,COMMERCIAL,3,1,133.0,3.0
ADILABAD,ADILABAD,JAINATH,BELA,KAPSI (B),2,COMMERCIAL,11,11,688.0,16.976
ADILABAD,ADILABAD,JAINATH,BELA,KARONI (K),2,COMMERCIAL,1,1,105.0,3.67
ADILABAD,ADILABAD,JAINATH,BELA,KHOGDUR,2,COMMERCIAL,15,10,750.0,25.28
ADILABAD,ADILABAD,JAINATH,BELA,KOBBAI,2,COMMERCIAL,14,10,287.0,22.778
ADILABAD,ADILABAD,JAINATH,BELA,MALYALPUR,2,COMMERCIAL,8,8,556.0,11.9
ADILABAD,ADILABAD,JAINATH,BELA,MANGROOL,2,COMMERCIAL,11,10,1937.0,26.734
ADILABAD,ADILABAD,JAINATH,BELA,MASALA (B),2,COMMERCIAL,7,7,603.0,14.98
ADILABAD,ADILABAD,JAINATH,BELA,MASALA (K),2,COMMERCIAL,1,1,0.0,1.0
ADILABAD,ADILABAD,JAINATH,BELA,MOHABBATPUR,2,COMMERCIAL,1,1,83.0,2.227
ADILABAD,ADILABAD,JAINATH,BELA,PALAI THANDA,2,COMMERCIAL,4,4,60.0,5.99
ADILABAD,ADILABAD,ADILABAD TOWN,ADILABAD - RURAL,DHORLOODI,2,COMMERCIAL,1,1,326.0,2.0
ADILABAD,ADILABAD,ADILABAD TOWN,ADILABAD - RURAL,DIMMA,2,COMMERCIAL,5,2,159.0,7.0
ADILABAD,ADILABAD,ADILABAD TOWN,ADILABAD - RURAL,JAMDHAPUR,2,COMMERCIAL,32,27,1807.0,52.29
ADILABAD,ADILABAD,ADILABAD TOWN,ADILABAD - RURAL,JAMULDHARI,2,COMMERCIAL,1,1,0.0,1.0
ADILABAD,ADILABAD,ADILABAD TOWN,ADILABAD - RURAL,KACHKANTI,2,COMMERCIAL,66,59,6219.0,116.666
ADILABAD,ADILABAD,ADILABAD TOWN,ADILABAD - RURAL,KHANAPUR,2,COMMERCIAL,2,2,4677.0,4.0
ADILABAD,ADILABAD,ADILABAD TOWN,ADILABAD - RURAL,KHANDALA,2,COMMERCIAL,3,3,1350.0,11.0
ADILABAD,ADILABAD,ADILABAD TOWN,ADILABAD - RURAL,KUMBEJHARI,2,COMMERCIAL,1,1,41.0,1.0
ADILABAD,ADILABAD,ADILABAD TOWN,ADILABAD - RURAL,LAANDSANGVI,2,COMMERCIAL,32,27,2378.0,65.382
ADILABAD,ADILABAD,ECHODA,NEREDUGONDA,AREPALLY,2,COMMERCIAL,4,4,1694.0,23.0
ADILABAD,ADILABAD,ECHODA,NEREDUGONDA,BHANDHAM,2,COMMERCIAL,8,7,2183.0,43.0
ADILABAD,ADILABAD,ECHODA,NEREDUGONDA,BINDAMRAGADI,2,COMMERCIAL,6,4,3371.0,24.0
ADILABAD,ADILABAD,ECHODA,NEREDUGONDA,BIREGAON,2,COMMERCIAL,4,4,1112.0,9.0
ADILABAD,ADILABAD,ECHODA,NEREDUGONDA,BONDIDI,2,COMMERCIAL,2,1,21.0,1.93
ADILABAD,ADILABAD,ECHODA,NEREDUGONDA,BUDDIKONDA,2,COMMERCIAL,5,4,7.0,6.0
ADILABAD,ADILABAD,ECHODA,NEREDUGONDA,BUGGARAM,2,COMMERCIAL,15,10,5547.0,37.78
ADILABAD,ADILABAD,ECHODA,NEREDUGONDA,CHINCHOLI,2,COMMERCIAL,2,1,0.0,5.0
ADILABAD,ADILABAD,ECHODA,NEREDUGONDA,CHINNA BUGGARAM,2,COMMERCIAL,2,2,49.0,2.0
ADILABAD,ADILABAD,ECHODA,NEREDUGONDA,DARBHA THANDA,2,COMMERCIAL,4,3,113.0,6.54
ADILABAD,ADILABAD,ADILABAD TOWN,ADILABAD - RURAL,LINGU GUDA,2,COMMERCIAL,2,2,151.0,4.0
ADILABAD,ADILABAD,ADILABAD TOWN,ADILABAD - RURAL,LOHARA ,2,COMMERCIAL,1,1,0.0,1.0
ADILABAD,ADILABAD,ADILABAD TOWN,ADILABAD - RURAL,LOKARI,2,COMMERCIAL,16,14,585.0,38.13
ADILABAD,ADILABAD,ADILABAD TOWN,ADILABAD - RURAL,MALEBOREGOAN,2,COMMERCIAL,2,2,798.0,9.0
ADILABAD,ADILABAD,ADILABAD TOWN,ADILABAD - RURAL,MAMIDIGUDA,2,COMMERCIAL,17,16,1533.0,27.172
ADILABAD,ADILABAD,ADILABAD TOWN,ADILABAD - RURAL,MATHODIGUDA,2,COMMERCIAL,2,2,78.0,1.24
ADILABAD,ADILABAD,ADILABAD TOWN,ADILABAD - RURAL,NISHANGHAT (D),2,COMMERCIAL,5,3,141.0,12.951
