ID,LICENSE ID,ACCOUNT NUMBER,SITE NUMBER,LEGAL NAME,DOING BUSINESS AS NAME,ADDRESS,CITY,STATE,ZIP CODE,WARD,PRECINCT,WARD PRECINCT,POLICE DISTRICT,LICENSE CODE,LICENSE DESCRIPTION,BUSINESS ACTIVITY ID,BUSINESS ACTIVITY,LICENSE NUMBER,APPLICATION TYPE,APPLICATION CREATED DATE,APPLICATION REQUIREMENTS COMPLETE,PAYMENT DATE,CONDITIONAL APPROVAL,LICENSE TERM START DATE,LICENSE TERM EXPIRATION DATE,LICENSE APPROVED FOR ISSUANCE,DATE ISSUED,LICENSE STATUS,LICENSE STATUS CHANGE DATE,SSA,LATITUDE,LONGITUDE,LOCATION
1195919-20050216,1564669,221795,1,"GRACE & WILD, INC.","INGEAR DIVISION, GRACE & WILD INC.",23689  INDUSTRIAL PARK DR,FARMINGTON,MI,48335,,,,,1010,Limited Business License,,,1195919.0,RENEW,,12/20/2004,02/14/2005,N,02/16/2005,02/15/2006,02/14/2005,02/15/2005,AAI,,,,,
26287-20040816,1504166,52981,1,ROBERT J BARTOLO,BART'S COINS & COLLECTIBLES,3939 N PULASKI RD  1,CHICAGO,IL,60641,45.0,27.0,45-27,17.0,1683,Secondhand Dealer,624,Buying and Reselling of Used Valuable Objects,26287.0,RENEW,,06/30/2004,07/19/2004,N,08/16/2004,08/15/2005,07/19/2004,07/20/2004,AAI,,,41.953009006,-87.727450516,"(41.95300900551782, -87.72745051562994)"
1547400-20060216,1682570,60448,4,"PINNACLE WASTE SERVICE, INC",PINNACLE WASTE SERVICES,5859 W OGDEN AVE,CICERO,IL,60804,,,,,1676,"Scavenger, Private",,,1547400.0,RENEW,,03/24/2006,10/12/2011,N,02/16/2006,02/15/2007,,12/19/2006,AAI,,,,,
1121041-20030216,1314780,39524,2,"ELITE HOME BUILDERS, INC.",ELITE HOME BUILDERS INC.,2400 W 95TH ST  400,EVERGREEN PARK,IL,60805,,,,,1011,Home Repair,,,1121041.0,RENEW,,12/17/2002,01/08/2003,N,02/16/2003,02/15/2004,01/24/2003,01/27/2003,AAI,,,,,
1195647-20020216,1220670,220858,1,DANIEL & GERARD CONSTRUCTION,DANIEL & GERARD CONSTRUCTION,1812  CHURCH,EVANSTON,IL,60201,,,,,1011,Home Repair,,,1195647.0,RENEW,,12/21/2001,02/14/2002,N,02/16/2002,02/15/2003,02/14/2002,02/15/2002,AAI,,,,,
1938574-20141116,2357605,338579,1,MADISON STREET HOME SOLUTIONS INC.,MADISON STREET HOME SOLUTIONS INC.,641 S YALE,ADDISON,IL,60101,,,,,1010,Limited Business License,,,1938574.0,RENEW,,09/15/2014,10/11/2014,N,11/16/2014,11/15/2016,10/11/2014,10/14/2014,AAI,,,,,
1473691-20040112,1473691,272029,1,RENAISSANCE GROUP LLC.,RENAISSANCE GROUP LC,1950 E GREYHOUND,CARMI,IN,46033,,,,,1010,Limited Business License,,,1473691.0,ISSUE,01/08/2004,01/09/2004,01/09/2004,N,01/12/2004,02/15/2005,01/09/2004,01/12/2004,AAI,,,,,
2021799-20140216,2302703,351244,1,"Vinyl Touch Graphics, Inc.","Vinyl Touch Graphics, Inc.",7916 W GRAND AVENUE,ELMWOOD PARK,IL,60707,,,,,1010,Limited Business License,,,2021799.0,RENEW,,12/15/2013,01/06/2014,N,02/16/2014,02/15/2016,01/06/2014,01/07/2014,AAI,,,,,
1479701-20051116,1640996,274295,1,"NEIGHBORHOOD FOOD MART, INC.",NEIGHBORHOOD FOOD MART INC,2748 W MADISON ST,CHICAGO,IL,60612,27.0,56.0,27-56,12.0,1781,Tobacco,763,Retail Sale of Tobacco,1479701.0,RENEW,,09/22/2005,11/01/2005,N,11/16/2005,11/15/2006,11/01/2005,12/15/2005,AAI,,,41.88119124,-87.695806048,"(41.88119123980771, -87.69580604798641)"
3361-20050816,1608234,85406,1,CHICAGO TUBE & IRON CO,CHICAGO TUBE & IRON CO,1  CHICAGO TUBE DR,ROMEOVILLE,IL,60446,,,,,1010,Limited Business License,,,3361.0,RENEW,,06/21/2005,07/11/2005,N,08/16/2005,08/15/2006,07/11/2005,07/12/2005,AAI,,,,,
13537-20080116,1875774,6290,1,CIMINO MACHINERY CORP,ACME METALLIZING CO,5958 S CENTRAL AVE,CHICAGO,IL,60638,13.0,17.0,13-17,8.0,1009,Manufacturing Establishments,,,13537.0,RENEW,,11/26/2007,01/11/2008,N,01/16/2008,01/15/2010,01/11/2008,01/14/2008,AAI,,,41.783625903,-87.762097256,"(41.783625903302124, -87.76209725573736)"
1478536-20050216,1570076,273798,1,HOWARD KENNETH,INTEGRITY WINDOWS,1   VILLA VERDE,BUFFALO GROVE,IL,60089,,,,,1011,Home Repair,,,1478536.0,RENEW,,12/20/2004,03/08/2005,N,02/16/2005,02/15/2006,03/08/2005,03/09/2005,AAI,,,,,
1353287-20100516,2024632,261833,1,DANIELS HEATING & COOLING,DANIELS HEATING & COOLING,228  ELM ST,GLENVIEW,IL,60025,,,,,1010,Limited Business License,,,1353287.0,RENEW,,03/15/2010,03/31/2010,N,05/16/2010,05/15/2012,03/31/2010,04/01/2010,AAI,,,,,
1618489-20070816,1838147,294089,1,"CLIMATEGUARD DESIGN & INSTALLATION, LLC",CLIMATEGUARD DESIGN AND INSTALLATION LLC,155 W 84TH ST 1,CHICAGO,IL,60620,21.0,37.0,21-37,6.0,1010,Limited Business License,,,1618489.0,RENEW,,06/21/2007,07/17/2007,N,08/16/2007,07/15/2008,07/17/2007,07/18/2007,AAI,,,41.741645964,-87.628861186,"(41.7416459642391, -87.6288611862979)"
2270414-20130627,2270414,382636,1,"Mnet Financial, Inc.","Mnet Financial, Inc.",95  ARGONAUT  2ND 200,ALISO VIEJO,CA,92656,,,,,4404,Regulated Business License,912,Debt Collecting - Administrative Commercial Office,2270414.0,ISSUE,,06/26/2013,06/26/2013,N,06/27/2013,07/15/2015,06/26/2013,06/27/2013,AAI,,,,,
86024-20100316,2015380,66678,2,SHEFFIELD DEVELOPMENT CO,SHEFFIELD DEVELOPMENT CO,918 N VINE ST 1ST,OAKBROOK,IL,60521,,,,,1010,Limited Business License,,,86024.0,RENEW,,01/15/2010,03/13/2010,N,03/16/2010,03/15/2012,03/13/2010,03/15/2010,AAI,,,,,
2333511-20160416,2451099,389281,2,"CORELOGIC TAX COLLECTION SERVICES, LLC","CORELOGIC TAX COLLECTION SERVICES, LLC",2380  PERFORMANCE DR M.S. TX2-984-04-13 C,RICHARDSON,TX,75082,,,,,4404,Regulated Business License,912,Debt Collecting - Administrative Commercial Office,2333511.0,RENEW,,02/15/2016,03/23/2016,N,04/16/2016,04/15/2018,03/23/2016,03/24/2016,AAC,01/10/2017,,,,
31295-20021116,1281101,14314,4,WATER TOWER PLACE RESTAURANTS LIMITED PARTNERSHIP,FOOD LIFE / FOODEASE,835 N MICHIGAN AVE  MEZZA,CHICAGO,IL,60611,2.0,37.0,2-37,18.0,1474,Package Goods,774,Retail Sales of Packaged Liquor,31295.0,RENEW,09/24/2002,11/01/2002,11/01/2002,N,11/16/2002,05/15/2003,11/01/2002,11/01/2002,AAI,,,41.897740856,-87.623961316,"(41.897740856252504, -87.62396131598219)"
2569952-20171211,2569952,395192,2,"Atlantic Recovery Solutions, LLC","Atlantic Recovery Solutions, LLC",33  DODGE RD  108,GETZVILLE,NY,14068,,,,,4404,Regulated Business License,912,Debt Collecting - Administrative Commercial Office,2569952.0,C_LOC,12/05/2017,12/05/2017,12/08/2017,N,12/11/2017,12/15/2018,12/08/2017,12/11/2017,AAI,,,,,
1070438-20050216,1562914,206081,1,ORLEY ORVEL BETCHER,ORLEY O BETCHER,10705 S ROBERTS RD,PALOS HILLS,IL,60465,,,,,1046,Automatic Amusement Device Operator,,,1070438.0,RENEW,,12/20/2004,02/01/2005,N,02/16/2005,02/15/2006,02/01/2005,02/02/2005,AAI,,,,,
2411353-20150619,2411353,399327,1,PHILLIP J. CEROPSKI,PHILLIP J. CEROPSKI,510 N LOCKWOOD DR,LOCKPORT,IL,60441,,,,,4406,Peddler License,819,"Street Performer, Moving Along the Public Way",2411353.0,ISSUE,06/19/2015,06/19/2015,06/19/2015,N,06/19/2015,07/15/2017,,06/19/2015,AAI,,,41.889284462,-87.757988004,"(41.88928446191391, -87.7579880042221)"
2427924-20171016,2555185,401354,1,G & R HEATING AND AIR LLC,G & R HEATING AND AIR LLC,131  GLENBROOK CIR,GILBERTS,IL,60136,,,,,4404,Regulated Business License,902 | 901,"Heating, Ventilation and Air Conditioning Services - Commercial | Heating, Ventilation and Air Conditioning Services - Residential",2427924.0,RENEW,,08/31/2017,09/09/2017,N,10/16/2017,10/15/2019,09/09/2017,09/11/2017,AAI,,,,,
2278433-20130730,2278433,383736,1,"Mosaic Construction, LLC",Design Construction Concepts,425  HUEHL  RD  15B,NORTHBROOK,IL,60062,,,,,4404,Regulated Business License,673,Home Repair Services,2278433.0,ISSUE,,07/29/2013,07/29/2013,N,07/30/2013,08/15/2015,07/29/2013,07/30/2013,AAI,,,,,
1381960-20030730,1381960,260176,2,INNOVATIVE REAL ESTATE SOLUTIONS,INNOVATIVE REAL ESTATE SOLUTIONS,24  CARRINGTON CT,HAZEL CREST,IL,60429,,,,,1010,Limited Business License,,,1381960.0,C_LOC,07/29/2003,07/29/2003,07/29/2003,N,07/30/2003,02/15/2004,07/29/2003,07/30/2003,AAI,,,,,
1520670-20051116,1642130,281915,1,ANGELA L. WHITSON,NAP CHASERS BARBER AND BEAUTY SALON,7428 S VINCENNES AVE,CHICAGO,IL,60621,6.0,48.0,6-48,7.0,1010,Limited Business License,,,1520670.0,RENEW,,09/22/2005,11/10/2005,N,11/16/2005,11/15/2006,11/10/2005,11/14/2005,AAI,,,41.759182593,-87.631035809,"(41.75918259323902, -87.63103580883026)"
16554-20100316,2014858,28074,1,W L RICHMOND BILMAR GROUP INC,W L RICHMOND-BILMAR GROUP INC,1320  GOLFVIEW  1ST,AURORA,IL,60506,,,,,1010,Limited Business License,,,16554.0,RENEW,,01/15/2010,05/29/2010,N,03/16/2010,03/15/2012,05/29/2010,06/01/2010,AAI,,,,,
10310-20011116,1173700,4601,1,ABM INC OF COOK COUNTY,ABM INC OF COOK COUNTY,3100  DUNDEE RD  704,NORTHBROOK,IL,60062,,,,,1010,Limited Business License,,,10310.0,RENEW,,10/03/2001,08/09/2005,N,11/16/2001,11/15/2002,12/22/2003,08/10/2005,AAI,,,,,
1914606-20100716,2035685,333172,1,ROGER M MIRAVETE ESTUARDO,ROGER E MIRAVETE,26241 W ERIN ISLE,CHANNAHON,IL,60410,,,,,1010,Limited Business License,,,1914606.0,RENEW,,05/17/2010,05/13/2011,N,07/16/2010,07/15/2012,05/13/2011,05/13/2011,AAI,,,,,
2261825-20170616,2527075,381149,1,"BUSINESS CREDIT MANAGEMENT ASSOC, INC DBA PINNACLE MANAGEMENT SERVICES",PINNACLE MANAGEMENT SERVICES,514  MARKET LOOP ST  103,WEST DUNDEE,IL,60118,,,,,4404,Regulated Business License,912,Debt Collecting - Administrative Commercial Office,2261825.0,RENEW,,04/15/2017,06/13/2017,N,06/16/2017,06/15/2019,06/13/2017,06/14/2017,AAI,,,,,
1489421-20060216,1654039,19620,2,"TWIN CONTRACTORS, INC",TWIN CONTRACTORS INC,7968 S MADISON,BURR RIDGE,IL,60527,,,,,1010,Limited Business License,,,1489421.0,RENEW,,12/21/2005,02/10/2006,N,02/16/2006,02/15/2007,02/10/2006,08/16/2007,AAI,,,,,
30308-20050216,1558713,53524,1,EMICO PIPE SUPPORT COMPANY,EMICO PIPE SUPPORT COMPANY,10129  PACIFIC AVE 1ST,FRANKLIN PARK,IL,60131,,,,,1010,Limited Business License,,,30308.0,RENEW,,12/20/2004,02/28/2005,N,02/16/2005,02/15/2006,03/21/2005,03/22/2005,AAI,,,,,
2270807-20150716,2403770,382904,1,"I.C. System, Inc.","I.C. System, Inc.",444 E HIGHWAY 96,ST. PAUL,MN,55127,,,,,4404,Regulated Business License,912,Debt Collecting - Administrative Commercial Office,2270807.0,RENEW,,05/15/2015,06/10/2015,N,07/16/2015,07/15/2017,06/10/2015,06/11/2015,AAI,,,,,
30275-20040216,1454089,31527,1,TOPZ DAIRY PROD. CO.,CHELLINO  CHEESE CO,505  BENNETT   1,JOLIET,IL,60433,,,,,1007,Wholesale Food Establishment,864,Wholesale Food Sales,30275.0,RENEW,,12/15/2003,01/08/2004,N,02/16/2004,02/15/2005,12/22/2003,01/09/2004,AAI,,,,,
8001-20030516,1350600,86384,1,MARIGOLD FOODS INC,MARIGOLD FOODS INC,400 N BROADWAY   1,ROCHESTER,MN,55906,,,,,1007,Wholesale Food Establishment,864,Wholesale Food Sales,8001.0,RENEW,,03/25/2003,11/13/2003,N,05/16/2003,05/15/2004,11/13/2003,11/14/2003,AAI,,,,,
20245-20100416,2019251,86696,1,ARTS & ARTISANS LIMITED,ARTS & ARTISANS LTD.,720 S MICHIGAN AVE  1ST,CHICAGO,IL,60605,4.0,18.0,4-18,1.0,1010,Limited Business License,,,20245.0,RENEW,,02/11/2010,04/01/2010,N,04/16/2010,04/15/2012,04/01/2010,04/02/2010,AAI,,,41.872798869,-87.62433781,"(41.87279886935482, -87.62433781031022)"
1573300-20080516,1897387,286169,1,MARK ENNS,ENNS RENOVATION,703 S GREENWOOD,KANKAKEE,IL,60901,,,,,1011,Home Repair,,,1573300.0,RENEW,,03/24/2008,05/13/2008,N,05/16/2008,05/15/2010,05/13/2008,05/14/2008,AAI,,,,,
1474720-20110516,2086475,272446,1,"FREEMAN EXPOSITIONS, INC.","FREEMAN EXPOSITIONS, INC.",8201 W 47TH ST,MCCOOK,IL,60525,29.0,41.0,29-41,15.0,1008,Hazardous Materials,,,1474720.0,RENEW,,03/15/2011,04/13/2011,N,05/16/2011,05/15/2013,04/13/2011,04/14/2011,AAC,12/29/2012,,,,
72502-20170816,2536888,4231,1,COSMOPOLITAN CONTINENTAL CAFE INC.,LUTNIA RESTAURANT,5532 W BELMONT AVE 1,CHICAGO,IL,60641,30.0,6.0,30-6,16.0,1470,Tavern,829,Tavern - Consumption of Liquor on Premise,72502.0,RENEW,,06/15/2017,08/16/2017,N,08/16/2017,08/15/2019,08/16/2017,08/16/2017,AAI,,2.0,41.938697817,-87.765411137,"(41.93869781741385, -87.76541113658556)"
1330217-20030103,1330217,213505,2,FLYNN'S CORNERSTONE CONSTRUCTION COMPANY,FLYNN'S CORNERSTONE CONSTRUCTION,3334 W 183 ST,HAZEL CREST,IL,60429,,,,,1010,Limited Business License,,,1330217.0,C_LOC,12/30/2002,12/30/2002,12/30/2002,N,01/03/2003,02/15/2004,01/03/2003,01/03/2003,AAI,,,,,
77346-20020816,1259470,47648,1,THOMAS MCCORMICK GALLERY,THOMAS MCCORMICK GALLERY,835 W WASHINGTON BLVD  1E,CHICAGO,IL,60607,27.0,1.0,27-1,12.0,1010,Limited Business License,,,77346.0,RENEW,,06/28/2002,07/29/2002,N,08/16/2002,08/15/2003,07/29/2002,07/30/2002,AAI,,,41.883013354,-87.648709742,"(41.88301335353073, -87.64870974220864)"
1246478-20130516,2242712,247229,1,"TORRY GRANRATH'S CUSTOM CONCRETE, INC.",CUSTOM CONCRETE INC.,3840  OHIO AVE,ST. CHARLES,IL,60174,,,,,1010,Limited Business License,,,1246478.0,RENEW,,03/15/2013,04/30/2013,N,05/16/2013,05/15/2015,04/30/2013,05/01/2013,AAI,,,,,
2102967-20110623,2102967,363198,1,"DIVERSEY BOOST, INC.",BOOST,4646 W DIVERSEY AVE 1ST,CHICAGO,IL,60639,31.0,,31-,,1010,Limited Business License,,,2102967.0,ISSUE,,06/22/2011,06/22/2011,N,06/23/2011,07/15/2013,06/22/2011,06/23/2011,AAI,,,41.931679527,-87.743800436,"(41.93167952650435, -87.74380043571831)"
1471104-20080416,1890927,271588,1,KIMISAN F COSTELLO,REVELATIONS OF BEAUTY,242 W SLADE ST,PALATINE,IL,60067,,,,,1010,Limited Business License,,,1471104.0,RENEW,,02/19/2008,05/12/2008,N,04/16/2008,04/15/2010,05/12/2008,05/13/2008,AAI,,,,,
1333131-20030402,1333131,65406,18,WASTE MANAGEMENT OF ILLINOIS INC.,WASTE MANAGEMENT METRO,3800  LARAMIE AVE  2,CICERO,IL,60804,,,,,1676,"Scavenger, Private",,,1333131.0,ISSUE,02/04/2003,02/04/2003,02/04/2003,N,04/02/2003,02/15/2004,03/01/2003,04/02/2003,AAI,,,,,
50274-20070816,1832832,87004,2,CYNTHIA VAZQUEZ,CINDY'S NEW TOUCH UNISEX,4597 S ARCHER AVE 1ST,CHICAGO,IL,60632,14.0,10.0,14-10,8.0,1010,Limited Business License,,,50274.0,RENEW,,06/21/2007,07/18/2007,N,08/16/2007,06/15/2009,07/18/2007,07/19/2007,AAI,,39.0,41.809805615,-87.71099093,"(41.80980561459591, -87.71099092992074)"
1968708-20110116,2068345,342658,1,EUDOSIO NERY BARCENAS,A & F TOWING SERVICES,2432 N MONITOR AVE 1,CHICAGO,IL,60639,30.0,17.0,30-17,25.0,1012,Home Occupation,,,1968708.0,RENEW,,11/15/2010,12/06/2010,N,01/16/2011,01/15/2013,12/06/2010,12/06/2010,AAC,12/29/2012,,41.92488145,-87.772250819,"(41.92488145021369, -87.77225081862049)"
10019-20010816,1150795,26265,1,KAY WATER TOWER INC,KAY WATER TOWER INC,835 N MICHIGAN AVE,CHICAGO,IL,60611,2.0,37.0,2-37,18.0,1010,Limited Business License,,,10019.0,RENEW,,06/22/2001,07/28/2001,N,08/16/2001,08/15/2002,07/28/2001,06/02/2003,AAI,,,41.897740856,-87.623961316,"(41.897740856252504, -87.62396131598219)"
2048768-20100726,2048768,355300,1,D & Z FUNERAL ESCORT SERVICES CORP.,D & Z FUNERAL ESCORT SERVICES CORP.,6941 S HONORE ST,CHICAGO,IL,60636,17.0,62.0,17-62,7.0,1012,Home Occupation,,,2048768.0,ISSUE,07/26/2010,07/26/2010,07/26/2010,N,07/26/2010,08/15/2012,07/26/2010,07/26/2010,AAI,,,41.767266848,-87.669806385,"(41.7672668477046, -87.66980638451606)"
25462-20090516,2004139,85916,1,SYSCO CHICAGO INC.,SYSCO FOOD SERVICES-CHGO INC,250  WIEBOLDT DR,DES PLAINES,IL,60016,,,,,1007,Wholesale Food Establishment,864,Wholesale Food Sales,25462.0,RENEW,,11/06/2009,08/11/2011,N,05/16/2009,05/15/2011,08/11/2011,08/12/2011,AAI,,,,,
1470964-20040816,1512779,271467,1,"SAIGON CENTRAL POST, INC.",SAIGON CENTRAL POST,4945B N BROADWAY,CHICAGO,IL,60640,48.0,40.0,48-40,20.0,1010,Limited Business License,,,1470964.0,RENEW,,06/30/2004,08/06/2004,N,08/16/2004,08/15/2005,08/06/2004,08/09/2004,AAI,,34.0,41.972835023,-87.659625043,"(41.97283502279038, -87.65962504271593)"
1193883-20020103,1193883,220129,1,NORTH SHORE AUXILIARY OF JEWISH CHILD AND FAMILY SERVICES,NORTH SHORE AUXILIARY OF THE JEWISH CHILDREN'S BUREAU,1 S FRANKLIN ST  216-800,CHICAGO,IL,60606,42.0,49.0,42-49,1.0,1625,Raffles,720,Not-For-Profit Selling Raffles for Prizes of $50 or More,1193883.0,ISSUE,10/23/2001,11/21/2001,11/21/2001,N,01/03/2002,11/15/2002,01/02/2002,01/03/2002,AAI,,,41.881902751,-87.63516406,"(41.88190275050587, -87.6351640597954)"
1304993-20100416,2018359,22211,3,SUBURBAN ELEVATOR CO.,SUBURBAN ELEVATOR CO.,5  EXECUTIVE DR  1,SOUTH BARRINGTON,IL,60010,,,,,1010,Limited Business License,,,1304993.0,RENEW,,02/11/2010,04/05/2010,N,04/16/2010,04/15/2012,04/05/2010,04/06/2010,AAI,,,,,
2209847-20121229,2209847,365451,1,Green Evans Management Incorporated,"Green Evans Management, Inc.",928  GREENWOOD  AVE,FORD HEIGHTS,IL,60411,,,,,4404,Regulated Business License,673,Home Repair Services,2209847.0,ISSUE,,,,N,12/29/2012,09/15/2013,,12/29/2012,AAI,,,,,
11590-20030216,1307179,5453,1,SCANDINAVIAN BUILDERS LIMITED,SCANDINAVIAN BUILDERS LTD,2932  MALMO DR  1ST,ARLINGTON HEIGHTS,IL,60005,,,,,1010,Limited Business License,,,11590.0,RENEW,,12/17/2002,01/28/2003,N,02/16/2003,02/15/2004,01/28/2003,01/29/2003,AAI,,,,,
1514975-20080516,1896952,255225,2,LASALLE SYSTEMS LEASING,LASALLE SYSTEMS LEASING,6111 N RIVER RD,ROSEMONT,IL,60018,,,,,1010,Limited Business License,,,1514975.0,RENEW,,03/24/2008,05/07/2008,N,05/16/2008,05/15/2010,05/07/2008,05/08/2008,AAI,,,,,
56319-20031116,1431755,39853,1,"Baden Baden Food Equipment, Inc.","BADEN BADEN FOOD EQUIPMENT, INC.",3947 W COLUMBUS AVE  1,CHICAGO,IL,60652,18.0,36.0,18-36,8.0,1010,Limited Business License,,,56319.0,RENEW,,09/26/2003,11/05/2003,N,11/16/2003,11/15/2004,11/05/2003,11/06/2003,AAI,,,41.736427352,-87.720216694,"(41.73642735177359, -87.72021669428557)"
1821675-20070523,1821675,317789,1,"DI MEO BROTHERS, INC.","DI MIEO BROTHERS, INC.",720  RICHARD LN,ELK GROVE,IL,60007,,,,,1010,Limited Business License,,,1821675.0,ISSUE,05/23/2007,05/23/2007,05/23/2007,N,05/23/2007,06/15/2009,05/23/2007,05/23/2007,AAI,,,,,
2016723-20100119,2016723,350211,1,"FULLERTON DISCOUNT, INC.",DOLLAR BAZAAR,5722-5728 W FULLERTON AVE 1,CHICAGO,IL,60639,30.0,6.0,30-6,25.0,1010,Limited Business License,,,2016723.0,ISSUE,,01/18/2010,01/18/2010,N,01/19/2010,01/15/2011,01/18/2010,01/19/2010,AAI,,,41.924036653,-87.769488579,"(41.924036653204055, -87.76948857866934)"
2206180-20121229,2206180,258787,3,EFFECTIVE AIR INC,Effective air inc,2033  JOHNS  CT,GLENVIEW,IL,60025,,,,,4404,Regulated Business License,673,Home Repair Services,2206180.0,ISSUE,,,,N,12/29/2012,03/15/2013,,12/29/2012,AAI,,,,,
1494769-20070816,1836632,277886,1,JOSE JIMENEZ,CATY,10046 S EWING AVE,CHICAGO,IL,60617,10.0,26.0,10-26,4.0,1010,Limited Business License,,,1494769.0,RENEW,,06/21/2007,07/23/2007,N,08/16/2007,07/15/2008,07/23/2007,07/24/2007,AAI,,,41.712538511,-87.535423092,"(41.71253851134943, -87.53542309235638)"
2089019-20110406,2089019,361166,1,TRUE REMODELING INC.,TRUE REMODELING,9753  SOUTHWEST HWY,OAK LAWN,IL,60453,,,,,1010,Limited Business License,,,2089019.0,ISSUE,04/06/2011,04/06/2011,04/06/2011,N,04/06/2011,04/15/2013,04/06/2011,04/06/2011,AAI,,,,,
22660-20020216,1204513,29583,1,"BROESCH MECHANICAL SERVICES, INC.","BROESCH MECHANICAL SERVICES, INC",310  ST PAUL BLVD  1,CAROL STREAM,IL,60188,,,,,1010,Limited Business License,,,22660.0,RENEW,,12/20/2001,01/18/2002,N,02/16/2002,02/15/2003,01/18/2002,01/22/2002,AAI,,,,,
70105-,293082,89285,1,BOZENA PYRZYNSKI,BOZENA PYRZYNSKI,24720  WILMOT RD 1ST,TREVOR,WI,53179,,,,,1525,Massage Therapist,,,70105.0,ISSUE,,06/20/2000,,N,,02/15/1999,,02/05/2003,AAI,,,,,
1245308-20020501,1245308,246634,1,Professional Fence & Home Services,Professional Fence & Home Services,2300 N BARRINGTON RD  400,HOFFMAN ESTATES,IL,60195,,,,,1011,Home Repair,,,1245308.0,ISSUE,04/29/2002,04/29/2002,04/29/2002,N,05/01/2002,02/15/2003,04/30/2002,05/01/2002,AAI,,,,,
8159-20140816,2335055,4005,2,LEE RAYBON,LEE RAYBON,4402-4416 W ROOSEVELT RD,CHICAGO,IL,60624,24.0,48.0,24-48,11.0,1275,Filling Station,666,Operation of a Fuel Filling Station,8159.0,RENEW,,06/15/2014,08/12/2014,N,08/16/2014,08/15/2016,08/12/2014,08/26/2014,AAI,,,41.866139766,-87.735165257,"(41.86613976581809, -87.73516525679419)"
1818146-20071116,1865396,297271,2,KAREN M. RAYO,MICHAEL'S HAIR STUDIO,3462 W DIVERSEY AVE 1ST,CHICAGO,IL,60647,35.0,11.0,35-11,14.0,1010,Limited Business License,,,1818146.0,RENEW,,09/21/2007,11/14/2007,N,11/16/2007,11/15/2009,11/14/2007,11/14/2007,AAC,05/05/2008,,41.932052028,-87.714562572,"(41.93205202816227, -87.71456257245865)"
2342352-20140715,2342352,381928,4,"Dyck-O'Neal, Inc.","Dyck-O'Neal, Inc.",6060 N CENTRAL EXPY  200,DALLAS,TX,75206,,,,,4404,Regulated Business License,912,Debt Collecting - Administrative Commercial Office,2342352.0,ISSUE,,07/14/2014,07/14/2014,N,07/15/2014,06/15/2015,07/14/2014,07/15/2014,AAI,,,41.992453703,-87.765742357,"(41.99245370261539, -87.76574235745231)"
1801255-20070207,1801255,243894,4,HECTOR M VALDEZ,D'VALSAN STUDIO HAIR DESIGN,3919 W 63RD ST 1,CHICAGO,IL,60629,13.0,31.0,13-31,8.0,1010,Limited Business License,,,1801255.0,ISSUE,02/07/2007,02/07/2007,02/07/2007,N,02/07/2007,01/15/2008,02/07/2007,02/07/2007,AAI,,3.0,41.778572676,-87.721111719,"(41.77857267592709, -87.72111171936355)"
1868799-20071002,1868799,322954,1,PATRICK H. MCDERMOTT,BEADZ AND MORE,2809  POMME MEADOWS  1ST,ARNOLD,MO,63010,,,,,1604,"Peddler, non-food",,,1868799.0,ISSUE,10/02/2007,10/02/2007,10/02/2007,N,10/02/2007,10/15/2009,,10/02/2007,AAI,,,,,
1334408-20080116,1877155,243357,2,VICTOR FLORES,VICTORS LANDSCAPING,4801 N OZANAM,NORRIDGE,IL,60706,,,,,1010,Limited Business License,,,1334408.0,RENEW,,11/26/2007,02/04/2008,N,01/16/2008,01/15/2010,02/11/2008,02/13/2008,AAI,,,,,
1303352-20170416,2513702,255775,1,ELKHORN BUS SERVICE INC,ELKHORN BUS SERVICE INC.,511 S LINCOLN,ELKHORN,WI,53121,,,,,1010,Limited Business License,,,1303352.0,RENEW,,02/15/2017,02/22/2017,N,04/16/2017,04/15/2019,02/22/2017,02/23/2017,AAI,,,,,
2278534-20130812,2278534,383790,1,"AMERICAN RECEIVABLES AGENCY, LLC","AMERICAN RECEIVABLES AGENCY, LLC",13415  QUEEN ST,DISPUTANTA,VA,23842,,,,,4404,Regulated Business License,912,Debt Collecting - Administrative Commercial Office,2278534.0,ISSUE,07/30/2013,08/08/2013,08/12/2013,N,08/12/2013,08/15/2015,08/12/2013,08/12/2013,AAI,,,,,
1423645-20040216,1469303,268025,1,PREMIER LANDSCAPE CONTRACTORS,PREMIER LANDSCAPE CONTRACTORS,11S375  JEANS RD,BURR RIDGE,IL,60527,,,,,1010,Limited Business License,,,1423645.0,RENEW,,12/15/2003,03/02/2004,N,02/16/2004,02/15/2005,12/22/2003,03/03/2004,AAI,,,,,
1224246-20020221,1224246,242722,1,"D & P MECHANICAL, INC.",D & P MECHANICAL,16540  TAMELING DR,LOCKPORT,IL,60441,,,,,1010,Limited Business License,,,1224246.0,ISSUE,02/11/2002,02/15/2002,02/15/2002,N,02/21/2002,02/15/2003,02/21/2002,02/22/2002,AAI,,,,,
20757-20070216,1778144,29121,1,INTERNATIONAL CONTRACTORS INC,INTERNATIONAL CONTRACTORS INC,977 S RT 83   1,ELMHURST,IL,60126,,,,,1010,Limited Business License,,,20757.0,RENEW,,12/20/2006,01/17/2007,N,02/16/2007,03/15/2009,01/17/2007,01/18/2007,AAI,,,,,
72542-20070216,1776603,21868,2,WALSH SERVICES INC.,WALSH SERVICES INC.,4624 W 138 ST,CRESTWOOD,IL,60445,,,,,1010,Limited Business License,,,72542.0,RENEW,,12/20/2006,02/02/2007,N,02/16/2007,03/15/2009,02/02/2007,02/05/2007,AAI,,,,,
1879983-20111216,2123732,325372,1,"GORDON'S PLUMBING & SEWER, INC.","GORDON'S PLUMBING & SEWER, INC",871  WILLOW RD,MANTENO,IL,60950,,,,,1011,Home Repair,,,1879983.0,RENEW,,10/14/2011,11/21/2011,N,12/16/2011,12/15/2013,11/21/2011,11/22/2011,AAC,12/29/2012,,41.91368122,-87.650723662,"(41.91368122009932, -87.65072366160484)"
1299803-20131016,2281192,254040,1,JUAN M. PUENTE,JUAN M. PUENTE,3035 W 59TH ST,CHICAGO,IL,60629,16.0,39.0,16-39,8.0,1010,Limited Business License,648,Dry Cleaning - Drop Off Location,1299803.0,RENEW,,08/15/2013,09/12/2013,N,10/16/2013,10/15/2015,09/12/2013,09/13/2013,AAI,,59.0,41.786194797,-87.699832597,"(41.786194796612314, -87.69983259702936)"
59792-20030216,1355726,58427,1,ROBERT A.DAVIS INC.,ROBERT A DAVIS INC,7418  CHURCHILL   1,MORTON GROVE,IL,60053,,,,,1011,Home Repair,,,59792.0,RENEW,,05/14/2003,05/14/2003,N,02/16/2003,02/15/2004,05/14/2003,05/16/2003,AAI,,,,,
1997630-20090915,1997630,347331,1,SEAMUS QUIN BARTLETT,SEAMUS QUIN BARTLETT,454 W PLEASANT ST,WATERVLIET,MI,49098,,,,,1605,Street Performer,,,1997630.0,ISSUE,09/15/2009,09/15/2009,09/15/2009,N,09/15/2009,10/15/2011,,09/15/2009,AAI,,,,,
50370-20030216,1318312,56644,1,EDWARD SZCZESNIAK,EDWARD SZCZESNIAK-SUNSET FIREWORKS,10476  SUNSET DR  1,DITTMER,MO,63023,,,,,1255,"Explosives, Certificate of Fitness",653,Employee of a Wrecking/Demolitio/Fireworks Contractor (Cert. of Fitness),50370.0,RENEW,,12/17/2002,02/25/2003,N,02/16/2003,02/15/2004,02/26/2003,02/28/2003,AAI,,,,,
1228008-20121016,2180807,43752,2,FRANK D LUCAS,DAYBREAK,7246 S CHAMPLAIN AVE # 2,CHICAGO,IL,60619,6.0,30.0,6-30,3.0,1012,Home Occupation,,,1228008.0,RENEW,,08/15/2012,10/08/2012,N,10/16/2012,10/15/2014,10/08/2012,10/09/2012,AAC,12/29/2012,,41.762596731,-87.609295379,"(41.76259673057146, -87.60929537939398)"
61547-20080316,1885896,55992,25,"MELROSE PYROTECHNICS, INC.",CLAYTON W. COOK - MELROSE PYROTECHNICS,1  KINGSBURY INDUSTRIAL PARK P. O BOX 302,KINGSBURY,IN,46345,,,,,1255,"Explosives, Certificate of Fitness",653,Employee of a Wrecking/Demolitio/Fireworks Contractor (Cert. of Fitness),61547.0,RENEW,,01/22/2008,02/04/2008,N,03/16/2008,03/15/2010,02/13/2008,02/14/2008,AAI,,,,,
1596988-20070216,1776690,22318,2,TOMORROWS INTERIORS CORPORATION,TOMORROW'S INTERIORS CORP,302  CRANDON,CALUMET CITY,IL,60409,,,,,1011,Home Repair,,,1596988.0,RENEW,,12/20/2006,02/10/2007,N,02/16/2007,04/15/2009,03/27/2007,03/28/2007,AAI,,,,,
2208684-20160316,2445192,350982,1,"DECO HVAC, INC.",DECO HVAC,1075  GRISSOM TRAIL  1ST,ELK GROVE VILLAGE,IL,60007,,,,,4404,Regulated Business License,673,Home Repair Services,2208684.0,RENEW,,01/15/2016,02/02/2016,N,03/16/2016,03/15/2018,02/02/2016,02/03/2016,AAI,,,,,
2215032-20121229,2215032,323628,1,"PAYLESS AUTO BODY SHOP & COMPLETE AUTO REPAIR, INC.","PAYLESS AUTO BODY SHOP & COMPLETE AUTO REPAIR, INC.",5625 S WESTERN AVE 1,CHICAGO,IL,60636,15.0,6.0,15-6,8.0,8340,Motor Vehicle Services License,711,Motor Vehicle Repair - Engine and Body Work,2215032.0,ISSUE,,,,N,12/29/2012,06/15/2013,,12/29/2012,AAI,,59.0,41.791484957,-87.683828679,"(41.791484957299254, -87.68382867883652)"
1274894-20060216,1666685,252232,1,JESUS R. SALAZAR,ALL CLEAR WINDOW CLEANING,5501  LINCOLN AVE  301,MORTON GROVE,IL,60053,,,,,1010,Limited Business License,,,1274894.0,RENEW,,12/21/2005,02/22/2006,N,02/16/2006,02/15/2007,02/22/2006,02/23/2006,AAI,,,41.981345765,-87.69265967,"(41.98134576518484, -87.69265967008852)"
26550-20080316,1885767,30569,1,U S TOBACCO SALES/MARKETING CO,U S TOBACCO SALES/MARKETING CO,100 W PUTNAM AVE  1,GREENWICH,CT,06830,,,,,1783,Tobacco Sampler,644,Distribution of Tobacco Product Samples to The General Public,26550.0,RENEW,,01/22/2008,04/28/2008,N,03/16/2008,03/15/2010,04/28/2008,04/29/2008,AAI,,,,,
1352441-20040216,1467459,261448,1,MARK S CHRISTIANSEN,MARK S CHRISTIANSEN,15254  CALLE JUANITO,SAN DIEGO,CA,92129,,,,,1604,"Peddler, non-food",,,1352441.0,RENEW,,12/15/2003,,N,02/16/2004,02/15/2005,,12/22/2003,AAC,07/01/2013,,,,
2205949-20160416,2448652,243908,1,"VINCE NERI POWER RODDING & SEWER REPAIR CONSTRUCTION, INC","VINCE NERIN POWER RODDING & SEWER REPAIR CONSTRUCTION, INC",6735 W BRUNS RD,MONEE,IL,60449,,,,,4404,Regulated Business License,673,Home Repair Services,2205949.0,RENEW,,02/15/2016,03/03/2016,N,04/16/2016,04/15/2018,03/03/2016,03/04/2016,AAI,,,,,
2146463-20160416,2448955,268189,2,"K.C.W. ENVIRONMENTAL CONDITIONING, INC.","K.C.W. ENVIRONMENTAL CONDITIONING, INC.",150 E SAINT CHARLES RD  D,CAROL STREAM,IL,60188,,,,,1010,Limited Business License,902 | 901,"Heating, Ventilation and Air Conditioning Services - Commercial | Heating, Ventilation and Air Conditioning Services - Residential",2146463.0,RENEW,,02/15/2016,02/25/2016,N,04/16/2016,04/15/2018,02/25/2016,02/26/2016,AAI,,,,,
1845087-20170816,2539352,321218,1,ANN E. CASSIDY,CROSSMARK SITE UTILITIES,19331 S SHABBONA DR,TINLEY PARK,IL,60487,,,,,1010,Limited Business License,,,1845087.0,RENEW,,06/15/2017,07/09/2017,N,08/16/2017,08/15/2019,07/09/2017,07/10/2017,AAI,,,,,
1092307-20030216,1322683,206569,1,AIR TEMPERATURE  SERVICES INC,AIR TEMPERATURE SERVICES INC,5301  VOGES RD,MADISON,WI,53718,,,,,1010,Limited Business License,,,1092307.0,RENEW,,12/17/2002,02/27/2003,N,02/16/2003,02/15/2004,05/08/2003,05/09/2003,AAI,,,,,
1222477-20040216,1463162,217889,1,TANCO PLUMBING INC,TANCO PLUMBING INC,1451 W MARCY LN,WHEELING,IL,60090,,,,,1011,Home Repair,,,1222477.0,RENEW,,12/15/2003,02/17/2004,N,02/16/2004,02/15/2005,12/22/2003,03/16/2004,AAI,,,,,
1225904-20050216,1557605,46819,3,SAMIR HUSETOVIC,SAMMY DELIVERY SERVICE,7521 W BROWN,FOREST PARK,IL,60130,,,,,1010,Limited Business License,,,1225904.0,RENEW,,12/20/2004,01/11/2005,N,02/16/2005,02/15/2006,01/11/2005,01/12/2005,AAI,,,,,
1598028-20130316,2227902,292771,1,"LAKESHORE BUILDING SERVICES, INC.",LAKESHORE BUILDING SERVICES,1601 W COLONIAL PKWY,INVERNESS,IL,60067,,,,,1010,Limited Business License,,,1598028.0,RENEW,,01/17/2013,02/07/2013,N,03/16/2013,03/15/2015,02/07/2013,02/08/2013,AAI,,,,,
24411-20030816,1363821,30038,1,FOX BROTHERS TAILORS INC,FOX BROS TAILORS INC,556 W ROOSEVELT RD  1,CHICAGO,IL,60607,25.0,28.0,25-28,1.0,1010,Limited Business License,,,24411.0,RENEW,,06/24/2003,07/24/2003,N,08/16/2003,08/15/2004,07/24/2003,07/25/2003,AAI,,,41.867340031,-87.641502099,"(41.86734003106503, -87.64150209915232)"
1489177-20071116,1862838,275033,1,ZZOZO PRODUCTIONS,STUDIO 2020,2020 W CONCORD PL  1,CHICAGO,IL,60647,2.0,36.0,2-36,14.0,1010,Limited Business License,,,1489177.0,RENEW,,09/21/2007,11/13/2007,N,11/16/2007,11/15/2009,11/13/2007,11/14/2007,AAI,,33.0,41.911669809,-87.678147086,"(41.911669808863415, -87.67814708639861)"
1224186-20040216,1464024,230404,1,COMPLETE SALT SERVICES INC,COMPLETE SALT SERVICES INC,348  CHERRYWOOD RD,BUFFALO GROVE,IL,60089,,,,,1010,Limited Business License,,,1224186.0,RENEW,,12/15/2003,02/03/2004,N,02/16/2004,02/15/2005,12/22/2003,02/04/2004,AAI,,,,,
46465-20030816,1368751,56023,1,THE LEE COMPANY,THE LEE COMPANY,8600 W BRYN MAWR AVE  160N,CHICAGO,IL,60631,41.0,28.0,41-28,16.0,1010,Limited Business License,,,46465.0,RENEW,,06/24/2003,07/21/2003,N,08/16/2003,08/15/2004,07/21/2003,07/22/2003,AAI,,,41.981134545,-87.841638423,"(41.98113454543051, -87.84163842292439)"
1227589-20020402,1227589,244036,1,OAK LAWN MOTORS INC,OAK LAWN TOYOTA,4320 W 95TH ST,OAK LAWN,IL,60453,,,,,1010,Limited Business License,,,1227589.0,ISSUE,03/15/2002,03/29/2002,04/01/2002,N,04/02/2002,02/15/2003,04/02/2002,04/03/2002,AAI,,,,,
1272123-20030216,1328368,251037,1,LAVERN  J JOHNSON,LAVERNE,19363 S 12TH AVE,MAYWOOD,IL,60153,,,,,1604,"Peddler, non-food",,,1272123.0,RENEW,,12/17/2002,03/10/2003,N,02/16/2003,02/15/2004,,12/22/2003,AAI,,,,,
14901-20060216,1662793,85668,3,ACME REFINING COMPANY,"ACME REFINING CO., INC.",1719 W 35TH ST  1ST F,CHICAGO,IL,60609,12.0,29.0,12-29,9.0,1010,Limited Business License,,,14901.0,RENEW,,12/21/2005,01/30/2006,N,02/16/2006,02/15/2007,01/30/2006,01/31/2006,AAI,,,41.830355554,-87.668774628,"(41.83035555429504, -87.66877462788294)"
1695050-20110316,2077625,302862,1,WILLIAM T. WELLS,Wells Debris Removal,2301 S 21ST AVE,BROADVIEW,IL,60155,,,,,1011,Home Repair,,,1695050.0,RENEW,,01/14/2011,03/15/2011,N,03/16/2011,03/15/2013,03/15/2011,03/16/2011,AAC,12/29/2012,,,,
1519518-20040910,1519518,281392,1,RONALD  GOLDE,KBR DESIGNS,3700  CAPRI CT  406,GLENVIEW,IL,60025,,,,,1010,Limited Business License,,,1519518.0,ISSUE,09/09/2004,09/09/2004,09/09/2004,N,09/10/2004,02/15/2005,09/09/2004,09/10/2004,AAI,,,,,
1044824-20030216,1322290,203309,1,CANDIS DOREEN POWELL,POWELL FUL ELECTRIC,613 W 54TH PL,CHICAGO,IL,60609,20.0,50.0,20-50,9.0,1012,Home Occupation,,,1044824.0,RENEW,,12/17/2002,04/03/2003,N,02/16/2003,02/15/2004,04/03/2003,04/04/2003,AAI,,,41.795183736,-87.640966611,"(41.79518373643745, -87.64096661141443)"
17599-20020516,1237719,28366,1,THE MEADOWS DISTRIBUTING CO,THE MEADOW'S DISTRIBUTING CO,1253  KINGSLAND DR  PLANT,BATAVIA,IL,60510,,,,,1007,Wholesale Food Establishment,864,Wholesale Food Sales,17599.0,RENEW,,03/27/2002,04/22/2002,N,05/16/2002,05/15/2003,04/22/2002,04/23/2002,AAI,,,,,
1618058-20050714,1618058,293907,1,"MORFIN CONSTRUCTION GENERAL CARPENTRY, INC.","MORFIN CONSTRUCTION GENERAL CARPENTRY, INC.",1553 S MANNHEIM RD,STONE PARK,IL,60165,,,,,1011,Home Repair,,,1618058.0,ISSUE,07/13/2005,07/13/2005,07/13/2005,N,07/14/2005,02/15/2006,07/13/2005,07/14/2005,AAI,,,,,
1802711-20110316,2077823,314661,1,IMAGE MEDIA ADVERTISING INCORPORATED,IMAGE MEDIA ADVERTISING INCORPORATED,5101  DARMSTADT RD  A,HILLSIDE,IL,60162,,,,,1010,Limited Business License,,,1802711.0,RENEW,,01/14/2011,05/16/2011,N,03/16/2011,03/15/2013,05/16/2011,05/17/2011,AAI,,,,,
1680356-20060307,1680356,301458,1,"CONCRETE WATERPROOFING SYSTEMS, INC","CONCRETE WATERPROOFING SYSTEMS, INC",4112  SUNSET RD,MATTESON,IL,60443,,,,,1011,Home Repair,,,1680356.0,ISSUE,02/27/2006,03/03/2006,03/03/2006,N,03/07/2006,02/15/2007,03/03/2006,03/07/2006,AAI,,,,,
64137-20160416,2447807,20118,1,Hussmann Services Corporation,HUSSMANN CORP,890  REMINGTON BLVD,BOLINGBROOK,IL,60440,,,,,1010,Limited Business License,,,64137.0,RENEW,,02/15/2016,02/29/2016,N,04/16/2016,04/15/2018,02/29/2016,03/01/2016,AAI,,,,,
35976-20130316,2227143,86137,1,COATINGS APPLICATION & WATERPR,COATINGS APPLICATION & WATERPR,5125 N 2ND,SAINT LOUIS,MO,63147,,,,,1010,Limited Business License,,,35976.0,RENEW,,01/17/2013,02/25/2013,N,03/16/2013,03/15/2015,02/25/2013,02/26/2013,AAI,,,,,
36142-20090416,1956080,54361,1,"RAINCOAT ROOFING SYSTEMS, INC.",RAINCOAT ROOFING,1750 W PARKES DR  1ST,BROADVIEW,IL,60155,,,,,1010,Limited Business License,,,36142.0,RENEW,,02/17/2009,03/04/2009,N,04/16/2009,04/15/2011,03/04/2009,03/05/2009,AAI,,,,,
1330719-20030110,1330719,257544,1,"NU FAZE INSPECTION, INC.",NU FAZE INSPECTION,5605 S NATOMA AVE,CHICAGO,IL,60638,23.0,11.0,23-11,8.0,1012,Home Occupation,,,1330719.0,ISSUE,01/08/2003,01/08/2003,01/08/2003,N,01/10/2003,02/15/2004,01/10/2003,01/10/2003,AAI,,,41.790208444,-87.78769225,"(41.79020844363143, -87.78769224992814)"
1475470-20070216,1776662,22230,3,TEMP CONTROL INC,"TEMP CONTROL, INC.",670  LUNT AVE,ELK GROVE,IL,60007,,,,,1010,Limited Business License,,,1475470.0,RENEW,,12/20/2006,01/12/2007,N,02/16/2007,04/15/2008,01/12/2007,01/16/2007,AAI,,,,,
1575774-20130316,2227850,287225,1,BRIAN AND SONS INC.,BRIAN AND SONS INC.,374  TIMBER OAK DR,NORTH AURORA,IL,60542,,,,,1010,Limited Business License,901 | 902,"Heating, Ventilation and Air Conditioning Services - Residential | Heating, Ventilation and Air Conditioning Services - Commercial",1575774.0,RENEW,,01/17/2013,03/04/2013,N,03/16/2013,03/15/2015,03/04/2013,03/05/2013,AAI,,,,,
1246945-20030216,1316210,48282,2,C.L. BEC CONSTRUCTION INC,C.L. BEC CONSTRUCTION,2755  BERNICE RD,LANSING,IL,60438,,,,,1010,Limited Business License,,,1246945.0,RENEW,,12/17/2002,03/06/2003,N,02/16/2003,02/15/2004,03/06/2003,03/07/2003,AAI,,,,,
2113902-20110823,2113902,365683,1,DERRICK ANTHONY TATE,DERRICK ANTHONY TATE,18916  MARTIN LN,COUNTRY CLUB HILLS,IL,60478,,,,,1605,Street Performer,,,2113902.0,ISSUE,08/23/2011,08/23/2011,08/23/2011,N,08/23/2011,09/15/2013,,08/23/2011,AAC,12/29/2012,,,,
1879147-20110916,2105287,39346,2,"NORRIDGE SEWER & WATER CONSTRUCTION, INC",NORRIDGE SEWER & WATER CONSTRUCTION,9233 W CHERRY AVE,FRANKLIN PARK,IL,60131,,,,,1010,Limited Business License,,,1879147.0,RENEW,,07/15/2011,12/14/2011,N,09/16/2011,09/15/2013,01/03/2012,01/04/2012,AAI,,,,,
1577613-20050516,1591442,288023,1,B & Y CANADY ENTERPRISES VI INC,MCDONALDS,845 N MICHIGAN AVE,CHICAGO,IL,60611,2.0,37.0,2-37,18.0,1006,Retail Food Establishment,775,Retail Sales of Perishable Foods,1577613.0,RENEW,,03/23/2005,01/12/2006,N,05/16/2005,05/15/2006,01/12/2006,01/13/2006,AAI,,,41.898079921,-87.623945706,"(41.898079920503314, -87.6239457056618)"
2418050-20150720,2418050,382644,2,"Y&T Services,Inc.","Y&T Services,Inc.",253  BRIDLEWOOD CT 1,SCHAUMBURG,IL,60173,,,,,4404,Regulated Business License,673,Home Repair Services,2418050.0,ISSUE,,07/17/2015,07/17/2015,N,07/20/2015,07/15/2017,07/17/2015,07/20/2015,AAI,,,,,
1979681-20090622,1979681,344739,1,DAVID ALLEN O'DELL,DAVID ALLEN O'DELL,201 N ROCKFORD AVE,ROCKFORD,IL,61107,,,,,1605,Street Performer,,,1979681.0,ISSUE,06/22/2009,06/22/2009,06/22/2009,N,06/22/2009,07/15/2011,,06/22/2009,AAI,,,,,
2308205-20140128,2308205,387813,1,"American Underground of IL, LLC","American Underground of IL, LLC",373  SCHMALE RD SECOND 203,CAROL STREAM,IL,60188,,,,,1010,Limited Business License,708,Miscellaneous Commercial Services,2308205.0,ISSUE,,01/27/2014,01/27/2014,N,01/28/2014,02/15/2016,01/27/2014,01/28/2014,AAI,,,,,
35331-20070216,1784616,86125,3,ANCHORAGE CONSTRUCTION INC,ANCHORAGE CONSTRUCTION INC,1944  D LEHIGH  1ST,GLENVIEW,IL,60025,,,,,1010,Limited Business License,,,35331.0,RENEW,,12/20/2006,01/17/2007,N,02/16/2007,04/15/2008,01/17/2007,01/18/2007,AAI,,,,,
1403361-20100116,2006435,266934,2,LORI WESSON - LEE,SWEET PEA TRANSPORTATION INC,7000 S CICERO AVE,BEDFORD PARK,IL,60638,,,,,1010,Limited Business License,,,1403361.0,RENEW,,11/16/2009,01/14/2010,N,01/16/2010,01/15/2012,01/14/2010,01/14/2010,AAI,,,41.765869291,-87.742080701,"(41.76586929142589, -87.74208070061113)"
1093047-20070216,1785583,207006,1,SAM MUNASSAR ODISHO,TOPLINE,8036 N KOLMAR AVE,SKOKIE,IL,60076,,,,,1010,Limited Business License,,,1093047.0,RENEW,,12/20/2006,01/09/2007,N,02/16/2007,04/15/2009,01/09/2007,01/10/2007,AAI,,,,,
2270975-20170716,2534000,383018,1,"Financial Asset Management Systems, Inc.","Financial Asset Management Systems, Inc.",70  CORPORATE HILLS DR  103,ST. CHARLES,MO,63301,,,,,4404,Regulated Business License,912,Debt Collecting - Administrative Commercial Office,2270975.0,RENEW,,05/15/2017,07/07/2017,N,07/16/2017,07/15/2019,07/07/2017,07/10/2017,AAI,,,,,
2060969-20141016,2353267,357307,1,"HIS Constructors, INC","HIS Constructors, INC",5150 E 65TH ST  B,INDIANAPOLIS,IN,46220,,,,,1010,Limited Business License,,,2060969.0,RENEW,,08/15/2014,09/17/2014,N,10/16/2014,10/15/2016,09/17/2014,09/18/2014,AAI,,,,,
1196048-20050216,1564630,220693,1,CITY UTILITY EQUIPMENT,CITY UTILITY EQUIPMENT,22414 W 143RD ST,PLAINFIELD,IL,60544,,,,,1010,Limited Business License,,,1196048.0,RENEW,,12/20/2004,01/19/2005,N,02/16/2005,02/15/2006,01/19/2005,01/20/2005,AAI,,,,,
2205675-20140216,2300914,204038,2,"AMERICAN PRIDE HEATING & COOLING, INC.",AMERICAN PRIDE HEATING & COOLING,8115 N WISNER  1ST,NILES,IL,60714,,,,,4404,Regulated Business License,673,Home Repair Services,2205675.0,RENEW,,12/15/2013,01/21/2014,N,02/16/2014,02/15/2016,01/21/2014,01/22/2014,AAI,,,,,
36092-20051116,1629356,33020,1,BANNER PLUMBING SUPPLY CO INC,BANNER PLUMBING SUPPLY CO INC,7255 S COTTAGE GROVE AVE,CHICAGO,IL,60619,8.0,39.0,8-39,3.0,1010,Limited Business License,,,36092.0,RENEW,,09/22/2005,10/11/2005,N,11/16/2005,11/15/2006,10/11/2005,10/12/2005,AAI,,,41.7625576,-87.605350405,"(41.762557600300234, -87.60535040531462)"
2340335-20140618,2340335,391190,1,"Restoration And Preservation Enterprises, Inc.",R&P Enterprises,455 N HARRISON ST,KANKAKEE,IL,60901,,,,,1010,Limited Business License,708,Miscellaneous Commercial Services,2340335.0,ISSUE,,06/17/2014,06/17/2014,N,06/18/2014,07/15/2016,06/17/2014,06/18/2014,AAI,,,,,
1276776-20030216,1310283,23146,3,"QUICKSILVER MECHANICAL, INC.","QUICKSILVER MECHANICAL, INC.",3361 N RIDGE,ARLINGTON HEIGHTS,IL,60004,,,,,1010,Limited Business License,,,1276776.0,RENEW,,12/17/2002,01/15/2003,N,02/16/2003,02/15/2004,01/15/2003,01/16/2003,AAI,,,,,
1248775-20040216,1453346,28655,2,A T M I,A T M I,960  RIDGEWAY AVE,AURORA,IL,60506,,,,,1010,Limited Business License,,,1248775.0,RENEW,,12/15/2003,01/20/2004,N,02/16/2004,02/15/2005,12/22/2003,01/21/2004,AAI,,,,,
1573177-20050113,1573177,286109,1,R.A. SMITH PLUMBING & CONSTRUCTION INC.,R. A. SMITH PLUMBING & CONSTRUCTION INC.,1200  RING RD,CALUMET CITY,IL,60409,,,,,1010,Limited Business License,,,1573177.0,ISSUE,12/27/2004,01/12/2005,01/12/2005,N,01/13/2005,02/15/2006,01/12/2005,01/13/2005,AAI,,,,,
1069978-20030816,1370320,64940,3,BARBARA J PRATT,PRATT'S BILLIARDS & ETC.,459 W 79TH ST,CHICAGO,IL,60620,17.0,53.0,17-53,6.0,1010,Limited Business License,,,1069978.0,RENEW,,06/24/2003,08/15/2003,N,08/16/2003,08/15/2004,08/15/2003,08/18/2003,AAI,,32.0,41.750636674,-87.636663903,"(41.750636673514464, -87.63666390289357)"
1225263-20120316,2136090,243037,1,"GUERO LANDSCAPING CONSTRUCTION, INC.","GUERO LANDSCAPING CONSTRUCTION, INC.",4929 W 82ND ST,BURBANK,IL,60459,,,,,1010,Limited Business License,,,1225263.0,RENEW,,01/17/2012,03/03/2012,N,03/16/2012,03/15/2014,03/03/2012,03/06/2012,AAI,,,,,
83956-20021116,1292775,81071,1,MARTIN PEREZ,M & J,3409 W 66TH ST 1ST,CHICAGO,IL,60629,23.0,28.0,23-28,8.0,1012,Home Occupation,,,83956.0,RENEW,,09/24/2002,11/12/2002,N,11/16/2002,11/15/2003,11/12/2002,11/13/2002,AAI,,,41.773318046,-87.708274458,"(41.77331804570451, -87.70827445826193)"
1170163-20020216,1220116,218537,1,MOHAMMED GHOUSUDDIN QASMI,786,2001 N HARLEM AVE,CHICAGO,IL,60707,29.0,45.0,29-45,25.0,1275,Filling Station,666,Operation of a Fuel Filling Station,1170163.0,RENEW,,12/21/2001,03/01/2002,N,02/16/2002,02/15/2003,03/01/2002,03/05/2002,AAI,,,41.916283891,-87.80586288,"(41.91628389135787, -87.80586288035137)"
2074089-20150216,2371626,313716,3,"RAPID ROOTER SEWER & DRAIN, INC.","RAPID ROOTER SEWER & DRAIN, INC.",8057 N OCTAVIA AVE,NILES,IL,60714,,,,,1010,Limited Business License,,,2074089.0,RENEW,,12/15/2014,01/03/2015,N,02/16/2015,02/15/2017,01/03/2015,01/05/2015,AAI,,,,,
2156677-20180616,2593346,372394,1,SUNG OP PAK,CAMEO CLEANER,1349 W MORSE AVE 1ST,CHICAGO,IL,60626,49.0,26.0,49-26,24.0,1010,Limited Business License,,,2156677.0,RENEW,,04/15/2018,06/07/2018,N,06/16/2018,06/15/2020,06/07/2018,06/08/2018,AAI,,24.0,42.007805626,-87.665700597,"(42.00780562604966, -87.66570059748655)"
2142552-20120326,2142552,341796,7,HI-TECH FX LLC,HI-TECH FX LLC,18060  170TH AVE,YARMOUTH,IA,52660,,,,,1253,Explosives,853,Use of Explosives,2142552.0,C_LOC,03/13/2012,03/22/2012,03/22/2012,N,03/26/2012,04/15/2013,03/23/2012,03/26/2012,AAI,,,,,
2269478-20150716,2403190,382194,1,"Razor Capital II, LLC","Razor Capital II, LLC",8000  NORMAN CTR. DR  860,BLOOMINGTON,MN,55437,,,,,4404,Regulated Business License,912,Debt Collecting - Administrative Commercial Office,2269478.0,RENEW,,05/15/2015,06/15/2015,N,07/16/2015,07/15/2017,06/15/2015,06/16/2015,AAI,,,,,
1196827-20020816,1252097,12627,1,"GRASMERE PLACE, LLC","GRASMERE PLACE, LLC",4621 N SHERIDAN RD,CHICAGO,IL,60640,46.0,22.0,46-22,19.0,1005,Long-Term Care Facility,,,1196827.0,RENEW,,06/28/2002,08/03/2002,N,08/16/2002,08/15/2003,08/03/2002,08/15/2002,AAI,,34.0,41.966008334,-87.654643679,"(41.96600833402895, -87.65464367873378)"
73629-20020216,1212703,61568,1,GREG'S DECORATING,GREG'S DECORATING,3409 W WOODWORTH   1,HAZEL CREST,IL,60429,,,,,1011,Home Repair,,,73629.0,RENEW,,12/20/2001,01/17/2002,N,02/16/2002,02/15/2003,02/14/2002,02/15/2002,AAI,,,,,
1403716-20120216,2132047,267270,1,LEON CONSTRUCTION CO.,JAIME GUERRERO AS LEON CONSTRUCTION,1407 S 61ST AVE,CICERO,IL,60804,,,,,1010,Limited Business License,,,1403716.0,RENEW,,12/15/2011,01/10/2012,N,02/16/2012,02/15/2014,01/10/2012,01/10/2012,AAI,,,,,
1246917-20061116,1745639,10627,1,OSCEOLA FENCE CORPORATION,OSCEOLA FENCE CORPORATION,3939 W DICKENS AVE,CHICAGO,IL,60647,26.0,5.0,26-5,25.0,1009,Manufacturing Establishments,,,1246917.0,RENEW,,09/20/2006,11/23/2006,N,11/16/2006,11/15/2007,11/23/2006,11/24/2006,AAI,,,41.918894504,-87.725792641,"(41.91889450440689, -87.72579264073927)"
28560-20020216,1223747,53301,1,JOSEPH CONTI & DAN SCHUMAN,C & S ENTERPRISES,849 W KENILWORTH   1,PALATINE,IL,60067,,,,,1010,Limited Business License,,,28560.0,RENEW,,02/05/2002,02/05/2002,N,02/16/2002,02/15/2003,02/05/2002,02/06/2002,AAI,,,,,
1591967-20050330,1591967,289530,1,KANTRELL D NICHOLSON,PLUMBING HEATING PIPING,741  RED OAK LN 1,UNIVERSITY PARK,IL,60466,,,,,1011,Home Repair,,,1591967.0,ISSUE,03/29/2005,03/29/2005,03/29/2005,N,03/30/2005,02/15/2006,03/29/2005,03/30/2005,AAI,,,,,
2270201-20130626,2270201,382506,1,"THE TRAF GROUP, INC.",A-1 Collection Service,101  GROVERS MILL ROAD   303,LAWRENCEVILL,NJ,08648,,,,,4404,Regulated Business License,912,Debt Collecting - Administrative Commercial Office,2270201.0,ISSUE,,06/26/2013,06/26/2013,N,06/26/2013,07/15/2015,06/26/2013,06/26/2013,AAI,,,,,
1382747-20030808,1382747,266417,1,"CELL PHONE DEPOT, INC.",PHONE DEPOT,6535 S HALSTED ST  B,CHICAGO,IL,60621,20.0,16.0,20-16,7.0,1010,Limited Business License,,,1382747.0,ISSUE,08/06/2003,08/07/2003,08/07/2003,N,08/08/2003,11/15/2003,08/07/2003,08/08/2003,AAI,,,41.775104581,-87.64455407,"(41.77510458059575, -87.64455406994006)"
72179-20060216,1654410,21794,3,"CONSTRUCTION DESIGN SERVICES, LTD","CONSTRUCTION DESIGN SERVICES, LTD",249 E PROSPECT AVE  100,MOUNT PROSPECT,IL,60056,,,,,1010,Limited Business License,,,72179.0,RENEW,,12/21/2005,01/27/2006,N,02/16/2006,02/15/2007,01/27/2006,01/30/2006,AAI,,,,,
2004044-20151016,2420963,265103,3,CITY SERVICE ELECTRIC INC.,"City Service Electric, Inc.",5710 N NORTHWEST HWY 1,CHICAGO,IL,60646,45.0,33.0,45-33,16.0,1010,Limited Business License,,,2004044.0,RENEW,,08/15/2015,09/24/2015,N,10/16/2015,10/15/2017,09/24/2015,09/25/2015,AAI,,,41.985450407,-87.787039845,"(41.98545040713645, -87.7870398451915)"
2202322-20121121,2202322,324323,76,AMBER ARNESON,11/21/12 - 12/18/12 ARNESON CHRISTMAS TREE SALES,440 W LAKE ST,CHICAGO,IL,60606,42.0,18.0,42-18,12.0,1685,"Itinerant Merchant, Class II",,,2202322.0,ISSUE,11/21/2012,11/21/2012,11/21/2012,N,11/21/2012,12/18/2012,11/21/2012,11/21/2012,AAI,,,41.885831261,-87.639668112,"(41.88583126134899, -87.63966811214964)"
27059-20060216,1656437,30668,1,MONSON-NICHOLAS INC,MONSON-NICHOLAS INC,714 N YALE   1,VILLA PARK,IL,60181,,,,,1010,Limited Business License,,,27059.0,RENEW,,12/21/2005,02/06/2006,N,02/16/2006,02/15/2007,02/06/2006,02/07/2006,AAI,,,,,
1352316-20040216,1467443,261395,1,JADWIGA E DROGOS,JADWIGA E DROGOS,2926 N LOUIS ST,FRANKLIN PARK,IL,60131,,,,,1525,Massage Therapist,,,1352316.0,RENEW,,12/15/2003,02/13/2004,N,02/16/2004,02/15/2005,12/22/2003,02/17/2004,AAC,01/03/2005,,,,
1145528-20120216,2130843,16139,2,"BUDDHA BAR, INC.",FUNKY BUDDHA LOUNGE,724-728 W GRAND AVE 1,CHICAGO,IL,60654,27.0,11.0,27-11,12.0,1470,Tavern,829,Tavern - Consumption of Liquor on Premise,1145528.0,RENEW,,12/15/2011,02/15/2012,N,02/16/2012,02/15/2014,02/15/2012,02/16/2012,AAI,,,41.891303656,-87.646889981,"(41.891303656116705, -87.6468899813784)"
2560491-20171005,2560491,422054,1,KRISTYN KLEAR,KRISTYN KLEAR,[REDACTED FOR PRIVACY],DEER PARK,IL,60010,,,,,7009,Pharmaceutical Representative,990,Markets / Promotes Pharmaceuticals to Health Care Professionals and Conducts Business for More than 15 Calendar Days per Year,2560491.0,ISSUE,10/03/2017,10/03/2017,10/04/2017,N,10/05/2017,10/15/2018,10/04/2017,10/05/2017,AAI,,,,,
2037119-20100601,2037119,353813,1,RAYMOND A. DUREAULT III,RAYMOND A. DUREAULT III,57  RUGGLES ST,PROVIDENCE,RI,02908,,,,,1604,"Peddler, non-food",,,2037119.0,ISSUE,06/01/2010,06/01/2010,06/01/2010,N,06/01/2010,06/15/2012,,06/01/2010,AAI,,,,,
1696508-20060420,1696508,68098,3,REMET CORPORATION,REMET CORPORATION,300 N ELIZABETH ST  210,CHICAGO,IL,60607,27.0,33.0,27-33,12.0,1010,Limited Business License,,,1696508.0,ISSUE,04/19/2006,04/19/2006,04/19/2006,N,04/20/2006,02/15/2007,04/19/2006,04/20/2006,AAI,,,41.886697123,-87.659039637,"(41.886697122870025, -87.65903963714334)"
1445919-20031121,1445919,270342,1,OP CHICAGO BUILDERS LLC,"OP CHICAGO BUILDERS, LLC",2201 N WAUKEGAN,BANNOCKBURN,IL,60015,,,,,1011,Home Repair,,,1445919.0,ISSUE,11/13/2003,11/20/2003,11/20/2003,N,11/21/2003,02/15/2004,11/20/2003,11/21/2003,AAI,,,,,
2124638-20111102,2124638,367171,1,"STEAKW' CH, INC.","STEAKW' CH, INC.",67  EISENHOWER LN SOUTH  1ST,LOMBARD,IL,60148,,,,,1315,Mobile Food Dispenser,,,2124638.0,ISSUE,10/19/2011,10/27/2011,10/27/2011,N,11/02/2011,11/15/2013,11/02/2011,11/02/2011,AAC,12/29/2012,,,,
2270943-20130702,2270943,382995,1,MAX CAMERON MAUER,MAX CAMERON MAUER,416 E SUNNYSIDE,LIBERTYVILLE,IL,60048,,,,,4406,Peddler License,819,"Street Performer, Moving Along the Public Way",2270943.0,ISSUE,07/02/2013,07/02/2013,07/02/2013,N,07/02/2013,07/15/2015,,07/02/2013,AAI,,,,,
1141819-20101016,2051675,210667,1,CHICAGO HILTON LLC,CHICAGO HILTON & TOWERS,720 S MICHIGAN AVE,CHICAGO,IL,60605,4.0,18.0,4-18,1.0,1475,Consumption on Premises - Incidental Activity,638,Consumption of Liquor on Premises,1141819.0,RENEW,,08/16/2010,10/07/2010,N,10/16/2010,10/15/2012,10/07/2010,10/08/2010,AAI,,,41.872798869,-87.62433781,"(41.87279886935482, -87.62433781031022)"
1443498-20050216,1557068,41538,2,PATRICK J DAVOREN,DAVON BUILDERS,12201  SADDLE BROOK LN,LEMONT,IL,60439,,,,,1010,Limited Business License,,,1443498.0,RENEW,,12/20/2004,03/11/2005,N,02/16/2005,02/15/2006,03/11/2005,03/14/2005,AAI,,,,,
2207150-20130316,2228031,306109,1,"JASPER BUILDERS, INC.",JASPER BUILDERS,1700 S PROSPECT,PARK RIDGE,IL,60068,,,,,4404,Regulated Business License,601,Acquisition and Improvement of Land/Residential Buildings,2207150.0,RENEW,,01/17/2013,05/14/2013,N,03/16/2013,03/15/2015,05/14/2013,05/15/2013,AAI,,,,,
80495-20020816,1263566,65382,2,"PH.D. ELECTRONICS, INC.",PHD ELECTRONICS INC.,3144-3148 W CERMAK RD 1ST,CHICAGO,IL,60623,24.0,53.0,24-53,10.0,1061,Electronic Equipment Repair,,,80495.0,RENEW,,06/28/2002,07/19/2002,N,08/16/2002,08/15/2003,07/19/2002,07/22/2002,AAI,,,41.851884702,-87.704556342,"(41.85188470196386, -87.70455634207889)"
2363878-20141106,2363878,393595,19,"MATTRESS FIRM, INC.",Mattress Firm #119090,1525 E 87TH ST 1,CHICAGO,IL,60619,8.0,,8-,,1010,Limited Business License,900,Sale of Furniture,2363878.0,ISSUE,,11/05/2014,11/05/2014,N,11/06/2014,10/15/2016,11/05/2014,11/06/2014,AAI,,50.0,41.736785184,-87.586956991,"(41.73678518410439, -87.58695699053386)"
71170-20050216,1552756,21566,1,"EIESLAND BUILDERS, INC.",EIESLAND BUILDERS INC,2041  JOHNS DR 1ST,GLENVIEW,IL,60025,,,,,1010,Limited Business License,,,71170.0,RENEW,,12/20/2004,02/11/2005,N,02/16/2005,02/15/2006,02/11/2005,02/14/2005,AAI,,,,,
1170029-20020216,1220102,218464,1,"Arctic Heating & Air Conditioning, Inc.",Arctic Heating & Air Conditioning,13836 S 85TH AVE,ORLAND PARK,IL,60462,,,,,1011,Home Repair,,,1170029.0,RENEW,,12/21/2001,02/08/2002,N,02/16/2002,02/15/2003,04/11/2002,04/12/2002,AAC,12/26/2002,,,,
8809-20020216,1199076,5102,15,RECORD TOWN MINNESOTA INC,COCONUTS #230,6001 N LINCOLN AVE  1ST F,CHICAGO,IL,60659,50.0,23.0,50-23,24.0,1010,Limited Business License,,,8809.0,RENEW,,12/20/2001,02/28/2002,N,02/16/2002,05/15/2002,02/28/2002,05/01/2002,AAI,,,41.990506299,-87.70734767,"(41.99050629857926, -87.70734766976156)"
83310-20020216,1214391,68414,1,BOGUSLAW M RYZAK,MARKO CONSTRUCTION,453 N TRUE  1ST,GRIFFITH,IN,46319,,,,,1010,Limited Business License,,,83310.0,RENEW,,12/20/2001,02/15/2002,N,02/16/2002,02/15/2003,02/15/2002,02/15/2002,AAI,,,,,
1999138-20091016,1999138,341151,11,"RELIABLE RECOVERY SERVICES, INC.",PAUL W. HOWLETT III,827  GARDNER ST 1,JOLIET,IL,60433,,,,,1842,Repossessor Class B Employee,,,1999138.0,ISSUE,10/13/2009,10/13/2009,10/13/2009,N,10/16/2009,07/15/2010,10/16/2009,10/16/2009,AAI,,,,,
2074419-20150116,2367679,359118,1,ALPHARD G. HOLLAND,ESCAPE LANDSCAPING LAWNSERVICE,685 E 144TH PL,DOLTON,IL,60419,,,,,1010,Limited Business License,,,2074419.0,RENEW,,11/15/2014,01/14/2015,N,01/16/2015,01/15/2017,01/14/2015,01/15/2015,AAI,,,,,
1574395-20050118,1574395,286667,1,SERGEY   LOBANOV,L.S.V. HEATING AND COOLING,21348 W STARRY LN,LAKE ZURICH,IL,60047,,,,,1011,Home Repair,,,1574395.0,ISSUE,01/14/2005,01/14/2005,01/14/2005,N,01/18/2005,02/15/2006,01/14/2005,01/18/2005,AAI,,,,,
81818-20060216,1662350,68018,1,PRESTIGE OFFICE PRODUCTS INC,PRESTIGE OFFICE PRODUCTS INC,9801 S 78 AVE 1ST,HICKORY HILLS,IL,60457,,,,,1010,Limited Business License,,,81818.0,RENEW,,12/21/2005,01/24/2006,N,02/16/2006,02/15/2007,01/24/2006,01/25/2006,AAI,,,,,
84212-20050216,1579795,81425,1,J & J AIRCONDITIONING & HEATING INC.,J & J AIR CONDITIONING/HEATING,9000 W 79TH ST 1ST,JUSTICE,IL,60458,,,,,1011,Home Repair,,,84212.0,RENEW,,03/19/2005,03/08/2005,N,02/16/2005,02/15/2006,04/29/2005,05/02/2005,AAI,,,,,
2536640-20170612,2536640,417742,1,ALAN  LEE  CLARK,ALAN  LEE  CLARK,93  DUNES LAKE CIR  307,SANTA ROSA BEACH,FL,32459,,,,,4406,Peddler License,819,"Street Performer, Moving Along the Public Way",2536640.0,ISSUE,06/12/2017,06/12/2017,06/12/2017,N,06/12/2017,06/15/2019,,06/12/2017,AAI,,,,,
1964302-20090401,1964302,339984,1,L-C-J CONSTRUCTION INC.,L-C-J CONSTRUCTION INC.,1113  PLAINFIELD RD 1,JOLIET,IL,60433,30.0,30.0,30-30,17.0,1010,Limited Business License,,,1964302.0,ISSUE,04/01/2009,04/01/2009,04/01/2009,N,04/01/2009,08/15/2009,04/01/2009,04/01/2009,AAI,,,,,
1196048-20030216,1325439,220693,1,CITY UTILITY EQUIPMENT,CITY UTILITY EQUIPMENT,22414 W 143RD ST,PLAINFIELD,IL,60544,,,,,1010,Limited Business License,,,1196048.0,RENEW,,12/17/2002,01/21/2003,N,02/16/2003,02/15/2004,01/21/2003,01/22/2003,AAI,,,,,
1358210-20100416,2019599,264420,1,JERICO SERVICES  ETC INC.,JERICO SERVICES ETC INC.,937  BARNSIDE RD,NEW LENOX,IL,60451,,,,,1011,Home Repair,,,1358210.0,RENEW,,02/11/2010,04/01/2010,N,04/16/2010,04/15/2012,04/01/2010,04/02/2010,AAI,,,,,
1697571-20060504,1697571,304022,1,"ABC HEATING & COOLING,INC.","A.B.C. HEATING & COOLING,INC.",9025  TIMBERWOOD LN,TINLEY PARK,IL,60477,,,,,1010,Limited Business License,,,1697571.0,ISSUE,05/02/2006,05/03/2006,05/03/2006,N,05/04/2006,02/15/2007,05/03/2006,05/04/2006,AAI,,,,,
2205526-20121229,2205526,67440,11,"HOMEWOOD DISPOSAL SERVICE, INC.",HOMEWOOD DISPOSAL SERVICE INC,1501 W 175TH ST,HOMEWOOD,IL,60430,,,,,4404,Regulated Business License,741,Private Scavenger - Vehicle,2205526.0,ISSUE,,,,N,12/29/2012,01/15/2013,,12/29/2012,AAI,,,,,
2548679-20170821,2548679,419043,1,MICHAEL NOEL,MICHAEL NOEL,[REDACTED FOR PRIVACY],NORTHFIELD,MN,55057,,,,,7009,Pharmaceutical Representative,990,Markets / Promotes Pharmaceuticals to Health Care Professionals and Conducts Business for More than 15 Calendar Days per Year,2548679.0,ISSUE,07/17/2017,07/17/2017,08/18/2017,N,08/21/2017,09/15/2018,08/18/2017,08/21/2017,AAI,,,,,
2270339-20130627,2270339,380071,1,BROWN AND JOSEPH LTD,BROWN AND JOSEPH LTD,2550 W GOLF RD 3 300,ROLLING MEADOWS,IL,60008,,,,,4404,Regulated Business License,912,Debt Collecting - Administrative Commercial Office,2270339.0,ISSUE,06/26/2013,06/26/2013,06/26/2013,N,06/27/2013,04/15/2015,06/26/2013,06/27/2013,AAI,,,,,
2212878-20121229,2212878,364596,1,ANDREW PAUL PEDERSON,ANDREW PAUL PEDERSON,828  POTTAWATOMIE TRAIL,BATAVIA,IL,60510,,,,,4406,Peddler License,819,"Street Performer, Moving Along the Public Way",2212878.0,ISSUE,,,,N,12/29/2012,08/15/2013,,12/29/2012,AAI,,,,,
16966-20090516,1960415,6983,1,MOSBECK INDUSTRIAL EQUIPMENT,MOSBECK INDUSTRIAL EQUIPMENT,160 W 154TH   1,SOUTH HOLLAND,IL,60473,,,,,1010,Limited Business License,,,16966.0,RENEW,,03/16/2009,06/12/2009,N,05/16/2009,05/15/2011,06/23/2009,06/24/2009,AAI,,,,,
46599-20051116,1626289,16678,1,BEAU'S INC,TRI STAR CATERING,150 S WACKER DR  56,CHICAGO,IL,60606,42.0,12.0,42-12,1.0,1010,Limited Business License,,,46599.0,RENEW,,09/22/2005,10/31/2005,N,11/16/2005,11/15/2006,10/31/2005,11/01/2005,AAI,,,41.879410846,-87.637103957,"(41.8794108457744, -87.63710395748413)"
2270323-20130627,2270323,382574,1,Nationwide Credit Corporation,Nationwide Credit Corporation,5503   CHEROKEE AVE,ALEXANDRIA,VA,22312,,,,,4404,Regulated Business License,912,Debt Collecting - Administrative Commercial Office,2270323.0,ISSUE,,06/26/2013,06/26/2013,N,06/27/2013,07/15/2015,06/26/2013,06/27/2013,AAI,,,,,
1621983-20060216,1674376,295601,1,ZYNOVIY DANCHYSHYN,ZENEK HEATING & COOLING,684  LAKESIDE CIR DR,WHEELING,IL,60090,,,,,1011,Home Repair,,,1621983.0,RENEW,,12/21/2005,03/02/2006,N,02/16/2006,02/15/2007,03/02/2006,03/02/2006,AAI,,,,,
2404690-20150526,2404690,398743,1,MAKOTO HALVERSON,MAKOTO HALVERSON,9956  DUFFY ST 1,TEMPLE CITY,CA,91780,,,,,4406,Peddler License,819,"Street Performer, Moving Along the Public Way",2404690.0,ISSUE,05/26/2015,05/26/2015,05/26/2015,N,05/26/2015,06/15/2017,,05/26/2015,AAI,,,,,
2083845-20170316,2508735,261022,1,GLUTH BROTHERS ROOFING COMPANY INC.,GLUTH BROTHERS ROOFING,6701  OSBOURNE AVE,HAMMOND,IN,46323,,,,,1010,Limited Business License,,,2083845.0,RENEW,,01/15/2017,02/07/2017,N,03/16/2017,03/15/2019,02/07/2017,02/08/2017,AAI,,,,,
1597498-20140416,2311490,287645,1,AUTOFROST CORP.,AUTOFROST,9717  SPRING ST,HIGHLAND PARK,IN,46322,,,,,1006,Retail Food Establishment,775,Retail Sales of Perishable Foods,1597498.0,RENEW,,02/15/2014,03/26/2014,N,04/16/2014,04/15/2016,03/26/2014,03/27/2014,AAI,,,,,
2263888-20170616,2527349,381969,1,"MiraMed Revenue Group, LLC","MiraMed Revenue Group, LLC",991  OAK CREEK DR,LOMBARD,IL,60148,,,,,4404,Regulated Business License,912,Debt Collecting - Administrative Commercial Office,2263888.0,RENEW,,04/15/2017,05/23/2017,N,06/16/2017,06/15/2019,05/23/2017,05/24/2017,AAI,,,,,
1195609-20120316,2135222,22884,1,V MECHANICAL,V MECHANICAL,2508 S 56TH CT,CICERO,IL,60804,,,,,1010,Limited Business License,,,1195609.0,RENEW,,01/17/2012,02/23/2012,N,03/16/2012,03/15/2014,02/23/2012,08/29/2012,AAI,,,,,
2358759-20161016,2487120,393575,1,"Signature Performance Tiburon, LLC",Tiburon Financial,11510  BLONDO  ST  200,OMAHA,NE,68164,,,,,4404,Regulated Business License,912,Debt Collecting - Administrative Commercial Office,2358759.0,RENEW,,08/15/2016,09/09/2016,N,10/16/2016,10/15/2018,09/09/2016,09/12/2016,AAC,05/26/2017,,,,
2134682-20120113,2134682,355812,3,A Plus Datacomm Inc,"A Plus Datacomm, Inc.",5740  CENTRAL  AVE  A,PORTAGE,IN,46368,,,,,1010,Limited Business License,,,2134682.0,ISSUE,,01/12/2012,01/12/2012,N,01/13/2012,08/15/2012,01/12/2012,01/13/2012,AAI,,,,,
1197307-20071116,1860021,222384,1,EUSEBIO ARELLANO,NIKKI & PETE'S FABULOUS DELI,1520 N HALSTED ST,CHICAGO,IL,60622,2.0,13.0,2-13,18.0,1006,Retail Food Establishment,775,Retail Sales of Perishable Foods,1197307.0,RENEW,,09/21/2007,11/15/2007,N,11/16/2007,11/15/2008,11/15/2007,05/09/2008,AAI,,,41.909253823,-87.648378771,"(41.90925382335916, -87.64837877121674)"
2595413-20180430,2595413,427212,1,DAMIAN  ROZELL,DAMIAN  ROZELL,6209 E 75TH ST 1,TULSA,OK,74136,,,,,4406,Peddler License,819,"Street Performer, Moving Along the Public Way",2595413.0,ISSUE,04/30/2018,04/30/2018,04/30/2018,N,04/30/2018,05/15/2020,,04/30/2018,AAI,,,,,
2031946-20100427,2031946,352784,1,"Achieve3000, INC.","Achieve3000, INC.",1091 N RIVER  AVE,LAKEWOOD,NJ,08701,,,,,1010,Limited Business License,,,2031946.0,ISSUE,,04/26/2010,04/26/2010,N,04/27/2010,05/15/2012,04/26/2010,04/27/2010,AAI,,,,,
1227351-20030216,1314696,39104,2,SHUBERT PAINTING,SHUBERT PAINTING,16407 S DIXIE HIGHWAY,MARKHAM,IL,60428,,,,,1010,Limited Business License,,,1227351.0,RENEW,,12/17/2002,02/28/2003,N,02/16/2003,02/15/2004,03/06/2003,03/07/2003,AAI,,,,,
18611-20160516,2453266,7551,16,"BOND DRUG COMPANY OF ILLINOIS, LLC",WALGREENS #1593,5230 N MILWAUKEE AVE,CHICAGO,IL,60630,45.0,8.0,45-8,16.0,1006,Retail Food Establishment,775,Retail Sales of Perishable Foods,18611.0,RENEW,,03/15/2016,04/19/2016,N,05/16/2016,05/15/2018,04/19/2016,04/20/2016,AAI,,,41.975305716,-87.767593024,"(41.975305715984945, -87.76759302350574)"
2551350-20170823,2551350,420662,1,DARLA HENRY,DARLA HENRY,[REDACTED FOR PRIVACY],HINSDALE,IL,60521,,,,,7009,Pharmaceutical Representative,990,Markets / Promotes Pharmaceuticals to Health Care Professionals and Conducts Business for More than 15 Calendar Days per Year,2551350.0,ISSUE,08/22/2017,08/22/2017,08/22/2017,N,08/23/2017,09/15/2018,08/22/2017,08/23/2017,AAI,,,,,
1965132-20091016,1987545,19796,2,"EUROPEAN QUALITY TUCKPOINTING, INC.",EUROPEAN QUALITY TUCKPOINTING,9331  SCHILLER BLVD,FRANKLIN PARK,IL,60131,,,,,1010,Limited Business License,,,1965132.0,RENEW,,08/14/2009,09/28/2009,N,10/16/2009,10/15/2011,09/28/2009,09/29/2009,AAI,,,,,
1300020-20030216,1329187,254143,1,DMYTRO KIRICHENKO,DMYTRO  KIRICHENKO,8025  KILPATRICK AVE  1-C,SKOKIE,IL,60076,,,,,1525,Massage Therapist,,,1300020.0,RENEW,,12/17/2002,01/15/2003,N,02/16/2003,02/15/2004,01/15/2003,01/16/2003,AAI,,,,,
1771186-20070216,1797631,312002,1,GERSON PAUL SANCHEZ,GERSON PAUL SANCHEZ,3320 S 57TH ST,CICERO,IL,60804,,,,,1010,Limited Business License,,,1771186.0,RENEW,,12/20/2006,03/21/2007,N,02/16/2007,02/15/2008,03/21/2007,03/22/2007,AAI,,,,,
1904668-20180516,2586707,331258,1,"Freedom Heating & Cooling, Inc.",FREEDOM HEATING & COOLING,9958 W GRAND AVE,FRANKLIN PARK,IL,60131,,,,,1010,Limited Business License,902 | 901,"Heating, Ventilation and Air Conditioning Services - Commercial | Heating, Ventilation and Air Conditioning Services - Residential",1904668.0,RENEW,,03/15/2018,03/29/2018,N,05/16/2018,05/15/2020,03/29/2018,03/30/2018,AAI,,,,,
2130078-20120329,2130078,368248,2,"Mufflers For Less III, Inc",VELASQUEZ MUFFLERS & BRAKES,2600-2608 N LARAMIE AVE 1ST,CHICAGO,IL,60639,31.0,48.0,31-48,25.0,1569,Motor Vehicle Repair : Engine Only (Class II),,,2130078.0,ISSUE,12/07/2011,03/29/2012,03/29/2012,N,03/29/2012,04/15/2014,03/29/2012,03/29/2012,AAC,12/29/2012,,41.927819806,-87.756431028,"(41.92781980610793, -87.75643102769352)"
1249510-20030216,1327981,249779,1,"NORTHWOODS, INC.",NORTHWOODS INC.,15210 S WOODMAR DR,ORLAND PARK,IL,60462,,,,,1010,Limited Business License,,,1249510.0,RENEW,,12/17/2002,02/18/2003,N,02/16/2003,02/15/2004,02/18/2003,02/20/2003,AAI,,,,,
2270879-20130702,2270879,382942,1,"Asset Acceptance Recovery Services, LLC","Asset Acceptance Recovery Services, LLC",28405  VAN DYKE  AVE,WARREN,MI,48093,,,,,4404,Regulated Business License,912,Debt Collecting - Administrative Commercial Office,2270879.0,ISSUE,,07/01/2013,07/01/2013,N,07/02/2013,07/15/2015,07/01/2013,07/02/2013,AAI,,,,,
75396-20060216,1654536,22452,2,ABDUL HAMID ALSALAHI,"A.B.HEATING&COOLING,LLC",7838 W 89TH PL,HICKORY HILLS,IL,60457,,,,,1010,Limited Business License,,,75396.0,RENEW,,12/21/2005,01/23/2006,N,02/16/2006,02/15/2007,01/23/2006,01/24/2006,AAI,,,,,
77355-20020216,1202570,22802,2,MARKO BULJUBASIC,MARKO BULJUBASIC,7219  CRAWFORD,LINCOLNWOOD,IL,60712,,,,,1011,Home Repair,,,77355.0,RENEW,,12/20/2001,01/24/2002,N,02/16/2002,02/15/2003,03/11/2002,03/12/2002,AAI,,,,,
1842449-20070716,1842449,320242,1,ARTURO GERARDO MARTINEZ,ARTURO GERARDO MARTINEZ,4914  COLUMBIA AVE,HAMMOND,IN,46327,,,,,1603,"Peddler, food (fruits and vegtables only)",,,1842449.0,ISSUE,07/16/2007,07/16/2007,07/16/2007,N,07/16/2007,08/15/2009,,07/16/2007,AAI,,,,,
2104299-20110712,2104299,364017,1,SOLARES HOME IMPROVEMENTS INC.,SOLARES HOME IMPROVEMENTS INC.,6418 W 26TH PL,BERWYN,IL,60402,,,,,1011,Home Repair,,,2104299.0,ISSUE,07/12/2011,07/12/2011,07/12/2011,N,07/12/2011,07/15/2013,07/12/2011,07/12/2011,AAC,12/29/2012,,,,
26179-20060216,1656407,30505,1,FORIS C. M. INC.,FORIS C.M. INC,3121  BROOKVIEW LN 1ST,PALATINE,IL,60067,,,,,1010,Limited Business License,,,26179.0,RENEW,,12/21/2005,01/23/2006,N,02/16/2006,02/15/2007,01/23/2006,01/24/2006,AAI,,,,,
1332342-20030128,1332342,258268,1,MANUEL MANGAOIL,MJ TRANSPORT,5681 S HUNTINGTON DR,ROUND LAKE,IL,60073,,,,,1010,Limited Business License,,,1332342.0,ISSUE,01/27/2003,01/27/2003,01/27/2003,N,01/28/2003,02/15/2004,01/27/2003,01/28/2003,AAI,,,,,
1248319-20020629,1248319,56668,3,CHARLES TAYLOR,CHARLES TAYLOR/C E T H V A C,3338  BERNICE RD,LANSING,IL,60438,,,,,1010,Limited Business License,,,1248319.0,C_LOC,06/04/2002,06/04/2002,06/04/2002,N,06/29/2002,02/15/2003,06/29/2002,02/24/2003,AAI,,,,,
1842096-20150716,2401780,320073,1,"DIAMOND UNLIMITED, INC.","DIAMOND UNLIMITED, INC.",307  CATON FARM RD,LOCKPORT,IL,60441,,,,,1010,Limited Business License,,,1842096.0,RENEW,,05/15/2015,06/19/2015,N,07/16/2015,07/15/2017,06/19/2015,06/22/2015,AAI,,,,,
1195609-20080316,1885636,22884,1,V MECHANICAL,V MECHANICAL,2508 S 56TH CT,CICERO,IL,60804,,,,,1010,Limited Business License,,,1195609.0,RENEW,,01/22/2008,03/14/2008,N,03/16/2008,03/15/2010,03/14/2008,03/17/2008,AAI,,,,,
1574223-20100516,2023365,27390,2,EDWARD L NANNENGA,EDWARD L. NANNENGA,6496 W 1100 N,DEMOTTE,IN,46310,,,,,1007,Wholesale Food Establishment,864,Wholesale Food Sales,1574223.0,RENEW,,03/15/2010,04/23/2010,N,05/16/2010,05/15/2012,04/23/2010,04/26/2010,AAI,,,,,
1517022-20070216,1791580,280290,1,CONTE ENVIROMENTAL INC,CONTE ENVIROMENTAL INC,31W007  NORTH AVE 2 201,WEST CHICAGO,IL,60185,,,,,1010,Limited Business License,,,1517022.0,RENEW,,12/20/2006,01/23/2007,N,02/16/2007,04/15/2008,01/23/2007,01/24/2007,AAI,,,,,
1939140-20180416,2579474,5704,3,ILLINOIS BANKERS ASSOCIATION,ILLINOIS BANKERS ASSOCIATION,194 E DELAWARE SQ 5,SPRINGFIELD,IL,,2.0,35.0,2-35,18.0,1010,Limited Business License,,,1939140.0,RENEW,,02/15/2018,04/19/2018,N,04/16/2018,04/15/2020,04/19/2018,04/20/2018,AAI,,,41.89934924,-87.622149362,"(41.89934923960869, -87.62214936174355)"
1915751-20090416,1958485,333589,1,CHICAGO APARTMENT HUNTERS INC.,CHICAGO APARTMENT HUNTERS INC.,1611 N SHEFFIELD AVE 2 2,CHICAGO,IL,60614,2.0,51.0,2-51,18.0,1010,Limited Business License,,,1915751.0,RENEW,,02/17/2009,04/04/2009,N,04/16/2009,04/15/2011,04/04/2009,04/06/2009,AAC,06/19/2009,,41.911230778,-87.652975339,"(41.911230777637876, -87.65297533893204)"
11040-20110416,2080123,5164,2,JFC INTERNATIONAL INC,JFC INTERNATIONAL INC.,815  TURNBERRY CT  1ST.F,HANOVER PARK,IL,60103,,,,,1007,Wholesale Food Establishment,864,Wholesale Food Sales,11040.0,RENEW,,02/15/2011,03/31/2011,N,04/16/2011,04/15/2013,03/31/2011,04/01/2011,AAI,,,,,
1335691-20030304,1335691,255386,2,ARAIZA CORPORATION,ARAIZA CORPORATION,4190 W 123RD ST UNIT-C,ALSIP,IL,60803,,,,,1010,Limited Business License,,,1335691.0,ISSUE,02/28/2003,02/28/2003,02/28/2003,N,03/04/2003,02/15/2004,02/28/2003,03/04/2003,AAI,,,,,
73897-20120516,2144254,62127,1,"TRI-STATE DRILLING, INC.","TRI-STATE DRILLING, INC.",16940  HIGHWAY 55 WEST  1ST,PLYMOUTH,MN,55446,,,,,1010,Limited Business License,,,73897.0,RENEW,,03/15/2012,04/10/2012,N,05/16/2012,05/15/2014,04/10/2012,04/11/2012,AAI,,,,,
2211783-20171116,2556922,48104,2,ADAM JONES,ADAM JONES,1514 N AUSTIN BLVD,OAK PARK,IL,60302,,,,,4406,Peddler License,769,"Peddler- Retail Sales of General Merchandise, Whole Uncut Fruits/Vegetables, Flowers, Moving Along the Public Way",2211783.0,RENEW,,09/15/2017,11/14/2017,N,11/16/2017,11/15/2019,,11/14/2017,AAI,,,41.907921603,-87.775705596,"(41.90792160257591, -87.77570559606387)"
2594951-20180423,2594951,426953,1,MIDWEST RECEIVABLE SOLUTIONS LLC,MIDWEST RECEIVABLE SOLUTIONS LLC,2323  GULL RD  E,KALAMAZOO,MI,49048,,,,,4404,Regulated Business License,912,Debt Collecting - Administrative Commercial Office,2594951.0,ISSUE,04/20/2018,04/20/2018,04/20/2018,N,04/23/2018,05/15/2020,04/20/2018,04/23/2018,AAI,,,,,
1358392-20030620,1358392,264523,1,HOWARD & PARTNERS CORP.,HOWARD & PARTNERS CORP.,3721  MONROE ST,BELLWOOD,IL,60104,,,,,1010,Limited Business License,,,1358392.0,ISSUE,06/19/2003,06/19/2003,06/19/2003,N,06/20/2003,02/15/2004,06/19/2003,06/20/2003,AAI,,,,,
2098829-20150516,2389511,362578,1,M BURGER THOMPSON LLC,M BURGER,100 W RANDOLPH ST LL CO7,CHICAGO,IL,60601,42.0,9.0,42-9,1.0,1006,Retail Food Establishment,775,Retail Sales of Perishable Foods,2098829.0,RENEW,,03/15/2015,04/09/2015,N,05/16/2015,05/15/2017,04/09/2015,04/10/2015,AAI,,,41.884586267,-87.631010446,"(41.88458626715456, -87.63101044588599)"
2204586-20121229,2204586,29087,30,"GROOT RECYCLING & WASTE SERVICES, INC.","GROOT RECYCLING & WASTE SERVICES, INC.",2500  LANDMEIER RD,ELK GROVE VILLAGE,IL,60007,,,,,4404,Regulated Business License,741,Private Scavenger - Vehicle,2204586.0,ISSUE,,,,N,12/29/2012,01/15/2013,,12/29/2012,AAI,,,,,
66413-20030516,1345076,20497,1,GRILLER'S #2 INC,GRILLERS CAFE,40 E PEARSON ST,CHICAGO,IL,60611,42.0,32.0,42-32,18.0,1006,Retail Food Establishment,775,Retail Sales of Perishable Foods,66413.0,RENEW,03/25/2003,05/16/2003,05/15/2003,N,05/16/2003,05/15/2004,05/16/2003,05/19/2003,AAI,,,41.897651538,-87.626728956,"(41.897651537750946, -87.62672895599906)"
1869856-20091016,1988562,66523,4,"NEWMARK CONSTRUCTION, INC.","NEWMARK CONSTRUCTION, INC.",9255 S HARLEM  1ST,BRIDGEVIEW,IL,60455,,,,,1010,Limited Business License,,,1869856.0,RENEW,,08/14/2009,09/01/2009,N,10/16/2009,10/15/2011,09/01/2009,09/02/2009,AAI,,,,,
1867-20020516,1229692,368,1,"CHICAGO PRODUCE, INC.",CHICAGO PRODUCE,3500 W LAWRENCE AVE,CHICAGO,IL,60625,33.0,22.0,33-22,17.0,1474,Package Goods,774,Retail Sales of Packaged Liquor,1867.0,RENEW,03/27/2002,04/19/2002,04/19/2002,N,05/16/2002,11/15/2002,04/19/2002,04/22/2002,AAI,,,41.968485373,-87.71587133,"(41.96848537331812, -87.71587132951537)"
2309226-20160216,2440868,350574,2,"CHRIS MECHANICAL SERVICES, INC.","Chris Mechanical Services, Inc.",396  FENTON LN  605,WEST CHICAGO,IL,60185,,,,,1010,Limited Business License,677,Household Goods / Appliance Repair,2309226.0,RENEW,,12/15/2015,01/22/2016,N,02/16/2016,02/15/2018,01/22/2016,04/21/2017,AAI,,,,,
1225581-20060216,1665858,243206,8,ALLIED WASTE TRANSPORTATION INC.,GROEN WASTE SERVICE,13701 S KOSTNER,CRESTWOOD,IL,60445,,,,,1676,"Scavenger, Private",,,1225581.0,RENEW,,12/21/2005,03/07/2006,N,02/16/2006,02/15/2007,03/30/2006,03/31/2006,AAI,,,,,
75069-20020216,1202424,22375,1,MULLENIX ENTERPRISES INC,MULLENIX ENTERPRISES INC,7667  GROSS POINT RD 1ST,SKOKIE,IL,60056,,,,,1010,Limited Business License,,,75069.0,RENEW,,12/20/2001,06/14/2002,N,02/16/2002,02/15/2003,06/14/2002,06/17/2002,AAI,,,,,
1620160-20100416,2019694,272396,2,IC RESOURCE LTD,IC RESOURCE LTD,8000  KILPATRICK,SKOKIE,IL,60076,,,,,1011,Home Repair,,,1620160.0,RENEW,,02/11/2010,08/02/2010,N,04/16/2010,04/15/2012,08/02/2010,08/03/2010,AAI,,,,,
2152344-20120423,2152344,371666,1,MARGARITA PATINO,MARGARITA PATINO,2812 S WENONAH,BERWYN,IL,60402,,,,,1603,"Peddler, food (fruits and vegtables only)",,,2152344.0,ISSUE,04/23/2012,04/23/2012,04/23/2012,N,04/23/2012,05/15/2014,,04/23/2012,AAC,12/29/2012,,,,
1680524-20100816,2039489,204514,2,C M S CONSOLIDATED INC,C M S CONSOLIDATED,3740  MAIN ST,SKOKIE,IL,60076,,,,,1011,Home Repair,,,1680524.0,RENEW,,06/15/2010,08/09/2010,N,08/16/2010,08/15/2012,08/09/2010,08/10/2010,AAI,,,,,
1514562-20070216,1791427,279180,1,"ENVIROMAX-HVAC, INC.","ENVIROMAX-HVAC, INC.",9028 N CHURCHILL CIR,NILES,IL,60714,,,,,1010,Limited Business License,,,1514562.0,RENEW,,12/20/2006,01/11/2007,N,02/16/2007,03/15/2009,01/11/2007,01/12/2007,AAI,,,,,
1772420-20081016,1924702,218965,3,ZD HEATING COOLING INC,ZD HEATING COOLING INC,933  ROLLING PASS,GLENVIEW,IL,60025,,,,,1011,Home Repair,,,1772420.0,RENEW,,08/15/2008,10/06/2008,N,10/16/2008,10/15/2010,10/06/2008,10/07/2008,AAI,,,,,
1804377-20150416,2383081,315348,1,"K & B HEATING AND COOLING, INC.","K & B HEATING & COOLING, INC.",310 S OAKWOOD AVE 1,WILLOW SPRINGS,IL,60480,,,,,1010,Limited Business License,902 | 901,"Heating, Ventilation and Air Conditioning Services - Commercial | Heating, Ventilation and Air Conditioning Services - Residential",1804377.0,RENEW,,02/15/2015,03/09/2015,N,04/16/2015,04/15/2017,03/09/2015,03/10/2015,AAI,,,,,
34299-20180116,2566507,32559,1,SYMPHONY INC,SYMPHONY,6507 W ARCHER AVE 1ST,CHICAGO,IL,60638,23.0,11.0,23-11,8.0,1470,Tavern,829,Tavern - Consumption of Liquor on Premise,34299.0,RENEW,,11/15/2017,12/22/2017,N,01/16/2018,01/15/2020,12/22/2017,12/26/2017,AAI,,,41.792180655,-87.784581908,"(41.79218065502141, -87.78458190756385)"
1768984-20070816,1834128,222437,2,NINJA CONSTRUCTION COMPANY,ACE CONSTRUCTION,2330  HAMMOND DR,SCHAUMBURG,IL,60173,,,,,1010,Limited Business License,,,1768984.0,RENEW,,06/21/2007,08/15/2007,N,08/16/2007,08/15/2008,08/15/2007,08/16/2007,AAI,,,,,
1768208-20061020,1768208,310734,1,HIGGINS HEATING & COOLING CORP,HIGGINS HEATING & COOLING CORP,17058  DIXIE HIGHWAY,HAZEL CREST,IL,60429,,,,,1011,Home Repair,,,1768208.0,ISSUE,10/20/2006,10/20/2006,10/20/2006,N,10/20/2006,02/15/2007,10/20/2006,10/20/2006,AAI,,,,,
1477831-20040224,1477831,273518,1,KEVIN CONNERS,KC CONSTRUCTION,3400 W 111TH ST,CHICAGO,IL,60655,19.0,54.0,19-54,22.0,1011,Home Repair,,,1477831.0,ISSUE,02/23/2004,02/23/2004,02/23/2004,N,02/24/2004,02/15/2005,02/23/2004,02/24/2004,AAI,,55.0,41.691601539,-87.705802013,"(41.691601539364996, -87.70580201252551)"
1357271-20100716,2034611,244261,1,ROSE UPHOLSTERY,ROSE UPHOLSTERING,10428 S EWING AVE,CHICAGO,IL,60617,10.0,33.0,10-33,4.0,1010,Limited Business License,,,1357271.0,RENEW,,05/17/2010,12/02/2010,N,07/16/2010,07/15/2012,12/02/2010,12/03/2010,AAI,,,41.705506146,-87.53543241,"(41.70550614595112, -87.53543241031586)"
19544-20080516,1895290,7955,2,RUSH MECHANICAL CONTRACTORS,RUSH MECHANICAL CONTRACTORS,15806  ANNICO DR,HOMER GLEN,IL,60491,,,,,1010,Limited Business License,,,19544.0,RENEW,,03/24/2008,05/19/2008,N,05/16/2008,05/15/2010,05/19/2008,05/20/2008,AAI,,,,,
63119-20100316,2014761,19885,2,FRESH LOOK CONSTRUCTION INC.,FRESH LOOK CONSTRUCTION INC,1409 E HENRY   1,DES PLAINES,IL,60016,,,,,1010,Limited Business License,,,63119.0,RENEW,,01/15/2010,02/20/2010,N,03/16/2010,03/15/2012,02/20/2010,02/22/2010,AAI,,,,,
60333-20020216,1243306,58542,2,"AIRNET SYSTEMS, INC.",AIRNET EXPRESS,9740 W FOSTER AVE  1,ROSEMONT,IL,60018,,,,,1010,Limited Business License,,,60333.0,RENEW,,04/04/2002,04/04/2002,N,02/16/2002,02/15/2003,04/04/2002,04/05/2002,AAI,,,41.973277863,-87.868073316,"(41.973277863439264, -87.86807331590252)"
1909797-20080606,1909797,332478,1,BAYRON M VICUNA AICAS,B. CONSTRUCTION,1336 S 51ST CT,CICERO,IL,60804,,,,,1011,Home Repair,,,1909797.0,ISSUE,06/06/2008,06/06/2008,06/06/2008,N,06/06/2008,02/15/2010,06/06/2008,06/06/2008,AAI,,,,,
1969949-20110516,2087409,343267,1,Elite Sewer & Water Contractors Inc.,Elite Sewer & Water Contractors Inc.,9355 W BERNICE AVE,SCHILLER PARK,IL,60176,,,,,1011,Home Repair,,,1969949.0,RENEW,,03/15/2011,05/23/2011,N,05/16/2011,05/15/2013,05/23/2011,05/24/2011,AAC,12/29/2012,,,,
33317-20020516,1239175,53951,7,CONOPCO INC.,GOOD HUMOR/BREYERS ICE CREAM,5400  118TH AVE  NORTH,CLEARWATER,FL,34620,,,,,1007,Wholesale Food Establishment,864,Wholesale Food Sales,33317.0,RENEW,,03/27/2002,05/17/2002,N,05/16/2002,05/15/2003,05/17/2002,05/20/2002,AAI,,,,,
1591630-20050325,1591630,289319,1,MPC CONSTRUCTION INC.,MPC CONSTRUCTION INC.,921 W 8TH,MINOOKA,IL,61760,,,,,1010,Limited Business License,,,1591630.0,ISSUE,03/24/2005,03/24/2005,03/24/2005,N,03/25/2005,02/15/2006,03/24/2005,03/25/2005,AAI,,,,,
2207394-20150316,2377379,314837,1,"LARIX, INC","LARIX, INC",132  WILLOWEDGE CT  D,WILLOW SPRINGS,IL,60480,,,,,4404,Regulated Business License,673,Home Repair Services,2207394.0,RENEW,,01/16/2015,03/11/2015,N,03/16/2015,03/15/2017,03/11/2015,03/12/2015,AAI,,,,,
63068-20050216,1552459,19876,2,IQ SOLUTIONS,IQ SOLUTIONS,1801 E NINTH ST  1500,CLEVELAND,OH,44114,,,,,1010,Limited Business License,,,63068.0,RENEW,,12/20/2004,02/14/2005,N,02/16/2005,02/15/2006,02/14/2005,02/15/2005,AAI,,,,,
2522658-20170417,2522658,3493,2,SINBAD'S CASTLE ARCADE LIMITED,SINBAD'S CASTLE ARCADE LIMITED,9520-22  GRAND,FRANKLIN PARK,IL,60131,,,,,4404,Regulated Business License,645,"Distribution, Placing, Leasing or Sales of Automatic Amusement Devices",2522658.0,ISSUE,03/27/2017,03/27/2017,03/27/2017,N,04/17/2017,05/15/2018,04/14/2017,04/17/2017,AAI,,,,,
2595896-20180510,2595896,427497,1,"DVC HEATING & COOLING INC.,","DVC HEATING & COOLING INC.,",8942  MENARD AVE,MORTON GROVE,IL,60053,,,,,4404,Regulated Business License,901,"Heating, Ventilation and Air Conditioning Services - Residential",2595896.0,ISSUE,05/10/2018,05/10/2018,05/10/2018,N,05/10/2018,05/15/2020,05/10/2018,05/10/2018,AAI,,,,,
1964977-20121016,2181821,296791,2,JON DELAFORET,CHATHAM COMFORT CONTROLS,24030 S WALDEN LN,CRETE,IL,60417,,,,,1011,Home Repair,,,1964977.0,RENEW,,08/15/2012,10/14/2012,N,10/16/2012,10/15/2014,10/14/2012,10/15/2012,AAC,12/29/2012,,,,
1646067-20051011,1646067,296652,1,RHONDA C KELLY,RHONDA C KELLY,10719  GREEN MEADOWS DR,MOKENA,IL,60448,,,,,1604,"Peddler, non-food",,,1646067.0,ISSUE,10/11/2005,10/11/2005,10/11/2005,N,10/11/2005,02/15/2006,,10/11/2005,AAI,,,,,
2398662-20150513,2398662,376756,8,PIZZA TRUCK LLC,Chicago Pizza Boss,247 N YORK RD,ELMHURST,IL,60126,,,,,1329,Special Event Food,947,"180 Day Multiple - Special Event Food, Mobile Food Vehicle",2398662.0,ISSUE,05/08/2015,05/13/2015,05/13/2015,N,05/13/2015,11/08/2015,05/13/2015,05/13/2015,AAI,,,,,
1493732-20040525,1493732,266279,2,KHALIL M. QANDIL,KH HOME REMODELING,1005  KENTWOOD DR,DYER,IN,46311,,,,,1011,Home Repair,,,1493732.0,ISSUE,05/24/2004,05/24/2004,05/24/2004,N,05/25/2004,02/15/2005,05/24/2004,05/25/2004,AAI,,,,,
2262394-20130524,2262394,381404,1,JACQUELINE GAMA,TECNOPHONE,4100 S ASHLAND AVE 286,CHICAGO,IL,60609,12.0,16.0,12-16,9.0,1010,Limited Business License,767,Retail Sales of General Merchandise and Non-Perishable Food,2262394.0,ISSUE,05/23/2013,05/24/2013,05/24/2013,N,05/24/2013,06/15/2015,05/24/2013,05/24/2013,AAI,,10.0,41.819441426,-87.665375545,"(41.81944142629576, -87.6653755449091)"
76902-20040216,1459933,67057,1,JML TRIANGLE DESIGN,JML TRIANGLE DESIGN,8126  45 PL 1ST,LYONS,IL,60534,,,,,1010,Limited Business License,,,76902.0,RENEW,,12/15/2003,01/20/2004,N,02/16/2004,02/15/2005,12/22/2003,01/21/2004,AAC,01/30/2004,,,,
2564756-20180213,2564756,422939,1,JEFFREY BOWEN,JEFFREY BOWEN,[REDACTED FOR PRIVACY],CHESTERTON,IN,46304,,,,,7009,Pharmaceutical Representative,990,Markets / Promotes Pharmaceuticals to Health Care Professionals and Conducts Business for More than 15 Calendar Days per Year,2564756.0,ISSUE,11/07/2017,11/07/2017,02/09/2018,N,02/13/2018,02/15/2019,02/09/2018,02/13/2018,AAI,,,,,
1119062-20060216,1664128,209118,1,"JMS ELECTRIC, INC","JMS ELECTRIC, INC",871 E PARKWAY,SCHAUMBURG,IL,60173,,,,,1010,Limited Business License,,,1119062.0,RENEW,,12/21/2005,01/23/2006,N,02/16/2006,02/15/2007,01/23/2006,01/24/2006,AAI,,,,,
1222751-20020606,1222751,17030,1,"THE BERGERAC GROUP, LTD.",IRONSIDE BAR & GALLEY,546 N WELLS ST 1ST,CHICAGO,IL,60654,42.0,14.0,42-14,18.0,1475,Consumption on Premises - Incidental Activity,638,Consumption of Liquor on Premises,1222751.0,ISSUE,01/23/2002,04/04/2002,04/05/2002,N,06/06/2002,11/15/2002,06/05/2002,06/06/2002,AAC,08/23/2016,,41.892202981,-87.634227899,"(41.892202981359844, -87.63422789890868)"
1276683-20030216,1328415,251196,1,TKT HEATING & COOLING INC,TKT HEATING & COOLING INC,9098 W TERRACE DR  H,NILES,IL,60714,,,,,1010,Limited Business License,,,1276683.0,RENEW,,12/17/2002,01/07/2003,N,02/16/2003,02/15/2004,01/07/2003,01/08/2003,AAI,,,,,
1333546-20060216,1662881,85883,2,LUSE-STEVENSON CO,LUSE-STEVENSON CO,3990  ENTERPRISE CT,AURORA,IL,60504,,,,,1010,Limited Business License,,,1333546.0,RENEW,,12/21/2005,01/30/2006,N,02/16/2006,02/15/2007,01/30/2006,01/31/2006,AAI,,,,,
1576460-20080116,1877081,216459,2,WOJCIECH ANDY KOTULSKI,W & K CONSTRUCTION,4043 N OTTAWA  1,NORRIDGE,IL,60706,,,,,1011,Home Repair,,,1576460.0,RENEW,,11/26/2007,01/29/2008,N,01/16/2008,01/15/2010,01/29/2008,01/30/2008,AAI,,,,,
2270224-20150716,2403429,382521,1,"Enhanced Recovery Company, LLC","Enhanced Recovery Company, LLC",22 E HAUS KHAS,NEW DELHI,FL,11001,,,,,4404,Regulated Business License,912,Debt Collecting - Administrative Commercial Office,2270224.0,RENEW,,05/15/2015,06/08/2015,N,07/16/2015,07/15/2017,06/08/2015,06/09/2015,AAI,,,,,
2208680-20121229,2208680,350890,1,"Avondale Closeout, LLC",Avondale Closeout LLC,425 N HUEHL RD  18,NORTHBROOK,IL,60062,,,,,4404,Regulated Business License,601,Acquisition and Improvement of Land/Residential Buildings,2208680.0,ISSUE,,,,N,12/29/2012,03/15/2014,,12/29/2012,AAI,,,,,
55017-20030216,1321431,86304,1,NORTHLAND SERVICES INC,NORTHLAND SERVICES INC,439 N STONE ST,LA GRANGE PARK,IL,60526,,,,,1010,Limited Business License,,,55017.0,RENEW,,12/17/2002,02/05/2003,N,02/16/2003,02/15/2004,02/05/2003,06/05/2003,AAI,,,,,
1799285-20070116,1799285,313419,1,JOSEPH P. CARRABINO,JOSEPH P. CARRABINO,1572  CHANNING,FERNDALE,MI,48220,,,,,1604,"Peddler, non-food",,,1799285.0,ISSUE,01/16/2007,01/16/2007,01/16/2007,N,01/16/2007,02/15/2009,,01/16/2007,AAI,,,,,
1892254-20140316,2306864,328112,1,"THE FIBAR GROUP, LLC","THE FIBAR GROUP, LLC",80  BUSINESS PARK DR,ARMONK,NY,10504,,,,,1010,Limited Business License,,,1892254.0,RENEW,,01/15/2014,02/14/2014,N,03/16/2014,03/15/2016,02/14/2014,02/18/2014,AAI,,,,,
2252316-20161005,2252316,300467,13,"INDEPENDENT RECYCLING SERVICES,INC.",INDEPENDENT RECYCLING SERVICES,7425 S MADISON ST,BURR RIDGE,IL,60527,,,,,4404,Regulated Business License,741,Private Scavenger - Vehicle,2252316.0,ISSUE,04/16/2013,05/13/2013,05/15/2013,N,10/05/2016,05/15/2017,10/04/2016,10/05/2016,AAI,,,,,
2212973-20121229,2212973,366464,1,MATTHEW M FOUTS,MATTHEW M FOUTS,334 W CENTRAL AVE,LOMBARD,IL,60148,,,,,4406,Peddler License,819,"Street Performer, Moving Along the Public Way",2212973.0,ISSUE,,,,N,12/29/2012,10/15/2013,,12/29/2012,AAI,,,,,
1144808-20020216,1219267,215647,1,ERIC JOSEPH YUGAR,ERIC JOSEPH YUGAR,21 W 72 BEMIS RD,GLEN ELLYN,IL,60137,,,,,1604,"Peddler, non-food",,,1144808.0,RENEW,,12/21/2001,04/08/2002,N,02/16/2002,02/15/2003,04/08/2002,04/09/2002,AAI,,,,,
1477219-20040218,1477219,273310,1,SEJ CONTRACTORS INC.,SEJ CONTACTORS,711 S MT PROSPECT RD,DES PLAINES,IL,60016,,,,,1010,Limited Business License,,,1477219.0,ISSUE,02/17/2004,02/17/2004,02/17/2004,N,02/18/2004,02/15/2005,02/17/2004,02/18/2004,AAI,,,,,
1928035-20100916,2047594,336720,1,BEAR MECHANICAL INC.,BEAR MECHANICAL INC.,18008  WOLF RD  226,ORLAND PARK,IL,60467,,,,,1010,Limited Business License,,,1928035.0,RENEW,,07/15/2010,07/27/2010,N,09/16/2010,09/15/2012,07/27/2010,07/28/2010,AAI,,,,,
1546804-20050216,1574871,285204,1,STERLING BANK,SILVERMARK CAPITAL,4600  GULE FREEWAY,HOUSTON,TX,77023,,,,,1010,Limited Business License,,,1546804.0,RENEW,,01/20/2005,02/14/2005,N,02/16/2005,02/15/2006,02/14/2005,02/15/2005,AAI,,,,,
43246-20090516,1960846,35033,1,"J & M DISPLAYS, INC.","J & M DISPLAY, INC",18064  170TH AVE  1,YARMOUTH,IA,52660,,,,,1253,Explosives,853,Use of Explosives,43246.0,RENEW,,03/16/2009,03/26/2009,N,05/16/2009,05/15/2011,03/26/2009,03/27/2009,AAI,,,,,
1790646-20110316,2077201,268063,1,SOLARTECH HEATING & AIR CONDITIONING INC.,SOLARTECH HEATING & AIR CONDITIONING INC.,10434 S INTERLOCHEN DR,PALOS HILLS,IL,60465,,,,,1010,Limited Business License,,,1790646.0,RENEW,,01/14/2011,03/14/2011,N,03/16/2011,03/15/2013,03/14/2011,03/15/2011,AAI,,,,,
2333496-20140527,2333496,390592,1,A-1 Concrete Leveling and Foundation Inc.,A-1 Concrete Leveling and Foundation Repair,1201  PARK AVE,RIVER FOREST,IL,60305,,,,,4404,Regulated Business License,673,Home Repair Services,2333496.0,ISSUE,,05/23/2014,05/23/2014,N,05/27/2014,06/15/2016,05/23/2014,05/27/2014,AAI,,,,,
1913989-20080617,1913989,331862,1,"AIM REHABILITATION AND HOMECARE SERVICES, INC.","AIM REHABILITATION AND HOMECARE SERVICES, INC.",5115  CHURCH ST 1ST,SKOKIE,IL,60077,,,,,1010,Limited Business License,,,1913989.0,ISSUE,06/17/2008,06/17/2008,06/17/2008,N,06/17/2008,07/15/2009,06/17/2008,06/17/2008,AAI,,,,,
2277657-20150316,2377327,310301,2,RODOLFO MEDINA,INFINITY GLASS & MIRRORS,1426  WISCONSIN AVE,BERWYN,IL,60402,,,,,4404,Regulated Business License,673,Home Repair Services,2277657.0,RENEW,,01/16/2015,03/06/2015,N,03/16/2015,03/15/2017,03/06/2015,03/09/2015,AAI,,,,,
56013-20060216,1660673,57659,1,VERONICA CONTRACTING INC,VERONICA CONTRACTING INC,6 N 011 RIVERSIDE   1D,SAINT CHARLES,IL,60174,,,,,1010,Limited Business License,,,56013.0,RENEW,,12/21/2005,01/18/2006,N,02/16/2006,02/15/2007,01/18/2006,01/19/2006,AAI,,,,,
16852-20030216,1316978,51793,1,WRECKING THE G & G WAY INC,WRECKING THE G & G WAY INC,10565 W 74TH  1ST,LAGRANGE,IL,60525,,,,,1010,Limited Business License,,,16852.0,RENEW,,12/17/2002,01/13/2003,N,02/16/2003,02/15/2004,01/13/2003,01/14/2003,AAI,,,,,
1446236-20080316,1886871,270455,1,CHRISTIAN O. KOSTRAU,CK MARKETING SOLUTIONS,1904  SOMERSET RD,LONG BEACH,IN,46360,,,,,1010,Limited Business License,,,1446236.0,RENEW,,01/22/2008,04/02/2008,N,03/16/2008,03/15/2010,04/02/2008,04/03/2008,AAI,,,,,
2208665-20121229,2208665,350625,1,"MEADE HEATING, INC.","MEADE HEATING, INC.",4246 W 124TH PL,ALSIP,IL,60803,,,,,4404,Regulated Business License,673,Home Repair Services,2208665.0,ISSUE,,,,N,12/29/2012,02/15/2014,,12/29/2012,AAI,,,,,
67612-20020216,1201985,20794,2,J & B MECHANICAL INC,J & B MECHANICAL INC,128 W PRATT AVE,SCHAUMBURG,IL,60172,,,,,1010,Limited Business License,,,67612.0,RENEW,,12/20/2001,01/30/2002,N,02/16/2002,02/15/2003,01/30/2002,02/26/2002,AAI,,,,,
2163743-20140116,2298065,368856,1,THOMAS KEVIN MOWERY,THOMAS KEVIN MOWERY,508 W BRITTANY DR,ARLINGTON HEIGHTS,IL,60004,,,,,1010,Limited Business License,,,2163743.0,RENEW,,11/15/2013,03/09/2014,N,01/16/2014,01/15/2016,03/09/2014,03/10/2014,AAI,,,,,
2262837-20130702,2262837,381586,1,"BUREAUS INVESTMENT GROUP PORTFOLIO NO. 10, LLC","BUREAUS INVESTMENT GROUP PORTFOLIO NO. 10, LLC",650  DUNDEE RD 3RD 370,NORTHBROOK,IL,60062,,,,,4404,Regulated Business License,912,Debt Collecting - Administrative Commercial Office,2262837.0,ISSUE,05/31/2013,07/02/2013,07/02/2013,N,07/02/2013,07/15/2015,07/02/2013,07/02/2013,AAI,,,,,
2102490-20110616,2102490,363011,1,Gierczyk Inc.,Gierczyk Inc.,16200  CLINTON ST,HARVEY,IL,60426,,,,,1010,Limited Business License,,,2102490.0,ISSUE,,06/15/2011,06/15/2011,N,06/16/2011,07/15/2013,06/15/2011,06/16/2011,AAI,,,,,
67098-20040216,1459513,64964,1,GALLAGHER ASHPHALT CORPORATION,GALLAGHER ASHPHALT CORPORATION,18100 S INDIANA AVE 1ST,THORNTON,IL,60476,,,,,1010,Limited Business License,,,67098.0,RENEW,,12/15/2003,01/16/2004,N,02/16/2004,02/15/2005,12/22/2003,01/21/2004,AAI,,,,,
2217894-20121216,2218290,358600,1,"LUKE'S HEATING & COOLING, LLC","LUKE'S HEATING & COOLING, LLC",1101  PLEASANT RUN DR 1 1013,WHEELING,IL,60090,,,,,4404,Regulated Business License,673,Home Repair Services,2217894.0,RENEW,,12/31/2012,10/01/2014,N,12/16/2012,12/15/2014,10/01/2014,10/01/2014,AAI,,,,,
73852-20050216,1552883,22139,1,SIMON ELKIND,SIMON'S HEATING & A C,2525  OAK AVE,NORTHBROOK,IL,60062,,,,,1010,Limited Business License,,,73852.0,RENEW,,12/20/2004,01/27/2005,N,02/16/2005,02/15/2006,01/27/2005,01/28/2005,AAI,,,,,
1197558-20070216,1786990,222489,1,"United Drilling, Inc.","United Drilling, Inc.",62  APPLETREE   P.O. BOX 1169 LN  1169,PLUMSTEADVILLE,PA,18949,,,,,1010,Limited Business License,,,1197558.0,RENEW,,12/20/2006,01/26/2007,N,02/16/2007,05/15/2009,01/26/2007,05/18/2017,AAI,,,,,
2559883-20170925,2559883,421711,1,MICHAEL THIEM,MICHAEL THIEM,[REDACTED FOR PRIVACY],WATERLOO,NE,68069,,,,,7009,Pharmaceutical Representative,990,Markets / Promotes Pharmaceuticals to Health Care Professionals and Conducts Business for More than 15 Calendar Days per Year,2559883.0,ISSUE,09/22/2017,09/22/2017,09/22/2017,N,09/25/2017,10/15/2018,09/22/2017,09/25/2017,AAC,07/03/2018,,,,
1196320-20020216,1220726,221954,1,PAM L SMITH,P SMITH CONSULTING,141  ASBURY,EVANSTON,IL,60202,,,,,1012,Home Occupation,,,1196320.0,RENEW,,12/21/2001,04/05/2002,N,02/16/2002,02/15/2003,04/05/2002,04/08/2002,AAI,,,,,
1332619-20040216,1466603,258402,1,PRATE INSTALLATIONS INC.,PRATE INSTALLATIONS INC.,1120 N RAND RD,WAUCONDA,IL,60084,,,,,1010,Limited Business License,,,1332619.0,RENEW,,12/15/2003,01/26/2004,N,02/16/2004,02/15/2005,12/22/2003,01/27/2004,AAI,,,,,
2084936-20110314,2084936,360473,1,JON JON FRULLA,JON JON FRULLA,21 W 015 GLEN PARK RD 1,LOMBARD,IL,60148,,,,,1603,"Peddler, food (fruits and vegtables only)",,,2084936.0,ISSUE,03/14/2011,03/14/2011,03/14/2011,N,03/14/2011,03/15/2013,,03/14/2011,AAC,12/29/2012,,,,
2213441-20121229,2213441,374151,1,REED OLSEN BJORNTVEDT,REED OLSEN BJORNTVEDT,718  DAVOL RD 1 1,STEVENSVILLE,MD,21666,,,,,4406,Peddler License,819,"Street Performer, Moving Along the Public Way",2213441.0,ISSUE,,,,N,12/29/2012,08/15/2014,,12/29/2012,AAI,,,,,
1194676-20030216,1325393,220505,1,EMMANUEL BISTAS,EMMANUEL BISTAS,8211 S NORMANDY AVE,BURBANK,IL,60459,,,,,1525,Massage Therapist,,,1194676.0,RENEW,,12/17/2002,03/10/2003,N,02/16/2003,02/15/2004,03/10/2003,03/11/2003,AAI,,,,,
1356480-20040216,1468039,263450,1,TADEUSZ B. BOGUSZEWSKI,LEADER GARAGE BUILDERS,9456  BAY COLONY   3-N,DES PLAINES,IL,60016,,,,,1011,Home Repair,,,1356480.0,RENEW,,12/15/2003,02/17/2004,N,02/16/2004,02/15/2005,12/22/2003,02/25/2004,AAI,,,,,
1331382-20080316,1886795,257868,1,"CRUNCH ,  INC.","CRUNCH, INC.",7222 W CERMAK   300,NORTH RIVERSIDE,IL,60546,,,,,1010,Limited Business License,,,1331382.0,RENEW,,01/22/2008,02/06/2008,N,03/16/2008,03/15/2010,02/06/2008,02/07/2008,AAI,,,,,
1898804-20160416,2449760,329791,1,ANDERSON PRODUCTIONS INC,ANDERSON PRODUCTIONS INC,224  8TH AVE,LAGRANGE,IL,60525,,,,,1010,Limited Business License,,,1898804.0,RENEW,,02/15/2016,04/12/2016,N,04/16/2016,04/15/2018,04/12/2016,04/13/2016,AAI,,,,,
31625-20180416,2579469,5206,2,WINDY CITY AMUSEMENT,WINDY CITY AMUSEMENT,920 W MAIN ST  1ST,SAINT CHARLES,IL,60174,,,,,1010,Limited Business License,,,31625.0,RENEW,,02/15/2018,02/28/2018,N,04/16/2018,04/15/2020,02/28/2018,03/01/2018,AAI,,,,,
1913971-20100716,2035640,332931,1,HEIGHTS GLASS & MIRROR CO.,HEIGHTS GLASS & MIRROR CO.,1040  ENTRY DR,BENSENVILLE,IL,60106,,,,,1011,Home Repair,,,1913971.0,RENEW,,05/17/2010,06/28/2010,N,07/16/2010,07/15/2012,06/28/2010,06/29/2010,AAC,12/31/2012,,,,
2418641-20150817,2418641,400218,1,"CODE 3 CRITICAL SOLUTIONS, LLC","CODE 3 CRITICAL SOLUTIONS, LLC",1900 W ACRES RD,JOLIET,IL,60435,,,,,4404,Regulated Business License,737,"Preparation of License, Certificate or Permit Applications for Compensation",2418641.0,ISSUE,07/28/2015,07/28/2015,07/28/2015,N,08/17/2015,08/15/2017,08/05/2015,08/17/2015,AAI,,,,,
1403361-20160116,2435701,266934,2,LORI WESSON - LEE,SWEET PEA TRANSPORTATION INC,7000 S CICERO AVE,BEDFORD PARK,IL,60638,,,,,1010,Limited Business License,,,1403361.0,RENEW,,11/15/2015,01/19/2016,N,01/16/2016,01/15/2018,01/19/2016,01/19/2016,AAI,,,41.765869291,-87.742080701,"(41.76586929142589, -87.74208070061113)"
2263756-20170616,2527320,381906,1,"Biehl & Biehl, Inc.","Biehl & Biehl, Inc.",325 E FULLERTON AVE,CAROL STREAM,IL,60188,,,,,4404,Regulated Business License,912,Debt Collecting - Administrative Commercial Office,2263756.0,RENEW,,04/15/2017,06/10/2017,N,06/16/2017,06/15/2019,06/10/2017,06/12/2017,AAI,,,41.92551885,-87.637624095,"(41.92551885003427, -87.63762409539514)"
1224247-20020221,1224247,242722,1,"D & P MECHANICAL, INC.",D & P MECHANICAL,16540  TAMELING DR,LOCKPORT,IL,60441,,,,,1011,Home Repair,,,1224247.0,ISSUE,02/11/2002,02/15/2002,02/15/2002,N,02/21/2002,02/15/2003,02/21/2002,02/22/2002,AAI,,,,,
1226505-20040816,1509375,243612,1,MARIANA ANGELOUA IVANOVA,MARIANA IVANOVA,225 S ROHLWING RD  618,PALATINE,IL,60074,,,,,1525,Massage Therapist,,,1226505.0,RENEW,,06/30/2004,07/23/2004,N,08/16/2004,08/15/2005,07/23/2004,07/26/2004,AAC,01/03/2005,,,,
1739163-20120416,2140488,307091,1,"ALPHA SPECIALTY SUPPLY, INC.","ALPHA SPECIALTY SUPPLY, INC.",2715  MEADOW DR,SAINT CHARLES,IL,60175,,,,,1010,Limited Business License,925,Miscellaneous Wholesale,1739163.0,RENEW,,02/17/2012,03/12/2012,N,04/16/2012,04/15/2014,03/12/2012,03/13/2012,AAI,,,,,
2103771-20110708,2103771,319940,2,"MONTEMAYOR CONSTRUCTION, INC.","MONTEMAYOR CONSTRUCTION, INC.",1655 N LANCASTER RD,SOUTH ELGIN,IL,60177,,,,,1010,Limited Business License,,,2103771.0,C_LOC,07/06/2011,07/07/2011,07/07/2011,N,07/08/2011,07/15/2013,07/07/2011,07/08/2011,AAI,,,,,
1443266-20031014,1443266,268944,1,JERRY ROY MOSHIER,JERRY ROY MOSHIER,22830  JADE,PORTER,TX,77365,,,,,1604,"Peddler, non-food",,,1443266.0,ISSUE,10/14/2003,10/14/2003,10/14/2003,N,10/14/2003,02/15/2004,,10/14/2003,AAI,,,,,
2207690-20151116,2426349,323895,1,JK HEATING & COOLING CO.,JK HEATING & COOLING CO.,8423 W BETTY TER 1ST,NILES,IL,60714,,,,,4404,Regulated Business License,673,Home Repair Services,2207690.0,RENEW,,09/15/2015,09/29/2015,N,11/16/2015,11/15/2017,09/29/2015,09/30/2015,AAI,,,,,
1616739-20050627,1616739,293290,1,DIRK D. SPENCE,DIRK D. SPENCE,6655  MAPLE LN,TINLEY PARK,IL,60477,,,,,1605,Street Performer,,,1616739.0,ISSUE,06/27/2005,06/27/2005,06/27/2005,N,06/27/2005,02/15/2006,,06/27/2005,AAI,,,,,
2211518-20121229,2211518,347816,3,"BUDDY'S SPECIAL EVENTS, INC.","BUDDY'S SPECIAL EVENTS, INC.",900  GLENCOE TER,LAKE ZURICH,IL,60047,,,,,4405,Mobile Food License,786,Sales of Previously Prepared Food (ONLY) that is Enclosed or Wrapped In Individual Portions From a Mobile Food Vehicle (Mobile Food Dispenser),2211518.0,ISSUE,,,,N,12/29/2012,04/15/2014,,12/29/2012,AAI,,,,,
1677839-20120416,2139607,60518,3,DYNAMIC HEATING & PIPING CO,DYNAMIC HEATING & PIPING CO,4739 W 136TH ST,CRESTWOOD,IL,60445,,,,,1010,Limited Business License,902,"Heating, Ventilation and Air Conditioning Services - Commercial",1677839.0,RENEW,,02/17/2012,02/29/2012,N,04/16/2012,04/15/2014,02/29/2012,03/01/2012,AAI,,,,,
2164271-20120711,2164271,373919,1,"1525 HP, LLC","1525 HP, LLC",5240 S HYDE PARK BLVD 0,CHICAGO,IL,60615,5.0,,5-,,1020,Residential Real Estate Developer,,,2164271.0,ISSUE,,07/10/2012,07/10/2012,N,07/11/2012,07/15/2014,07/10/2012,07/11/2012,AAC,12/29/2012,61.0,41.799787054,-87.58423704,"(41.79978705430929, -87.58423703968494)"
1770946-20070216,1797627,311982,1,JAMES DE PRATT,UNION PLUMBING,263  HIBICUSS,MATTESON,IL,60442,,,,,1010,Limited Business License,,,1770946.0,RENEW,,12/20/2006,05/24/2007,N,02/16/2007,03/15/2009,05/24/2007,05/25/2007,AAI,,,,,
28445-20051116,1629014,31054,1,TEKLA INC,TEKLA INC,1456 N DAYTON ST 1ST,CHICAGO,IL,60642,27.0,46.0,27-46,18.0,1007,Wholesale Food Establishment,864,Wholesale Food Sales,28445.0,RENEW,,09/22/2005,11/14/2005,N,11/16/2005,11/15/2006,11/14/2005,11/15/2005,AAI,,,41.908032372,-87.649578464,"(41.908032372060696, -87.64957846368361)"
2021814-20140316,2307022,351249,1,"Blackout Sealcoating, Inc.","Blackout Sealcoating, Inc.",7440 W 87 PL,BRIDGEVIEW,IL,60455,,,,,1010,Limited Business License,,,2021814.0,RENEW,,01/15/2014,03/10/2014,N,03/16/2014,03/15/2016,03/10/2014,03/11/2014,AAI,,,,,
28773-20060216,1652664,11575,1,"FULLERTON TRUCK LEASING, INC.",FULLERTON TRUCK LEASING INC,1821 W 33RD PL,CHICAGO,IL,60608,12.0,18.0,12-18,9.0,1010,Limited Business License,,,28773.0,RENEW,,12/21/2005,01/19/2006,N,02/16/2006,02/15/2007,01/19/2006,01/20/2006,AAI,,,41.833070856,-87.671284442,"(41.83307085592469, -87.67128444180022)"
64022-20020216,1208283,42650,1,STELTER SANITARY SERVICE INC,STELTER SANITARY SERVICE INC,26603 S GOVERNORS HWY  7,MONEE,IL,60449,,,,,1010,Limited Business License,,,64022.0,RENEW,,12/20/2001,01/23/2002,N,02/16/2002,02/15/2003,01/23/2002,01/24/2002,AAI,,,,,
1820766-20070613,1820766,317434,1,"PHYSICAL SECURITY, LLC","PHYSICAL SECURITY, LLC",200  KILSBY CIR,BESSEMER,AL,35022,,,,,1010,Limited Business License,,,1820766.0,ISSUE,05/14/2007,06/12/2007,06/12/2007,N,06/13/2007,05/15/2009,06/12/2007,06/13/2007,AAI,,,,,
2269708-20130621,2269708,381661,2,"Afni, Inc.","Afni, Inc.",1310  MARTIN LUTHER KING DR.,BLOOMINGTON,IL,61701,,,,,4404,Regulated Business License,912,Debt Collecting - Administrative Commercial Office,2269708.0,ISSUE,,06/20/2013,06/20/2013,N,06/21/2013,06/15/2015,06/20/2013,06/21/2013,AAI,,,,,
1475343-20080316,1886887,272674,1,"CANTORE BOX & CABINET CO, INC",CANTORE CONSTRUCTION CO,925 S ROUTE 83,ELMHURST,IL,60126,,,,,1010,Limited Business License,,,1475343.0,RENEW,,01/22/2008,02/08/2008,N,03/16/2008,03/15/2010,02/08/2008,02/11/2008,AAI,,,,,
2134685-20120112,2134685,301371,5,RAMON MORA,RAMON MORA,4100 S ASHLAND AVE  535-354,CHICAGO,IL,60609,12.0,16.0,12-16,9.0,1010,Limited Business License,,,2134685.0,ISSUE,01/12/2012,01/12/2012,01/12/2012,N,01/12/2012,01/15/2014,01/12/2012,01/12/2012,AAI,,10.0,41.819441426,-87.665375545,"(41.81944142629576, -87.6653755449091)"
27389-20041116,1530372,53128,1,CAROLYN MOSES,PARIS HAIR WEAVE,9216 S COTTAGE GROVE AVE  1ST,CHICAGO,IL,60619,9.0,56.0,9-56,6.0,1010,Limited Business License,,,27389.0,RENEW,,09/27/2004,11/16/2004,N,11/16/2004,11/15/2005,11/16/2004,11/16/2004,AAI,,51.0,41.726980106,-87.604737718,"(41.72698010553182, -87.60473771820149)"
1516574-20060216,1670904,280103,1,CHICAGO GATEWAY GREEN COMMITTEE,CHICAGO GATEWAY GREEN COMMITTEE,515 N STATE ST  300,CHICAGO,IL,60610,42.0,22.0,42-22,18.0,1625,Raffles,720,Not-For-Profit Selling Raffles for Prizes of $50 or More,1516574.0,RENEW,,12/21/2005,01/30/2006,N,02/16/2006,02/15/2007,01/30/2006,01/31/2006,AAI,,,41.891418101,-87.627914756,"(41.89141810118847, -87.62791475607904)"
1698772-20080516,1897671,304601,1,"S & M MECHANICAL, INC.","S & M MECHANICAL, INC.",324 E BURLINGTON   3,RIVERSIDE,IL,60546,,,,,1011,Home Repair,,,1698772.0,RENEW,,03/24/2008,06/12/2008,N,05/16/2008,05/15/2010,06/12/2008,06/12/2008,AAI,,,,,
1167167-20020216,1219786,217253,1,ZORKA SPASSOVA STOTZEVA,ZORKA SPASSOVA  STOITZEVA,1263  WYNDHAM   104,PALATINE,IL,60074,,,,,1525,Massage Therapist,,,1167167.0,RENEW,,12/21/2001,02/08/2002,N,02/16/2002,02/15/2003,02/08/2002,02/08/2002,AAI,,,,,
1697330-20070216,1795803,303902,1,"HEATING & AIR SPECIALISTS, INC.","HEATING & AIR SPECIALISTS, INC.",408 W CATALPA,WOOD DALE,IL,60191,,,,,1011,Home Repair,,,1697330.0,RENEW,,12/20/2006,02/12/2007,N,02/16/2007,05/15/2008,03/03/2007,03/06/2007,AAI,,,,,
1122339-20070216,1777849,28020,2,AHERN FIRE PROTECTION,AHERN FIRE PROTECTION,1364  HAMILTON PKWY,ITASCA,IL,60143,,,,,1010,Limited Business License,,,1122339.0,RENEW,,12/20/2006,01/08/2007,N,02/16/2007,03/15/2008,01/08/2007,01/09/2007,AAI,,,,,
40175-20020216,1211177,55022,1,"CONTROLLED DEMOLITION, INC.","CONTROLLED DEMOLITION, INC",2737  MERRYMAN MILL RD,PHOENIX,MD,21131,,,,,1253,Explosives,853,Use of Explosives,40175.0,RENEW,,12/20/2001,01/16/2002,N,02/16/2002,02/15/2003,02/06/2002,02/07/2002,AAI,,,,,
85221-20071116,1857577,66124,2,SANTIAGO CORPORATION,"RESTAURANT SANTIAGO, #2",3139 N CENTRAL AVE 1ST,CHICAGO,IL,60634,31.0,37.0,31-37,25.0,1006,Retail Food Establishment,,,85221.0,RENEW,,09/21/2007,11/09/2007,N,11/16/2007,10/15/2009,11/09/2007,04/25/2008,AAC,08/13/2008,2.0,41.937921295,-87.766327402,"(41.93792129538633, -87.76632740192994)"
74678-20040216,1892917,87193,1,STEVENS COMMUNICATIONS INC,STEVENS COMMUNICATIONS INC,175 W JACKSON BLVD  1800,CHICAGO,IL,60604,42.0,49.0,42-49,1.0,1010,Limited Business License,,,74678.0,RENEW,,03/05/2008,03/05/2008,N,02/16/2004,02/15/2005,,03/05/2008,AAI,,,41.878014487,-87.63318903,"(41.878014487249544, -87.63318903001444)"
2271030-20170716,2534029,383067,2,"Encore Receivable Management, Inc.","Encore Receivable Management, Inc.",70 W MANSELL CT  250,ROSWELL,GA,30076,,,,,4404,Regulated Business License,912,Debt Collecting - Administrative Commercial Office,2271030.0,RENEW,,05/15/2017,06/16/2017,N,07/16/2017,07/15/2019,06/16/2017,06/19/2017,AAI,,,,,
2560976-20171017,2560976,422319,1,KATELYN CLARK,KATELYN CLARK,[REDACTED FOR PRIVACY],NORTHBROOK,IL,60062,,,,,7009,Pharmaceutical Representative,990,Markets / Promotes Pharmaceuticals to Health Care Professionals and Conducts Business for More than 15 Calendar Days per Year,2560976.0,ISSUE,10/13/2017,10/13/2017,10/16/2017,N,10/17/2017,11/15/2018,10/16/2017,10/17/2017,AAI,,,,,
46806-20020216,1211493,56070,1,LIL CONSTRUCTION CO INC,LIL CONSTRUCTION CO INC,15044 S CHAMPLAIN AVE 1ST,DOLTON,IL,60419,,,,,1010,Limited Business License,,,46806.0,RENEW,,12/20/2001,02/06/2002,N,02/16/2002,02/15/2003,02/06/2002,02/07/2002,AAI,,,,,
1543817-20041019,1543817,283281,1,ELIZABETH G HAND,ELIZABETH G HAND,1172  LYNETTE DR,LAKE FOREST,IL,60045,,,,,1605,Street Performer,,,1543817.0,ISSUE,10/19/2004,10/19/2004,10/19/2004,N,10/19/2004,02/15/2005,,10/19/2004,AAI,,,,,
1336142-20040216,1458020,54982,9,"EDWARD D. JONES & CO., L.P.",EDWARD JONES,25 E WASHINGTON ST  1306,CHICAGO,IL,60602,42.0,9.0,42-9,1.0,1010,Limited Business License,,,1336142.0,RENEW,,12/15/2003,02/13/2004,N,02/16/2004,02/15/2005,12/22/2003,04/23/2004,AAI,,1.0,41.883109079,-87.626976034,"(41.883109078966136, -87.62697603370881)"
1383955-20040216,1469005,266897,1,RYAN A MAYER,RYAN A MAYER,1670  NORTHLAND AVE,HIGHLAND PARK,IL,60035,,,,,1605,Street Performer,,,1383955.0,RENEW,,12/15/2003,05/17/2004,N,02/16/2004,02/15/2005,,12/22/2003,AAI,,,,,
1276275-20040216,1458312,56518,3,JOHN A.HAYES,TRINITY 111 DEVELOPMENT,16120  UNIVERSITY AVE,SOUTH HOLLAND,IL,60473,,,,,1010,Limited Business License,,,1276275.0,RENEW,,12/15/2003,04/16/2004,N,02/16/2004,02/15/2005,12/22/2003,04/19/2004,AAI,,,,,
2218831-20121231,2218831,354943,1,MICHAEL ANTHONY CARSON,MICHAEL A. CARSON,4421 W 11TH AVE,GARY,IN,46404,,,,,4406,Peddler License,819,"Street Performer, Moving Along the Public Way",2218831.0,ISSUE,,,,N,12/31/2012,07/15/2012,,12/31/2012,AAI,,,,,
2320828-20140403,2320828,42325,2,RIDVAN MUSTAFA,RIDVAN MUSTAFA,561 N NORTHWEST HWY,PARK RIDGE,IL,60068,,,,,4406,Peddler License,769,"Peddler- Retail Sales of General Merchandise, Whole Uncut Fruits/Vegetables, Flowers, Moving Along the Public Way",2320828.0,ISSUE,04/03/2014,04/03/2014,04/03/2014,N,04/03/2014,11/15/2015,,04/03/2014,AAI,,,,,
2177135-20120717,2177135,374143,1,DAVID MOHAMMED DAOUI,DAVID MOHAMMED DAOUI,123 S EASTWOOD DR,WOODSTOCK,IL,60098,,,,,1605,Street Performer,,,2177135.0,ISSUE,07/17/2012,07/17/2012,07/17/2012,N,07/17/2012,08/15/2014,,07/17/2012,AAC,12/29/2012,,,,
1717388-20080316,1887207,305136,1,STACEY L. MAUCK,STACEY L. MAUCK,1  MAUCHLY,IRVINE,CA,92618,,,,,1060,Auctioneer,,,1717388.0,RENEW,,01/22/2008,04/02/2008,N,03/16/2008,03/15/2010,04/02/2008,04/03/2008,AAI,,,,,
25420-20010516,1134180,30291,11,PALETERIA PONCHO INC,PALETERIA PONCHO,2513 S PULASKI RD,CHICAGO,IL,60623,22.0,4.0,22-4,10.0,1315,Mobile Food Dispenser,,,25420.0,RENEW,,03/16/2001,09/25/2001,N,05/16/2001,05/15/2002,01/15/2002,01/15/2002,AAI,,25.0,41.845687843,-87.724456012,"(41.84568784296926, -87.72445601246815)"
2321180-20140418,2321180,389583,1,HERBERT COLLINS,JUNK COLLECTION ENTERPRISES,369  TAFT ST,GARY,IN,46404,,,,,4404,Regulated Business License,689,Junk Peddler,2321180.0,ISSUE,04/11/2014,04/11/2014,04/11/2014,N,04/18/2014,05/15/2016,04/17/2014,04/18/2014,AAI,,,,,
1122772-20120416,2139287,38716,2,DAN DEE SEWER CONTRUCTION INC,DAN DEE SEWER CONSTRUCTION INC,729 S VINE,PARK RIDGE,IL,60068,,,,,1010,Limited Business License,,,1122772.0,RENEW,,02/17/2012,04/02/2012,N,04/16/2012,04/15/2014,04/02/2012,04/03/2012,AAI,,,,,
1682066-20060320,1682066,59290,2,"QUALITY FIRST CONSTRUCTION, INC.","QUALITY FIRST CONSTRUCTION, INC.",1010 N SPRINGFIELD AVE,DEERFIELD,IL,60015,,,,,1010,Limited Business License,,,1682066.0,C_LOC,03/20/2006,03/20/2006,03/20/2006,N,03/20/2006,02/15/2007,03/20/2006,03/20/2006,AAI,,,41.899416718,-87.723912865,"(41.89941671833539, -87.72391286539354)"
1273869-20040216,1465317,251835,1,FARNAM STREET FINANCIAL INC,FARNAM STREET FINANCIAL INC,10261  YELLOW CIRCLE  200,MINNETONKA,MN,55343,,,,,1010,Limited Business License,,,1273869.0,RENEW,,12/15/2003,01/20/2004,N,02/16/2004,02/15/2005,12/22/2003,01/21/2004,AAI,,,,,
2368305-20141120,2368305,394883,1,ARCO SECURING LLC,ARCO SECURING LLC,11315  HUMMINGBIRD LN,MOKENA,IL,60448,,,,,4404,Regulated Business License,602 | 633 | 753 | 673,Administrative Commercial Office | Commercial Janitorial Services | Residential Cleaning Services | Home Repair Services,2368305.0,ISSUE,11/20/2014,11/20/2014,11/20/2014,N,11/20/2014,12/15/2016,11/20/2014,11/20/2014,AAI,,,,,
1515660-20040727,1515660,279679,1,NIGEL S HOLT,NIGEL S HOLT,6056  SUNFLOWERS DR,MATTESON,IL,60443,,,,,1605,Street Performer,,,1515660.0,ISSUE,07/27/2004,07/27/2004,07/27/2004,N,07/27/2004,02/15/2005,,07/27/2004,AAI,,,,,
1352378-20040216,1456141,42364,3,SLAWOMIR KOSEK,MIDWEST HEATING & ENGINEERING,13203 S 84TH CT,PALOS PARK,IL,60464,,,,,1010,Limited Business License,,,1352378.0,RENEW,,12/15/2003,02/11/2004,N,02/16/2004,02/15/2005,12/22/2003,02/13/2004,AAI,,,,,
43853-20061116,1749943,35250,1,FERNANDEZ AUTO GLASS INC IV,FERNANDEZ AUTO GLASS IV,2733 N WESTERN AVE,CHICAGO,IL,60647,32.0,39.0,32-39,14.0,1569,Motor Vehicle Repair : Engine Only (Class II),,,43853.0,RENEW,,09/20/2006,01/05/2007,N,11/16/2006,11/15/2007,01/05/2007,01/08/2007,AAI,,,41.931386235,-87.687731165,"(41.93138623529101, -87.68773116474343)"
1227866-20020403,1227866,21551,2,STERLING ROSS FIRE RESTORATION,STERLING ROSS FIRE RESTORATION,3100  ST. CHARLES RD,BELLWOOD,IL,60104,,,,,1010,Limited Business License,,,1227866.0,C_LOC,03/19/2002,04/03/2002,04/03/2002,N,04/03/2002,02/15/2003,04/03/2002,04/04/2002,AAC,02/13/2003,,,,
1140675-20030216,1308161,12447,1,NORLIGHT TELECOMMUNICATIONS,NORLIGHT TELECOMMUNICATIONS,275 N CORPORATE DR,BROOKFIELD,WI,53045,,,,,1010,Limited Business License,,,1140675.0,RENEW,,12/17/2002,02/18/2003,N,02/16/2003,02/15/2004,02/18/2003,02/20/2003,AAI,,,,,
31169-20071116,1853516,31794,1,"JACKIE'S HAIR CARE, LTD.",JACKY'S SALON,3350 W LAWRENCE AVE 1ST,CHICAGO,IL,60625,33.0,22.0,33-22,17.0,1010,Limited Business License,,,31169.0,RENEW,,09/21/2007,03/05/2008,N,11/16/2007,09/15/2009,03/05/2008,03/06/2008,AAI,,60.0,41.96851357,-87.712967102,"(41.968513570382285, -87.71296710177855)"
1516691-20040826,1516691,203420,3,THUC MINH HUYNH,PHO XE TANG RESTAURANT,4953-4955 N BROADWAY,CHICAGO,IL,60640,48.0,40.0,48-40,20.0,1781,Tobacco,763,Retail Sale of Tobacco,1516691.0,ISSUE,08/06/2004,08/06/2004,08/06/2004,N,08/26/2004,08/15/2005,08/25/2004,08/26/2004,AAI,,34.0,41.973091079,-87.659632197,"(41.973091079257635, -87.65963219685456)"
2204830-20121229,2204830,39659,2,W R HEAT & AIR CONDITION INC,W R HEAT & AIR CONDITION INC.,5738 W GIDDINGS ST,CHICAGO,IL,60630,45.0,20.0,45-20,16.0,4404,Regulated Business License,724,Other Home Occupations,2204830.0,ISSUE,,,,N,12/29/2012,12/15/2013,,12/29/2012,AAI,,,41.966928166,-87.771463574,"(41.9669281664431, -87.7714635743435)"
1141043-20020216,1218666,213576,1,JAN PODGORSKI,FOREVER CONSTRUCTION,8347 N OTTAWA AVE,NILES,IL,60714,,,,,1011,Home Repair,,,1141043.0,RENEW,,12/21/2001,02/14/2002,N,02/16/2002,02/15/2003,02/24/2003,02/25/2003,AAI,,,,,
1921833-20160816,2473747,334885,1,"GUARANTEE INTERIORS, INC.",GUARANTEE INTERIORS INC,2914  LOCUST,ST. LOUIS,MO,63103,,,,,1010,Limited Business License,,,1921833.0,RENEW,,06/15/2016,12/05/2016,N,08/16/2016,08/15/2018,12/05/2016,12/06/2016,AAI,,,,,
72391-20030216,1336098,60782,1,D & G TEMPERTURE CONTROL INC,D & G TEMPERTURE CONTROL INC,7705 W WINDSOR AVE 1ST,NORRIDGE,IL,60706,,,,,1010,Limited Business License,,,72391.0,RENEW,,03/06/2003,04/23/2003,N,02/16/2003,02/15/2004,04/23/2003,04/24/2003,AAI,,,,,
1167832-20040216,1462789,215245,1,"CASS ENVIRONMENTAL, INC.","CASS ENVIRONMENTAL, INC",1523 W LINDEN RD,HOMEWOOD,IL,60430,,,,,1011,Home Repair,,,1167832.0,RENEW,,12/15/2003,01/12/2004,N,02/16/2004,02/15/2005,12/22/2003,01/15/2004,AAI,,,,,
2451522-20180616,2594156,404227,1,"PANJWANI NETWORK RESTAURANTS, INC.",DUNKIN DONUTS,1355-1357 W MORSE AVE 1ST,CHICAGO,IL,60626,49.0,26.0,49-26,24.0,1006,Retail Food Establishment,781,Sale of Food Prepared Onsite With Dining Area,2451522.0,RENEW,,04/15/2018,05/22/2018,N,06/16/2018,06/15/2020,05/22/2018,05/23/2018,AAI,,24.0,42.007804413,-87.665847839,"(42.00780441337071, -87.66584783860009)"
1546775-20041203,1546775,284751,1,EXCEL HOTEL SERVICES INC,EXCEL HOTEL SERVICES INC,119  STANDARD,EL SEGUNDO,CA,90245,,,,,1010,Limited Business License,,,1546775.0,ISSUE,11/22/2004,12/02/2004,12/02/2004,N,12/03/2004,02/15/2005,12/02/2004,12/03/2004,AAI,,,,,
41030-20010816,1158137,55180,1,MICHAEL S KAWALEK,CASTLE HEATING & COOLING INC.,970  ROSE AVE  1,DES PLAINES,IL,60016,,,,,1011,Home Repair,,,41030.0,RENEW,,06/25/2001,09/04/2001,N,08/16/2001,08/15/2002,04/15/2002,10/09/2002,AAI,,,,,
2270976-20150716,2403874,383020,1,"Financial Asset Management Systems, Inc.","Financial Asset Management Systems, Inc.",11499  CHESTER RD  101,SHARONVILLE,OH,45246,,,,,4404,Regulated Business License,912,Debt Collecting - Administrative Commercial Office,2270976.0,RENEW,,05/15/2015,07/07/2015,N,07/16/2015,07/15/2017,07/07/2015,07/08/2015,AAI,,,,,
27524-20080716,1905939,30802,1,ROGER J SIMIALE,JACKPOT AMUSEMENTS,14216 S CLARK ST 1ST,RIVERDALE,IL,60827,,,,,1046,Automatic Amusement Device Operator,,,27524.0,RENEW,,05/15/2008,09/26/2008,N,07/16/2008,07/15/2010,12/15/2008,12/16/2008,AAI,,,,,
2093125-20150416,2381831,217876,2,ELITE CONSTRUCTION CO. INC.,"ELITE CONSTRUCTION COMPANY, INC.",600  TERRITORIAL DR  B,BOLINGBROOK,IL,60440,,,,,1010,Limited Business License,708,Miscellaneous Commercial Services,2093125.0,RENEW,,02/15/2015,03/25/2015,N,04/16/2015,04/15/2017,03/25/2015,03/26/2015,AAI,,,,,
2114415-,2114418,364612,2,JOYCE A JOHNSON,J & K CATERING,1413 S 11TH ST,MAYWOOD,IL,60153,,,,,8344,Shared Kitchen User,,,2114415.0,ISSUE,,,,N,,08/15/2013,,04/10/2013,AAI,,,,,
1822753-20110616,2091919,318317,1,X-PRESS QUALITY CLEANING INC.,X-PRESS QUALITY CLEANING INC.,3206 S SCOVILLE AVE,BERWYN,IL,60402,,,,,1010,Limited Business License,,,1822753.0,RENEW,,04/15/2011,06/14/2011,N,06/16/2011,06/15/2013,06/14/2011,06/15/2011,AAI,,,,,
1273573-20070216,1779869,37899,1,DCO INC,SEATTLE SUTTON'S HEALTHY EATING,1260 N DEARBORN ST,CHICAGO,IL,60610,2.0,36.0,2-36,18.0,1006,Retail Food Establishment,775,Retail Sales of Perishable Foods,1273573.0,RENEW,,12/20/2006,02/14/2007,N,02/16/2007,02/15/2008,02/14/2007,02/15/2007,AAI,,,41.905651143,-87.630183757,"(41.90565114341531, -87.63018375722896)"
1646539-20070216,1794135,296869,1,DEBORAH MALOFF & ASSOCIATES INC,"DEBORAH MALOFF & ASSOCIATES, INC",633 S BRUNER ST,HINSDALE,IL,60521,,,,,1010,Limited Business License,,,1646539.0,RENEW,,12/20/2006,01/09/2007,N,02/16/2007,05/15/2009,01/09/2007,01/10/2007,AAI,,,,,
1817024-20150416,2383112,315926,1,"STENSTROM EXCAVATION & BLACKTOP, INC.","STENSTROM EXCAVATION & BLACKTOP, INC.",2422  CENTER ST,ROCKFORD,IL,61108,,,,,1010,Limited Business License,,,1817024.0,RENEW,,02/15/2015,02/24/2015,N,04/16/2015,04/15/2017,02/24/2015,02/25/2015,AAI,,,,,
24938-20070216,1778383,30177,1,TROPIC-KOOL ENGINEERING CORP,TROPIC-KOOL ENGINEERING CORP,1232  DONEGAN RD  MAIN,LARGO,FL,33771,,,,,1010,Limited Business License,,,24938.0,RENEW,,12/20/2006,01/29/2007,N,02/16/2007,04/15/2008,01/29/2007,01/30/2007,AAI,,,,,
1222412-20101016,2051771,229678,1,MS EGGROLL #2 INC,MS EGGROLL #2 INC,6966 N GLENWOOD AVE,CHICAGO,IL,60626,49.0,24.0,49-24,24.0,1006,Retail Food Establishment,775,Retail Sales of Perishable Foods,1222412.0,RENEW,,08/16/2010,09/29/2010,N,10/16/2010,10/15/2012,09/29/2010,09/30/2010,AAI,,24.0,42.008692329,-87.666349753,"(42.00869232882907, -87.66634975283057)"
1904458-20080505,1904458,331126,1,K. O. T. INVESTMENTS LLC,K. O. T. INVESTMENTS LLC,3928 S SCOVILLE AVE,STICKNEY,IL,60402,,,,,1011,Home Repair,,,1904458.0,ISSUE,05/05/2008,05/05/2008,05/05/2008,N,05/05/2008,05/15/2010,05/05/2008,05/05/2008,AAI,,,,,
1489383-20070216,1788134,253387,1,Kroger Limited Partnership II,Peyton's Northern,1111 S ADAMS ST,BLUFFTON,IN,46714,,,,,1784,Tobacco Dealer Wholesale,865,Wholesale Tobacco Product Sales,1489383.0,RENEW,,12/20/2006,01/09/2007,N,02/16/2007,03/15/2008,01/09/2007,01/10/2007,AAI,,,,,
2232430-20130211,2232430,325018,51,"TAX SERVICES OF AMERICA, INC.",JACKSON HEWITT TAX SERVICE,3954 W CERMAK RD 1,CHICAGO,IL,60623,24.0,40.0,24-40,10.0,1010,Limited Business License,197,Tax Preparation Services,2232430.0,ISSUE,02/06/2013,02/11/2013,02/11/2013,N,02/11/2013,12/15/2013,02/11/2013,02/11/2013,AAI,,,41.851661493,-87.724436494,"(41.851661493489516, -87.72443649425358)"
1330743-20060216,1667335,257556,1,D. M. N. CONSTRUCTION  PLUMBING AND SEWER INC,D. M. N. CONSTRUCTION PLUMBING AND SEWER INC.,8006 S NEVA AVE,BURBANK,IL,60459,,,,,1011,Home Repair,,,1330743.0,RENEW,,12/21/2005,02/10/2006,N,02/16/2006,02/15/2007,02/10/2006,02/14/2006,AAI,,,,,
20417-20050816,1599869,8282,1,"R.H.A. FOOD & LIQUOR, INC.",SKIP'S FOOD AND LIQUOR,5515 S DAMEN AVE,CHICAGO,IL,60636,15.0,43.0,15-43,7.0,1006,Retail Food Establishment,775,Retail Sales of Perishable Foods,20417.0,RENEW,,06/21/2005,08/05/2005,N,08/16/2005,08/15/2006,08/05/2005,08/08/2005,AAI,,,41.793066631,-87.674121429,"(41.79306663087074, -87.67412142900783)"
8121-20030216,1316724,50751,1,IDA CHERNYAK,IDA CHERNYAK,9634  LARAMIE  1ST,SKOKIE,IL,60077,,,,,1525,Massage Therapist,,,8121.0,RENEW,,12/17/2002,01/30/2003,N,02/16/2003,02/15/2004,01/30/2003,01/31/2003,AAI,,,,,
1332912-20030424,1332912,85305,20,"MCDONALD'S RESTAURANTS OF ILLINOIS, INC.","MCDONALD'S REST OF ILLINOIS, INC",4605 W DIVERSEY AVE,CHICAGO,IL,60639,31.0,1.0,31-1,25.0,1006,Retail Food Establishment,775,Retail Sales of Perishable Foods,1332912.0,ISSUE,02/03/2003,03/04/2003,03/11/2003,N,04/24/2003,02/15/2004,04/01/2003,04/24/2003,AAI,,,41.931481624,-87.742148862,"(41.93148162384158, -87.74214886196569)"
1226181-20030216,1326516,243475,1,ROBERT KOTSCHI JR,GSJ/BREK CONSTRUCTION SERVICES,350  JAN ST,MANHATTAN,IL,60442,,,,,1010,Limited Business License,,,1226181.0,RENEW,,12/17/2002,01/14/2003,N,02/16/2003,02/15/2004,01/14/2003,01/15/2003,AAI,,,,,
2290226-20131015,2290226,383148,4,"TRANSWORLD SYSTEMS, INC.",Transworld Systems Inc.,400  LAKESIDE DR,HORSHAM,PA,19044,,,,,4404,Regulated Business License,912,Debt Collecting - Administrative Commercial Office,2290226.0,ISSUE,,10/14/2013,10/14/2013,N,10/15/2013,07/15/2015,10/14/2013,10/15/2013,AAC,08/14/2014,,,,
1383604-20031216,1383604,266765,1,"UNIVERSAL FOREST PRODUCTS EASTERN DIVISION, INC.",HOME DEPOT INSTALL SERVICE,1118  HUMES RD,JANESVILLE,WI,53545,,,,,1011,Home Repair,,,1383604.0,ISSUE,08/14/2003,12/12/2003,12/15/2003,N,12/16/2003,02/15/2004,12/15/2003,12/16/2003,AAI,,,,,
2217525-20141216,2361775,339164,1,BENJAMIN ORTEGA-SOLIS,BENJAMIN ORTEGA-SOLIS,4247 S HOHMAN,HAMMOND,IN,46327,,,,,4406,Peddler License,769,"Peddler- Retail Sales of General Merchandise, Whole Uncut Fruits/Vegetables, Flowers, Moving Along the Public Way",2217525.0,RENEW,,10/15/2014,12/18/2014,N,12/16/2014,12/15/2016,,12/18/2014,AAI,,,,,
1382597-20030902,1382597,266360,1,STAMATIOS TAKTIKOS,STAMATIOS TAKTIKOS,6754 W GUNNISON,HARWOOD HEIGHTS,IL,60706,,,,,1525,Massage Therapist,,,1382597.0,ISSUE,08/05/2003,08/05/2003,08/05/2003,N,09/02/2003,02/15/2004,08/29/2003,09/02/2003,AAI,,,,,
1141060-20020216,1218672,213593,1,CIRCLE W TRACTOR & EG CO INC,CIRCLE W TRACTOR EG. CO. INC,12608 W 159 ST,LOCKPORT,IL,60441,,,,,1010,Limited Business License,,,1141060.0,RENEW,,12/21/2001,01/16/2002,N,02/16/2002,02/15/2003,01/16/2002,01/17/2002,AAI,,,,,
1842253-20110716,2097008,320136,1,SMART TECHNOLOGY SOLUTIONS INC,STS ELECTRIC,836 S ARLINGTON RD  786,ELK GROVE,IL,60007,,,,,1011,Home Repair,,,1842253.0,RENEW,,05/16/2011,11/07/2011,N,07/16/2011,07/15/2013,11/07/2011,11/08/2011,AAC,12/29/2012,,,,
1698255-20100416,2020063,304272,1,"MCQ CONSTRUCTION, INC.","MCQ CONSTRUCTION, INC.",9129  SYCAMORE DR,HICKORY HILLS,IL,60457,,,,,1010,Limited Business License,,,1698255.0,RENEW,,02/11/2010,03/25/2010,N,04/16/2010,04/15/2012,03/25/2010,03/26/2010,AAI,,,,,
2368591-20170116,2500255,385687,1,SHAFEEQ AHMED KHAN,SHAFEEQ AHMED KHAN,9012  MOODY AVE,MORTON GROVE,IL,60053,,,,,4404,Regulated Business License,737,"Preparation of License, Certificate or Permit Applications for Compensation",2368591.0,RENEW,,11/15/2016,01/03/2017,N,01/16/2017,01/15/2019,01/03/2017,01/04/2017,AAI,,,,,
2206573-20121229,2206573,280559,1,JOSEPH M HESSION,HESSION SEWER WATER,6237 W BIRMINGHAM AVE,CHICAGO RIDGE,IL,60415,,,,,4404,Regulated Business License,673,Home Repair Services,2206573.0,ISSUE,,,,N,12/29/2012,04/15/2013,,12/29/2012,AAI,,,,,
32584-20070516,1809749,53846,1,DIRI JOHNSON,JOHNSON'S ICE CREAM,12355 S KEDVALE AVE 1ST,ALSIP,IL,60658,,,,,1315,Mobile Food Dispenser,,,32584.0,RENEW,,03/23/2007,05/07/2007,N,05/16/2007,03/15/2008,06/13/2007,06/14/2007,AAI,,,,,
1520508-20040923,1520508,281832,1,PRIME PROPERTY INVESTORS,PRIME PROPERTY INVESTORS,3100  DUNDEE RD  506,NORTHBROOK,IL,60062,,,,,1020,Residential Real Estate Developer,,,1520508.0,ISSUE,09/22/2004,09/22/2004,09/22/2004,N,09/23/2004,02/15/2005,09/22/2004,09/23/2004,AAI,,,,,
2506371-20161228,2506371,412452,1,72 DEGREES HEATING & COOLING LLC,72 DEGREES HEATING & COOLING LLC,11833 S LAPORTE,ALSIP,IL,60803,,,,,4404,Regulated Business License,901,"Heating, Ventilation and Air Conditioning Services - Residential",2506371.0,ISSUE,12/28/2016,12/28/2016,12/28/2016,N,12/28/2016,01/15/2019,12/28/2016,12/28/2016,AAI,,,,,
1441879-20031001,1441879,268388,1,RUEBEN COLLIER,RUEBEN COLLIER,12211 S VINCENNES   3,BLUE ISLAND,IL,60406,,,,,1604,"Peddler, non-food",,,1441879.0,ISSUE,09/29/2003,10/01/2003,10/01/2003,N,10/01/2003,02/15/2004,,10/01/2003,AAI,,,,,
1695375-20070216,1795542,302960,1,CARRY-ON PROPERTIES INC,CARRY-ON PROPERTIES INC,3223 W LAKE,WILMETTE,IL,60091,,,,,1020,Residential Real Estate Developer,,,1695375.0,RENEW,,12/20/2006,01/11/2007,N,02/16/2007,03/15/2009,01/11/2007,01/12/2007,AAI,,,41.884296751,-87.707160114,"(41.88429675087411, -87.70716011421828)"
2542827-20180716,2600212,418477,1,ELIZABETH CONWAY,ELIZABETH CONWAY,[REDACTED FOR PRIVACY],CHESTERTON,IN,46304,,,,,7009,Pharmaceutical Representative,990,Markets / Promotes Pharmaceuticals to Health Care Professionals and Conducts Business for More than 15 Calendar Days per Year,2542827.0,RENEW,,05/15/2018,06/14/2018,N,07/16/2018,07/15/2019,06/14/2018,06/14/2018,AAI,,,,,
1043337-20020216,1216118,202289,1,James Paul Hacker,Hacker Refrigeration,2171 N 46TH RD,LELAND,IL,60531,,,,,1010,Limited Business License,,,1043337.0,RENEW,,12/20/2001,01/16/2002,N,02/16/2002,02/15/2003,01/16/2002,01/17/2002,AAI,,,,,
1970459-20090615,1970459,213986,3,"DONE RITE RECOVERY SERVICES, INC.",SCOTT EDWARD WISNIEWSKI,3056 E 107TH  1,LANSING,IL,60438,,,,,1842,Repossessor Class B Employee,,,1970459.0,ISSUE,05/14/2009,05/14/2009,05/14/2009,N,06/15/2009,09/15/2009,06/15/2009,06/15/2009,AAI,,,,,
1336325-20040216,1467125,260118,1,WEBSTER CONSTRUCTION GROUP INC.,WEBSTER CONSTRUCTION GROUP INC.,848  MEADOWLARK LN,GLENVIEW,IL,60025,,,,,1011,Home Repair,,,1336325.0,RENEW,,12/15/2003,03/09/2004,N,02/16/2004,02/15/2005,12/22/2003,03/09/2004,AAI,,,,,
1334037-20040216,1466779,258950,1,CHARLES A WILLIAMS SR,CAW GROUP HOME IMPROVEMENT,1100  NICHOLS,MAYWOOD,IL,60153,,,,,1011,Home Repair,,,1334037.0,RENEW,,12/15/2003,02/24/2004,N,02/16/2004,02/15/2005,12/22/2003,02/24/2004,AAI,,,,,
1332700-20030203,1332700,57651,3,AAF MCQUAY INC,AAF MCQUAY INC,175  HANSEN CT  103,WOOD DALE,IL,60191,,,,,1010,Limited Business License,,,1332700.0,C_LOC,01/30/2003,01/30/2003,01/31/2003,N,02/03/2003,02/15/2004,01/31/2003,02/03/2003,AAI,,,,,
1998077-20090925,1998077,347569,1,"W4Sight, LLC","W4Sight, LLC",1818 W LELAND AVE 3 300,CHICAGO,IL,60640,47.0,36.0,47-36,19.0,1012,Home Occupation,,,1998077.0,ISSUE,,09/23/2009,09/23/2009,N,09/25/2009,07/15/2011,09/24/2009,09/25/2009,AAI,,31.0,41.967080795,-87.675496027,"(41.967080794942035, -87.67549602738724)"
2002752-20091016,2002752,348174,1,"MIDWEST RESTORATION & CONSTRUCTION, INC.","MIDWEST RESTORATION & CONSTRUCTION, INC.",539 N EVERGREEN AVE,ELMHURTS,IL,60126,,,,,1011,Home Repair,,,2002752.0,ISSUE,10/16/2009,10/16/2009,10/16/2009,N,10/16/2009,11/15/2011,10/16/2009,10/16/2009,AAI,,,,,
23416-20100316,2015132,52544,1,JOSEPH CONSTRUCTION CO,JOSEPH CONSTRUCTION CO,3250 E GLENWOOD DYER R   1,LYNWOOD,IL,60411,,,,,1010,Limited Business License,,,23416.0,RENEW,,01/15/2010,02/03/2010,N,03/16/2010,03/15/2012,02/03/2010,02/04/2010,AAI,,,,,
2313699-20160316,2445679,388361,1,"A.C.S. Companies, Inc",Acme Credit Service,1124 S EIGHTH ST,SPRINGFIELD,IL,62703,,,,,4404,Regulated Business License,912,Debt Collecting - Administrative Commercial Office,2313699.0,RENEW,,01/15/2016,02/17/2016,N,03/16/2016,03/15/2018,02/17/2016,02/18/2016,AAI,,,,,
1517719-20070816,1834875,253599,2,"TRP DECORATING, INC.","TRP DECORATING, INC",17051  GREENWOOD,SOUTH HOLLAND,IL,60473,,,,,1010,Limited Business License,,,1517719.0,RENEW,,06/21/2007,08/13/2007,N,08/16/2007,08/15/2009,08/13/2007,08/14/2007,AAI,,,,,
1679027-20070216,1794940,300894,1,FERNANDO LIMON,FERNANDO LIMON,5412 W STATE RD,BURBANK,IL,60459,,,,,1604,"Peddler, non-food",,,1679027.0,RENEW,,12/20/2006,02/14/2007,N,02/16/2007,01/15/2008,,02/14/2007,AAI,,,,,
1224481-20070216,1775309,15051,5,ROTO-ROOTER SERVICES COMPANY,ROTO-ROOTER SERVICES COMPANY,1975-77  JOHN'S DR,GLENVIEW,IL,60025,,,,,1010,Limited Business License,,,1224481.0,RENEW,,12/20/2006,03/21/2007,N,02/16/2007,05/15/2009,03/21/2007,03/22/2007,AAI,,,,,
1244812-20031116,1438574,246350,1,PROM TEL COM INC,PROM TEL COM INC,11700 S MICHIGAN AVE,CHICAGO,IL,60628,9.0,7.0,9-7,5.0,1010,Limited Business License,,,1244812.0,RENEW,,09/26/2003,11/17/2003,N,11/16/2003,11/15/2004,11/17/2003,11/18/2003,AAI,,,41.681516116,-87.620771547,"(41.681516116015665, -87.62077154690859)"
1489171-20040331,1489171,275032,1,JAMES E DOLAN,JAMES E DOLAN,419  KEENEY ST 2ND,EVANSTON,IL,60202,,,,,1605,Street Performer,,,1489171.0,ISSUE,03/31/2004,03/31/2004,03/31/2004,N,03/31/2004,02/15/2005,,03/31/2004,AAI,,,,,
1738099-20170716,2532203,306632,1,"PIZZA SWEDE, INCORPORATED",RANALLIS,1508-1512 W BERWYN AVE,CHICAGO,IL,60640,40.0,43.0,40-43,20.0,1006,Retail Food Establishment,775,Retail Sales of Perishable Foods,1738099.0,RENEW,,05/15/2017,06/15/2017,N,07/16/2017,07/15/2019,06/15/2017,06/19/2017,AAI,,22.0,41.978123358,-87.668755869,"(41.97812335776488, -87.6687558692362)"
2204265-20150316,2375142,6563,5,"DANLEY LUMBER CO., INC.",GARAGE 2017 LLC,620  ACADEMY DR 1ST,NORTHBROOK,IL,60062,,,,,4404,Regulated Business License,673,Home Repair Services,2204265.0,RENEW,,01/16/2015,02/17/2015,N,03/16/2015,03/15/2017,02/17/2015,02/18/2015,AAI,,,,,
2341867-20140709,2341867,372441,2,J & A PLUMBING & HEATING CORP,J & A PLUMBING & HEATING CORP,10 W RIDGE,PROSPECT HEIGHTS,IL,60070,,,,,4404,Regulated Business License,901 | 673,"Heating, Ventilation and Air Conditioning Services - Residential | Home Repair Services",2341867.0,C_LOC,07/09/2014,07/09/2014,07/09/2014,N,07/09/2014,06/15/2016,07/09/2014,07/09/2014,AAI,,,,,
1382211-20040216,1468853,266179,1,IBRAHIMS UNISEX,IBRAHIMS UNISEX,2635 1/2 W PETERSON AVE,CHICAGO,IL,60659,40.0,10.0,40-10,20.0,1010,Limited Business License,,,1382211.0,RENEW,,12/15/2003,01/09/2004,N,02/16/2004,02/15/2005,12/22/2003,01/12/2004,AAI,,,41.990352237,-87.695977532,"(41.99035223736771, -87.69597753185158)"
1645112-20170416,2512846,36700,2,CUSTOM ENVIROMENTAL INC,CUSTOM ENVIROMENTAL INC.,477  SUNNYSIDE AVE,GURNEE,IL,60031,,,,,1010,Limited Business License,,,1645112.0,RENEW,,02/15/2017,03/27/2017,N,04/16/2017,04/15/2019,03/27/2017,03/28/2017,AAI,,,,,
48428-20051116,1632690,56299,1,JANETTE MAYSONET,FLORES DEL AMOR,2611 W DIVISION ST  1ST,CHICAGO,IL,60622,26.0,61.0,26-61,12.0,1010,Limited Business License,,,48428.0,RENEW,,09/22/2005,11/04/2005,N,11/16/2005,11/15/2006,11/04/2005,11/07/2005,AAI,,,41.902853882,-87.692456021,"(41.90285388219202, -87.69245602134914)"
78326-20060216,1654654,23060,2,WON DOOR CORPORATION,WON DOOR CORPORATION,1865 S 3480 WEST  1ST,SALT LAKE CITY,UT,84104,,,,,1010,Limited Business License,,,78326.0,RENEW,,12/21/2005,01/23/2006,N,02/16/2006,02/15/2007,01/23/2006,01/24/2006,AAI,,,,,
1923021-20080813,1923021,335911,1,GARDNER FUNERAL HOME INC.,GARDNER FUNERAL HOME INC.,2533 W 71ST ST 1ST,CHICAGO,IL,60629,18.0,58.0,18-58,8.0,1010,Limited Business License,,,1923021.0,ISSUE,08/13/2008,08/13/2008,08/13/2008,N,08/13/2008,10/15/2009,08/13/2008,08/13/2008,AAI,,14.0,41.764527568,-87.686971594,"(41.76452756790334, -87.68697159401556)"
2207704-20131216,2291982,324359,2,LIVE WIRE ELECTRICAL SYSTEMS INC.,LIVE WIRE ELECTRICAL SYSTEMS,16341  FRONTAGE RD,OAK FOREST,IL,60452,,,,,4404,Regulated Business License,673,Home Repair Services,2207704.0,RENEW,,10/15/2013,11/07/2013,N,12/16/2013,12/15/2015,11/07/2013,11/08/2013,AAI,,,,,
1245431-20070216,1778282,29736,2,JOHN P TESCHKY INC,JOHN P TESCHKY INC,824  WAUKEGAN RD,NORTHBROOK,IL,60062,,,,,1010,Limited Business License,,,1245431.0,RENEW,,12/20/2006,01/10/2007,N,02/16/2007,05/15/2008,01/10/2007,01/11/2007,AAI,,,,,
2146825-20120327,2146825,328981,2,VR CONCRETE INC.,VR CONCRETE INC.,833  VALLEY STREAM RD,WHEELING,IL,60090,,,,,1011,Home Repair,,,2146825.0,C_LOC,03/27/2012,03/27/2012,03/27/2012,N,03/27/2012,03/15/2014,03/27/2012,03/27/2012,AAC,12/29/2012,,,,
1772328-20080916,1919707,312648,1,PFM ASSET MANAGEMENT LLC,PFM ASSET MANAGEMENT LLC,222 N LA SALLE ST 910,CHICAGO,IL,60601,42.0,9.0,42-9,1.0,1010,Limited Business License,,,1772328.0,RENEW,,07/15/2008,10/06/2008,N,09/16/2008,09/15/2010,10/06/2008,10/07/2008,AAI,,,41.886351604,-87.632613946,"(41.886351604488574, -87.63261394551859)"
1195901-20020216,1220689,221786,1,THE FATHER' SONS PAINTING,THE FATHER'S SONS PAINTING CORP.,14120 S TRACY ST 1 1R,RIVERDALE,IL,60827,,,,,1011,Home Repair,,,1195901.0,RENEW,,12/21/2001,02/15/2002,N,02/16/2002,02/15/2003,02/15/2002,02/19/2002,AAI,,,,,
1121919-20020216,1217877,210505,1,TOMASZ BLANDO,AIR FORCE,1340  GIESE RD,BATAVIA,IL,60510,,,,,1010,Limited Business License,,,1121919.0,RENEW,,12/21/2001,02/08/2002,N,02/16/2002,02/15/2003,02/08/2002,02/08/2002,AAI,,,,,
3643-20070216,1782863,62603,1,DANIEL TSE KIN LEE,GUEY LON RESTAURANT,3968 N ELSTON AVE 1ST,CHICAGO,IL,60618,45.0,29.0,45-29,17.0,1006,Retail Food Establishment,775,Retail Sales of Perishable Foods,3643.0,RENEW,,12/20/2006,02/08/2007,N,02/16/2007,03/15/2009,02/08/2007,02/09/2007,AAI,,,41.953332508,-87.718791723,"(41.95333250806868, -87.71879172290042)"
1682250-20100416,2018234,11017,1,ANNING JOHNSON CO,ANNING JOHNSON CO,1959  ANSON DR,MELROSE PARK,IL,60160,,,,,1010,Limited Business License,,,1682250.0,RENEW,,02/11/2010,03/26/2010,N,04/16/2010,04/15/2012,03/26/2010,03/29/2010,AAI,,,,,
1139470-20020216,1218429,212367,1,VALERIE ROSE GOMEZ,VALERIE GOMEZ,5108 W 32ND PL,CICERO,IL,60804,,,,,1525,Massage Therapist,,,1139470.0,RENEW,,12/21/2001,02/15/2002,N,02/16/2002,02/15/2003,02/15/2002,02/19/2002,AAI,,,,,
1548100-20041214,1548100,285794,1,ROMAN BUJDEI,PERMIT CONSULTANTS,9228  KNIGHT,DES PLAINES,IL,60016,,,,,1010,Limited Business License,,,1548100.0,ISSUE,12/13/2004,12/13/2004,12/13/2004,N,12/14/2004,02/15/2005,12/13/2004,12/14/2004,AAI,,,,,
1143594-20091016,1988802,214953,1,BRUCE MARTIN LLC,CARDINAL WAREHOUSE LIQUORS,3501 N CENTRAL AVE,CHICAGO,IL,60634,36.0,39.0,36-39,16.0,1781,Tobacco,763,Retail Sale of Tobacco,1143594.0,RENEW,,08/14/2009,09/11/2009,N,10/16/2009,10/15/2011,09/11/2009,09/14/2009,AAI,,,41.944099307,-87.766548046,"(41.94409930695949, -87.76654804609672)"
1576707-20070216,1790496,273179,2,DRAGOS ZLOTA,D & D HEATING & COOLING,3920 W LUNT,LINCOLNWOOD,IL,60712,,,,,1010,Limited Business License,,,1576707.0,RENEW,,12/20/2006,01/26/2007,N,02/16/2007,03/15/2009,01/26/2007,01/29/2007,AAI,,,,,
54616-20011116,1177184,18014,1,ROGERS PARK PRODUCE CO,ROGERS PARK FRUIT MARKET,7401 N CLARK ST  1,CHICAGO,IL,60626,49.0,11.0,49-11,24.0,1006,Retail Food Establishment,775,Retail Sales of Perishable Foods,54616.0,RENEW,,10/03/2001,10/24/2001,N,11/16/2001,11/15/2002,01/08/2002,01/09/2002,AAI,,24.0,42.015923342,-87.675041025,"(42.01592334174168, -87.67504102462631)"
3114-20040216,1448573,2810,1,BODINE ELECTRIC CO,BODINE ELECTRIC CO,201  NORTHFIELD RD,NORTHFIELD,IL,60093,47.0,9.0,47-9,19.0,1009,Manufacturing Establishments,,,3114.0,RENEW,,12/15/2003,01/12/2004,N,02/16/2004,02/15/2005,12/22/2003,01/13/2004,AAI,,,,,
1741819-20060825,1741819,308369,1,"B H MASONRY, INC.","B H MASONRY, INC.",2635  HAYMOND AVE,RIVER GROVE,IL,60171,,,,,1010,Limited Business License,,,1741819.0,ISSUE,08/22/2006,08/24/2006,08/24/2006,N,08/25/2006,02/15/2007,08/24/2006,08/25/2006,AAI,,,,,
1985341-20090721,1985341,345696,1,JOSHUA M. HOLM,JOSHUA M. HOLM,1377  PROSSER  1,SYCAMORE,IL,60178,,,,,1605,Street Performer,,,1985341.0,ISSUE,07/21/2009,07/21/2009,07/21/2009,N,07/21/2009,08/15/2011,,07/21/2009,AAI,,,,,
52724-20060216,1653693,17693,2,JOHN RENDINA CONSTRUCTION CORP,JOHN REDINA CONSTRUCTION CORP,13424  HUNTMASTER LN,LEMONT,IL,60439,,,,,1010,Limited Business License,,,52724.0,RENEW,,12/21/2005,01/27/2006,N,02/16/2006,02/15/2007,01/27/2006,01/30/2006,AAI,,,,,
69301-20050216,1552684,21147,1,JOHN'S ROOFING & CONSTRUCTION INC.,JOHN'S ROOFING & CONSTRUCTION INC.,108  SELL RD,ELK GROVE,IL,60007,,,,,1010,Limited Business License,,,69301.0,RENEW,,12/20/2004,01/11/2005,N,02/16/2005,02/15/2006,01/11/2005,01/12/2005,AAI,,,,,
77191-20020216,1202567,22773,2,KEN BUELTMANN,WIR BAUEN CONSTRUCTION,818  REBA PL,EVANSTON,IL,60202,,,,,1011,Home Repair,,,77191.0,RENEW,,12/20/2001,04/05/2002,N,02/16/2002,02/15/2003,04/05/2002,04/08/2002,AAI,,,,,
83662-20030216,1316600,50187,1,CRNE INC,CRNE'S ENVIRONMENTAL CONTROL,1861  PFINGSTEN RD 1ST,NORTHBROOK,IL,60062,,,,,1010,Limited Business License,,,83662.0,RENEW,,12/17/2002,01/08/2003,N,02/16/2003,02/15/2004,01/08/2003,01/09/2003,AAI,,,,,
1479912-20040316,1479912,274393,1,KELVIN E MC COLLUM,KELVIN E MC COLLUM,3923  MADISON ST,BELLWOOD,IL,60104,,,,,1604,"Peddler, non-food",,,1479912.0,ISSUE,03/16/2004,03/16/2004,03/16/2004,N,03/16/2004,02/15/2005,,03/16/2004,AAI,,,,,
1471104-20040216,1573613,271588,1,KIMISAN F COSTELLO,REVELATIONS OF BEAUTY,242 W SLADE ST,PALATINE,IL,60067,,,,,1010,Limited Business License,,,1471104.0,RENEW,,01/05/2005,,N,02/16/2004,02/15/2005,,01/05/2005,AAI,,,,,
1333329-20040216,1451745,21603,3,HVAC & GEOTECH SYSTEMS INC,HVAC & GOETECH SYSTEMS INC.,3945  OAKTON ST,SKOKIE,IL,60076,,,,,1010,Limited Business License,,,1333329.0,RENEW,,12/15/2003,01/20/2004,N,02/16/2004,02/15/2005,12/22/2003,01/21/2004,AAI,,,,,
2153519-20121116,2187750,316363,2,"FREIGHT EXCHANGE OF NORTH AMERICA, LLC",Freight Exchange of North America (or FX),1765 N ELSTON AVE 2ND AND 3RD FLOORS,CHICAGO,IL,60622,2.0,,2-,,1010,Limited Business License,,,2153519.0,RENEW,,09/14/2012,10/22/2012,N,11/16/2012,11/15/2014,10/22/2012,10/23/2012,AAI,,,41.914742609,-87.664978327,"(41.9147426090437, -87.66497832743869)"
1167167-20030216,1324745,217253,1,ZORKA SPASSOVA STOTZEVA,ZORKA SPASSOVA  STOITZEVA,1263  WYNDHAM   104,PALATINE,IL,60074,,,,,1525,Massage Therapist,,,1167167.0,RENEW,,12/17/2002,02/06/2003,N,02/16/2003,02/15/2004,02/06/2003,02/07/2003,AAI,,,,,
1771760-20061214,1771760,312378,1,"WOOFER SOUND 2, INC.",WOOFER SOUND,2500 N MILWAUKEE AVE  123,CHICAGO,IL,60647,32.0,30.0,32-30,14.0,1010,Limited Business License,,,1771760.0,ISSUE,12/06/2006,12/13/2006,12/13/2006,N,12/14/2006,11/15/2007,12/13/2006,12/14/2006,AAI,,,41.926736598,-87.703827827,"(41.92673659835983, -87.70382782692913)"
1303523-20021211,1303523,255850,1,NATALIYA BYNDAS,NATALIYA BYNDAS,824 E OLD WILLOW RD  212,PROSPECT HEIGHTS,IL,60070,,,,,1525,Massage Therapist,,,1303523.0,ISSUE,11/13/2002,11/13/2002,11/13/2002,N,12/11/2002,02/15/2003,12/10/2002,12/11/2002,AAI,,,,,
45170-20020816,1257227,35705,1,LAURENCE J JONES,JONES ELECTRICAL,1384  WOODLAND LN 1ST,RIVERWOODS,IL,60015,,,,,1010,Limited Business License,,,45170.0,RENEW,,06/28/2002,08/03/2002,N,08/16/2002,08/15/2003,08/03/2002,08/05/2002,AAI,,,,,
2158235-20120611,2158235,373043,1,"BRINES REFRIGERATION,HEATING & COOLING, INC.","BRINES REFRIGERATION,HEATING & COOLING, INC.",26400  SOUTHFIELD RD,LATHRUP VILLAGE,MI,48076,,,,,1010,Limited Business License,902,"Heating, Ventilation and Air Conditioning Services - Commercial",2158235.0,ISSUE,06/08/2012,06/08/2012,06/08/2012,N,06/11/2012,06/15/2014,06/08/2012,06/11/2012,AAI,,,,,
2188965-20120917,2188965,375733,1,BRADLEY J MEYER,BRAD JOHNATHAN MEYER,613  RAINTREE RD,BUFFALO GROVE,IL,60089,,,,,1605,Street Performer,,,2188965.0,ISSUE,09/17/2012,09/17/2012,09/17/2012,N,09/17/2012,10/15/2014,,09/17/2012,AAC,12/29/2012,,,,
1333053-20060216,1660963,59478,3,PETER STACHOWICZ,PETERS OAK FLOORING CO.,4705 N NEW CASTLE AVE,HARWOOD HEIGHTS,IL,60706,,,,,1010,Limited Business License,,,1333053.0,RENEW,,12/21/2005,02/23/2006,N,02/16/2006,02/15/2007,02/23/2006,02/24/2006,AAI,,,,,
1884773-20100116,2007510,326278,1,"GET WELL, INC.",ACCESSIBLE HOME HEALTH CARE OF LAKE COUNTY,1020  MILWAUKEE AVE 2ND 227,DEERFIELD,IL,60015,,,,,1010,Limited Business License,,,1884773.0,RENEW,,11/16/2009,11/30/2009,N,01/16/2010,01/15/2012,11/30/2009,12/01/2009,AAI,,29.0,41.900342757,-87.661998598,"(41.90034275684055, -87.66199859843073)"
28540-20090316,1949982,31082,1,"P & W HEATING & COOLING, INC","P & W HEATING & COOLING,INC",131  GARLISCH DR  1,ELK GROVE,IL,60007,,,,,1010,Limited Business License,,,28540.0,RENEW,,01/15/2009,03/11/2009,N,03/16/2009,03/15/2011,03/11/2009,03/12/2009,AAI,,,,,
1873329-20121016,2181442,260867,4,HARRIS FARRUKH,INTERNET SUPERSTAR,6805 N SHERIDAN RD 1,CHICAGO,IL,60626,49.0,29.0,49-29,24.0,1010,Limited Business License,,,1873329.0,RENEW,,08/15/2012,09/19/2012,N,10/16/2012,10/15/2014,09/19/2012,09/20/2012,AAC,12/29/2012,54.0,42.005748683,-87.660817462,"(42.00574868295367, -87.66081746196252)"
1517647-20120716,2155231,280502,19,AUTOZONE PARTS INC,AUTOZONE # 5245,4448 N PULASKI RD,CHICAGO,IL,60630,39.0,46.0,39-46,17.0,1010,Limited Business License,,,1517647.0,RENEW,,05/15/2012,05/21/2012,N,07/16/2012,07/15/2014,05/21/2012,05/22/2012,AAI,,,41.962392714,-87.728012185,"(41.96239271370227, -87.72801218497115)"
1646406-20060216,1674227,294945,1,ALEJANDRO  G.  GARCIA,ALLA HVAC NECH SYSTEMS COMPANY,7306 W OGDEN,RIVERSIDE,IL,60546,,,,,1010,Limited Business License,,,1646406.0,RENEW,,12/21/2005,02/23/2006,N,02/16/2006,02/15/2007,02/23/2006,02/24/2006,AAI,,,,,
1168737-20030216,1324893,217948,1,Techniteam Corp.,Techniteam Corp.,1825  COLLEGE AVE  130,WHEATON,IL,60187,,,,,1010,Limited Business License,,,1168737.0,RENEW,,12/17/2002,01/23/2003,N,02/16/2003,02/15/2004,01/23/2003,01/24/2003,AAI,,,,,
1798797-20120416,2139260,36725,4,"Four Seasons Heating & Air Conditioning, Inc.","FOUR SEASONS, INC.",5701 W 73RD ST 1ST,BEDFORD PARK,IL,60638,,,,,1010,Limited Business License,902 | 901,"Heating, Ventilation and Air Conditioning Services - Commercial | Heating, Ventilation and Air Conditioning Services - Residential",1798797.0,RENEW,,02/17/2012,03/13/2012,N,04/16/2012,04/15/2014,03/13/2012,03/14/2012,AAI,,,,,
1426320-20071116,1854505,38513,2,111 W. 111TH ST. CORPORATION,Doris 115 Club,137-139 W 115TH ST,CHICAGO,IL,60628,34.0,11.0,34-11,5.0,1470,Tavern,829,Tavern - Consumption of Liquor on Premise,1426320.0,RENEW,,09/21/2007,11/15/2007,N,11/16/2007,09/15/2009,11/15/2007,11/16/2007,AAI,,,41.68516465,-87.626837965,"(41.685164649705676, -87.62683796466803)"
1594407-20130516,2243316,290731,1,"DYMOND CONTRACT GLAZING, INC.",DYMOND GLASS,226 W BELVIDERE RD,HAINESVILLE,IL,60030,,,,,1010,Limited Business License,,,1594407.0,RENEW,,03/15/2013,06/13/2013,N,05/16/2013,05/15/2015,06/13/2013,06/14/2013,AAI,,,,,
2254195-20170216,2503151,266078,2,RALPH A. STEVENS,RALPH A STEVENS,3241 S WALLACE ST,STEGER,IL,60475,,,,,4406,Peddler License,769,"Peddler- Retail Sales of General Merchandise, Whole Uncut Fruits/Vegetables, Flowers, Moving Along the Public Way",2254195.0,RENEW,,12/15/2016,03/01/2018,N,02/16/2017,02/15/2019,,03/01/2018,AAI,,,41.835065439,-87.641189992,"(41.83506543934999, -87.64118999225921)"
1579577-20070216,1788170,253797,2,PRECISE STEEL INC.,PRECISE STEEL INC.,329  KINGSTON RD,GENOA,IL,60135,,,,,1010,Limited Business License,,,1579577.0,RENEW,,12/20/2006,02/22/2007,N,02/16/2007,05/15/2009,02/22/2007,02/23/2007,AAI,,,,,
1543258-20060216,1654449,22021,1,ELMER VENSON SR,E & V CONSTRUCTION,3612  LEE,RICHTON PARK,IL,60471,,,,,1011,Home Repair,,,1543258.0,RENEW,,12/21/2005,01/30/2006,N,02/16/2006,02/15/2007,02/27/2006,02/28/2006,AAI,,,,,
1226535-20030816,1375466,243633,1,HANH THI LE,HANH THI LE,1405  43RD CT,STONE PARK,IL,60165,,,,,1525,Massage Therapist,,,1226535.0,RENEW,,06/24/2003,08/18/2003,N,08/16/2003,08/15/2004,08/18/2003,08/18/2003,AAI,,,,,
1997938-20100216,2013057,347491,1,"FOUR STARS DEMO ENTERPRISE, INC.",FOUR STARS DEMO ENTERPRISE,3738 S CICERO AVE 1ST,CICERO,IL,60804,,,,,1010,Limited Business License,,,1997938.0,RENEW,,12/16/2009,02/05/2010,N,02/16/2010,02/15/2012,02/05/2010,02/05/2010,AAC,02/07/2012,,,,
1226810-20020322,1226810,215880,2,Suburban Recycling Inc.,SUBURBAN RECYCLING & DISPOSAL & RAPID WASTE AND RECYLING,3435 S CICERO AVE,CICERO,IL,60804,,,,,1010,Limited Business License,,,1226810.0,ISSUE,03/08/2002,03/21/2002,03/21/2002,N,03/22/2002,02/15/2003,03/22/2002,03/25/2002,AAI,,,,,
24460-20030216,1321287,85897,2,DOROTHY GOSSETT,DOROTHY GOSSETT,7812 S LINDER AVE,BURBANK,IL,60459,,,,,1046,Automatic Amusement Device Operator,,,24460.0,RENEW,,12/17/2002,01/15/2003,N,02/16/2003,02/15/2004,01/15/2003,01/16/2003,AAI,,,,,
31070-20020216,1200297,14277,1,THE WIENEKE CORP,THE WIENEKE CORP,9710 S 55 TH AVE,OAK LAWN,IL,60453,,,,,1010,Limited Business License,,,31070.0,RENEW,,12/20/2001,01/24/2002,N,02/16/2002,02/15/2003,01/24/2002,01/25/2002,AAI,,,,,
19652-20110416,2080200,7980,1,ALPS CONSTRUCTION INC.,ALPS CONSTRUCTION INC,15745  ANNICO DR,HOMER GLEN,IL,60491,,,,,1010,Limited Business License,,,19652.0,RENEW,,02/15/2011,03/24/2011,N,04/16/2011,04/15/2013,03/24/2011,03/25/2011,AAI,,,,,
1332702-20030131,1332702,258436,1,SMJ DRY WALL INC,SMJ DRY WALL INC,2232 S CENTRAL AVE,CICERO,IL,60804,,,,,1010,Limited Business License,,,1332702.0,ISSUE,01/30/2003,01/31/2003,01/31/2003,N,01/31/2003,02/15/2004,01/31/2003,01/31/2003,AAI,,,,,
24628-20060216,1656312,30088,1,EDY'S GRAND ICE CREAM,EDY'S GRAND ICE CREAM,601  WALL ST  1ST,GLENDALE HEIGHTS,IL,60139,,,,,1007,Wholesale Food Establishment,864,Wholesale Food Sales,24628.0,RENEW,,12/21/2005,01/30/2006,N,02/16/2006,02/15/2007,01/30/2006,01/31/2006,AAI,,,,,
2342025-20140710,2342025,391885,1,HENOCH E. FUENTES,HENOCH E. FUENTES,112  LOVELL ST,ELGIN,IL,60120,,,,,4406,Peddler License,819,"Street Performer, Moving Along the Public Way",2342025.0,ISSUE,07/10/2014,07/10/2014,07/10/2014,N,07/10/2014,07/15/2016,,07/10/2014,AAI,,,,,
1270776-20020725,1270776,250350,1,POLKRAFT BUILDERS CORP.,POLKKRAFT BUILDERS CORP.,ONE  WELLINGTON CT,LINCOLNSHIRE,IL,60069,,,,,1010,Limited Business License,,,1270776.0,ISSUE,07/02/2002,07/02/2002,07/02/2002,N,07/25/2002,02/15/2003,07/24/2002,07/25/2002,AAI,,,,,
1352553-20030404,1352553,261496,1,NICOLE R. BORSBERRY,NICOLE R. BORSBERRY,501  COLLEGE AVE CPO-286,WHEATON,IL,60187,,,,,1605,Street Performer,,,1352553.0,ISSUE,04/04/2003,04/04/2003,04/04/2003,N,04/04/2003,02/15/2004,,04/04/2003,AAI,,,,,
1225578-20130116,2200402,243206,1,ALLIED WASTE TRANSPORTATION INC.,GROEN WASTE SERVICES,13701 S KOSTNER AVE,CRESTWOOD,IL,60445,,,,,1010,Limited Business License,,,1225578.0,RENEW,,11/15/2012,12/20/2012,N,01/16/2013,01/15/2015,12/20/2012,12/21/2012,AAI,,,,,
50173-20040816,1504723,56598,1,JEANNE DJENGOUE SMITH,JEANNE AFRICAN HAIR BRAIDING,4605 N SHERIDAN RD 1ST,CHICAGO,IL,60640,46.0,22.0,46-22,19.0,1010,Limited Business License,,,50173.0,RENEW,,06/30/2004,07/22/2004,N,08/16/2004,08/15/2005,07/22/2004,07/23/2004,AAI,,34.0,41.965583516,-87.654643433,"(41.96558351576985, -87.65464343280085)"
2263449-20150616,2396512,381362,4,"Vengroff Williams, Inc","Vengroff Williams, Inc",8440 N TAMIAMI TRAIL,SARASOTA,FL,34243,,,,,4404,Regulated Business License,912,Debt Collecting - Administrative Commercial Office,2263449.0,RENEW,,04/15/2015,06/01/2015,N,06/16/2015,06/15/2017,06/01/2015,06/02/2015,AAC,06/08/2017,,,,
1986881-20090813,1986881,318731,26,Patty Harmon,THE MALT SHOPPE,6700 N OLMSTED AVE,CHICAGO,IL,60631,41.0,5.0,41-5,16.0,1329,Special Event Food,814,Special Event Food,1986881.0,ISSUE,08/11/2009,08/11/2009,08/13/2009,N,08/13/2009,08/16/2009,08/13/2009,08/13/2009,AAI,,,42.002058922,-87.816965962,"(42.00205892164775, -87.81696596226162)"
2418000-20150717,2418000,364915,1,MAC EARL WOODS,MAC EARL WOODS,1131 N 9TH AVE,MAYWOOD,IL,60153,,,,,4406,Peddler License,915,"Street Performer, Moving Along the Public Way (Special)",2418000.0,ISSUE,07/17/2015,07/17/2015,07/17/2015,N,07/17/2015,08/15/2017,,07/17/2015,AAI,,,,,
1514613-20090416,1957515,279195,1,CLAYTON J. WILLIAMS,CLAYTON J. WILLIAMS/MELROSE PYROTECHNICS,P.O. BOX  302,KINGSBURY,IN,46340,,,,,1255,"Explosives, Certificate of Fitness",653,Employee of a Wrecking/Demolitio/Fireworks Contractor (Cert. of Fitness),1514613.0,RENEW,,02/17/2009,03/05/2009,N,04/16/2009,04/15/2011,03/05/2009,03/06/2009,AAI,,,,,
2003986-20100516,2023722,52140,9,"STEPPO SUPPLY & CONSTRUCTION, INC.",LESLIE SHAYNE PECK,3450  RIDGE RD,LANSING,IL,60438,,,,,1255,"Explosives, Certificate of Fitness",653,Employee of a Wrecking/Demolitio/Fireworks Contractor (Cert. of Fitness),2003986.0,RENEW,,03/15/2010,03/29/2010,N,05/16/2010,05/15/2012,03/29/2010,03/30/2010,AAI,,,,,
2431954-20151022,2431954,368042,2,QUALITY PLUMBING SERVICES INC.,Quality Plumbing Services Inc.,310 S LALONDE AVE  B,ADDISON,IL,60101,,,,,1010,Limited Business License,708,Miscellaneous Commercial Services,2431954.0,ISSUE,,10/21/2015,,N,10/22/2015,12/15/2017,10/21/2015,10/22/2015,AAI,,,,,
1381841-20060216,1681624,266009,1,DONALD R. DEROSS,AZ-TECH HEATING & COOLING,9846 S CLIFTON PARK,EVERGREEN PARK,IL,60805,,,,,1010,Limited Business License,,,1381841.0,RENEW,,03/14/2006,03/14/2006,N,02/16/2006,02/15/2007,03/14/2006,03/15/2006,AAI,,,,,
1968705-20110316,2075576,28952,2,"TRI-STATE ENTERPRISES, INC","TRI-STATE ENTERPRISES, INC",150  ANTON DR,ROMEOVILLE,IL,60446,,,,,1010,Limited Business License,,,1968705.0,RENEW,,01/14/2011,02/15/2011,N,03/16/2011,03/15/2013,02/15/2011,02/16/2011,AAI,,,,,
2309036-20140723,2309036,386661,1,SOHO HOUSE CHICAGO LLC,SOHO HOUSE CHICAGO,113-125 N GREEN ST BSMT - 6TH,CHICAGO,IL,60607,27.0,1.0,27-1,12.0,1475,Consumption on Premises - Incidental Activity,638,Consumption of Liquor on Premises,2309036.0,ISSUE,02/10/2014,05/23/2014,03/27/2014,Y,07/23/2014,08/15/2016,07/23/2014,07/23/2014,AAI,,,41.883557098,-87.648432396,"(41.883557097965046, -87.64843239611488)"
1737790-20070216,1795992,304601,1,"S & M MECHANICAL, INC.","S & M MECHANICAL, INC.",324 E BURLINGTON   3,RIVERSIDE,IL,60546,,,,,1010,Limited Business License,,,1737790.0,RENEW,,12/20/2006,02/02/2007,N,02/16/2007,05/15/2008,02/02/2007,02/05/2007,AAI,,,,,
1143140-20090716,1972251,214704,1,PRIDE FOOD CORPORATION,LONGWOOD FOODS,11106 S LONGWOOD DR,CHICAGO,IL,60643,19.0,64.0,19-64,22.0,1781,Tobacco,763,Retail Sale of Tobacco,1143140.0,RENEW,,05/15/2009,07/08/2009,N,07/16/2009,07/15/2011,07/08/2009,07/09/2009,AAI,,,41.691719561,-87.672114245,"(41.69171956132765, -87.67211424461023)"
2589292-20180328,2589292,426260,1,"LEGACY BUILDER INVESTMENTS, LLC/KRAV CATERING",KRAV CATERING,2765  CEDAR GLADE RD,NAPERVILLE,IL,60564,,,,,8344,Shared Kitchen User,804,Shared Kitchen User - Long Term,2589292.0,ISSUE,03/27/2018,03/27/2018,03/27/2018,N,03/28/2018,04/15/2020,,03/28/2018,AAI,,,,,
35551-20030216,1317686,54266,2,ANDREW BLYTH,ABC AMUSEMENTS INC,18300  DIXIE HWY 1ST,HOMEWOOD,IL,60430,,,,,1046,Automatic Amusement Device Operator,,,35551.0,RENEW,,12/17/2002,02/14/2003,N,02/16/2003,02/15/2004,02/14/2003,02/14/2003,AAI,,,,,
2211802-20121229,2211802,60850,3,JAMES NELLES,JAMES NELLES,39  FOREST AVE 2ND 219,RIVERSIDE,IL,60546,,,,,4406,Peddler License,819,"Street Performer, Moving Along the Public Way",2211802.0,ISSUE,,,,N,12/29/2012,02/15/2013,,12/29/2012,AAI,,,,,
37342-20030216,1313189,33383,1,G. A. JOHNSON & SON,G.A. JOHNSON & SON,828  FOSTER ST 1ST,EVANSTON,IL,60201,,,,,1010,Limited Business License,,,37342.0,RENEW,,12/17/2002,01/13/2003,N,02/16/2003,02/15/2004,01/13/2003,01/14/2003,AAI,,,,,
1479107-20040309,1479107,273650,1,TAE SON AN,TFF HEATING AND COOLING,10185  KATHY CT,DES PLAINES,IL,60016,,,,,1011,Home Repair,,,1479107.0,ISSUE,03/08/2004,03/08/2004,03/08/2004,N,03/09/2004,02/15/2005,03/08/2004,03/09/2004,AAI,,,,,
